order_id,customer_id,order_date,order_status,payment_method
8359,223,2016-01-06,Delivered,Card
4087,277,2016-01-08,Delivered,UPI
5468,223,2016-01-23,Delivered,Card
7357,223,2016-01-25,Delivered,UPI
8741,248,2016-02-13,Delivered,Net Banking
2655,576,2016-02-15,Delivered,Card
4574,277,2016-02-17,Delivered,Card
4162,248,2016-02-24,Shipped,UPI
3241,232,2016-02-26,Delivered,Card
7817,576,2016-02-29,Returned,UPI
6185,277,2016-03-05,Delivered,UPI
9576,232,2016-03-06,Delivered,UPI
7174,232,2016-03-06,Delivered,Cash
9468,574,2016-03-09,Delivered,Card
1623,312,2016-03-11,Delivered,Net Banking
6609,576,2016-03-19,Delivered,Card
10165,574,2016-03-20,Delivered,UPI
7592,456,2016-03-21,Delivered,Card
10162,223,2016-03-22,Delivered,UPI
6288,462,2016-03-23,Delivered,Cash
6844,164,2016-03-24,Delivered,Card
3938,456,2016-03-25,Delivered,Cash
9632,574,2016-03-26,Delivered,Card
3716,248,2016-03-28,Delivered,UPI
4323,248,2016-03-29,Returned,Wallet
2933,571,2016-03-30,Shipped,Net Banking
6051,571,2016-04-04,Delivered,Card
2363,277,2016-04-05,Delivered,Card
3236,164,2016-04-06,Delivered,UPI
8502,462,2016-04-09,Delivered,UPI
4965,456,2016-04-11,Delivered,Card
8927,232,2016-04-11,Delivered,Card
10525,164,2016-04-12,Delivered,Net Banking
6801,277,2016-04-12,Delivered,Card
5558,457,2016-04-13,Delivered,Wallet
3473,571,2016-04-18,Delivered,Net Banking
5795,390,2016-04-20,Delivered,UPI
4748,388,2016-04-21,Shipped,Wallet
1100,576,2016-04-29,Delivered,Card
1511,534,2016-04-30,Delivered,UPI
6952,498,2016-04-30,Shipped,Card
5354,164,2016-05-02,Returned,Wallet
9786,462,2016-05-04,Delivered,Net Banking
6659,576,2016-05-06,Delivered,Net Banking
8471,534,2016-05-07,Delivered,Card
5155,576,2016-05-07,Delivered,UPI
8811,223,2016-05-08,Delivered,UPI
2367,571,2016-05-09,Delivered,UPI
2853,164,2016-05-11,Delivered,UPI
7752,576,2016-05-13,Delivered,UPI
7920,223,2016-05-13,Delivered,Card
8131,462,2016-05-14,Delivered,Net Banking
7877,390,2016-05-16,Delivered,UPI
1399,462,2016-05-18,Delivered,Cash
1708,240,2016-05-19,Delivered,Net Banking
2958,232,2016-05-19,Delivered,UPI
9764,456,2016-05-22,Delivered,Cash
10505,388,2016-05-22,Delivered,UPI
4598,456,2016-05-24,Delivered,UPI
2342,498,2016-05-25,Delivered,Net Banking
7302,312,2016-05-28,Delivered,Cash
8324,240,2016-05-28,Delivered,Net Banking
8759,534,2016-05-28,Delivered,Card
1097,576,2016-05-29,Delivered,Card
8666,388,2016-05-31,Shipped,Net Banking
7133,456,2016-06-01,Delivered,UPI
3661,248,2016-06-02,Delivered,Net Banking
4815,457,2016-06-03,Delivered,Wallet
1619,164,2016-06-05,Delivered,Net Banking
7046,328,2016-06-09,Delivered,Card
6193,475,2016-06-09,Returned,UPI
10450,240,2016-06-11,Delivered,Wallet
4039,196,2016-06-11,Delivered,Card
8314,240,2016-06-12,Shipped,UPI
1402,328,2016-06-13,Delivered,Card
3575,328,2016-06-13,Delivered,UPI
6882,196,2016-06-13,Shipped,Card
9025,196,2016-06-14,Delivered,Net Banking
5376,576,2016-06-14,Delivered,UPI
9834,498,2016-06-14,Delivered,UPI
1043,248,2016-06-15,Delivered,UPI
2321,571,2016-06-15,Delivered,UPI
5444,277,2016-06-17,Delivered,Net Banking
4520,312,2016-06-18,Delivered,Cash
8955,223,2016-06-19,Shipped,UPI
8475,571,2016-06-19,Delivered,Card
10949,328,2016-06-20,Delivered,UPI
7418,232,2016-06-21,Delivered,Card
9795,388,2016-06-23,Delivered,Card
4335,240,2016-06-25,Delivered,Wallet
10116,486,2016-06-25,Delivered,UPI
5281,390,2016-06-25,Delivered,Card
9502,456,2016-06-26,Delivered,UPI
2339,457,2016-06-26,Delivered,UPI
9058,196,2016-06-26,Delivered,Card
7966,196,2016-06-28,Delivered,UPI
8103,574,2016-06-30,Delivered,Net Banking
9909,456,2016-07-02,Delivered,Cash
8523,534,2016-07-02,Delivered,Card
1224,574,2016-07-05,Delivered,Card
1942,486,2016-07-05,Delivered,UPI
7104,223,2016-07-05,Delivered,UPI
10029,457,2016-07-06,Delivered,UPI
3176,475,2016-07-07,Delivered,UPI
1168,457,2016-07-08,Delivered,Card
8283,225,2016-07-09,Delivered,Net Banking
3925,223,2016-07-09,Delivered,Net Banking
6329,225,2016-07-11,Delivered,Wallet
3583,286,2016-07-11,Delivered,Net Banking
8771,457,2016-07-13,Delivered,UPI
9993,576,2016-07-13,Delivered,UPI
6771,225,2016-07-14,Delivered,UPI
2701,225,2016-07-15,Shipped,Net Banking
2820,462,2016-07-15,Delivered,UPI
10213,534,2016-07-16,Delivered,Card
9599,248,2016-07-16,Delivered,Card
3245,196,2016-07-16,Delivered,UPI
9748,328,2016-07-18,Shipped,Net Banking
5668,122,2016-07-18,Returned,UPI
6650,486,2016-07-19,Delivered,Wallet
9653,277,2016-07-20,Delivered,Cash
7038,223,2016-07-20,Delivered,Card
1900,232,2016-07-22,Delivered,UPI
8589,312,2016-07-22,Shipped,UPI
2081,576,2016-07-25,Delivered,UPI
5991,497,2016-07-25,Delivered,UPI
4004,390,2016-07-26,Delivered,Wallet
9575,571,2016-07-26,Delivered,Card
3090,328,2016-07-27,Delivered,Cash
6519,456,2016-07-27,Delivered,Net Banking
5769,534,2016-07-29,Delivered,Card
7423,225,2016-07-30,Delivered,UPI
3668,232,2016-08-01,Delivered,UPI
6680,164,2016-08-02,Cancelled,Wallet
10024,328,2016-08-02,Delivered,Wallet
10000,475,2016-08-03,Delivered,Card
8997,497,2016-08-04,Delivered,Card
10690,574,2016-08-05,Shipped,Card
4557,248,2016-08-08,Delivered,Cash
6795,328,2016-08-09,Delivered,Card
2740,486,2016-08-09,Delivered,Cash
2166,433,2016-08-10,Delivered,UPI
3857,286,2016-08-10,Delivered,Net Banking
6290,122,2016-08-12,Delivered,Card
4938,456,2016-08-14,Delivered,Card
3424,225,2016-08-15,Delivered,UPI
8263,328,2016-08-15,Returned,Card
9579,199,2016-08-17,Delivered,Net Banking
6025,475,2016-08-17,Delivered,UPI
3133,456,2016-08-17,Delivered,Cash
8669,240,2016-08-18,Delivered,UPI
1862,328,2016-08-18,Delivered,UPI
5816,497,2016-08-18,Delivered,Card
4185,248,2016-08-19,Delivered,UPI
4908,288,2016-08-20,Delivered,UPI
3221,497,2016-08-20,Delivered,Card
3606,433,2016-08-20,Cancelled,Card
1731,486,2016-08-21,Delivered,UPI
1813,199,2016-08-21,Delivered,UPI
1164,388,2016-08-21,Delivered,Card
9060,243,2016-08-22,Delivered,Card
4812,196,2016-08-22,Shipped,UPI
3235,497,2016-08-22,Delivered,Wallet
7316,243,2016-08-23,Shipped,Card
7664,534,2016-08-23,Delivered,Card
9255,286,2016-08-26,Delivered,Cash
4241,240,2016-08-26,Shipped,Card
5838,486,2016-08-29,Delivered,Card
10231,388,2016-08-29,Delivered,UPI
10553,497,2016-08-29,Delivered,Card
3225,240,2016-08-30,Delivered,Net Banking
5993,497,2016-09-01,Delivered,Wallet
3285,199,2016-09-01,Delivered,Card
4200,240,2016-09-02,Delivered,Cash
2989,312,2016-09-02,Delivered,UPI
7332,457,2016-09-04,Shipped,UPI
7282,534,2016-09-05,Delivered,UPI
6813,475,2016-09-07,Shipped,UPI
5407,390,2016-09-07,Delivered,Card
7473,199,2016-09-07,Delivered,UPI
1793,277,2016-09-08,Delivered,UPI
6310,312,2016-09-08,Delivered,Card
9600,232,2016-09-09,Returned,UPI
9706,486,2016-09-10,Delivered,UPI
2132,534,2016-09-10,Delivered,UPI
5099,571,2016-09-10,Delivered,Card
4958,240,2016-09-10,Delivered,Card
9464,498,2016-09-11,Delivered,Net Banking
9132,390,2016-09-11,Delivered,Net Banking
6278,196,2016-09-13,Delivered,Wallet
10291,328,2016-09-13,Delivered,Cash
7171,277,2016-09-14,Cancelled,Card
5910,199,2016-09-14,Cancelled,UPI
5264,199,2016-09-15,Shipped,Net Banking
8841,328,2016-09-16,Cancelled,Card
4119,462,2016-09-17,Returned,UPI
6533,288,2016-09-19,Delivered,Card
6208,194,2016-09-20,Delivered,Card
2501,199,2016-09-20,Delivered,Card
10125,194,2016-09-20,Delivered,Net Banking
8987,164,2016-09-20,Delivered,Wallet
6461,388,2016-09-21,Delivered,Card
9671,475,2016-09-21,Delivered,Card
5677,164,2016-09-21,Delivered,Cash
7055,312,2016-09-22,Delivered,UPI
2229,248,2016-09-22,Delivered,Card
9124,390,2016-09-22,Delivered,Net Banking
8256,388,2016-09-22,Delivered,Card
10649,225,2016-09-24,Delivered,Wallet
6423,390,2016-09-25,Delivered,UPI
3587,427,2016-09-25,Delivered,UPI
3064,288,2016-09-26,Delivered,Cash
7983,194,2016-09-27,Delivered,UPI
3644,243,2016-09-28,Delivered,Card
1820,286,2016-09-28,Delivered,Card
3481,427,2016-09-30,Delivered,UPI
9675,180,2016-10-01,Delivered,Cash
1800,390,2016-10-01,Delivered,UPI
1879,534,2016-10-02,Delivered,Card
1096,576,2016-10-04,Delivered,Net Banking
2596,475,2016-10-04,Delivered,Card
1684,571,2016-10-04,Delivered,Wallet
8822,288,2016-10-05,Delivered,Net Banking
9728,164,2016-10-05,Delivered,Card
10571,288,2016-10-05,Cancelled,UPI
5736,457,2016-10-06,Delivered,Wallet
3314,328,2016-10-06,Delivered,UPI
7217,240,2016-10-07,Shipped,UPI
5963,122,2016-10-07,Delivered,Card
5199,243,2016-10-08,Delivered,Card
5393,277,2016-10-08,Delivered,Card
9305,390,2016-10-09,Delivered,Net Banking
2513,328,2016-10-09,Delivered,UPI
1105,498,2016-10-10,Delivered,UPI
1805,194,2016-10-10,Delivered,Net Banking
3388,194,2016-10-11,Delivered,Cash
4885,388,2016-10-12,Delivered,UPI
9087,328,2016-10-13,Delivered,UPI
5712,427,2016-10-15,Delivered,Net Banking
5727,433,2016-10-15,Delivered,Card
4097,328,2016-10-16,Shipped,UPI
5743,194,2016-10-16,Delivered,UPI
7888,225,2016-10-16,Delivered,Cash
8095,433,2016-10-17,Delivered,Net Banking
4464,571,2016-10-17,Cancelled,Net Banking
9244,486,2016-10-18,Returned,Wallet
9544,482,2016-10-19,Shipped,Net Banking
4256,180,2016-10-20,Delivered,Card
6958,482,2016-10-21,Delivered,UPI
2167,482,2016-10-21,Delivered,UPI
1904,194,2016-10-22,Delivered,Card
5322,243,2016-10-22,Shipped,Card
5106,288,2016-10-22,Delivered,UPI
7654,504,2016-10-23,Delivered,UPI
1711,504,2016-10-25,Delivered,UPI
4969,433,2016-10-25,Delivered,Card
3778,232,2016-10-25,Delivered,Card
9418,504,2016-10-26,Delivered,Net Banking
6405,427,2016-10-28,Delivered,UPI
7270,225,2016-10-28,Delivered,UPI
5977,328,2016-10-28,Delivered,Card
1897,312,2016-10-29,Delivered,Card
9649,328,2016-10-29,Delivered,Wallet
10305,497,2016-10-30,Delivered,UPI
4058,482,2016-10-30,Delivered,UPI
2597,462,2016-10-30,Delivered,UPI
4528,427,2016-11-01,Delivered,Cash
2878,180,2016-11-02,Delivered,UPI
4960,248,2016-11-02,Delivered,Net Banking
8720,482,2016-11-02,Delivered,UPI
3135,433,2016-11-03,Delivered,Cash
10784,129,2016-11-03,Delivered,UPI
6057,129,2016-11-03,Delivered,UPI
9977,194,2016-11-03,Delivered,Cash
5644,122,2016-11-03,Delivered,UPI
6392,504,2016-11-04,Delivered,UPI
5684,199,2016-11-05,Delivered,Card
5000,504,2016-11-05,Delivered,UPI
9172,243,2016-11-05,Delivered,Wallet
2080,232,2016-11-05,Delivered,UPI
9966,199,2016-11-05,Delivered,Cash
7245,497,2016-11-06,Delivered,Card
1734,497,2016-11-07,Delivered,UPI
9114,180,2016-11-08,Delivered,Cash
2387,182,2016-11-08,Delivered,Card
4212,433,2016-11-10,Delivered,UPI
1693,482,2016-11-10,Cancelled,Wallet
10979,182,2016-11-10,Delivered,Net Banking
8228,199,2016-11-10,Delivered,Wallet
4324,288,2016-11-11,Delivered,Card
9922,129,2016-11-11,Delivered,UPI
2722,388,2016-11-11,Cancelled,Card
4920,182,2016-11-11,Cancelled,Wallet
10877,182,2016-11-12,Delivered,UPI
8282,240,2016-11-12,Delivered,Net Banking
5182,129,2016-11-12,Delivered,Net Banking
8415,388,2016-11-12,Delivered,Card
3274,288,2016-11-12,Delivered,Card
6056,194,2016-11-12,Delivered,Wallet
6888,574,2016-11-12,Delivered,UPI
6800,390,2016-11-12,Delivered,Cash
5864,196,2016-11-12,Delivered,Card
2916,182,2016-11-13,Delivered,Cash
8867,457,2016-11-13,Delivered,UPI
8366,401,2016-11-13,Delivered,Wallet
9338,427,2016-11-14,Delivered,Cash
8490,182,2016-11-14,Delivered,UPI
2704,498,2016-11-14,Delivered,Card
8787,574,2016-11-15,Delivered,Wallet
7498,129,2016-11-15,Delivered,UPI
8861,498,2016-11-15,Delivered,Net Banking
1138,401,2016-11-15,Delivered,Wallet
4232,194,2016-11-15,Delivered,Card
6258,225,2016-11-15,Delivered,Wallet
2349,482,2016-11-16,Shipped,Card
8917,194,2016-11-16,Delivered,Cash
2556,364,2016-11-17,Delivered,UPI
4751,497,2016-11-17,Delivered,UPI
6904,486,2016-11-17,Delivered,UPI
7797,401,2016-11-17,Shipped,Net Banking
7248,180,2016-11-18,Shipped,Cash
9007,243,2016-11-18,Delivered,Cash
2961,462,2016-11-18,Delivered,Net Banking
6383,390,2016-11-19,Delivered,Card
3313,180,2016-11-20,Delivered,UPI
8705,504,2016-11-20,Delivered,Card
6271,457,2016-11-21,Shipped,UPI
6407,401,2016-11-21,Delivered,Card
6990,390,2016-11-21,Delivered,Cash
7711,427,2016-11-23,Delivered,Cash
6985,312,2016-11-23,Delivered,Card
4813,504,2016-11-23,Delivered,Wallet
9399,427,2016-11-23,Delivered,UPI
10926,364,2016-11-24,Delivered,UPI
9935,129,2016-11-24,Delivered,UPI
10228,180,2016-11-24,Delivered,UPI
1442,122,2016-11-25,Delivered,UPI
2480,482,2016-11-25,Delivered,Cash
10614,504,2016-11-25,Delivered,Card
5637,223,2016-11-25,Delivered,Card
9879,328,2016-11-26,Delivered,Cash
5941,328,2016-11-27,Delivered,UPI
8786,498,2016-11-27,Delivered,Wallet
3154,364,2016-11-28,Delivered,Card
9929,504,2016-11-28,Delivered,Card
9583,486,2016-11-28,Delivered,UPI
1172,182,2016-11-28,Delivered,Cash
2078,364,2016-11-28,Delivered,UPI
3159,243,2016-11-28,Delivered,UPI
3796,276,2016-11-29,Delivered,Cash
2974,276,2016-11-30,Delivered,Card
8213,240,2016-11-30,Delivered,UPI
9747,182,2016-11-30,Delivered,UPI
2532,276,2016-11-30,Delivered,Wallet
10093,401,2016-12-01,Delivered,Card
8498,276,2016-12-01,Delivered,Card
10245,196,2016-12-01,Delivered,Card
9995,433,2016-12-01,Delivered,Cash
3000,180,2016-12-02,Delivered,UPI
5010,427,2016-12-02,Delivered,Wallet
9839,180,2016-12-02,Delivered,UPI
10201,288,2016-12-02,Delivered,Net Banking
4988,328,2016-12-02,Returned,Net Banking
7467,129,2016-12-03,Delivered,Wallet
4455,196,2016-12-03,Delivered,Wallet
1828,504,2016-12-03,Delivered,Wallet
10702,129,2016-12-03,Cancelled,Wallet
5754,288,2016-12-04,Returned,UPI
9497,414,2016-12-05,Delivered,UPI
2011,486,2016-12-05,Delivered,Cash
8076,223,2016-12-05,Delivered,UPI
5824,276,2016-12-05,Delivered,Wallet
2669,232,2016-12-06,Delivered,Net Banking
8657,232,2016-12-07,Delivered,UPI
2058,414,2016-12-07,Delivered,UPI
9710,414,2016-12-08,Cancelled,Card
7361,401,2016-12-08,Delivered,UPI
3620,182,2016-12-08,Delivered,UPI
6526,288,2016-12-08,Delivered,Net Banking
1503,276,2016-12-09,Delivered,Wallet
7644,276,2016-12-09,Delivered,UPI
8491,129,2016-12-09,Delivered,UPI
10809,276,2016-12-10,Delivered,UPI
6430,482,2016-12-10,Delivered,Card
5048,129,2016-12-10,Delivered,UPI
7227,490,2016-12-10,Delivered,Cash
5124,414,2016-12-11,Delivered,Card
7859,312,2016-12-11,Delivered,UPI
4956,490,2016-12-11,Delivered,UPI
3918,276,2016-12-11,Delivered,UPI
4424,129,2016-12-11,Returned,Card
9608,490,2016-12-11,Returned,Card
8655,456,2016-12-12,Delivered,UPI
4350,194,2016-12-12,Shipped,UPI
5206,490,2016-12-12,Delivered,UPI
9440,196,2016-12-12,Delivered,UPI
3042,364,2016-12-12,Delivered,UPI
4787,414,2016-12-12,Delivered,UPI
8476,490,2016-12-13,Delivered,UPI
10930,490,2016-12-13,Delivered,UPI
3037,414,2016-12-14,Delivered,UPI
4063,475,2016-12-14,Delivered,Wallet
9833,427,2016-12-14,Delivered,UPI
2103,286,2016-12-14,Delivered,Net Banking
6543,534,2016-12-14,Returned,Card
5704,576,2016-12-15,Cancelled,UPI
1934,490,2016-12-15,Delivered,Net Banking
10681,367,2016-12-15,Delivered,UPI
8214,367,2016-12-15,Delivered,Cash
7360,367,2016-12-15,Delivered,UPI
10336,367,2016-12-15,Delivered,UPI
5533,182,2016-12-16,Returned,Card
1676,232,2016-12-16,Delivered,Card
4773,199,2016-12-16,Delivered,Card
10938,194,2016-12-16,Delivered,UPI
1722,122,2016-12-16,Delivered,Card
9967,288,2016-12-16,Delivered,UPI
9204,475,2016-12-16,Delivered,UPI
10108,276,2016-12-17,Delivered,Card
10154,490,2016-12-17,Shipped,Card
5855,470,2016-12-17,Delivered,Card
2662,490,2016-12-17,Shipped,UPI
4120,571,2016-12-17,Delivered,Wallet
6369,414,2016-12-17,Returned,UPI
6509,470,2016-12-18,Delivered,Net Banking
4014,182,2016-12-18,Delivered,UPI
9923,194,2016-12-18,Delivered,Card
4283,470,2016-12-18,Shipped,Card
6052,470,2016-12-18,Delivered,UPI
4555,180,2016-12-18,Delivered,Card
5087,490,2016-12-19,Delivered,Card
5940,574,2016-12-19,Delivered,Cash
9519,364,2016-12-19,Delivered,Wallet
7009,243,2016-12-19,Returned,Wallet
1834,504,2016-12-19,Delivered,Cash
9823,276,2016-12-19,Delivered,Net Banking
6791,470,2016-12-19,Delivered,Net Banking
1350,414,2016-12-20,Delivered,Wallet
8962,364,2016-12-20,Delivered,Net Banking
5635,414,2016-12-20,Delivered,Wallet
8374,364,2016-12-21,Delivered,Cash
2170,414,2016-12-21,Shipped,Net Banking
2652,367,2016-12-21,Delivered,UPI
10031,490,2016-12-21,Delivered,UPI
2622,490,2016-12-21,Delivered,Wallet
3088,486,2016-12-21,Delivered,Net Banking
8422,248,2016-12-22,Delivered,Wallet
3377,182,2016-12-22,Delivered,UPI
7540,276,2016-12-22,Delivered,UPI
1215,164,2016-12-22,Delivered,Card
4341,129,2016-12-22,Delivered,Net Banking
2176,194,2016-12-22,Delivered,UPI
7188,414,2016-12-22,Delivered,UPI
6606,364,2016-12-22,Delivered,UPI
7756,574,2016-12-22,Delivered,Net Banking
4426,129,2016-12-22,Delivered,Card
7349,427,2016-12-23,Delivered,UPI
8672,182,2016-12-23,Delivered,UPI
5837,232,2016-12-23,Delivered,Card
3929,276,2016-12-23,Delivered,Card
4223,276,2016-12-23,Delivered,Card
2593,401,2016-12-23,Delivered,UPI
2283,194,2016-12-23,Delivered,Card
4620,240,2016-12-23,Delivered,Card
6758,164,2016-12-24,Delivered,UPI
5421,498,2016-12-24,Delivered,UPI
5233,248,2016-12-24,Delivered,Cash
9618,433,2016-12-24,Delivered,UPI
7411,276,2016-12-24,Returned,UPI
8081,504,2016-12-24,Delivered,Wallet
10194,240,2016-12-24,Delivered,UPI
4641,367,2016-12-24,Delivered,Card
10514,490,2016-12-25,Delivered,Wallet
1912,164,2016-12-25,Delivered,UPI
2316,225,2016-12-25,Delivered,Card
8497,470,2016-12-25,Delivered,Cash
8408,456,2016-12-26,Shipped,Card
6305,504,2016-12-27,Delivered,Cash
7272,276,2016-12-27,Delivered,Card
5902,490,2016-12-27,Delivered,UPI
8792,276,2016-12-27,Delivered,UPI
4201,470,2016-12-27,Shipped,Net Banking
3115,276,2016-12-28,Delivered,Net Banking
7436,576,2016-12-28,Delivered,Card
3949,401,2016-12-28,Delivered,UPI
9536,470,2016-12-28,Delivered,Net Banking
7653,367,2016-12-28,Delivered,Card
1525,470,2016-12-28,Delivered,Net Banking
4585,243,2016-12-28,Delivered,Net Banking
1146,560,2016-12-29,Delivered,UPI
7103,456,2016-12-29,Delivered,Card
9733,182,2016-12-29,Returned,UPI
3659,243,2016-12-29,Delivered,UPI
10061,470,2016-12-29,Delivered,UPI
9897,129,2016-12-30,Delivered,Card
2353,470,2016-12-30,Delivered,UPI
3480,401,2016-12-30,Delivered,Card
7548,364,2016-12-30,Delivered,Cash
10964,276,2016-12-30,Delivered,Net Banking
5263,276,2016-12-30,Delivered,UPI
7649,560,2016-12-30,Delivered,Card
3082,194,2016-12-31,Delivered,Card
3103,276,2016-12-31,Delivered,Card
7786,433,2016-12-31,Delivered,Net Banking
4030,276,2016-12-31,Shipped,Card
10501,414,2016-12-31,Delivered,Card
2939,194,2017-01-01,Delivered,Wallet
1776,288,2017-01-02,Returned,UPI
5242,470,2017-01-02,Delivered,UPI
7736,401,2017-01-03,Delivered,UPI
9256,276,2017-01-03,Delivered,UPI
5144,414,2017-01-03,Delivered,Card
1153,194,2017-01-04,Delivered,UPI
1406,574,2017-01-04,Delivered,Card
3596,498,2017-01-04,Cancelled,Net Banking
7957,343,2017-01-04,Delivered,UPI
9638,286,2017-01-05,Delivered,Cash
3209,388,2017-01-06,Delivered,Wallet
3741,457,2017-01-07,Delivered,Cash
9761,364,2017-01-08,Delivered,Wallet
4000,277,2017-01-08,Shipped,Net Banking
5345,276,2017-01-10,Delivered,Net Banking
3801,388,2017-01-10,Delivered,Card
1184,182,2017-01-13,Delivered,UPI
2024,277,2017-01-14,Delivered,Wallet
1357,490,2017-01-16,Delivered,Wallet
2990,343,2017-01-16,Shipped,Card
8238,462,2017-01-16,Delivered,Card
8615,232,2017-01-18,Delivered,UPI
2106,456,2017-01-22,Delivered,Card
7872,497,2017-01-22,Delivered,UPI
8030,427,2017-01-24,Delivered,UPI
8552,164,2017-01-25,Delivered,Card
1589,427,2017-01-25,Delivered,Wallet
10884,223,2017-01-27,Delivered,UPI
9647,328,2017-01-27,Delivered,UPI
6807,571,2017-01-27,Delivered,UPI
1618,164,2017-01-28,Delivered,Card
2547,457,2017-01-28,Delivered,UPI
5501,164,2017-01-30,Delivered,UPI
2745,225,2017-01-30,Delivered,Net Banking
5729,470,2017-02-04,Delivered,UPI
9754,388,2017-02-04,Delivered,UPI
3748,475,2017-02-06,Delivered,UPI
6663,276,2017-02-06,Delivered,Net Banking
10996,462,2017-02-07,Delivered,Net Banking
8647,248,2017-02-08,Delivered,UPI
3545,490,2017-02-12,Delivered,UPI
4842,286,2017-02-14,Shipped,UPI
4106,433,2017-02-15,Cancelled,Card
1176,574,2017-02-16,Delivered,Cash
10906,328,2017-02-16,Delivered,UPI
1608,277,2017-02-20,Delivered,Card
3183,232,2017-02-23,Delivered,UPI
8197,388,2017-02-24,Delivered,Cash
9541,534,2017-02-24,Delivered,Net Banking
4113,560,2017-02-24,Delivered,Card
9154,182,2017-02-25,Delivered,Card
10179,470,2017-02-28,Delivered,UPI
4541,286,2017-03-01,Delivered,Card
5938,225,2017-03-06,Returned,Cash
3066,482,2017-03-06,Delivered,Card
3045,194,2017-03-07,Cancelled,Card
8649,490,2017-03-08,Delivered,Card
1740,456,2017-03-12,Delivered,Wallet
2258,164,2017-03-13,Cancelled,UPI
5682,534,2017-03-14,Delivered,UPI
10200,457,2017-03-14,Delivered,Net Banking
4194,456,2017-03-15,Delivered,Wallet
3722,286,2017-03-20,Delivered,Cash
3462,367,2017-03-21,Delivered,UPI
1842,122,2017-03-21,Delivered,Card
10314,178,2017-03-21,Delivered,UPI
4507,178,2017-03-26,Delivered,UPI
4333,527,2017-03-26,Delivered,Card
10011,194,2017-03-28,Delivered,Card
1748,388,2017-03-28,Cancelled,Net Banking
9713,225,2017-03-29,Delivered,UPI
2814,582,2017-03-29,Delivered,Card
10672,482,2017-03-29,Delivered,UPI
8177,364,2017-03-29,Delivered,UPI
9517,470,2017-03-30,Delivered,UPI
5402,178,2017-03-31,Delivered,UPI
3487,504,2017-03-31,Shipped,UPI
4075,286,2017-03-31,Delivered,UPI
2122,401,2017-04-01,Delivered,Cash
5034,576,2017-04-02,Delivered,UPI
2791,328,2017-04-04,Delivered,Card
6336,497,2017-04-05,Delivered,Wallet
5411,122,2017-04-05,Delivered,UPI
8115,225,2017-04-07,Delivered,UPI
1932,178,2017-04-08,Delivered,UPI
2245,286,2017-04-09,Delivered,Card
10630,232,2017-04-10,Delivered,UPI
7554,129,2017-04-12,Shipped,Wallet
6967,199,2017-04-13,Delivered,Card
10311,433,2017-04-13,Delivered,UPI
3071,225,2017-04-15,Delivered,Net Banking
3973,490,2017-04-16,Delivered,UPI
2800,571,2017-04-17,Delivered,Card
8044,249,2017-04-17,Delivered,Net Banking
8996,414,2017-04-19,Returned,Net Banking
5528,225,2017-04-19,Delivered,Card
2782,286,2017-04-20,Delivered,Net Banking
4227,122,2017-04-21,Delivered,UPI
10842,497,2017-04-24,Delivered,Card
7195,232,2017-04-25,Delivered,Wallet
2707,482,2017-04-25,Shipped,UPI
2968,527,2017-04-26,Delivered,Wallet
8417,551,2017-04-27,Delivered,UPI
4754,414,2017-04-27,Delivered,Wallet
3089,329,2017-04-28,Delivered,UPI
3940,479,2017-04-29,Shipped,Card
8165,164,2017-05-01,Delivered,Card
9552,354,2017-05-02,Returned,UPI
7505,223,2017-05-03,Delivered,Card
9277,527,2017-05-04,Delivered,Net Banking
10418,472,2017-05-05,Delivered,Cash
10230,328,2017-05-05,Delivered,Cash
7680,178,2017-05-05,Shipped,Card
2209,498,2017-05-05,Delivered,UPI
1238,364,2017-05-05,Delivered,Net Banking
6391,401,2017-05-08,Delivered,Wallet
8500,436,2017-05-09,Delivered,Net Banking
6028,232,2017-05-09,Delivered,UPI
1939,490,2017-05-09,Delivered,Wallet
3873,436,2017-05-09,Delivered,Card
4407,191,2017-05-10,Delivered,Card
6998,479,2017-05-11,Delivered,Cash
9079,527,2017-05-11,Delivered,Wallet
6207,574,2017-05-11,Delivered,Card
8202,354,2017-05-11,Delivered,UPI
5893,164,2017-05-12,Delivered,UPI
3376,178,2017-05-14,Delivered,Wallet
9357,482,2017-05-14,Delivered,UPI
4901,312,2017-05-15,Delivered,UPI
10258,475,2017-05-15,Delivered,Net Banking
3062,129,2017-05-16,Delivered,UPI
2379,479,2017-05-18,Delivered,Net Banking
1979,479,2017-05-19,Delivered,Wallet
9590,457,2017-05-19,Cancelled,Card
5384,262,2017-05-21,Returned,Card
9701,199,2017-05-21,Delivered,UPI
2124,380,2017-05-22,Delivered,UPI
2206,576,2017-05-24,Delivered,Card
9364,390,2017-05-24,Delivered,Card
3201,122,2017-05-24,Delivered,Card
8425,122,2017-05-25,Delivered,UPI
1846,277,2017-05-27,Delivered,Net Banking
6049,472,2017-05-27,Delivered,Wallet
10859,479,2017-05-28,Delivered,Card
2198,479,2017-05-28,Delivered,Card
3092,462,2017-05-28,Delivered,Card
9076,551,2017-05-29,Delivered,Card
1489,329,2017-05-30,Delivered,Card
9053,472,2017-05-30,Delivered,UPI
3362,277,2017-06-01,Shipped,Card
6566,262,2017-06-01,Delivered,UPI
6525,182,2017-06-05,Delivered,Net Banking
10001,276,2017-06-06,Shipped,UPI
3192,182,2017-06-06,Delivered,Net Banking
8618,180,2017-06-07,Shipped,Card
8544,180,2017-06-09,Delivered,UPI
7429,388,2017-06-09,Delivered,Card
6517,328,2017-06-10,Delivered,UPI
9072,232,2017-06-10,Delivered,Card
5861,582,2017-06-12,Delivered,Card
7314,196,2017-06-12,Delivered,UPI
10953,178,2017-06-14,Delivered,Card
2767,195,2017-06-14,Delivered,Card
10373,240,2017-06-15,Delivered,UPI
4991,178,2017-06-17,Delivered,Net Banking
3100,232,2017-06-18,Delivered,Cash
2926,414,2017-06-18,Delivered,Net Banking
3757,560,2017-06-18,Delivered,Net Banking
9336,475,2017-06-19,Delivered,Card
4418,293,2017-06-20,Delivered,Card
9458,312,2017-06-20,Delivered,UPI
7126,199,2017-06-22,Delivered,UPI
9307,293,2017-06-22,Delivered,UPI
3763,199,2017-06-22,Delivered,UPI
9345,343,2017-06-23,Shipped,Wallet
4017,534,2017-06-23,Delivered,Net Banking
2951,472,2017-06-23,Delivered,UPI
2992,380,2017-06-24,Delivered,UPI
3560,427,2017-06-25,Delivered,UPI
4446,240,2017-06-25,Delivered,Card
1079,433,2017-06-27,Delivered,UPI
2574,380,2017-06-27,Shipped,Wallet
1548,497,2017-06-27,Delivered,Cash
2720,486,2017-06-28,Delivered,UPI
2104,178,2017-06-28,Delivered,UPI
9397,405,2017-06-28,Delivered,UPI
5879,354,2017-06-29,Returned,UPI
7203,380,2017-06-30,Delivered,UPI
6596,329,2017-06-30,Cancelled,Net Banking
6846,576,2017-07-01,Returned,Cash
6790,223,2017-07-01,Delivered,UPI
6770,414,2017-07-01,Delivered,UPI
9947,367,2017-07-04,Cancelled,Card
2949,401,2017-07-04,Delivered,Card
10931,265,2017-07-05,Delivered,UPI
10461,504,2017-07-07,Delivered,UPI
9968,249,2017-07-07,Delivered,Net Banking
8132,232,2017-07-07,Delivered,Card
4134,122,2017-07-08,Delivered,Card
9558,312,2017-07-08,Delivered,UPI
6316,329,2017-07-08,Delivered,Cash
2915,401,2017-07-09,Delivered,Card
2940,122,2017-07-09,Delivered,Cash
6428,328,2017-07-10,Delivered,Card
1226,456,2017-07-10,Delivered,Card
7166,122,2017-07-10,Delivered,Card
7355,265,2017-07-12,Delivered,Card
9254,498,2017-07-12,Cancelled,Card
3985,343,2017-07-12,Delivered,Card
10598,178,2017-07-14,Delivered,UPI
2834,472,2017-07-18,Delivered,Wallet
8447,462,2017-07-18,Delivered,Card
3730,199,2017-07-19,Shipped,Cash
9142,195,2017-07-19,Delivered,UPI
6045,534,2017-07-20,Delivered,Net Banking
1929,456,2017-07-20,Delivered,Card
3101,456,2017-07-21,Delivered,Card
3217,571,2017-07-21,Delivered,Card
4866,380,2017-07-21,Delivered,Wallet
9979,276,2017-07-21,Delivered,UPI
3871,405,2017-07-21,Delivered,Card
2441,406,2017-07-22,Delivered,Wallet
4558,243,2017-07-22,Delivered,Wallet
4919,164,2017-07-23,Delivered,UPI
7821,367,2017-07-23,Delivered,UPI
5469,405,2017-07-25,Delivered,UPI
10147,558,2017-07-26,Delivered,UPI
8553,497,2017-07-27,Delivered,UPI
6528,178,2017-07-28,Delivered,Wallet
2128,293,2017-07-29,Delivered,Cash
6662,232,2017-07-30,Cancelled,UPI
8828,265,2017-07-30,Delivered,Card
3779,462,2017-07-30,Delivered,UPI
5218,262,2017-07-31,Delivered,Card
9581,367,2017-08-01,Delivered,Cash
2131,225,2017-08-01,Delivered,Card
9637,574,2017-08-01,Delivered,Card
6538,576,2017-08-03,Delivered,UPI
2967,390,2017-08-04,Delivered,Card
4489,414,2017-08-05,Delivered,Card
7627,243,2017-08-05,Delivered,Card
3043,182,2017-08-06,Delivered,UPI
5485,240,2017-08-06,Delivered,Card
8067,527,2017-08-08,Delivered,UPI
3016,498,2017-08-09,Delivered,Cash
7874,129,2017-08-10,Delivered,Cash
8023,199,2017-08-11,Delivered,Cash
7064,457,2017-08-12,Delivered,Wallet
2413,424,2017-08-13,Delivered,Card
10650,406,2017-08-14,Delivered,Card
1817,479,2017-08-16,Delivered,Cash
5866,329,2017-08-17,Delivered,Card
8868,497,2017-08-19,Delivered,Card
7521,497,2017-08-20,Delivered,Card
3642,472,2017-08-20,Delivered,UPI
9930,160,2017-08-21,Delivered,UPI
9292,328,2017-08-21,Delivered,UPI
5618,160,2017-08-21,Delivered,Wallet
8833,195,2017-08-21,Delivered,Cash
7741,328,2017-08-21,Delivered,UPI
3442,405,2017-08-23,Delivered,Net Banking
4109,164,2017-08-23,Delivered,Card
5537,276,2017-08-25,Cancelled,Card
6429,195,2017-08-26,Delivered,Card
9322,405,2017-08-26,Delivered,UPI
6619,405,2017-08-27,Delivered,Cash
9280,276,2017-08-27,Delivered,Cash
1123,555,2017-08-27,Delivered,Card
5416,199,2017-08-31,Delivered,Cash
8758,470,2017-08-31,Delivered,Card
7625,195,2017-09-02,Returned,Card
1424,414,2017-09-02,Delivered,Card
2879,472,2017-09-03,Shipped,Net Banking
7777,129,2017-09-03,Delivered,UPI
10895,223,2017-09-04,Delivered,Card
4318,178,2017-09-05,Delivered,Cash
6088,249,2017-09-06,Delivered,Card
1451,405,2017-09-06,Delivered,Wallet
5672,262,2017-09-07,Delivered,UPI
9111,199,2017-09-07,Delivered,Net Banking
5430,388,2017-09-08,Delivered,Card
2133,475,2017-09-08,Delivered,Card
5491,286,2017-09-09,Delivered,UPI
1209,343,2017-09-09,Delivered,UPI
2980,424,2017-09-10,Delivered,Card
5389,490,2017-09-11,Cancelled,UPI
7715,424,2017-09-14,Delivered,UPI
6772,462,2017-09-14,Cancelled,Wallet
10284,283,2017-09-16,Delivered,UPI
1210,482,2017-09-16,Delivered,Net Banking
1018,174,2017-09-18,Delivered,Card
10410,413,2017-09-19,Cancelled,Card
9279,558,2017-09-19,Delivered,UPI
7405,582,2017-09-19,Delivered,Cash
2365,328,2017-09-20,Delivered,Card
7390,174,2017-09-20,Delivered,UPI
9374,462,2017-09-21,Delivered,Wallet
3098,401,2017-09-22,Delivered,UPI
7408,406,2017-09-22,Delivered,Net Banking
9426,180,2017-09-22,Delivered,UPI
7330,482,2017-09-23,Delivered,Card
5169,232,2017-09-23,Delivered,Card
5128,490,2017-09-24,Delivered,Card
1034,479,2017-09-25,Delivered,Card
5542,424,2017-09-25,Cancelled,UPI
7159,557,2017-09-25,Delivered,Net Banking
1255,199,2017-09-25,Cancelled,Wallet
2605,174,2017-09-26,Delivered,Card
3759,178,2017-09-26,Delivered,UPI
6793,260,2017-09-26,Delivered,Card
5245,232,2017-09-26,Delivered,Wallet
10688,401,2017-09-26,Delivered,Card
2296,486,2017-09-27,Delivered,Cash
10045,497,2017-09-27,Delivered,Wallet
10270,534,2017-09-27,Delivered,UPI
9400,366,2017-09-29,Delivered,UPI
4391,534,2017-09-30,Delivered,Cash
1374,413,2017-10-01,Delivered,UPI
1976,366,2017-10-02,Returned,Cash
2450,406,2017-10-03,Delivered,UPI
6675,551,2017-10-04,Delivered,Cash
1992,283,2017-10-04,Shipped,UPI
3309,405,2017-10-05,Delivered,Card
2678,286,2017-10-05,Delivered,UPI
3888,182,2017-10-06,Delivered,Wallet
6628,490,2017-10-06,Delivered,Wallet
5798,527,2017-10-07,Delivered,UPI
10982,558,2017-10-07,Delivered,UPI
6106,276,2017-10-07,Delivered,UPI
2144,581,2017-10-08,Delivered,UPI
4992,462,2017-10-09,Delivered,Card
1317,401,2017-10-10,Delivered,Net Banking
2350,260,2017-10-11,Shipped,UPI
6926,225,2017-10-11,Delivered,Cash
2523,390,2017-10-11,Delivered,Card
5867,560,2017-10-11,Shipped,Net Banking
8032,482,2017-10-11,Delivered,Net Banking
2920,424,2017-10-11,Delivered,UPI
6312,160,2017-10-12,Delivered,Card
4276,406,2017-10-13,Delivered,UPI
8234,283,2017-10-14,Delivered,Card
8613,283,2017-10-14,Delivered,Cash
2010,427,2017-10-15,Returned,UPI
3971,225,2017-10-15,Delivered,Net Banking
7080,182,2017-10-16,Delivered,Cash
5505,160,2017-10-16,Delivered,Wallet
4527,456,2017-10-17,Delivered,Card
5925,182,2017-10-17,Delivered,Card
5020,262,2017-10-18,Delivered,UPI
7865,414,2017-10-18,Delivered,Wallet
1572,424,2017-10-18,Cancelled,UPI
9362,581,2017-10-18,Shipped,Wallet
6018,401,2017-10-19,Shipped,Net Banking
9483,475,2017-10-19,Delivered,UPI
7555,253,2017-10-19,Delivered,Card
5082,191,2017-10-19,Cancelled,Card
6886,427,2017-10-20,Delivered,UPI
8964,277,2017-10-20,Delivered,UPI
7219,367,2017-10-21,Delivered,Wallet
9203,475,2017-10-21,Delivered,UPI
5873,343,2017-10-21,Shipped,UPI
7656,462,2017-10-22,Delivered,UPI
6215,123,2017-10-22,Delivered,Wallet
8812,265,2017-10-23,Delivered,Card
2545,122,2017-10-25,Delivered,UPI
5252,123,2017-10-25,Returned,Card
1901,283,2017-10-26,Delivered,UPI
6721,293,2017-10-26,Delivered,Card
9852,276,2017-10-27,Delivered,UPI
9110,534,2017-10-27,Delivered,UPI
2015,328,2017-10-28,Delivered,Wallet
8270,328,2017-10-29,Delivered,UPI
10967,415,2017-10-29,Delivered,Wallet
2991,174,2017-10-30,Delivered,Card
2172,415,2017-10-31,Delivered,Cash
1682,225,2017-11-01,Shipped,UPI
10010,415,2017-11-01,Delivered,Card
3527,581,2017-11-02,Delivered,Card
6381,285,2017-11-02,Cancelled,Card
3427,405,2017-11-03,Delivered,Card
6819,262,2017-11-03,Returned,Cash
3982,195,2017-11-03,Delivered,UPI
10998,260,2017-11-04,Delivered,Cash
9798,557,2017-11-04,Delivered,Card
2046,260,2017-11-05,Delivered,UPI
5502,581,2017-11-06,Delivered,Card
9903,160,2017-11-06,Cancelled,UPI
9123,283,2017-11-06,Cancelled,UPI
9905,265,2017-11-06,Delivered,UPI
10583,260,2017-11-07,Delivered,Cash
10290,436,2017-11-08,Delivered,UPI
10475,293,2017-11-08,Returned,UPI
3418,366,2017-11-09,Delivered,UPI
3179,195,2017-11-10,Delivered,UPI
4967,414,2017-11-10,Delivered,Wallet
4637,415,2017-11-10,Delivered,UPI
1804,195,2017-11-12,Delivered,Card
8453,354,2017-11-12,Delivered,Wallet
5740,217,2017-11-13,Delivered,UPI
5031,293,2017-11-13,Delivered,Wallet
4440,283,2017-11-13,Delivered,Net Banking
4989,229,2017-11-13,Delivered,UPI
9645,194,2017-11-13,Delivered,Card
6414,462,2017-11-13,Delivered,Card
10604,288,2017-11-13,Delivered,Wallet
10682,401,2017-11-14,Delivered,Card
10879,424,2017-11-14,Shipped,UPI
7615,160,2017-11-14,Delivered,Cash
3305,312,2017-11-14,Delivered,Card
3990,275,2017-11-15,Delivered,Cash
4362,529,2017-11-15,Delivered,Card
5591,497,2017-11-15,Delivered,Card
1264,123,2017-11-15,Delivered,UPI
9959,436,2017-11-15,Delivered,UPI
6066,581,2017-11-16,Delivered,Wallet
7303,217,2017-11-16,Delivered,Card
5830,527,2017-11-16,Delivered,Cash
7276,576,2017-11-16,Delivered,Card
9914,405,2017-11-17,Returned,UPI
2769,265,2017-11-17,Delivered,UPI
8120,195,2017-11-18,Delivered,UPI
9102,576,2017-11-19,Delivered,Net Banking
7202,498,2017-11-19,Delivered,Wallet
5787,529,2017-11-20,Delivered,Wallet
1773,174,2017-11-20,Delivered,Net Banking
5247,275,2017-11-20,Cancelled,Net Banking
4038,253,2017-11-21,Delivered,Net Banking
5594,262,2017-11-21,Delivered,UPI
7089,129,2017-11-21,Delivered,Card
9351,436,2017-11-21,Delivered,UPI
7775,529,2017-11-22,Delivered,Card
2690,329,2017-11-22,Delivered,Cash
7932,225,2017-11-22,Delivered,Card
8377,293,2017-11-22,Delivered,UPI
9693,472,2017-11-22,Returned,Cash
8729,221,2017-11-22,Delivered,UPI
4937,581,2017-11-22,Delivered,Card
1592,581,2017-11-23,Cancelled,Card
6645,366,2017-11-23,Delivered,Net Banking
1514,482,2017-11-23,Delivered,UPI
4724,283,2017-11-24,Delivered,Cash
9082,557,2017-11-24,Delivered,Cash
5694,472,2017-11-25,Delivered,UPI
4619,405,2017-11-25,Delivered,Net Banking
2041,571,2017-11-25,Delivered,UPI
10077,456,2017-11-25,Delivered,Card
7048,406,2017-11-26,Delivered,UPI
4360,364,2017-11-26,Delivered,Wallet
7008,328,2017-11-27,Delivered,Net Banking
5631,221,2017-11-27,Delivered,UPI
2787,262,2017-11-27,Delivered,Wallet
5474,490,2017-11-28,Delivered,UPI
5907,497,2017-11-28,Delivered,UPI
10362,413,2017-11-28,Delivered,Net Banking
6747,123,2017-11-29,Delivered,Wallet
10597,427,2017-11-29,Delivered,UPI
10381,329,2017-11-29,Delivered,Card
1158,424,2017-11-29,Delivered,UPI
7042,253,2017-11-29,Cancelled,Card
5293,262,2017-11-30,Delivered,Card
8105,497,2017-12-01,Delivered,Wallet
3438,285,2017-12-01,Returned,Wallet
8913,529,2017-12-01,Delivered,UPI
7998,449,2017-12-02,Delivered,UPI
3413,449,2017-12-02,Delivered,Card
3039,551,2017-12-02,Delivered,UPI
9447,217,2017-12-02,Delivered,Card
7148,364,2017-12-03,Delivered,Net Banking
3768,413,2017-12-03,Delivered,Card
5854,199,2017-12-03,Delivered,Cash
1508,364,2017-12-03,Delivered,Net Banking
10586,221,2017-12-04,Delivered,Card
1681,413,2017-12-04,Delivered,Card
7879,249,2017-12-05,Delivered,Net Banking
4115,475,2017-12-05,Returned,UPI
2536,581,2017-12-06,Delivered,UPI
2201,277,2017-12-06,Delivered,UPI
1091,229,2017-12-06,Delivered,Cash
1550,123,2017-12-07,Delivered,Net Banking
7700,497,2017-12-07,Delivered,Wallet
3533,449,2017-12-07,Delivered,UPI
1349,275,2017-12-08,Delivered,UPI
5903,221,2017-12-09,Delivered,UPI
2265,354,2017-12-09,Delivered,UPI
9596,557,2017-12-09,Delivered,Card
2564,229,2017-12-09,Delivered,Wallet
2275,529,2017-12-09,Delivered,Wallet
8756,529,2017-12-09,Delivered,Cash
4669,123,2017-12-10,Shipped,UPI
9013,285,2017-12-10,Returned,UPI
7675,260,2017-12-10,Shipped,UPI
4560,285,2017-12-10,Delivered,Card
1268,260,2017-12-10,Delivered,Card
5334,555,2017-12-11,Delivered,Wallet
9707,229,2017-12-11,Delivered,UPI
8725,436,2017-12-11,Delivered,Wallet
3563,191,2017-12-11,Delivered,UPI
3775,160,2017-12-11,Delivered,Card
8940,283,2017-12-11,Delivered,Card
5497,576,2017-12-11,Delivered,UPI
8302,260,2017-12-12,Delivered,Card
8396,427,2017-12-12,Delivered,UPI
7553,364,2017-12-12,Delivered,Wallet
4118,415,2017-12-13,Delivered,Card
4772,160,2017-12-13,Delivered,UPI
10452,354,2017-12-13,Delivered,Cash
2664,494,2017-12-14,Delivered,Card
5504,164,2017-12-14,Delivered,UPI
1911,529,2017-12-14,Delivered,Wallet
5254,557,2017-12-14,Delivered,UPI
5484,529,2017-12-14,Delivered,UPI
4461,529,2017-12-15,Delivered,UPI
4073,229,2017-12-15,Delivered,Card
3475,449,2017-12-16,Delivered,Card
2765,494,2017-12-16,Delivered,Card
5482,405,2017-12-16,Delivered,UPI
8384,199,2017-12-17,Cancelled,Card
6154,285,2017-12-17,Delivered,Card
10663,354,2017-12-17,Delivered,Net Banking
5543,202,2017-12-17,Delivered,Net Banking
6388,571,2017-12-17,Delivered,UPI
1690,436,2017-12-17,Delivered,Card
1998,286,2017-12-18,Delivered,Card
3126,229,2017-12-18,Delivered,Cash
9846,494,2017-12-18,Delivered,Cash
5562,558,2017-12-18,Delivered,UPI
3737,497,2017-12-19,Delivered,UPI
6527,221,2017-12-19,Delivered,Card
2288,217,2017-12-19,Delivered,Net Banking
6474,529,2017-12-19,Delivered,UPI
1033,275,2017-12-20,Delivered,UPI
3723,555,2017-12-20,Delivered,Net Banking
1546,240,2017-12-20,Shipped,Card
10299,555,2017-12-22,Delivered,Card
6062,191,2017-12-22,Delivered,Card
9476,449,2017-12-22,Cancelled,Card
7751,328,2017-12-23,Delivered,Card
2630,202,2017-12-24,Delivered,UPI
9874,562,2017-12-25,Delivered,UPI
10618,217,2017-12-25,Returned,UPI
10340,562,2017-12-25,Delivered,Card
10264,364,2017-12-25,Delivered,UPI
9471,275,2017-12-25,Delivered,UPI
4074,283,2017-12-26,Delivered,Card
5103,275,2017-12-26,Delivered,UPI
9310,283,2017-12-26,Delivered,Net Banking
2094,494,2017-12-27,Shipped,Net Banking
4934,202,2017-12-27,Delivered,Wallet
1718,482,2017-12-27,Delivered,UPI
1026,557,2017-12-27,Cancelled,Card
5773,562,2017-12-27,Delivered,Net Banking
3196,494,2017-12-27,Delivered,Net Banking
2671,494,2017-12-27,Returned,Card
5003,432,2017-12-28,Delivered,UPI
1190,562,2017-12-28,Delivered,UPI
10911,415,2017-12-28,Delivered,Card
5005,221,2017-12-28,Delivered,UPI
4136,406,2017-12-28,Delivered,Net Banking
2646,196,2017-12-28,Delivered,Net Banking
1060,562,2017-12-29,Delivered,Net Banking
2068,182,2017-12-29,Cancelled,Cash
2240,217,2017-12-29,Delivered,Cash
9068,432,2017-12-29,Shipped,Card
4303,432,2017-12-30,Delivered,Card
1273,276,2017-12-30,Delivered,Net Banking
2585,276,2017-12-30,Returned,Card
7667,432,2017-12-30,Delivered,UPI
3547,449,2017-12-30,Delivered,UPI
3969,562,2017-12-30,Delivered,Net Banking
3468,479,2017-12-30,Delivered,Cash
5006,283,2017-12-30,Delivered,UPI
7295,202,2017-12-31,Delivered,UPI
6825,285,2017-12-31,Delivered,UPI
9500,217,2017-12-31,Delivered,Card
5465,388,2018-01-01,Delivered,Net Banking
10478,406,2018-01-02,Delivered,Card
6077,490,2018-01-02,Delivered,Cash
2587,551,2018-01-04,Shipped,UPI
2158,343,2018-01-04,Delivered,UPI
5239,249,2018-01-05,Delivered,UPI
3847,457,2018-01-05,Delivered,Card
10769,555,2018-01-05,Delivered,Cash
6096,574,2018-01-06,Delivered,Net Banking
1791,433,2018-01-07,Delivered,Net Banking
9097,534,2018-01-08,Delivered,UPI
5657,180,2018-01-09,Delivered,Card
6744,457,2018-01-13,Delivered,UPI
4151,283,2018-01-13,Delivered,Net Banking
3970,174,2018-01-13,Shipped,Card
5023,293,2018-01-14,Delivered,Net Banking
3310,527,2018-01-14,Delivered,UPI
8123,457,2018-01-14,Delivered,Cash
2698,329,2018-01-15,Delivered,Cash
1443,529,2018-01-17,Delivered,Card
5900,388,2018-01-17,Shipped,Wallet
10536,229,2018-01-17,Delivered,Card
10371,174,2018-01-18,Delivered,UPI
5608,354,2018-01-21,Delivered,UPI
3125,581,2018-01-21,Delivered,UPI
5882,436,2018-01-22,Delivered,UPI
1436,504,2018-01-22,Delivered,Net Banking
10833,180,2018-01-24,Cancelled,UPI
3760,581,2018-01-25,Delivered,Card
10020,160,2018-01-27,Delivered,UPI
1892,551,2018-01-27,Delivered,UPI
5725,364,2018-01-27,Delivered,UPI
8661,424,2018-01-28,Delivered,UPI
1790,562,2018-01-29,Delivered,Net Banking
9780,249,2018-01-29,Delivered,Card
4181,560,2018-01-30,Delivered,UPI
8482,288,2018-01-30,Delivered,Card
5441,293,2018-01-31,Delivered,UPI
2330,380,2018-02-02,Delivered,Card
4453,364,2018-02-03,Returned,Card
9190,286,2018-02-05,Delivered,UPI
9066,293,2018-02-05,Delivered,UPI
9359,479,2018-02-06,Shipped,Net Banking
3681,380,2018-02-06,Delivered,UPI
3464,413,2018-02-09,Delivered,Cash
9906,401,2018-02-09,Delivered,Net Banking
8457,356,2018-02-10,Delivered,Wallet
7006,406,2018-02-10,Delivered,Card
7658,366,2018-02-11,Delivered,UPI
7593,191,2018-02-12,Delivered,Card
1973,582,2018-02-12,Delivered,Card
1795,194,2018-02-14,Delivered,Cash
3979,293,2018-02-14,Shipped,Card
6086,110,2018-02-15,Delivered,UPI
8951,415,2018-02-16,Delivered,Card
9857,413,2018-02-17,Delivered,UPI
1566,202,2018-02-17,Cancelled,Net Banking
8824,180,2018-02-19,Delivered,Net Banking
8489,479,2018-02-20,Delivered,Net Banking
10155,413,2018-02-21,Delivered,Card
4421,199,2018-02-21,Delivered,UPI
6678,328,2018-02-22,Delivered,UPI
1132,414,2018-02-23,Delivered,Wallet
2726,550,2018-02-24,Delivered,Card
1216,479,2018-02-25,Delivered,UPI
9472,194,2018-02-25,Delivered,UPI
9344,401,2018-02-26,Delivered,Wallet
8149,406,2018-02-26,Delivered,UPI
9302,225,2018-02-26,Delivered,Net Banking
2308,390,2018-02-26,Delivered,Net Banking
8222,364,2018-02-27,Delivered,UPI
8369,479,2018-02-27,Delivered,UPI
10506,232,2018-02-28,Delivered,Card
8392,221,2018-03-01,Delivered,UPI
9871,406,2018-03-02,Delivered,UPI
1544,185,2018-03-03,Delivered,Card
6319,328,2018-03-03,Delivered,Card
8028,202,2018-03-04,Shipped,UPI
5852,253,2018-03-04,Delivered,UPI
7167,534,2018-03-05,Shipped,Card
4296,129,2018-03-07,Delivered,UPI
4629,185,2018-03-07,Delivered,Wallet
6708,551,2018-03-07,Delivered,UPI
9484,265,2018-03-07,Delivered,UPI
4487,414,2018-03-07,Delivered,Card
9926,344,2018-03-07,Returned,Cash
4636,260,2018-03-09,Delivered,Cash
4914,401,2018-03-10,Returned,Wallet
2161,414,2018-03-11,Delivered,Cash
5299,248,2018-03-11,Returned,UPI
2882,457,2018-03-14,Delivered,UPI
9651,191,2018-03-14,Delivered,UPI
10413,229,2018-03-14,Delivered,Card
2048,534,2018-03-14,Delivered,Cash
1881,275,2018-03-15,Delivered,Wallet
5974,415,2018-03-15,Delivered,Card
8625,560,2018-03-18,Delivered,Card
7365,571,2018-03-18,Delivered,UPI
8279,225,2018-03-19,Delivered,Cash
7509,277,2018-03-21,Delivered,Card
4831,527,2018-03-21,Delivered,Card
6840,571,2018-03-22,Delivered,Net Banking
4248,343,2018-03-23,Delivered,UPI
3173,560,2018-03-23,Delivered,UPI
1726,276,2018-03-23,Delivered,UPI
8511,497,2018-03-24,Delivered,Card
10765,558,2018-03-24,Delivered,Cash
4951,276,2018-03-24,Delivered,UPI
3655,129,2018-03-24,Delivered,UPI
1293,558,2018-03-26,Delivered,Wallet
9222,562,2018-03-27,Delivered,UPI
7483,356,2018-03-29,Delivered,Card
3018,560,2018-03-29,Delivered,Card
3300,356,2018-03-30,Delivered,Wallet
8300,122,2018-03-30,Shipped,Cash
9332,462,2018-04-02,Delivered,Card
8054,472,2018-04-02,Delivered,Card
5839,433,2018-04-02,Delivered,UPI
8321,390,2018-04-03,Cancelled,UPI
8034,180,2018-04-04,Delivered,Cash
6817,132,2018-04-05,Delivered,Card
4297,194,2018-04-06,Delivered,Card
2116,436,2018-04-09,Delivered,UPI
3744,328,2018-04-09,Delivered,Net Banking
1197,129,2018-04-09,Delivered,Card
4685,123,2018-04-09,Delivered,Card
8932,122,2018-04-10,Delivered,Card
6915,494,2018-04-10,Delivered,UPI
1746,551,2018-04-11,Delivered,Card
5799,571,2018-04-12,Delivered,Net Banking
3134,427,2018-04-12,Delivered,UPI
6024,249,2018-04-12,Delivered,Cash
10929,475,2018-04-14,Delivered,Card
8723,312,2018-04-15,Delivered,Card
3194,210,2018-04-15,Delivered,Net Banking
8397,479,2018-04-17,Delivered,UPI
10058,180,2018-04-18,Delivered,Card
3027,486,2018-04-21,Delivered,UPI
2563,560,2018-04-21,Delivered,UPI
5459,457,2018-04-21,Delivered,Net Banking
9907,191,2018-04-22,Delivered,UPI
6959,210,2018-04-22,Delivered,Net Banking
9209,482,2018-04-22,Delivered,Card
1150,380,2018-04-23,Delivered,UPI
2510,146,2018-04-24,Delivered,UPI
6486,279,2018-04-24,Delivered,UPI
1057,225,2018-04-27,Delivered,Card
10988,432,2018-04-27,Delivered,UPI
1372,388,2018-04-27,Cancelled,Net Banking
3156,171,2018-04-27,Delivered,Card
3673,180,2018-04-28,Delivered,Card
9745,129,2018-04-29,Delivered,UPI
9643,401,2018-04-30,Delivered,Card
10980,534,2018-04-30,Shipped,UPI
1311,182,2018-05-01,Delivered,UPI
9559,557,2018-05-01,Delivered,Wallet
9776,343,2018-05-03,Delivered,UPI
7216,405,2018-05-03,Delivered,Cash
3981,275,2018-05-05,Delivered,Card
5414,279,2018-05-05,Delivered,Cash
5068,490,2018-05-05,Delivered,Card
6861,462,2018-05-06,Delivered,Wallet
2592,414,2018-05-06,Delivered,Card
7694,293,2018-05-06,Delivered,Card
2924,482,2018-05-07,Delivered,Card
5980,551,2018-05-07,Delivered,Net Banking
8235,530,2018-05-08,Returned,Wallet
8956,551,2018-05-08,Delivered,UPI
6008,555,2018-05-08,Delivered,Cash
2694,249,2018-05-09,Delivered,UPI
6276,574,2018-05-09,Delivered,Card
1021,249,2018-05-09,Delivered,Wallet
9488,288,2018-05-10,Delivered,Card
4622,576,2018-05-10,Delivered,Net Banking
4824,380,2018-05-10,Cancelled,UPI
2562,366,2018-05-10,Delivered,Net Banking
7676,174,2018-05-10,Delivered,Card
10298,366,2018-05-11,Delivered,UPI
4124,482,2018-05-12,Delivered,Card
6419,367,2018-05-13,Cancelled,UPI
9337,171,2018-05-13,Delivered,Card
3439,562,2018-05-13,Delivered,Cash
5660,329,2018-05-13,Delivered,UPI
9758,195,2018-05-13,Delivered,Card
1314,188,2018-05-16,Delivered,Card
6040,286,2018-05-17,Delivered,UPI
4987,262,2018-05-18,Delivered,UPI
10572,286,2018-05-18,Delivered,UPI
2672,406,2018-05-19,Delivered,Wallet
7210,433,2018-05-19,Cancelled,Net Banking
5190,180,2018-05-20,Delivered,UPI
9838,249,2018-05-21,Delivered,Cash
6892,132,2018-05-21,Delivered,Wallet
7158,168,2018-05-22,Delivered,UPI
9816,530,2018-05-23,Delivered,Card
8468,210,2018-05-24,Cancelled,UPI
6601,285,2018-05-25,Delivered,Net Banking
2903,243,2018-05-25,Delivered,UPI
5874,194,2018-05-26,Delivered,Net Banking
4034,529,2018-05-26,Delivered,Card
7754,199,2018-05-26,Delivered,Wallet
3964,456,2018-05-26,Delivered,UPI
8088,364,2018-05-26,Delivered,UPI
8623,489,2018-05-28,Delivered,Card
7747,582,2018-05-29,Delivered,UPI
2181,225,2018-05-29,Delivered,Net Banking
8668,489,2018-05-31,Delivered,Card
5761,557,2018-05-31,Delivered,UPI
8678,312,2018-06-01,Delivered,Net Banking
1142,285,2018-06-01,Delivered,UPI
6991,288,2018-06-02,Delivered,UPI
7539,592,2018-06-02,Delivered,Card
5539,582,2018-06-02,Delivered,UPI
1686,185,2018-06-03,Delivered,UPI
5244,479,2018-06-03,Delivered,UPI
5479,390,2018-06-03,Delivered,Net Banking
2361,229,2018-06-03,Delivered,UPI
9740,180,2018-06-04,Delivered,Net Banking
10285,182,2018-06-04,Delivered,Card
3400,249,2018-06-05,Delivered,Cash
7645,249,2018-06-05,Delivered,Wallet
6340,475,2018-06-06,Delivered,Net Banking
7140,188,2018-06-07,Delivered,Card
7098,223,2018-06-07,Delivered,UPI
6297,534,2018-06-07,Shipped,Card
4631,550,2018-06-08,Delivered,Cash
4893,293,2018-06-08,Delivered,UPI
1966,180,2018-06-10,Delivered,Card
3052,260,2018-06-10,Delivered,UPI
9044,524,2018-06-10,Delivered,Card
1694,223,2018-06-10,Delivered,Net Banking
2966,202,2018-06-11,Delivered,Card
5223,279,2018-06-12,Delivered,Card
2755,199,2018-06-12,Delivered,Cash
7884,248,2018-06-12,Delivered,Card
7076,265,2018-06-12,Delivered,UPI
8436,221,2018-06-12,Delivered,Card
8724,139,2018-06-13,Delivered,UPI
9532,388,2018-06-15,Delivered,Net Banking
5744,191,2018-06-16,Delivered,UPI
1999,457,2018-06-16,Delivered,UPI
5685,530,2018-06-17,Delivered,UPI
5336,450,2018-06-17,Delivered,UPI
5417,490,2018-06-17,Delivered,Cash
4239,462,2018-06-17,Delivered,Wallet
10072,168,2018-06-18,Delivered,Card
6506,462,2018-06-18,Delivered,Card
5786,221,2018-06-18,Delivered,UPI
6979,472,2018-06-20,Delivered,UPI
9803,354,2018-06-20,Delivered,Cash
7823,277,2018-06-21,Delivered,UPI
6971,555,2018-06-22,Delivered,Card
9002,424,2018-06-22,Delivered,Wallet
9516,243,2018-06-23,Delivered,Card
9788,178,2018-06-25,Delivered,UPI
9810,286,2018-06-26,Delivered,UPI
8581,248,2018-06-26,Delivered,UPI
9875,253,2018-06-26,Delivered,Card
5250,413,2018-06-27,Delivered,Card
10997,470,2018-06-27,Shipped,Cash
9881,562,2018-06-28,Delivered,Card
2142,225,2018-06-29,Delivered,UPI
9619,354,2018-06-30,Delivered,UPI
10748,194,2018-06-30,Delivered,UPI
9077,557,2018-07-02,Delivered,Cash
7575,430,2018-07-02,Delivered,Net Banking
5890,504,2018-07-02,Delivered,Cash
7849,450,2018-07-02,Delivered,UPI
2685,123,2018-07-04,Delivered,Card
4984,415,2018-07-05,Cancelled,Card
6593,467,2018-07-05,Delivered,Card
10349,110,2018-07-05,Delivered,UPI
5270,243,2018-07-06,Delivered,Card
4889,524,2018-07-06,Delivered,Cash
8479,139,2018-07-06,Delivered,UPI
5108,562,2018-07-06,Delivered,Card
5576,489,2018-07-07,Delivered,Net Banking
4148,475,2018-07-08,Delivered,Net Banking
1225,524,2018-07-09,Returned,Card
4436,253,2018-07-09,Delivered,UPI
9238,582,2018-07-11,Delivered,UPI
8338,479,2018-07-11,Delivered,UPI
10325,210,2018-07-11,Delivered,Wallet
4196,328,2018-07-11,Delivered,UPI
9664,490,2018-07-11,Delivered,Cash
1697,178,2018-07-13,Delivered,Card
7253,560,2018-07-13,Delivered,UPI
4249,456,2018-07-13,Delivered,Card
2657,123,2018-07-13,Delivered,UPI
9353,534,2018-07-15,Cancelled,UPI
1299,436,2018-07-15,Delivered,UPI
8307,225,2018-07-17,Delivered,Card
8018,196,2018-07-17,Delivered,UPI
4957,592,2018-07-18,Delivered,UPI
7312,581,2018-07-19,Delivered,Card
10503,432,2018-07-19,Delivered,UPI
6773,524,2018-07-21,Delivered,Wallet
3389,571,2018-07-21,Delivered,UPI
4571,436,2018-07-22,Delivered,Cash
8401,498,2018-07-22,Returned,Card
10986,479,2018-07-23,Delivered,Cash
2224,366,2018-07-23,Delivered,Card
5116,498,2018-07-24,Shipped,Net Banking
8634,380,2018-07-24,Delivered,UPI
6919,550,2018-07-25,Delivered,Card
3007,344,2018-07-26,Delivered,Net Banking
5606,285,2018-07-26,Delivered,UPI
5987,552,2018-07-27,Delivered,Card
8950,146,2018-07-29,Delivered,UPI
6176,424,2018-07-30,Delivered,Card
8953,243,2018-07-31,Delivered,Card
3207,449,2018-07-31,Delivered,Card
7743,329,2018-08-01,Delivered,Cash
8463,194,2018-08-01,Delivered,UPI
5289,343,2018-08-01,Delivered,Card
3316,587,2018-08-01,Delivered,Wallet
7132,415,2018-08-02,Delivered,Card
1787,469,2018-08-03,Delivered,Net Banking
8583,277,2018-08-03,Delivered,Net Banking
2295,229,2018-08-04,Delivered,Wallet
3542,404,2018-08-05,Delivered,Cash
7271,490,2018-08-05,Returned,UPI
4018,366,2018-08-05,Delivered,Card
6180,388,2018-08-06,Delivered,Cash
10621,110,2018-08-06,Shipped,UPI
1983,223,2018-08-07,Delivered,UPI
2388,252,2018-08-07,Delivered,Net Banking
8008,527,2018-08-08,Delivered,Card
7975,241,2018-08-09,Delivered,UPI
1308,469,2018-08-09,Delivered,Wallet
5107,414,2018-08-10,Delivered,Net Banking
7321,279,2018-08-10,Delivered,UPI
10766,192,2018-08-10,Delivered,UPI
8319,191,2018-08-11,Delivered,UPI
8995,558,2018-08-11,Delivered,UPI
8130,476,2018-08-11,Delivered,UPI
1252,277,2018-08-12,Delivered,Card
8393,286,2018-08-13,Delivered,Card
5222,241,2018-08-14,Delivered,Card
4766,530,2018-08-14,Delivered,Card
6582,582,2018-08-15,Delivered,Card
5812,504,2018-08-15,Delivered,Wallet
2739,404,2018-08-16,Delivered,UPI
6618,581,2018-08-17,Delivered,UPI
4846,529,2018-08-17,Delivered,UPI
6735,404,2018-08-17,Delivered,Card
6843,587,2018-08-18,Cancelled,Cash
2271,276,2018-08-18,Delivered,Net Banking
8184,241,2018-08-18,Delivered,UPI
3711,578,2018-08-18,Shipped,Card
1991,366,2018-08-18,Delivered,Card
6837,182,2018-08-19,Delivered,Card
8285,191,2018-08-19,Delivered,Card
7345,494,2018-08-20,Shipped,UPI
4502,581,2018-08-20,Delivered,Wallet
5815,574,2018-08-20,Delivered,Wallet
3354,449,2018-08-20,Delivered,UPI
7306,215,2018-08-21,Delivered,Wallet
8540,331,2018-08-21,Delivered,Net Banking
3750,450,2018-08-21,Delivered,Net Banking
10195,467,2018-08-21,Shipped,Wallet
3588,582,2018-08-22,Delivered,UPI
1968,262,2018-08-22,Delivered,Wallet
4609,405,2018-08-23,Delivered,UPI
8732,436,2018-08-23,Delivered,UPI
5145,241,2018-08-24,Delivered,UPI
7897,132,2018-08-24,Delivered,Card
9865,275,2018-08-24,Delivered,Card
8611,168,2018-08-25,Delivered,Cash
5912,578,2018-08-25,Returned,UPI
1037,390,2018-08-26,Delivered,UPI
9796,457,2018-08-26,Delivered,UPI
7454,139,2018-08-26,Delivered,UPI
9297,388,2018-08-26,Returned,Card
4066,215,2018-08-27,Delivered,Cash
10436,578,2018-08-27,Cancelled,UPI
3586,582,2018-08-28,Delivered,UPI
8029,243,2018-08-29,Returned,Card
1326,449,2018-08-29,Delivered,Card
2525,262,2018-08-29,Delivered,Card
4006,279,2018-08-31,Delivered,Net Banking
5346,399,2018-08-31,Delivered,Wallet
4321,524,2018-08-31,Delivered,UPI
3450,406,2018-09-01,Delivered,Net Banking
1627,597,2018-09-01,Delivered,UPI
5797,171,2018-09-01,Delivered,Cash
8494,550,2018-09-02,Delivered,Card
10974,476,2018-09-03,Cancelled,UPI
3594,288,2018-09-03,Cancelled,Cash
8978,571,2018-09-04,Delivered,Net Banking
10981,367,2018-09-04,Shipped,Card
2735,196,2018-09-04,Delivered,Card
6183,399,2018-09-05,Cancelled,Net Banking
2673,504,2018-09-05,Delivered,UPI
9762,262,2018-09-05,Delivered,Card
4156,560,2018-09-06,Shipped,Wallet
10927,252,2018-09-06,Delivered,UPI
3754,225,2018-09-07,Returned,Card
2840,248,2018-09-07,Delivered,Card
8922,587,2018-09-08,Delivered,Wallet
2997,576,2018-09-08,Delivered,UPI
10557,160,2018-09-08,Delivered,Card
7226,424,2018-09-10,Delivered,Card
1547,248,2018-09-11,Delivered,Wallet
1895,498,2018-09-11,Delivered,Net Banking
7149,191,2018-09-13,Delivered,Cash
10718,262,2018-09-13,Delivered,Card
3277,262,2018-09-14,Delivered,Cash
9661,171,2018-09-14,Delivered,UPI
3861,356,2018-09-14,Delivered,Card
6167,578,2018-09-14,Delivered,Wallet
6170,252,2018-09-15,Delivered,UPI
1757,597,2018-09-17,Delivered,Net Banking
7066,196,2018-09-18,Delivered,Card
2648,405,2018-09-19,Delivered,Cash
4088,530,2018-09-19,Delivered,Net Banking
8010,524,2018-09-19,Delivered,Card
10184,552,2018-09-19,Delivered,Card
5784,405,2018-09-21,Shipped,Net Banking
5924,110,2018-09-21,Delivered,Cash
1049,223,2018-09-22,Delivered,Cash
4621,400,2018-09-23,Delivered,Wallet
8558,174,2018-09-23,Delivered,Net Banking
1831,587,2018-09-23,Delivered,Wallet
2945,476,2018-09-24,Delivered,UPI
3570,223,2018-09-24,Shipped,UPI
5998,476,2018-09-24,Returned,Net Banking
10888,469,2018-09-25,Delivered,Cash
10090,552,2018-09-25,Delivered,UPI
6212,581,2018-09-26,Delivered,Card
7848,146,2018-09-27,Delivered,Cash
7512,588,2018-09-28,Delivered,UPI
3908,557,2018-09-28,Delivered,Wallet
6480,122,2018-09-28,Delivered,Cash
10854,436,2018-09-29,Delivered,Card
9974,331,2018-09-29,Delivered,Net Banking
3817,116,2018-09-30,Cancelled,UPI
9481,194,2018-09-30,Delivered,UPI
3321,592,2018-10-01,Delivered,Card
3791,331,2018-10-01,Delivered,Cash
1035,592,2018-10-01,Delivered,UPI
6366,470,2018-10-02,Delivered,UPI
3517,527,2018-10-02,Delivered,Card
8715,188,2018-10-02,Delivered,Card
4836,185,2018-10-03,Delivered,Card
5353,146,2018-10-03,Cancelled,Net Banking
1551,527,2018-10-03,Delivered,UPI
4192,276,2018-10-04,Returned,Card
10933,597,2018-10-04,Delivered,Card
9047,199,2018-10-05,Delivered,Net Banking
5301,146,2018-10-05,Delivered,Cash
9278,497,2018-10-06,Delivered,Card
4247,486,2018-10-06,Cancelled,UPI
1678,182,2018-10-06,Delivered,Card
1080,576,2018-10-07,Delivered,Card
6396,479,2018-10-07,Delivered,Net Banking
7447,470,2018-10-07,Delivered,Card
8682,494,2018-10-08,Delivered,UPI
5358,472,2018-10-10,Delivered,UPI
5236,232,2018-10-10,Delivered,Card
10209,210,2018-10-11,Delivered,Net Banking
4744,171,2018-10-12,Shipped,Net Banking
6006,223,2018-10-12,Delivered,Net Banking
4010,380,2018-10-12,Delivered,UPI
7241,192,2018-10-12,Delivered,Net Banking
2376,415,2018-10-13,Delivered,UPI
3683,381,2018-10-13,Delivered,Card
10496,524,2018-10-14,Delivered,Card
6093,279,2018-10-14,Delivered,UPI
5350,150,2018-10-15,Delivered,UPI
1178,475,2018-10-15,Delivered,Card
7481,171,2018-10-16,Delivered,Cash
6121,241,2018-10-17,Delivered,UPI
4123,457,2018-10-17,Delivered,Cash
3794,588,2018-10-18,Delivered,UPI
9952,508,2018-10-18,Cancelled,Wallet
6345,180,2018-10-18,Delivered,Wallet
1772,381,2018-10-18,Delivered,UPI
7369,508,2018-10-20,Delivered,UPI
8858,277,2018-10-20,Delivered,Cash
6384,551,2018-10-20,Delivered,Card
8624,328,2018-10-20,Delivered,Card
5285,223,2018-10-21,Delivered,UPI
8748,271,2018-10-21,Delivered,Card
8152,366,2018-10-21,Delivered,Cash
8899,171,2018-10-22,Delivered,Cash
10922,424,2018-10-22,Delivered,Net Banking
9361,592,2018-10-23,Delivered,Cash
10683,343,2018-10-23,Delivered,Net Banking
2123,400,2018-10-23,Delivered,Card
7313,271,2018-10-23,Delivered,UPI
8983,547,2018-10-25,Delivered,Card
5258,597,2018-10-25,Delivered,Cash
1467,551,2018-10-25,Delivered,Cash
6816,223,2018-10-26,Delivered,UPI
2507,188,2018-10-27,Returned,Card
2663,257,2018-10-27,Delivered,Wallet
7779,571,2018-10-27,Delivered,UPI
2259,257,2018-10-27,Delivered,UPI
1563,271,2018-10-27,Delivered,Card
3752,276,2018-10-27,Delivered,Net Banking
10295,185,2018-10-27,Delivered,Cash
4663,292,2018-10-28,Shipped,Net Banking
9240,328,2018-10-28,Delivered,UPI
3576,356,2018-10-28,Delivered,Card
5002,381,2018-10-28,Delivered,UPI
3426,276,2018-10-28,Delivered,Card
10934,550,2018-10-29,Delivered,UPI
3017,185,2018-10-29,Delivered,UPI
6294,221,2018-10-29,Shipped,Net Banking
9808,253,2018-10-30,Delivered,Wallet
9435,153,2018-10-30,Delivered,UPI
8068,547,2018-10-30,Returned,Wallet
8525,578,2018-10-30,Cancelled,UPI
8142,524,2018-10-31,Delivered,Card
6637,153,2018-10-31,Returned,Wallet
7851,467,2018-11-01,Delivered,UPI
7610,217,2018-11-01,Delivered,UPI
4718,578,2018-11-02,Delivered,Wallet
1669,150,2018-11-02,Delivered,Card
3656,241,2018-11-02,Delivered,Cash
3727,286,2018-11-03,Delivered,Net Banking
6198,504,2018-11-03,Delivered,Wallet
1022,592,2018-11-04,Delivered,Net Banking
4210,534,2018-11-04,Delivered,Wallet
7134,456,2018-11-04,Delivered,UPI
4648,164,2018-11-05,Delivered,UPI
4693,257,2018-11-05,Delivered,UPI
1884,249,2018-11-07,Delivered,Card
9860,306,2018-11-07,Delivered,Cash
2019,164,2018-11-07,Delivered,UPI
9105,414,2018-11-08,Delivered,UPI
2910,129,2018-11-09,Delivered,UPI
4459,252,2018-11-09,Delivered,Net Banking
10240,552,2018-11-09,Delivered,UPI
4779,312,2018-11-09,Delivered,UPI
8231,249,2018-11-10,Delivered,UPI
3151,275,2018-11-10,Delivered,Card
1956,232,2018-11-10,Delivered,Card
5186,271,2018-11-11,Delivered,Card
8167,241,2018-11-11,Delivered,UPI
6146,150,2018-11-11,Delivered,Card
7121,400,2018-11-12,Delivered,UPI
8537,191,2018-11-12,Delivered,Card
5670,225,2018-11-12,Delivered,UPI
10801,557,2018-11-13,Delivered,Card
10451,150,2018-11-13,Delivered,Cash
8775,279,2018-11-14,Delivered,UPI
4860,476,2018-11-14,Delivered,Card
3014,551,2018-11-15,Delivered,Net Banking
9574,271,2018-11-15,Shipped,UPI
5656,399,2018-11-15,Delivered,Cash
7070,562,2018-11-16,Delivered,Card
9467,555,2018-11-16,Delivered,Cash
1301,116,2018-11-17,Delivered,Card
10203,424,2018-11-17,Delivered,Cash
4347,279,2018-11-17,Delivered,UPI
2370,562,2018-11-18,Delivered,Card
5446,406,2018-11-18,Cancelled,UPI
2936,241,2018-11-18,Delivered,Wallet
5342,343,2018-11-18,Shipped,Card
4704,275,2018-11-18,Delivered,Net Banking
9424,276,2018-11-18,Delivered,Cash
10987,333,2018-11-18,Cancelled,Net Banking
8789,482,2018-11-19,Delivered,Card
9911,306,2018-11-20,Delivered,UPI
3331,366,2018-11-20,Cancelled,Card
5297,450,2018-11-20,Delivered,Card
5810,436,2018-11-20,Delivered,Card
9403,547,2018-11-20,Delivered,UPI
2790,241,2018-11-21,Delivered,Wallet
10532,285,2018-11-21,Delivered,UPI
8621,192,2018-11-22,Delivered,Cash
9598,479,2018-11-23,Delivered,UPI
10171,394,2018-11-24,Delivered,Card
1841,150,2018-11-25,Delivered,UPI
4843,271,2018-11-25,Delivered,Net Banking
4068,568,2018-11-25,Delivered,Wallet
1456,414,2018-11-26,Delivered,UPI
9246,195,2018-11-26,Delivered,UPI
8635,257,2018-11-26,Delivered,Card
4355,476,2018-11-26,Delivered,UPI
1333,462,2018-11-26,Shipped,Wallet
4532,534,2018-11-27,Shipped,Card
10092,568,2018-11-27,Delivered,Card
2808,415,2018-11-27,Delivered,Net Banking
7723,356,2018-11-27,Returned,UPI
4287,560,2018-11-27,Delivered,Card
7441,404,2018-11-27,Delivered,UPI
2496,568,2018-11-28,Delivered,UPI
6209,275,2018-11-28,Delivered,Card
2165,555,2018-11-28,Delivered,Cash
4690,182,2018-11-28,Delivered,UPI
4491,450,2018-11-28,Delivered,Cash
6750,123,2018-11-29,Delivered,Card
10317,405,2018-11-29,Delivered,UPI
10269,150,2018-11-29,Shipped,UPI
8875,343,2018-11-29,Delivered,Net Banking
2303,333,2018-11-29,Delivered,Card
2899,588,2018-11-29,Delivered,UPI
5045,415,2018-11-29,Returned,UPI
6489,568,2018-11-30,Delivered,UPI
10881,380,2018-12-01,Shipped,Wallet
4442,150,2018-12-01,Delivered,Net Banking
3856,257,2018-12-01,Delivered,UPI
5708,306,2018-12-01,Delivered,UPI
4786,192,2018-12-01,Delivered,Wallet
10788,285,2018-12-01,Delivered,UPI
6318,401,2018-12-02,Cancelled,UPI
2099,292,2018-12-02,Delivered,Net Banking
6228,243,2018-12-02,Delivered,UPI
6922,354,2018-12-02,Delivered,UPI
8823,381,2018-12-03,Delivered,Net Banking
1112,574,2018-12-03,Delivered,Card
4985,413,2018-12-03,Delivered,UPI
6337,276,2018-12-04,Delivered,Net Banking
4154,581,2018-12-04,Delivered,Card
5153,489,2018-12-05,Delivered,Cash
6445,394,2018-12-05,Delivered,Card
9751,180,2018-12-05,Delivered,UPI
6642,249,2018-12-06,Delivered,Card
3180,329,2018-12-06,Shipped,Net Banking
7406,229,2018-12-07,Delivered,Net Banking
4743,356,2018-12-07,Shipped,Card
1625,232,2018-12-07,Delivered,Cash
8143,188,2018-12-07,Delivered,Card
4158,578,2018-12-08,Delivered,UPI
5009,180,2018-12-08,Delivered,Card
7170,506,2018-12-08,Delivered,Card
2299,178,2018-12-08,Delivered,UPI
4460,427,2018-12-09,Delivered,UPI
5655,588,2018-12-09,Delivered,Cash
1539,399,2018-12-09,Delivered,UPI
7091,597,2018-12-09,Delivered,UPI
4844,506,2018-12-09,Delivered,Card
2491,588,2018-12-10,Shipped,UPI
10570,271,2018-12-10,Delivered,Net Banking
6027,116,2018-12-11,Delivered,UPI
2733,123,2018-12-11,Delivered,UPI
6493,265,2018-12-11,Returned,UPI
3872,404,2018-12-11,Delivered,UPI
2203,366,2018-12-11,Delivered,Cash
6398,592,2018-12-13,Delivered,Net Banking
2465,381,2018-12-13,Delivered,Card
6942,529,2018-12-14,Delivered,UPI
6173,225,2018-12-14,Delivered,Card
10396,489,2018-12-14,Delivered,UPI
2981,333,2018-12-14,Delivered,Card
9334,482,2018-12-14,Delivered,UPI
5692,329,2018-12-14,Delivered,UPI
5201,529,2018-12-14,Delivered,UPI
3845,550,2018-12-14,Delivered,UPI
8362,301,2018-12-15,Delivered,Card
5283,185,2018-12-15,Delivered,UPI
4170,185,2018-12-15,Delivered,UPI
9017,312,2018-12-15,Shipped,Cash
6677,366,2018-12-16,Delivered,Card
6257,406,2018-12-16,Delivered,Wallet
1384,333,2018-12-16,Delivered,UPI
10443,174,2018-12-16,Delivered,UPI
6295,557,2018-12-16,Shipped,Wallet
5061,150,2018-12-17,Delivered,UPI
10899,568,2018-12-17,Delivered,Wallet
4945,210,2018-12-18,Returned,UPI
7065,292,2018-12-18,Delivered,UPI
7417,354,2018-12-18,Delivered,UPI
4270,350,2018-12-19,Delivered,Cash
10485,400,2018-12-19,Delivered,UPI
5517,160,2018-12-20,Delivered,Net Banking
1585,470,2018-12-20,Delivered,UPI
6386,489,2018-12-20,Delivered,UPI
1380,301,2018-12-20,Delivered,Net Banking
7867,301,2018-12-20,Delivered,Wallet
8585,497,2018-12-21,Delivered,Net Banking
10984,139,2018-12-21,Delivered,Cash
5575,116,2018-12-22,Delivered,Card
4435,176,2018-12-22,Delivered,Card
7331,185,2018-12-22,Delivered,Card
10388,176,2018-12-23,Cancelled,UPI
6458,150,2018-12-24,Delivered,UPI
3488,403,2018-12-24,Cancelled,UPI
8264,403,2018-12-24,Delivered,UPI
2771,123,2018-12-24,Cancelled,UPI
8865,271,2018-12-24,Delivered,UPI
9372,403,2018-12-25,Delivered,Card
8140,301,2018-12-25,Delivered,Card
5805,597,2018-12-25,Delivered,Card
4897,350,2018-12-25,Cancelled,Card
5651,333,2018-12-25,Delivered,Cash
7716,506,2018-12-25,Delivered,UPI
3825,554,2018-12-25,Delivered,Wallet
9162,554,2018-12-25,Delivered,Card
6044,229,2018-12-25,Delivered,Net Banking
9160,494,2018-12-26,Delivered,Card
10577,399,2018-12-26,Delivered,Card
2705,192,2018-12-26,Delivered,UPI
3384,403,2018-12-26,Delivered,Card
2971,456,2018-12-26,Shipped,Net Banking
5845,364,2018-12-27,Returned,Card
7870,554,2018-12-27,Delivered,UPI
4863,196,2018-12-27,Cancelled,Card
8564,350,2018-12-27,Delivered,UPI
4975,568,2018-12-27,Delivered,UPI
2864,350,2018-12-27,Shipped,Card
4399,554,2018-12-27,Delivered,UPI
3790,176,2018-12-27,Delivered,UPI
5679,554,2018-12-27,Delivered,Wallet
10992,400,2018-12-27,Delivered,UPI
10654,176,2018-12-28,Delivered,UPI
1175,403,2018-12-28,Delivered,Wallet
2478,366,2018-12-29,Delivered,UPI
2553,450,2018-12-29,Delivered,UPI
6492,554,2018-12-29,Delivered,UPI
5809,449,2018-12-29,Shipped,Net Banking
4458,329,2018-12-30,Returned,UPI
9943,424,2018-12-30,Delivered,Cash
3996,568,2018-12-30,Cancelled,UPI
4521,403,2018-12-30,Delivered,UPI
8481,301,2018-12-31,Delivered,Card
9636,554,2018-12-31,Delivered,Card
6379,497,2019-01-01,Delivered,Card
3777,555,2019-01-03,Delivered,UPI
6187,210,2019-01-03,Delivered,Card
9365,432,2019-01-03,Delivered,Cash
9627,554,2019-01-03,Delivered,Card
7721,202,2019-01-04,Delivered,UPI
5167,388,2019-01-05,Delivered,Wallet
3431,588,2019-01-05,Delivered,UPI
6200,494,2019-01-06,Delivered,Card
4337,388,2019-01-06,Delivered,UPI
2390,469,2019-01-07,Delivered,Wallet
6001,139,2019-01-07,Delivered,UPI
3707,265,2019-01-07,Delivered,UPI
3948,292,2019-01-08,Delivered,Card
9956,146,2019-01-09,Delivered,UPI
7192,588,2019-01-09,Delivered,UPI
2588,367,2019-01-10,Delivered,Wallet
4746,333,2019-01-10,Delivered,Cash
5067,123,2019-01-11,Delivered,Card
8679,555,2019-01-11,Delivered,UPI
10915,597,2019-01-13,Delivered,Net Banking
7184,132,2019-01-13,Delivered,UPI
2179,449,2019-01-13,Delivered,UPI
4197,530,2019-01-13,Delivered,Card
2064,191,2019-01-14,Delivered,Card
10545,432,2019-01-14,Delivered,Wallet
3434,191,2019-01-15,Delivered,Card
2964,432,2019-01-15,Delivered,Cash
9409,142,2019-01-17,Delivered,Net Banking
1729,558,2019-01-17,Delivered,UPI
2658,552,2019-01-17,Delivered,Net Banking
1766,582,2019-01-18,Delivered,Card
7566,221,2019-01-18,Delivered,UPI
2067,171,2019-01-18,Delivered,Card
10565,265,2019-01-18,Delivered,Card
4252,504,2019-01-19,Delivered,UPI
1411,476,2019-01-20,Delivered,Card
1876,581,2019-01-20,Delivered,UPI
4510,380,2019-01-20,Delivered,UPI
7559,534,2019-01-21,Delivered,Card
5432,558,2019-01-21,Delivered,UPI
1387,587,2019-01-21,Delivered,UPI
7798,122,2019-01-24,Delivered,Net Banking
1324,260,2019-01-26,Delivered,Wallet
2529,560,2019-01-26,Delivered,UPI
10605,178,2019-01-27,Cancelled,Wallet
9684,497,2019-01-28,Cancelled,Cash
2741,312,2019-01-29,Delivered,Card
6881,283,2019-01-30,Delivered,Card
9587,252,2019-01-30,Delivered,Card
3067,306,2019-01-30,Cancelled,UPI
3523,498,2019-01-31,Delivered,Card
1616,275,2019-02-01,Delivered,Net Banking
8315,160,2019-02-01,Delivered,UPI
3756,171,2019-02-02,Delivered,UPI
8976,381,2019-02-02,Delivered,UPI
10935,576,2019-02-03,Delivered,Card
4206,276,2019-02-04,Delivered,UPI
10839,333,2019-02-04,Delivered,Net Banking
8683,331,2019-02-07,Delivered,Wallet
6483,498,2019-02-07,Delivered,Card
9176,241,2019-02-08,Shipped,UPI
6713,241,2019-02-08,Delivered,UPI
4070,354,2019-02-08,Delivered,Wallet
10832,597,2019-02-08,Delivered,UPI
9614,343,2019-02-08,Delivered,Card
1439,366,2019-02-10,Delivered,Card
6004,142,2019-02-11,Delivered,Card
8941,364,2019-02-11,Delivered,UPI
6261,333,2019-02-12,Delivered,UPI
1398,432,2019-02-13,Delivered,UPI
8991,508,2019-02-13,Delivered,Wallet
4738,490,2019-02-13,Delivered,UPI
8136,192,2019-02-15,Delivered,UPI
7688,215,2019-02-16,Delivered,UPI
6158,560,2019-02-16,Shipped,Card
7631,277,2019-02-16,Delivered,Net Banking
9234,479,2019-02-17,Delivered,Cash
9431,210,2019-02-18,Delivered,Net Banking
10025,462,2019-02-18,Cancelled,Card
7199,547,2019-02-18,Delivered,UPI
4057,475,2019-02-19,Delivered,UPI
5159,195,2019-02-19,Returned,Card
5080,354,2019-02-19,Delivered,Wallet
8210,470,2019-02-20,Delivered,UPI
8743,264,2019-02-20,Shipped,Card
4654,322,2019-02-22,Delivered,UPI
1723,571,2019-02-22,Delivered,UPI
2768,504,2019-02-23,Delivered,UPI
2845,329,2019-02-23,Delivered,Card
4358,578,2019-02-23,Delivered,Net Banking
9290,504,2019-02-23,Delivered,Cash
5035,504,2019-02-24,Shipped,Card
7545,581,2019-02-25,Delivered,Card
2891,576,2019-02-26,Cancelled,Net Banking
4764,223,2019-02-26,Delivered,UPI
6059,160,2019-02-26,Delivered,UPI
2225,315,2019-02-27,Delivered,UPI
2110,215,2019-02-28,Delivered,UPI
1762,253,2019-03-01,Delivered,Card
3443,364,2019-03-01,Delivered,UPI
6368,433,2019-03-02,Delivered,Cash
7781,252,2019-03-02,Shipped,UPI
10732,547,2019-03-02,Delivered,Cash
6184,232,2019-03-03,Delivered,UPI
9286,415,2019-03-04,Cancelled,Card
6774,306,2019-03-04,Delivered,Net Banking
5398,174,2019-03-05,Delivered,Cash
2519,524,2019-03-05,Delivered,UPI
1670,406,2019-03-06,Delivered,UPI
3928,110,2019-03-07,Returned,Card
2747,217,2019-03-07,Delivered,Cash
1379,196,2019-03-07,Delivered,Cash
2656,551,2019-03-08,Delivered,UPI
2188,380,2019-03-08,Delivered,Card
10117,366,2019-03-09,Delivered,Card
3998,450,2019-03-10,Returned,Card
6760,456,2019-03-12,Delivered,Wallet
6269,576,2019-03-12,Delivered,UPI
10250,470,2019-03-13,Delivered,Card
4551,560,2019-03-14,Delivered,Card
2446,257,2019-03-14,Delivered,Card
9349,582,2019-03-15,Delivered,Net Banking
8847,449,2019-03-15,Delivered,Card
9415,279,2019-03-16,Delivered,Card
10109,252,2019-03-16,Delivered,Net Banking
9716,215,2019-03-17,Delivered,Card
6810,389,2019-03-18,Delivered,Net Banking
4692,585,2019-03-18,Delivered,UPI
5856,171,2019-03-18,Returned,UPI
3703,265,2019-03-18,Cancelled,Card
9918,240,2019-03-18,Delivered,Card
3725,364,2019-03-19,Delivered,Wallet
5348,182,2019-03-19,Delivered,Net Banking
9509,150,2019-03-20,Delivered,Card
1468,597,2019-03-20,Delivered,Net Banking
2399,381,2019-03-20,Delivered,Card
3449,262,2019-03-21,Delivered,Card
10768,436,2019-03-21,Delivered,UPI
4211,457,2019-03-21,Delivered,UPI
7883,494,2019-03-21,Delivered,UPI
7997,557,2019-03-22,Delivered,UPI
10845,253,2019-03-23,Delivered,Cash
10148,554,2019-03-23,Delivered,Card
3828,436,2019-03-24,Shipped,Card
9126,132,2019-03-25,Cancelled,UPI
2841,232,2019-03-26,Delivered,Card
5758,433,2019-03-26,Delivered,Cash
8085,578,2019-03-28,Delivered,Cash
1806,232,2019-03-28,Delivered,Card
9864,210,2019-03-29,Delivered,Card
10052,494,2019-03-29,Cancelled,UPI
9573,285,2019-03-30,Delivered,Net Banking
6034,354,2019-04-01,Delivered,Card
10346,174,2019-04-02,Delivered,Net Banking
8014,401,2019-04-04,Delivered,UPI
5115,260,2019-04-04,Delivered,UPI
5428,170,2019-04-05,Delivered,Wallet
1232,574,2019-04-05,Delivered,Wallet
6542,123,2019-04-06,Delivered,UPI
4858,243,2019-04-06,Delivered,Wallet
6301,153,2019-04-06,Delivered,UPI
3167,462,2019-04-06,Delivered,Card
5630,188,2019-04-06,Delivered,UPI
4003,139,2019-04-07,Delivered,UPI
1227,389,2019-04-07,Delivered,UPI
7945,432,2019-04-08,Delivered,Net Banking
9195,367,2019-04-08,Delivered,Net Banking
4516,191,2019-04-08,Delivered,Wallet
7612,576,2019-04-08,Delivered,Card
7606,406,2019-04-09,Delivered,Card
1421,170,2019-04-10,Delivered,Cash
9379,241,2019-04-10,Delivered,Cash
1426,184,2019-04-10,Delivered,Card
8323,257,2019-04-10,Delivered,UPI
6306,217,2019-04-11,Delivered,UPI
4737,404,2019-04-11,Cancelled,Card
8719,192,2019-04-11,Delivered,UPI
2199,188,2019-04-12,Delivered,Cash
7728,257,2019-04-13,Delivered,Card
7860,221,2019-04-14,Delivered,UPI
7709,176,2019-04-14,Delivered,UPI
1245,153,2019-04-15,Delivered,Card
7003,475,2019-04-15,Delivered,Card
1524,585,2019-04-15,Delivered,UPI
7336,432,2019-04-16,Shipped,UPI
5529,588,2019-04-16,Delivered,Card
2412,552,2019-04-17,Delivered,UPI
4035,558,2019-04-17,Delivered,Cash
10646,356,2019-04-18,Delivered,Cash
5220,221,2019-04-18,Delivered,Cash
8562,467,2019-04-18,Delivered,UPI
7803,142,2019-04-19,Delivered,UPI
10057,288,2019-04-19,Cancelled,UPI
7951,286,2019-04-20,Delivered,Card
6324,506,2019-04-20,Delivered,UPI
9033,315,2019-04-20,Delivered,Card
10393,429,2019-04-21,Returned,UPI
10018,178,2019-04-22,Delivered,Net Banking
8467,110,2019-04-22,Delivered,UPI
7221,210,2019-04-23,Delivered,UPI
6150,430,2019-04-23,Delivered,Card
10487,560,2019-04-23,Delivered,UPI
1427,578,2019-04-24,Delivered,Card
4818,506,2019-04-25,Delivered,Card
4959,526,2019-04-25,Delivered,Card
6394,555,2019-04-26,Delivered,UPI
8853,364,2019-04-26,Delivered,UPI
1475,328,2019-04-27,Delivered,Card
10591,195,2019-04-28,Delivered,Net Banking
1373,479,2019-04-29,Delivered,Cash
10068,462,2019-04-29,Delivered,UPI
4747,191,2019-04-29,Delivered,UPI
7670,232,2019-04-29,Cancelled,Card
9703,581,2019-04-30,Delivered,Card
7855,447,2019-04-30,Shipped,Card
10394,494,2019-04-30,Delivered,Net Banking
1721,497,2019-05-01,Delivered,Cash
10252,403,2019-05-01,Delivered,Card
9683,333,2019-05-01,Delivered,Net Banking
5012,557,2019-05-02,Delivered,UPI
6615,333,2019-05-02,Delivered,UPI
6451,550,2019-05-03,Shipped,Wallet
3519,139,2019-05-05,Cancelled,Cash
8072,223,2019-05-06,Delivered,Cash
4311,258,2019-05-06,Delivered,Net Banking
10145,467,2019-05-06,Delivered,UPI
9231,288,2019-05-07,Delivered,UPI
1393,557,2019-05-08,Shipped,Wallet
6598,400,2019-05-09,Delivered,Card
9268,354,2019-05-09,Delivered,Net Banking
8344,588,2019-05-09,Delivered,UPI
8538,406,2019-05-10,Delivered,Card
7650,390,2019-05-11,Delivered,Card
5094,180,2019-05-13,Delivered,Card
4126,235,2019-05-14,Delivered,Card
2471,457,2019-05-15,Delivered,Net Banking
1520,568,2019-05-17,Delivered,UPI
6425,288,2019-05-17,Shipped,Wallet
1239,576,2019-05-18,Delivered,Card
10188,257,2019-05-18,Delivered,UPI
9663,235,2019-05-19,Returned,Wallet
3758,433,2019-05-19,Delivered,Wallet
9282,277,2019-05-19,Delivered,Card
9520,472,2019-05-19,Delivered,Card
1860,301,2019-05-20,Delivered,UPI
6950,340,2019-05-21,Delivered,Net Banking
6580,279,2019-05-23,Delivered,Card
2164,506,2019-05-23,Delivered,UPI
10910,315,2019-05-24,Delivered,Card
6103,322,2019-05-25,Delivered,Card
6334,449,2019-05-27,Delivered,Cash
2096,413,2019-05-28,Delivered,UPI
10379,249,2019-05-28,Shipped,Cash
10247,110,2019-05-30,Delivered,UPI
1707,129,2019-05-31,Delivered,Net Banking
4778,413,2019-05-31,Delivered,Wallet
9563,253,2019-05-31,Delivered,Card
2280,243,2019-05-31,Cancelled,UPI
10674,498,2019-05-31,Delivered,UPI
6866,380,2019-06-01,Delivered,UPI
8456,217,2019-06-04,Delivered,Net Banking
2297,401,2019-06-05,Delivered,UPI
10971,568,2019-06-05,Delivered,Net Banking
4833,497,2019-06-06,Delivered,UPI
9990,400,2019-06-06,Delivered,UPI
7561,283,2019-06-06,Delivered,Card
1567,116,2019-06-06,Shipped,UPI
3447,522,2019-06-07,Delivered,Card
8642,354,2019-06-08,Delivered,Card
7015,329,2019-06-09,Delivered,Cash
5042,279,2019-06-09,Delivered,UPI
5921,160,2019-06-09,Delivered,Cash
7175,240,2019-06-10,Delivered,Wallet
1534,414,2019-06-10,Delivered,Card
7011,268,2019-06-11,Delivered,UPI
2567,229,2019-06-11,Delivered,UPI
5997,170,2019-06-11,Delivered,Wallet
5716,268,2019-06-11,Delivered,UPI
9320,223,2019-06-12,Delivered,Cash
1337,364,2019-06-12,Delivered,Wallet
7844,449,2019-06-12,Delivered,Cash
4373,554,2019-06-12,Delivered,Cash
4173,327,2019-06-13,Delivered,Card
10865,522,2019-06-13,Delivered,Net Banking
1851,132,2019-06-14,Delivered,Net Banking
6854,449,2019-06-15,Delivered,Net Banking
3682,403,2019-06-15,Delivered,UPI
6016,164,2019-06-16,Delivered,Cash
2109,535,2019-06-16,Delivered,UPI
4994,171,2019-06-17,Delivered,Net Banking
6243,434,2019-06-18,Shipped,Net Banking
4133,388,2019-06-20,Delivered,Card
2668,257,2019-06-20,Delivered,Net Banking
2422,414,2019-06-20,Delivered,Card
2752,188,2019-06-21,Delivered,Cash
9569,549,2019-06-22,Delivered,UPI
10861,364,2019-06-22,Delivered,Net Banking
2180,427,2019-06-23,Delivered,Card
7428,288,2019-06-23,Delivered,UPI
1017,456,2019-06-23,Delivered,UPI
7807,249,2019-06-23,Delivered,UPI
7437,196,2019-06-25,Delivered,UPI
5870,490,2019-06-27,Shipped,UPI
3566,229,2019-06-27,Delivered,Cash
9577,549,2019-06-28,Delivered,Net Banking
10204,265,2019-06-28,Delivered,Wallet
7917,283,2019-06-28,Delivered,UPI
5241,498,2019-06-28,Delivered,Wallet
9971,520,2019-07-01,Delivered,UPI
2420,551,2019-07-02,Delivered,Wallet
4679,560,2019-07-03,Delivered,Net Banking
4380,136,2019-07-03,Delivered,Card
6755,329,2019-07-05,Delivered,Wallet
1516,268,2019-07-06,Delivered,Card
1266,504,2019-07-06,Delivered,UPI
8155,462,2019-07-06,Delivered,Card
7924,210,2019-07-06,Delivered,Card
1217,241,2019-07-07,Delivered,Card
7587,407,2019-07-07,Delivered,Wallet
2973,549,2019-07-07,Delivered,Card
2300,476,2019-07-08,Delivered,Cash
4722,429,2019-07-08,Delivered,UPI
9991,136,2019-07-09,Delivered,UPI
5438,401,2019-07-09,Delivered,UPI
10687,328,2019-07-10,Delivered,Net Banking
5664,132,2019-07-11,Delivered,Card
1013,333,2019-07-11,Delivered,Cash
9785,574,2019-07-12,Delivered,UPI
9724,301,2019-07-12,Delivered,Card
10713,364,2019-07-12,Delivered,UPI
6447,311,2019-07-12,Delivered,UPI
4523,132,2019-07-12,Delivered,Cash
2714,180,2019-07-12,Delivered,Card
1250,110,2019-07-13,Delivered,UPI
3326,354,2019-07-13,Delivered,Card
4403,576,2019-07-13,Delivered,Card
7980,199,2019-07-14,Delivered,Card
3360,414,2019-07-15,Delivered,UPI
4204,527,2019-07-16,Delivered,Wallet
4793,522,2019-07-16,Delivered,Net Banking
5170,232,2019-07-17,Delivered,Card
10273,271,2019-07-17,Delivered,Card
10476,389,2019-07-17,Delivered,Wallet
2780,568,2019-07-17,Delivered,Card
1633,534,2019-07-19,Shipped,Card
1291,390,2019-07-19,Delivered,UPI
10668,235,2019-07-19,Delivered,Card
10453,585,2019-07-19,Delivered,UPI
4376,285,2019-07-20,Delivered,UPI
4524,275,2019-07-21,Delivered,Card
2366,340,2019-07-21,Delivered,Net Banking
9633,558,2019-07-21,Delivered,Card
1083,476,2019-07-21,Delivered,Card
2610,217,2019-07-21,Delivered,Card
9387,578,2019-07-21,Delivered,UPI
4579,576,2019-07-22,Delivered,Wallet
10807,581,2019-07-22,Delivered,Net Banking
4290,430,2019-07-23,Delivered,Card
8097,568,2019-07-24,Delivered,UPI
2498,329,2019-07-24,Delivered,UPI
5557,489,2019-07-24,Delivered,Card
5163,271,2019-07-25,Delivered,Card
1981,258,2019-07-25,Delivered,UPI
5011,587,2019-07-25,Delivered,UPI
7476,520,2019-07-25,Delivered,UPI
6824,570,2019-07-25,Delivered,UPI
10963,311,2019-07-25,Shipped,UPI
9851,146,2019-07-25,Shipped,Wallet
3524,290,2019-07-26,Delivered,UPI
3650,562,2019-07-26,Delivered,Wallet
1149,262,2019-07-26,Delivered,Card
3224,329,2019-07-27,Delivered,Wallet
2884,551,2019-07-27,Delivered,UPI
5019,506,2019-07-27,Delivered,Net Banking
4829,174,2019-07-28,Delivered,Wallet
2264,367,2019-07-28,Delivered,Net Banking
3346,178,2019-07-28,Delivered,UPI
3467,340,2019-07-28,Delivered,UPI
7208,241,2019-07-28,Delivered,UPI
2724,279,2019-07-28,Delivered,Cash
10659,217,2019-07-28,Returned,UPI
8346,549,2019-07-28,Delivered,Card
1866,277,2019-07-29,Delivered,Card
10743,195,2019-07-29,Delivered,Wallet
3049,550,2019-07-30,Cancelled,Card
5351,503,2019-07-31,Delivered,UPI
6342,229,2019-07-31,Delivered,Card
8470,413,2019-08-02,Delivered,UPI
1902,547,2019-08-02,Delivered,Cash
3484,301,2019-08-02,Delivered,Card
4823,562,2019-08-02,Delivered,Cash
8290,449,2019-08-03,Delivered,UPI
8929,333,2019-08-03,Delivered,UPI
3319,570,2019-08-03,Delivered,Net Banking
6871,526,2019-08-03,Cancelled,UPI
3942,170,2019-08-03,Delivered,Wallet
3085,381,2019-08-04,Delivered,Wallet
8566,285,2019-08-04,Delivered,UPI
8013,235,2019-08-06,Cancelled,UPI
1698,587,2019-08-06,Shipped,Net Banking
8038,405,2019-08-07,Delivered,Cash
3654,304,2019-08-07,Delivered,Card
7982,241,2019-08-08,Delivered,Cash
2156,413,2019-08-08,Delivered,Net Banking
4733,262,2019-08-08,Delivered,UPI
10744,229,2019-08-09,Delivered,Net Banking
3983,312,2019-08-09,Delivered,Card
4770,581,2019-08-09,Delivered,UPI
8237,562,2019-08-10,Delivered,Card
1435,555,2019-08-10,Delivered,UPI
7963,286,2019-08-11,Delivered,Card
4983,494,2019-08-11,Delivered,Card
7889,327,2019-08-12,Delivered,UPI
6600,504,2019-08-13,Delivered,UPI
9474,215,2019-08-14,Delivered,UPI
3766,456,2019-08-14,Cancelled,UPI
6815,414,2019-08-15,Delivered,UPI
8641,522,2019-08-15,Delivered,UPI
6826,414,2019-08-16,Delivered,Net Banking
6629,407,2019-08-16,Delivered,Card
9972,264,2019-08-16,Delivered,Card
5652,450,2019-08-17,Delivered,UPI
1954,117,2019-08-18,Delivered,Wallet
7072,434,2019-08-18,Delivered,Wallet
5600,240,2019-08-18,Delivered,Net Banking
5610,343,2019-08-19,Delivered,UPI
10943,178,2019-08-19,Delivered,Cash
10627,409,2019-08-19,Delivered,Cash
10083,470,2019-08-20,Delivered,Card
4423,271,2019-08-20,Delivered,Card
9482,549,2019-08-20,Delivered,UPI
9239,210,2019-08-21,Delivered,UPI
4633,504,2019-08-22,Delivered,UPI
8040,381,2019-08-22,Delivered,Card
9624,380,2019-08-22,Delivered,Net Banking
10760,470,2019-08-22,Delivered,Cash
10334,192,2019-08-23,Shipped,Wallet
8638,549,2019-08-23,Delivered,UPI
8189,578,2019-08-24,Delivered,UPI
8108,568,2019-08-24,Delivered,Net Banking
1523,434,2019-08-24,Delivered,Card
7172,494,2019-08-24,Delivered,UPI
3010,315,2019-08-25,Delivered,UPI
1086,327,2019-08-25,Delivered,Net Banking
10840,328,2019-08-25,Delivered,Wallet
9038,356,2019-08-25,Returned,Net Banking
5191,434,2019-08-27,Delivered,Wallet
6639,167,2019-08-27,Delivered,Net Banking
1758,225,2019-08-27,Delivered,Cash
5449,304,2019-08-27,Delivered,UPI
2326,160,2019-08-27,Delivered,Wallet
9171,456,2019-08-28,Delivered,Card
4107,503,2019-08-28,Delivered,Cash
2026,401,2019-08-28,Delivered,Wallet
4709,117,2019-08-28,Delivered,UPI
7307,526,2019-08-28,Delivered,Card
7233,529,2019-08-28,Delivered,Card
4474,156,2019-08-28,Delivered,UPI
8568,344,2019-08-29,Shipped,Card
4179,168,2019-08-29,Delivered,Cash
2699,260,2019-08-29,Delivered,Card
3436,268,2019-08-30,Delivered,Card
3724,520,2019-08-30,Delivered,Wallet
4650,159,2019-08-30,Delivered,Cash
4599,394,2019-08-31,Delivered,Cash
4302,167,2019-08-31,Delivered,Cash
2869,136,2019-08-31,Delivered,UPI
10945,526,2019-09-01,Delivered,UPI
2247,526,2019-09-01,Delivered,Wallet
7579,527,2019-09-01,Delivered,UPI
4330,576,2019-09-01,Delivered,Wallet
4827,469,2019-09-01,Delivered,Cash
9252,153,2019-09-01,Delivered,Cash
5541,486,2019-09-01,Delivered,Wallet
1410,503,2019-09-03,Shipped,Card
1450,164,2019-09-03,Delivered,UPI
5719,136,2019-09-04,Delivered,Card
2863,449,2019-09-04,Delivered,Net Banking
4820,356,2019-09-04,Delivered,Net Banking
10937,497,2019-09-05,Delivered,UPI
5850,534,2019-09-06,Delivered,Card
9566,467,2019-09-06,Delivered,Wallet
2815,258,2019-09-08,Delivered,UPI
8430,167,2019-09-08,Returned,UPI
10625,366,2019-09-08,Delivered,Cash
6901,322,2019-09-08,Delivered,Card
5278,268,2019-09-09,Delivered,Cash
2071,464,2019-09-09,Delivered,UPI
2405,333,2019-09-09,Delivered,Card
6920,164,2019-09-10,Delivered,Card
2530,524,2019-09-10,Delivered,Wallet
4797,241,2019-09-10,Delivered,Cash
6083,311,2019-09-11,Delivered,Cash
9085,552,2019-09-11,Delivered,Card
10517,231,2019-09-12,Delivered,UPI
6859,535,2019-09-12,Delivered,Cash
5642,290,2019-09-12,Shipped,Cash
4160,356,2019-09-13,Delivered,UPI
3190,592,2019-09-13,Delivered,UPI
1961,401,2019-09-13,Delivered,Card
9656,283,2019-09-15,Delivered,Card
4411,285,2019-09-15,Delivered,UPI
10584,469,2019-09-15,Delivered,UPI
10105,582,2019-09-15,Delivered,UPI
10941,180,2019-09-16,Delivered,Wallet
8405,449,2019-09-17,Delivered,Wallet
8784,350,2019-09-17,Delivered,Wallet
4673,523,2019-09-17,Delivered,UPI
2802,167,2019-09-17,Delivered,Card
10156,549,2019-09-17,Delivered,Card
7708,486,2019-09-18,Delivered,Wallet
4031,223,2019-09-18,Delivered,UPI
4659,406,2019-09-18,Delivered,Card
7719,159,2019-09-18,Shipped,Card
5748,411,2019-09-18,Delivered,Card
4760,388,2019-09-19,Delivered,Wallet
1119,265,2019-09-20,Delivered,UPI
9965,551,2019-09-20,Delivered,Card
5986,354,2019-09-21,Delivered,Wallet
3198,450,2019-09-21,Delivered,UPI
2495,555,2019-09-22,Delivered,UPI
6941,467,2019-09-23,Delivered,UPI
2591,258,2019-09-23,Delivered,UPI
2533,146,2019-09-24,Delivered,Net Banking
1593,196,2019-09-24,Delivered,UPI
8438,552,2019-09-24,Shipped,Card
3672,464,2019-09-25,Delivered,Card
1329,241,2019-09-25,Delivered,UPI
3804,322,2019-09-25,Delivered,Cash
7363,293,2019-09-25,Delivered,Card
4266,459,2019-09-26,Delivered,Card
4921,223,2019-09-26,Delivered,Net Banking
6814,595,2019-09-26,Delivered,UPI
3992,523,2019-09-27,Delivered,Card
5300,520,2019-09-28,Delivered,UPI
3584,215,2019-09-28,Cancelled,Card
10409,549,2019-09-29,Delivered,UPI
10776,156,2019-09-29,Delivered,UPI
3112,167,2019-09-29,Returned,UPI
8586,380,2019-09-29,Delivered,UPI
2932,195,2019-09-29,Shipped,UPI
4584,503,2019-09-30,Shipped,Wallet
5567,311,2019-09-30,Delivered,Net Banking
6643,225,2019-09-30,Delivered,Card
10447,235,2019-10-02,Delivered,UPI
2060,424,2019-10-02,Delivered,Net Banking
4260,116,2019-10-03,Delivered,Card
1906,405,2019-10-03,Delivered,UPI
6192,277,2019-10-04,Delivered,Wallet
1596,260,2019-10-04,Delivered,Card
9510,184,2019-10-04,Delivered,Card
9667,290,2019-10-04,Delivered,UPI
7740,581,2019-10-05,Delivered,Card
6227,508,2019-10-05,Delivered,Card
5166,283,2019-10-05,Delivered,Card
5923,232,2019-10-05,Delivered,Card
7863,257,2019-10-06,Delivered,UPI
1650,551,2019-10-06,Returned,UPI
9882,597,2019-10-06,Delivered,UPI
6108,312,2019-10-06,Delivered,Net Banking
7030,344,2019-10-06,Delivered,UPI
4344,597,2019-10-06,Delivered,Wallet
6884,159,2019-10-06,Delivered,Cash
5184,564,2019-10-07,Delivered,Card
2629,170,2019-10-07,Delivered,UPI
7147,555,2019-10-07,Delivered,UPI
8273,592,2019-10-08,Delivered,Card
6631,427,2019-10-08,Delivered,UPI
7516,401,2019-10-09,Delivered,Net Banking
3386,329,2019-10-10,Delivered,UPI
8322,317,2019-10-10,Delivered,Card
2204,523,2019-10-10,Delivered,Wallet
7503,304,2019-10-10,Delivered,Net Banking
1446,188,2019-10-11,Delivered,Card
2785,557,2019-10-11,Delivered,Cash
4915,215,2019-10-11,Delivered,Card
9249,304,2019-10-11,Delivered,Net Banking
7434,129,2019-10-11,Delivered,Cash
2302,215,2019-10-11,Shipped,UPI
4783,503,2019-10-12,Cancelled,Card
7249,424,2019-10-12,Delivered,UPI
6249,564,2019-10-12,Delivered,Cash
7608,306,2019-10-12,Delivered,Card
3786,304,2019-10-12,Delivered,Cash
4165,388,2019-10-13,Cancelled,UPI
1019,264,2019-10-13,Delivered,Wallet
5967,265,2019-10-13,Delivered,UPI
6657,146,2019-10-13,Delivered,UPI
9396,526,2019-10-13,Delivered,Card
9206,550,2019-10-13,Delivered,Card
5622,217,2019-10-14,Delivered,Net Banking
8389,328,2019-10-14,Delivered,UPI
1673,434,2019-10-15,Delivered,UPI
3852,301,2019-10-16,Delivered,UPI
2907,279,2019-10-16,Delivered,Cash
1219,223,2019-10-17,Delivered,Cash
7004,170,2019-10-17,Delivered,UPI
7985,494,2019-10-18,Delivered,UPI
6641,404,2019-10-19,Cancelled,UPI
1479,243,2019-10-19,Delivered,Card
6373,595,2019-10-19,Delivered,UPI
7250,356,2019-10-19,Delivered,Card
7014,570,2019-10-20,Delivered,Card
1151,268,2019-10-21,Cancelled,Card
6963,178,2019-10-21,Delivered,UPI
3933,415,2019-10-21,Delivered,UPI
4220,327,2019-10-21,Shipped,Net Banking
1294,432,2019-10-21,Delivered,Wallet
5275,503,2019-10-22,Delivered,Net Banking
7946,436,2019-10-22,Delivered,UPI
6112,595,2019-10-22,Delivered,UPI
5304,327,2019-10-22,Delivered,Card
7906,503,2019-10-23,Shipped,Card
10874,520,2019-10-24,Delivered,Card
10708,366,2019-10-25,Shipped,UPI
8117,405,2019-10-25,Delivered,Card
8692,253,2019-10-26,Delivered,Card
2937,306,2019-10-26,Delivered,UPI
9571,427,2019-10-26,Delivered,Card
2894,562,2019-10-26,Delivered,UPI
2442,463,2019-10-26,Delivered,UPI
1545,534,2019-10-27,Delivered,UPI
5447,400,2019-10-28,Delivered,Wallet
3048,504,2019-10-28,Delivered,Card
7640,306,2019-10-28,Delivered,Card
9158,129,2019-10-28,Cancelled,Wallet
8774,215,2019-10-29,Delivered,Wallet
7002,583,2019-10-29,Delivered,Card
5470,315,2019-10-29,Delivered,UPI
1015,587,2019-10-29,Delivered,Cash
7572,409,2019-10-30,Delivered,Cash
1187,215,2019-10-30,Delivered,UPI
2008,160,2019-10-31,Delivered,Card
2680,401,2019-10-31,Delivered,Card
1059,223,2019-11-01,Delivered,Net Banking
1639,583,2019-11-01,Delivered,UPI
9657,522,2019-11-02,Delivered,Net Banking
2613,252,2019-11-02,Delivered,Net Banking
2494,262,2019-11-02,Delivered,Cash
4533,523,2019-11-03,Shipped,Net Banking
2816,568,2019-11-03,Delivered,Card
1223,306,2019-11-03,Delivered,Card
5282,433,2019-11-03,Delivered,Card
2950,195,2019-11-03,Delivered,Card
1769,301,2019-11-03,Delivered,Net Banking
2721,159,2019-11-03,Delivered,Wallet
10046,139,2019-11-04,Delivered,Wallet
9095,343,2019-11-04,Returned,Wallet
3510,229,2019-11-05,Delivered,UPI
7744,549,2019-11-06,Delivered,Net Banking
10261,400,2019-11-06,Returned,Card
10172,340,2019-11-06,Delivered,Cash
5836,188,2019-11-07,Delivered,Card
8113,174,2019-11-07,Delivered,UPI
7056,253,2019-11-07,Delivered,UPI
7768,588,2019-11-08,Delivered,Card
8499,136,2019-11-08,Delivered,UPI
1403,215,2019-11-08,Delivered,UPI
10913,403,2019-11-09,Delivered,Card
9807,581,2019-11-09,Returned,Card
6390,116,2019-11-10,Delivered,UPI
7941,110,2019-11-10,Delivered,Card
10107,535,2019-11-10,Delivered,UPI
3420,286,2019-11-12,Shipped,Net Banking
1358,364,2019-11-12,Delivered,UPI
10327,564,2019-11-12,Delivered,UPI
5259,257,2019-11-12,Delivered,UPI
3392,315,2019-11-13,Delivered,Wallet
10160,191,2019-11-13,Delivered,UPI
5498,592,2019-11-13,Delivered,Net Banking
7285,494,2019-11-14,Delivered,UPI
3573,185,2019-11-14,Delivered,UPI
7828,317,2019-11-14,Delivered,UPI
5920,571,2019-11-14,Delivered,UPI
9214,479,2019-11-16,Delivered,Net Banking
9295,265,2019-11-16,Delivered,Wallet
8876,554,2019-11-17,Cancelled,Card
3769,462,2019-11-18,Delivered,Cash
10253,564,2019-11-19,Returned,UPI
5636,268,2019-11-19,Shipped,Card
4007,535,2019-11-20,Delivered,UPI
6676,570,2019-11-20,Delivered,UPI
3876,183,2019-11-21,Delivered,UPI
5884,585,2019-11-22,Delivered,UPI
10771,464,2019-11-22,Delivered,UPI
4735,390,2019-11-23,Delivered,UPI
3989,432,2019-11-23,Delivered,Card
8700,570,2019-11-23,Delivered,UPI
2469,506,2019-11-24,Cancelled,Card
1913,231,2019-11-24,Delivered,UPI
7113,429,2019-11-25,Delivered,UPI
10847,243,2019-11-25,Delivered,Card
4740,506,2019-11-25,Delivered,Card
9026,159,2019-11-25,Delivered,Card
2028,463,2019-11-27,Delivered,UPI
2626,183,2019-11-27,Delivered,Card
8542,191,2019-11-28,Delivered,Cash
5863,231,2019-11-29,Delivered,UPI
10219,215,2019-11-30,Delivered,Wallet
5132,449,2019-11-30,Delivered,Card
3116,411,2019-11-30,Delivered,UPI
2832,424,2019-12-01,Delivered,Card
2850,195,2019-12-01,Delivered,UPI
3799,526,2019-12-01,Delivered,Net Banking
8643,116,2019-12-02,Delivered,Card
8513,411,2019-12-02,Delivered,Card
8980,527,2019-12-02,Delivered,Net Banking
5196,503,2019-12-02,Delivered,Card
3877,470,2019-12-03,Delivered,Card
3788,164,2019-12-04,Cancelled,UPI
4430,232,2019-12-04,Delivered,Net Banking
9904,522,2019-12-04,Delivered,Card
10067,481,2019-12-04,Delivered,Wallet
2908,167,2019-12-05,Delivered,Card
10432,243,2019-12-05,Delivered,Wallet
3532,535,2019-12-05,Delivered,UPI
7596,472,2019-12-05,Delivered,UPI
9696,535,2019-12-06,Delivered,UPI
2821,196,2019-12-06,Delivered,UPI
4422,268,2019-12-06,Delivered,UPI
8439,195,2019-12-06,Delivered,Wallet
7308,340,2019-12-06,Delivered,Card
8889,380,2019-12-06,Delivered,Card
6190,570,2019-12-07,Delivered,UPI
2135,570,2019-12-07,Delivered,Card
4498,288,2019-12-08,Delivered,Cash
5909,183,2019-12-08,Delivered,Card
5975,167,2019-12-08,Delivered,Net Banking
8676,156,2019-12-08,Delivered,UPI
4578,235,2019-12-09,Delivered,Cash
6797,279,2019-12-09,Returned,UPI
4143,506,2019-12-09,Delivered,UPI
3412,459,2019-12-09,Delivered,UPI
3216,306,2019-12-09,Delivered,Cash
10153,583,2019-12-10,Cancelled,UPI
3829,407,2019-12-10,Delivered,Net Banking
8877,232,2019-12-10,Delivered,Net Banking
1986,127,2019-12-11,Delivered,UPI
7496,597,2019-12-11,Delivered,UPI
4012,180,2019-12-12,Delivered,Cash
8318,215,2019-12-12,Delivered,Wallet
4910,463,2019-12-13,Delivered,UPI
9791,583,2019-12-13,Delivered,Card
3803,127,2019-12-13,Returned,UPI
3546,225,2019-12-14,Delivered,UPI
1575,249,2019-12-14,Delivered,UPI
7489,127,2019-12-14,Delivered,Card
5161,127,2019-12-14,Delivered,Cash
9248,508,2019-12-14,Delivered,Card
2490,424,2019-12-14,Delivered,UPI
5821,127,2019-12-15,Delivered,Wallet
9384,396,2019-12-16,Shipped,UPI
10236,117,2019-12-16,Delivered,Cash
4095,404,2019-12-17,Cancelled,Wallet
6054,550,2019-12-17,Delivered,UPI
5310,317,2019-12-17,Delivered,Wallet
7940,396,2019-12-17,Delivered,UPI
3638,317,2019-12-18,Cancelled,Card
7930,147,2019-12-18,Delivered,UPI
9730,183,2019-12-18,Delivered,Net Banking
10110,148,2019-12-18,Shipped,Wallet
6401,183,2019-12-19,Delivered,Cash
5091,432,2019-12-19,Delivered,Cash
3529,260,2019-12-19,Delivered,Net Banking
5555,534,2019-12-19,Delivered,Net Banking
9542,585,2019-12-19,Delivered,Card
2260,217,2019-12-20,Delivered,UPI
1504,404,2019-12-20,Delivered,Net Banking
10187,240,2019-12-20,Delivered,Wallet
9957,183,2019-12-20,Delivered,UPI
4494,396,2019-12-20,Shipped,Wallet
3729,148,2019-12-20,Delivered,Net Banking
4795,304,2019-12-21,Delivered,UPI
3390,481,2019-12-21,Delivered,Card
3782,249,2019-12-21,Delivered,UPI
4936,592,2019-12-21,Delivered,UPI
1254,448,2019-12-21,Delivered,UPI
6467,147,2019-12-21,Delivered,Card
5714,243,2019-12-21,Returned,UPI
6042,136,2019-12-22,Shipped,UPI
4377,464,2019-12-22,Delivered,Wallet
10549,522,2019-12-22,Delivered,Card
8866,448,2019-12-23,Delivered,Net Banking
9625,396,2019-12-23,Delivered,UPI
10566,147,2019-12-23,Delivered,UPI
8925,358,2019-12-24,Delivered,Wallet
8909,570,2019-12-24,Delivered,Net Banking
3391,148,2019-12-24,Delivered,Card
1864,243,2019-12-24,Delivered,UPI
2006,399,2019-12-25,Cancelled,UPI
6327,290,2019-12-25,Delivered,Card
7204,229,2019-12-26,Delivered,Net Banking
8258,358,2019-12-26,Delivered,Wallet
1882,570,2019-12-26,Delivered,UPI
6834,164,2019-12-26,Delivered,Net Banking
5918,219,2019-12-26,Delivered,Cash
9549,407,2019-12-27,Returned,Net Banking
4390,147,2019-12-27,Delivered,UPI
7477,188,2019-12-27,Delivered,Wallet
3631,358,2019-12-27,Delivered,Card
2881,555,2019-12-27,Delivered,Card
6172,358,2019-12-27,Shipped,Net Banking
10579,413,2019-12-28,Delivered,UPI
4209,358,2019-12-28,Delivered,Card
7929,148,2019-12-28,Delivered,Net Banking
6411,192,2019-12-28,Delivered,UPI
5256,148,2019-12-28,Delivered,UPI
8485,503,2019-12-28,Delivered,Card
7639,459,2019-12-28,Delivered,Card
1302,301,2019-12-29,Delivered,UPI
8688,219,2019-12-29,Delivered,Wallet
7583,560,2019-12-29,Delivered,Card
1030,523,2019-12-29,Delivered,Net Banking
7720,219,2019-12-29,Delivered,Net Banking
9093,306,2019-12-29,Delivered,Wallet
1641,270,2019-12-30,Delivered,Net Banking
8050,327,2019-12-30,Delivered,Net Banking
2627,219,2019-12-30,Delivered,Net Banking
4716,270,2019-12-30,Returned,Wallet
5030,164,2019-12-30,Delivered,Net Banking
3271,219,2019-12-30,Delivered,Card
10543,448,2019-12-30,Delivered,Net Banking
2561,270,2019-12-31,Delivered,UPI
1617,578,2019-12-31,Delivered,Card
5026,436,2020-01-01,Delivered,Card
2002,312,2020-01-01,Delivered,UPI
1578,415,2020-01-01,Delivered,Wallet
2764,171,2020-01-02,Delivered,Cash
7479,587,2020-01-02,Delivered,UPI
7391,582,2020-01-03,Delivered,UPI
1794,597,2020-01-03,Delivered,Card
10498,176,2020-01-04,Delivered,Wallet
1653,479,2020-01-05,Delivered,UPI
4042,529,2020-01-06,Delivered,UPI
9855,404,2020-01-07,Delivered,Card
8151,433,2020-01-07,Delivered,Wallet
5696,147,2020-01-08,Delivered,Card
2266,467,2020-01-08,Delivered,Card
1870,301,2020-01-08,Delivered,UPI
3003,405,2020-01-09,Delivered,UPI
5871,188,2020-01-09,Delivered,UPI
8391,231,2020-01-09,Delivered,Cash
8325,530,2020-01-10,Delivered,Net Banking
1543,225,2020-01-11,Delivered,Card
8201,171,2020-01-12,Delivered,Net Banking
5728,258,2020-01-13,Delivered,UPI
2666,182,2020-01-13,Delivered,UPI
7108,527,2020-01-14,Returned,UPI
10431,180,2020-01-14,Delivered,Net Banking
7713,429,2020-01-15,Delivered,Net Banking
5179,489,2020-01-15,Delivered,Card
4153,476,2020-01-16,Delivered,Card
3574,588,2020-01-16,Delivered,UPI
5328,147,2020-01-16,Delivered,Cash
3251,570,2020-01-16,Delivered,Cash
5340,217,2020-01-18,Delivered,Net Banking
10779,404,2020-01-19,Delivered,UPI
7564,508,2020-01-19,Delivered,UPI
5081,587,2020-01-19,Delivered,Card
6626,286,2020-01-20,Delivered,Cash
4090,394,2020-01-21,Delivered,Net Banking
3539,265,2020-01-22,Delivered,Card
5990,489,2020-01-22,Delivered,Card
5906,210,2020-01-22,Delivered,Card
4890,275,2020-01-23,Delivered,UPI
4884,414,2020-01-24,Delivered,UPI
7269,479,2020-01-24,Returned,UPI
4485,285,2020-01-24,Delivered,Wallet
1909,380,2020-01-25,Delivered,UPI
1028,364,2020-01-25,Delivered,UPI
1667,581,2020-01-25,Delivered,UPI
2727,286,2020-01-25,Shipped,Net Banking
10076,270,2020-01-25,Delivered,Card
1910,434,2020-01-25,Cancelled,Card
1186,358,2020-01-26,Delivered,Cash
10645,180,2020-01-27,Delivered,Net Banking
3609,578,2020-01-28,Cancelled,UPI
10548,406,2020-01-28,Cancelled,UPI
2065,366,2020-01-28,Delivered,UPI
9936,560,2020-01-29,Delivered,UPI
9380,469,2020-01-29,Delivered,Net Banking
5395,354,2020-01-29,Delivered,Wallet
7129,585,2020-01-29,Delivered,UPI
4767,221,2020-01-30,Delivered,Wallet
1070,407,2020-01-30,Delivered,Card
4238,434,2020-01-30,Delivered,Card
1107,558,2020-01-31,Cancelled,Card
9100,311,2020-01-31,Delivered,Cash
10684,562,2020-01-31,Delivered,Wallet
3459,587,2020-01-31,Delivered,Net Banking
5733,470,2020-02-01,Delivered,Card
6660,529,2020-02-01,Delivered,Cash
1429,340,2020-02-01,Delivered,Cash
9061,167,2020-02-02,Delivered,Net Banking
5193,217,2020-02-03,Delivered,Wallet
10047,288,2020-02-03,Returned,Card
10016,470,2020-02-04,Delivered,Cash
10796,506,2020-02-05,Delivered,Cash
4697,508,2020-02-05,Delivered,UPI
2332,396,2020-02-07,Delivered,Wallet
6917,146,2020-02-08,Delivered,Card
8327,550,2020-02-08,Delivered,Card
1024,551,2020-02-08,Delivered,UPI
3383,506,2020-02-10,Delivered,Net Banking
6091,147,2020-02-10,Delivered,Cash
4649,195,2020-02-11,Shipped,Net Banking
4838,311,2020-02-12,Delivered,Wallet
6284,199,2020-02-12,Delivered,Card
9805,142,2020-02-12,Delivered,UPI
5930,252,2020-02-12,Delivered,UPI
4431,587,2020-02-14,Delivered,UPI
2467,405,2020-02-14,Delivered,Wallet
6574,508,2020-02-15,Delivered,Cash
3435,311,2020-02-15,Delivered,UPI
1312,497,2020-02-15,Delivered,Cash
5307,592,2020-02-15,Cancelled,Wallet
1492,581,2020-02-18,Delivered,Cash
2775,405,2020-02-18,Delivered,Wallet
5086,235,2020-02-18,Delivered,Card
6313,277,2020-02-18,Delivered,Net Banking
5419,184,2020-02-19,Delivered,Net Banking
1891,264,2020-02-19,Delivered,UPI
1905,463,2020-02-19,Delivered,Net Banking
3582,282,2020-02-19,Delivered,Wallet
1537,358,2020-02-20,Delivered,Net Banking
8203,199,2020-02-20,Delivered,Cash
7340,164,2020-02-21,Delivered,Card
7328,388,2020-02-22,Delivered,Card
3793,292,2020-02-23,Delivered,UPI
10027,188,2020-02-23,Delivered,Net Banking
10590,248,2020-02-24,Delivered,UPI
8545,229,2020-02-24,Delivered,Net Banking
7637,564,2020-02-24,Delivered,Card
5316,195,2020-02-24,Shipped,Cash
5071,277,2020-02-25,Delivered,Card
10217,283,2020-02-25,Delivered,Card
7347,196,2020-02-25,Returned,Card
9487,581,2020-02-26,Delivered,UPI
5437,390,2020-02-27,Delivered,Card
8974,405,2020-02-27,Delivered,UPI
4271,185,2020-02-27,Delivered,Card
10449,290,2020-02-28,Delivered,Card
4913,600,2020-02-28,Delivered,Wallet
3040,448,2020-02-29,Delivered,UPI
4499,390,2020-02-29,Delivered,Card
1878,156,2020-03-01,Delivered,UPI
6765,554,2020-03-01,Delivered,Card
1499,469,2020-03-01,Delivered,Wallet
1237,479,2020-03-02,Delivered,Card
2603,581,2020-03-02,Delivered,UPI
1136,459,2020-03-03,Delivered,UPI
6887,554,2020-03-03,Delivered,Cash
8207,581,2020-03-04,Delivered,UPI
4927,448,2020-03-05,Delivered,Cash
8911,434,2020-03-05,Delivered,Cash
2149,176,2020-03-05,Delivered,UPI
3228,223,2020-03-06,Delivered,UPI
10914,229,2020-03-07,Delivered,Card
7990,196,2020-03-07,Delivered,Cash
6640,432,2020-03-07,Delivered,UPI
3136,164,2020-03-07,Delivered,UPI
7403,498,2020-03-08,Delivered,Net Banking
9301,160,2020-03-08,Delivered,Wallet
2868,225,2020-03-09,Delivered,Cash
2216,156,2020-03-09,Delivered,UPI
8261,570,2020-03-10,Delivered,Card
8433,210,2020-03-12,Delivered,Card
2645,592,2020-03-12,Delivered,UPI
9546,433,2020-03-13,Delivered,Cash
3020,176,2020-03-13,Delivered,UPI
7816,277,2020-03-14,Delivered,Net Banking
3123,549,2020-03-14,Delivered,Card
5092,459,2020-03-14,Delivered,UPI
4005,475,2020-03-15,Delivered,UPI
4427,563,2020-03-15,Returned,Card
4353,432,2020-03-15,Delivered,Net Banking
7425,520,2020-03-16,Delivered,UPI
8288,504,2020-03-16,Delivered,Card
6302,462,2020-03-16,Delivered,Card
4872,535,2020-03-17,Delivered,Card
2126,159,2020-03-18,Delivered,Net Banking
3335,303,2020-03-18,Delivered,UPI
4186,268,2020-03-18,Delivered,Card
7840,489,2020-03-18,Delivered,Card
7618,367,2020-03-21,Delivered,Wallet
6175,470,2020-03-21,Delivered,UPI
3029,555,2020-03-21,Delivered,Net Banking
1298,433,2020-03-22,Cancelled,Card
2088,583,2020-03-22,Cancelled,Cash
7534,252,2020-03-22,Delivered,Card
9787,489,2020-03-24,Delivered,Cash
2738,550,2020-03-24,Delivered,Net Banking
3747,271,2020-03-24,Delivered,Cash
8584,257,2020-03-24,Delivered,Card
6522,210,2020-03-24,Delivered,Net Banking
10824,454,2020-03-27,Delivered,Card
5663,562,2020-03-27,Delivered,Card
1779,432,2020-03-27,Delivered,UPI
7097,414,2020-03-27,Delivered,Card
6426,253,2020-03-29,Delivered,UPI
7801,560,2020-03-29,Delivered,Card
5073,174,2020-03-29,Delivered,UPI
3819,292,2020-03-30,Delivered,Card
9666,202,2020-03-30,Delivered,Card
5309,315,2020-03-30,Delivered,UPI
8575,116,2020-03-31,Delivered,Card
4708,252,2020-03-31,Delivered,Wallet
9369,331,2020-04-01,Delivered,UPI
5273,585,2020-04-01,Delivered,Wallet
2427,506,2020-04-02,Delivered,Card
6722,497,2020-04-02,Delivered,UPI
1677,394,2020-04-02,Delivered,Card
10995,574,2020-04-02,Delivered,Card
7431,456,2020-04-03,Delivered,UPI
10867,176,2020-04-03,Delivered,Card
3121,147,2020-04-04,Delivered,UPI
8062,463,2020-04-05,Delivered,Card
3864,486,2020-04-05,Delivered,Card
6686,277,2020-04-06,Delivered,Card
1058,557,2020-04-06,Delivered,Wallet
10351,127,2020-04-07,Delivered,Card
7785,276,2020-04-07,Delivered,Net Banking
4705,462,2020-04-09,Delivered,Net Banking
4939,506,2020-04-10,Shipped,Cash
6883,343,2020-04-11,Delivered,Card
8052,558,2020-04-11,Delivered,UPI
5513,275,2020-04-12,Delivered,Net Banking
10814,156,2020-04-12,Delivered,UPI
5691,472,2020-04-12,Delivered,UPI
10315,467,2020-04-12,Delivered,Card
3102,558,2020-04-13,Delivered,Card
7141,184,2020-04-13,Delivered,Wallet
4768,457,2020-04-14,Delivered,Net Banking
6909,588,2020-04-15,Delivered,Card
10023,358,2020-04-15,Delivered,Wallet
4452,195,2020-04-15,Delivered,Cash
1837,183,2020-04-16,Delivered,Net Banking
4645,288,2020-04-17,Delivered,Card
4413,243,2020-04-17,Delivered,UPI
9698,430,2020-04-18,Shipped,Card
2023,350,2020-04-18,Delivered,Card
1303,132,2020-04-18,Delivered,Cash
4454,470,2020-04-18,Delivered,Card
7655,403,2020-04-18,Delivered,UPI
4254,180,2020-04-18,Delivered,Card
4563,139,2020-04-20,Delivered,Card
4164,260,2020-04-21,Delivered,Cash
3002,555,2020-04-21,Delivered,Wallet
3172,406,2020-04-21,Delivered,Net Banking
1971,576,2020-04-21,Delivered,Net Banking
3197,331,2020-04-21,Delivered,Card
6805,232,2020-04-22,Delivered,UPI
9453,123,2020-04-22,Delivered,UPI
7893,550,2020-04-24,Shipped,Net Banking
2905,288,2020-04-24,Delivered,Wallet
2241,595,2020-04-24,Delivered,Net Banking
3719,139,2020-04-24,Delivered,Cash
3600,404,2020-04-25,Delivered,UPI
4810,367,2020-04-26,Delivered,Card
10758,366,2020-04-27,Delivered,Cash
10361,388,2020-04-27,Cancelled,Wallet
8883,223,2020-04-27,Delivered,UPI
2340,413,2020-04-29,Delivered,UPI
7622,414,2020-04-29,Shipped,Card
1940,597,2020-04-30,Delivered,Cash
2077,482,2020-04-30,Delivered,UPI
10656,481,2020-05-01,Delivered,Card
5097,571,2020-05-01,Delivered,Cash
1497,590,2020-05-02,Delivered,Cash
5333,150,2020-05-02,Delivered,Cash
7001,406,2020-05-05,Delivered,Net Banking
8003,482,2020-05-05,Delivered,Card
10846,475,2020-05-06,Delivered,Net Banking
5746,504,2020-05-06,Delivered,UPI
6220,159,2020-05-07,Delivered,UPI
6309,164,2020-05-07,Delivered,Card
5064,271,2020-05-07,Delivered,Cash
6236,394,2020-05-08,Delivered,Card
6510,142,2020-05-09,Delivered,Card
4925,448,2020-05-10,Delivered,UPI
2411,306,2020-05-10,Delivered,Card
4614,430,2020-05-10,Delivered,Card
5913,320,2020-05-10,Delivered,UPI
8681,297,2020-05-11,Shipped,Card
10099,433,2020-05-12,Delivered,UPI
1780,380,2020-05-13,Delivered,Card
3337,401,2020-05-13,Delivered,Card
10558,571,2020-05-13,Delivered,Cash
10679,285,2020-05-14,Delivered,UPI
1832,415,2020-05-15,Delivered,Card
9763,564,2020-05-16,Delivered,UPI
2462,127,2020-05-17,Delivered,Wallet
7185,504,2020-05-17,Shipped,Net Banking
3220,182,2020-05-17,Cancelled,Card
2842,364,2020-05-17,Delivered,Card
3956,262,2020-05-18,Delivered,Card
7926,122,2020-05-18,Delivered,Card
9580,283,2020-05-18,Delivered,Wallet
4617,551,2020-05-20,Delivered,UPI
4456,358,2020-05-20,Delivered,Wallet
1313,358,2020-05-21,Delivered,Card
10673,147,2020-05-22,Shipped,Wallet
10026,364,2020-05-22,Delivered,UPI
10038,401,2020-05-23,Delivered,Card
6081,257,2020-05-24,Delivered,UPI
10554,275,2020-05-24,Delivered,Card
8293,550,2020-05-24,Delivered,UPI
9742,276,2020-05-24,Delivered,UPI
10121,526,2020-05-24,Delivered,Card
1331,279,2020-05-24,Shipped,Net Banking
7804,403,2020-05-25,Delivered,Wallet
7582,290,2020-05-25,Delivered,Card
8757,504,2020-05-25,Delivered,UPI
1569,457,2020-05-26,Shipped,UPI
8426,147,2020-05-26,Delivered,UPI
10399,282,2020-05-26,Delivered,Wallet
6701,527,2020-05-27,Delivered,UPI
6137,524,2020-05-28,Delivered,Card
9219,217,2020-05-29,Delivered,UPI
6495,568,2020-05-29,Returned,Card
4548,553,2020-05-29,Delivered,Cash
7531,476,2020-05-30,Shipped,Card
5936,148,2020-05-31,Delivered,Card
2889,148,2020-05-31,Delivered,UPI
6071,400,2020-06-02,Delivered,UPI
2862,414,2020-06-02,Delivered,Card
6402,563,2020-06-02,Delivered,Cash
9902,117,2020-06-02,Delivered,Card
8539,409,2020-06-02,Delivered,Wallet
5001,188,2020-06-03,Cancelled,UPI
3401,356,2020-06-03,Delivered,Card
4450,320,2020-06-04,Delivered,Card
4298,585,2020-06-05,Delivered,Net Banking
1823,570,2020-06-06,Shipped,Cash
7665,241,2020-06-07,Delivered,Wallet
3743,195,2020-06-07,Delivered,Net Banking
8698,578,2020-06-08,Delivered,UPI
7598,551,2020-06-08,Returned,Card
7515,549,2020-06-09,Delivered,Card
2901,562,2020-06-09,Delivered,UPI
6127,320,2020-06-10,Delivered,UPI
1815,176,2020-06-10,Delivered,Wallet
8166,231,2020-06-10,Delivered,UPI
5095,232,2020-06-10,Delivered,Card
6385,479,2020-06-11,Delivered,Wallet
4505,260,2020-06-11,Delivered,Card
8854,253,2020-06-12,Delivered,Card
6739,520,2020-06-14,Delivered,Card
8005,432,2020-06-15,Delivered,UPI
1388,275,2020-06-15,Delivered,UPI
7124,396,2020-06-16,Cancelled,UPI
8520,146,2020-06-16,Delivered,UPI
3455,268,2020-06-18,Delivered,UPI
4332,297,2020-06-19,Delivered,Card
1077,331,2020-06-19,Cancelled,UPI
3433,503,2020-06-20,Delivered,UPI
9466,184,2020-06-20,Delivered,UPI
5339,123,2020-06-20,Delivered,Card
2972,142,2020-06-21,Delivered,Cash
1246,176,2020-06-21,Delivered,UPI
1799,174,2020-06-22,Delivered,Card
5228,390,2020-06-22,Delivered,Card
8071,550,2020-06-23,Delivered,UPI
7778,418,2020-06-23,Delivered,Card
7628,184,2020-06-23,Returned,UPI
3469,397,2020-06-24,Delivered,UPI
8818,389,2020-06-24,Delivered,Card
7731,388,2020-06-24,Returned,Card
9143,557,2020-06-24,Delivered,UPI
6594,367,2020-06-25,Delivered,Net Banking
3246,529,2020-06-25,Delivered,UPI
1680,364,2020-06-25,Delivered,UPI
4245,320,2020-06-25,Shipped,UPI
6547,409,2020-06-27,Delivered,UPI
1753,110,2020-06-28,Delivered,Net Banking
5127,139,2020-06-28,Delivered,UPI
9328,581,2020-06-28,Delivered,UPI
8827,231,2020-06-28,Delivered,Cash
3352,262,2020-06-29,Delivered,Card
6974,331,2020-06-29,Delivered,Card
7497,454,2020-06-30,Delivered,UPI
1844,568,2020-06-30,Delivered,Wallet
1509,550,2020-06-30,Delivered,Wallet
7987,219,2020-06-30,Delivered,Card
4488,231,2020-06-30,Delivered,UPI
9535,288,2020-06-30,Delivered,Net Banking
4268,235,2020-07-02,Delivered,UPI
5916,153,2020-07-02,Delivered,UPI
3622,429,2020-07-02,Delivered,Card
5112,493,2020-07-03,Delivered,Net Banking
7624,292,2020-07-03,Delivered,Card
9804,322,2020-07-03,Delivered,UPI
8419,397,2020-07-04,Delivered,Card
8852,127,2020-07-04,Delivered,Card
3866,131,2020-07-04,Delivered,UPI
6169,433,2020-07-05,Delivered,UPI
5404,585,2020-07-05,Shipped,UPI
4415,527,2020-07-06,Delivered,Net Banking
7013,526,2020-07-06,Delivered,Card
3250,600,2020-07-07,Delivered,Cash
6855,590,2020-07-08,Delivered,Wallet
4221,356,2020-07-08,Delivered,Card
10607,184,2020-07-09,Delivered,Cash
10580,581,2020-07-10,Returned,Card
2252,457,2020-07-10,Delivered,UPI
3479,590,2020-07-10,Delivered,Net Banking
3571,253,2020-07-11,Delivered,UPI
2636,127,2020-07-12,Delivered,Card
6246,131,2020-07-13,Delivered,Cash
2369,450,2020-07-13,Delivered,UPI
9312,404,2020-07-13,Delivered,Net Banking
2020,503,2020-07-14,Delivered,UPI
4469,221,2020-07-15,Delivered,UPI
1434,412,2020-07-15,Delivered,Cash
5760,283,2020-07-15,Delivered,Card
8360,486,2020-07-15,Delivered,Cash
4569,249,2020-07-16,Delivered,Cash
5510,405,2020-07-16,Delivered,Card
2620,196,2020-07-17,Shipped,UPI
5599,132,2020-07-17,Delivered,Card
5296,168,2020-07-17,Delivered,Net Banking
7102,119,2020-07-18,Delivered,Cash
2750,276,2020-07-19,Delivered,Wallet
8813,489,2020-07-21,Delivered,UPI
3489,165,2020-07-21,Delivered,Card
8733,282,2020-07-22,Returned,Net Banking
3097,215,2020-07-23,Delivered,Card
9445,394,2020-07-24,Delivered,UPI
2589,354,2020-07-24,Delivered,Net Banking
9727,264,2020-07-24,Delivered,Card
3531,307,2020-07-25,Returned,Card
4942,587,2020-07-25,Delivered,UPI
10015,312,2020-07-25,Delivered,Card
1919,301,2020-07-27,Delivered,UPI
3026,243,2020-07-27,Delivered,Cash
6970,183,2020-07-27,Cancelled,Card
6418,296,2020-07-27,Delivered,Card
5614,433,2020-07-27,Delivered,Net Banking
10617,350,2020-07-28,Delivered,Card
2938,579,2020-07-28,Delivered,Wallet
9771,340,2020-07-28,Delivered,Wallet
2801,156,2020-07-28,Delivered,Card
1861,345,2020-07-28,Delivered,UPI
10232,303,2020-07-29,Delivered,Cash
10437,282,2020-07-29,Delivered,UPI
3617,265,2020-07-29,Delivered,Card
10856,389,2020-07-30,Delivered,UPI
7049,574,2020-07-30,Delivered,Net Banking
4314,148,2020-07-30,Delivered,Card
8680,583,2020-07-31,Delivered,Cash
3022,131,2020-07-31,Delivered,UPI
5370,119,2020-07-31,Delivered,Card
10589,194,2020-07-31,Delivered,Card
5313,498,2020-08-01,Delivered,Card
3219,123,2020-08-01,Cancelled,Wallet
7127,468,2020-08-01,Cancelled,UPI
8225,253,2020-08-02,Delivered,Card
1170,493,2020-08-02,Delivered,Wallet
1951,492,2020-08-02,Delivered,Cash
4213,571,2020-08-03,Delivered,Card
5180,279,2020-08-03,Delivered,Net Banking
9161,492,2020-08-03,Delivered,UPI
1281,372,2020-08-04,Delivered,Card
7234,406,2020-08-04,Delivered,UPI
5945,366,2020-08-04,Delivered,UPI
8082,301,2020-08-04,Delivered,Card
8407,394,2020-08-04,Delivered,Card
10455,253,2020-08-04,Delivered,Card
3163,210,2020-08-05,Delivered,UPI
9774,481,2020-08-06,Delivered,Wallet
5412,131,2020-08-06,Delivered,Card
9416,494,2020-08-07,Delivered,UPI
1369,397,2020-08-08,Delivered,Wallet
6233,282,2020-08-08,Delivered,UPI
1704,479,2020-08-09,Delivered,Card
4398,413,2020-08-09,Delivered,UPI
6380,159,2020-08-09,Delivered,UPI
9122,329,2020-08-09,Delivered,Cash
9193,490,2020-08-10,Delivered,UPI
2076,117,2020-08-11,Delivered,Net Banking
8423,331,2020-08-11,Delivered,Wallet
1668,174,2020-08-11,Delivered,UPI
3805,320,2020-08-12,Cancelled,UPI
6646,595,2020-08-12,Shipped,Net Banking
3646,276,2020-08-12,Delivered,UPI
2923,303,2020-08-13,Delivered,Net Banking
4028,202,2020-08-13,Delivered,UPI
1188,233,2020-08-13,Delivered,Cash
3084,340,2020-08-14,Delivered,UPI
8943,504,2020-08-15,Delivered,UPI
2904,340,2020-08-15,Delivered,UPI
4577,150,2020-08-15,Delivered,Net Banking
3718,195,2020-08-16,Delivered,UPI
10533,570,2020-08-16,Delivered,Net Banking
4861,456,2020-08-16,Delivered,Wallet
10050,129,2020-08-17,Delivered,UPI
4345,520,2020-08-17,Delivered,UPI
4765,212,2020-08-17,Delivered,Cash
10504,523,2020-08-17,Delivered,Net Banking
10197,132,2020-08-17,Delivered,Card
5512,550,2020-08-18,Returned,UPI
10848,527,2020-08-18,Delivered,UPI
9894,345,2020-08-19,Delivered,UPI
8257,183,2020-08-19,Delivered,UPI
8518,380,2020-08-20,Delivered,UPI
3035,464,2020-08-20,Delivered,Card
3143,215,2020-08-20,Delivered,Card
5049,452,2020-08-20,Delivered,Card
2337,600,2020-08-20,Delivered,Wallet
2902,296,2020-08-21,Delivered,Wallet
7922,452,2020-08-22,Delivered,UPI
8101,180,2020-08-22,Delivered,Card
4381,600,2020-08-23,Cancelled,Cash
8007,182,2020-08-23,Delivered,Cash
8474,232,2020-08-23,Delivered,UPI
8571,328,2020-08-24,Delivered,UPI
5820,350,2020-08-25,Delivered,Card
6891,240,2020-08-25,Delivered,Card
6670,482,2020-08-25,Delivered,Wallet
3001,414,2020-08-26,Returned,UPI
8443,463,2020-08-27,Delivered,UPI
10192,454,2020-08-27,Delivered,Wallet
10908,520,2020-08-29,Delivered,Card
10215,367,2020-08-29,Delivered,Card
5276,148,2020-08-29,Delivered,Card
4203,271,2020-08-30,Returned,Card
4825,165,2020-08-30,Delivered,UPI
2719,148,2020-08-31,Delivered,Wallet
6534,307,2020-08-31,Delivered,UPI
2859,329,2020-09-01,Delivered,Cash
3839,582,2020-09-01,Delivered,Card
6161,508,2020-09-01,Delivered,Card
10923,141,2020-09-02,Delivered,UPI
4854,380,2020-09-02,Delivered,UPI
3147,449,2020-09-02,Delivered,Wallet
9792,425,2020-09-02,Cancelled,Card
1629,304,2020-09-02,Delivered,Card
7074,454,2020-09-03,Cancelled,Cash
3292,436,2020-09-03,Delivered,Card
1382,285,2020-09-04,Delivered,UPI
6984,562,2020-09-04,Delivered,Card
3901,405,2020-09-04,Delivered,UPI
7322,141,2020-09-05,Delivered,UPI
9970,493,2020-09-05,Delivered,UPI
8735,535,2020-09-06,Delivered,Cash
1135,482,2020-09-07,Delivered,Card
8454,285,2020-09-07,Delivered,UPI
1580,191,2020-09-07,Delivered,UPI
7942,170,2020-09-08,Delivered,UPI
7153,307,2020-09-08,Delivered,UPI
9961,129,2020-09-08,Delivered,UPI
4666,546,2020-09-08,Delivered,UPI
4508,552,2020-09-09,Delivered,UPI
9772,129,2020-09-10,Delivered,Card
6010,142,2020-09-10,Delivered,Card
4140,472,2020-09-10,Delivered,UPI
7546,176,2020-09-11,Delivered,Card
5615,504,2020-09-11,Delivered,Card
8769,147,2020-09-12,Delivered,UPI
8750,449,2020-09-12,Delivered,Cash
10601,294,2020-09-13,Shipped,Card
6767,304,2020-09-14,Delivered,Wallet
4932,450,2020-09-15,Delivered,UPI
10133,595,2020-09-15,Delivered,Card
9091,260,2020-09-15,Delivered,UPI
6929,276,2020-09-16,Cancelled,UPI
4980,141,2020-09-16,Delivered,Cash
7180,399,2020-09-16,Delivered,Card
2107,148,2020-09-16,Delivered,UPI
5750,434,2020-09-17,Delivered,UPI
6443,590,2020-09-17,Delivered,Net Banking
9720,210,2020-09-17,Delivered,Card
7111,578,2020-09-17,Cancelled,Card
5319,479,2020-09-19,Delivered,UPI
5024,303,2020-09-19,Shipped,Card
10036,311,2020-09-19,Delivered,UPI
10764,130,2020-09-19,Delivered,Wallet
2546,306,2020-09-19,Delivered,Wallet
3355,343,2020-09-20,Returned,Net Banking
10661,581,2020-09-20,Delivered,UPI
6872,276,2020-09-21,Shipped,UPI
5365,136,2020-09-21,Delivered,UPI
4851,447,2020-09-22,Delivered,UPI
7173,315,2020-09-22,Returned,Card
2807,233,2020-09-24,Delivered,UPI
4575,581,2020-09-24,Delivered,UPI
4875,409,2020-09-24,Delivered,UPI
6120,481,2020-09-25,Delivered,Card
3357,212,2020-09-26,Delivered,Cash
1660,415,2020-09-26,Delivered,Card
3223,530,2020-09-26,Cancelled,Net Banking
5951,448,2020-09-27,Delivered,Wallet
8796,109,2020-09-28,Delivered,UPI
5654,578,2020-09-28,Delivered,Net Banking
1433,277,2020-09-29,Delivered,UPI
10279,366,2020-09-29,Returned,Net Banking
1868,129,2020-09-29,Delivered,UPI
8427,508,2020-09-29,Returned,Net Banking
1948,452,2020-09-30,Delivered,UPI
2287,183,2020-09-30,Delivered,Card
10343,303,2020-09-30,Delivered,Card
7669,240,2020-09-30,Delivered,Card
9888,520,2020-09-30,Delivered,UPI
7923,164,2020-10-01,Delivered,Net Banking
4604,581,2020-10-01,Delivered,Net Banking
9908,212,2020-10-02,Delivered,UPI
8869,481,2020-10-02,Delivered,UPI
3114,388,2020-10-02,Delivered,Cash
8598,600,2020-10-03,Cancelled,Cash
1927,331,2020-10-03,Shipped,Cash
10648,356,2020-10-03,Delivered,UPI
7873,250,2020-10-03,Delivered,Wallet
6143,418,2020-10-04,Delivered,UPI
10422,130,2020-10-04,Shipped,Card
4845,553,2020-10-04,Delivered,UPI
8803,271,2020-10-04,Delivered,Wallet
4222,153,2020-10-05,Delivered,Card
2893,148,2020-10-05,Cancelled,Cash
6157,571,2020-10-06,Delivered,UPI
5662,296,2020-10-06,Shipped,Card
7344,296,2020-10-06,Delivered,UPI
4492,585,2020-10-07,Delivered,UPI
8385,285,2020-10-07,Delivered,Net Banking
9801,262,2020-10-07,Returned,Net Banking
5706,331,2020-10-08,Delivered,UPI
3830,469,2020-10-08,Delivered,Cash
7010,153,2020-10-08,Delivered,UPI
8686,233,2020-10-09,Delivered,Card
6378,303,2020-10-09,Delivered,UPI
9018,262,2020-10-10,Delivered,UPI
7317,551,2020-10-10,Delivered,Net Banking
3893,447,2020-10-10,Delivered,Card
7925,279,2020-10-10,Delivered,Net Banking
2072,312,2020-10-11,Delivered,Card
9756,547,2020-10-11,Delivered,UPI
3648,576,2020-10-12,Delivered,Card
6709,176,2020-10-12,Delivered,UPI
1332,183,2020-10-12,Delivered,UPI
6878,466,2020-10-12,Cancelled,UPI
5970,434,2020-10-12,Returned,Cash
7131,466,2020-10-12,Delivered,Net Banking
9513,250,2020-10-12,Delivered,UPI
1574,579,2020-10-12,Delivered,UPI
9718,562,2020-10-12,Delivered,UPI
8444,404,2020-10-13,Delivered,Wallet
3634,282,2020-10-13,Delivered,UPI
5917,127,2020-10-13,Delivered,Net Banking
5102,555,2020-10-14,Delivered,UPI
9004,546,2020-10-14,Delivered,Card
4412,253,2020-10-14,Delivered,Card
4045,479,2020-10-15,Delivered,UPI
4410,553,2020-10-15,Delivered,Card
4642,168,2020-10-15,Delivered,Card
4292,552,2020-10-16,Delivered,UPI
9034,109,2020-10-16,Delivered,Card
6404,217,2020-10-16,Returned,Card
3374,322,2020-10-16,Shipped,UPI
4674,506,2020-10-16,Returned,Net Banking
4300,183,2020-10-16,Delivered,Card
2331,597,2020-10-17,Delivered,Wallet
8224,178,2020-10-17,Delivered,UPI
1855,194,2020-10-17,Delivered,UPI
10223,265,2020-10-17,Delivered,Wallet
9827,492,2020-10-17,Delivered,Cash
2729,185,2020-10-17,Delivered,UPI
2516,117,2020-10-19,Delivered,UPI
10267,578,2020-10-19,Delivered,UPI
9889,176,2020-10-19,Cancelled,UPI
7335,429,2020-10-20,Delivered,UPI
2797,199,2020-10-20,Delivered,UPI
4328,156,2020-10-22,Delivered,Cash
9138,215,2020-10-22,Delivered,UPI
6139,504,2020-10-22,Shipped,UPI
2397,530,2020-10-22,Delivered,UPI
9245,433,2020-10-23,Delivered,UPI
5025,131,2020-10-24,Delivered,Card
1987,116,2020-10-24,Delivered,Card
1899,131,2020-10-24,Delivered,UPI
1903,249,2020-10-24,Delivered,UPI
5669,482,2020-10-24,Delivered,Card
5122,233,2020-10-25,Delivered,Wallet
4394,279,2020-10-25,Delivered,Cash
8094,285,2020-10-25,Delivered,Card
9148,350,2020-10-25,Cancelled,Net Banking
2377,454,2020-10-25,Delivered,Cash
9135,275,2020-10-25,Delivered,UPI
2325,523,2020-10-26,Delivered,Card
2599,333,2020-10-26,Delivered,UPI
10438,294,2020-10-26,Delivered,Wallet
3047,178,2020-10-26,Delivered,Cash
3231,203,2020-10-27,Delivered,UPI
3327,574,2020-10-27,Delivered,UPI
9422,110,2020-10-27,Delivered,Card
3437,550,2020-10-28,Delivered,UPI
9954,412,2020-10-28,Shipped,Card
5831,235,2020-10-28,Delivered,Net Banking
5648,233,2020-10-28,Shipped,UPI
5123,237,2020-10-28,Delivered,Wallet
6880,470,2020-10-28,Delivered,Card
4712,367,2020-10-29,Delivered,Wallet
1390,312,2020-10-29,Shipped,Card
4513,574,2020-10-31,Delivered,UPI
1466,316,2020-10-31,Delivered,UPI
3372,165,2020-10-31,Delivered,Card
6969,333,2020-10-31,Delivered,Card
1775,529,2020-11-01,Delivered,Card
8981,550,2020-11-01,Delivered,Wallet
3204,429,2020-11-01,Delivered,Cash
4561,116,2020-11-02,Delivered,Cash
1640,333,2020-11-02,Delivered,Cash
4468,119,2020-11-03,Delivered,UPI
7894,408,2020-11-03,Delivered,UPI
3878,551,2020-11-03,Delivered,Wallet
4676,250,2020-11-04,Delivered,UPI
5152,283,2020-11-04,Delivered,Net Banking
10615,469,2020-11-04,Delivered,UPI
2098,297,2020-11-04,Delivered,Cash
5715,299,2020-11-04,Delivered,Wallet
9719,192,2020-11-05,Delivered,UPI
8714,597,2020-11-05,Delivered,Cash
10763,396,2020-11-06,Delivered,Wallet
7718,219,2020-11-06,Delivered,Card
5717,476,2020-11-06,Delivered,UPI
6332,570,2020-11-09,Delivered,Card
1659,201,2020-11-09,Delivered,UPI
1366,235,2020-11-09,Delivered,Card
3977,151,2020-11-09,Returned,Wallet
3065,563,2020-11-10,Delivered,UPI
10707,430,2020-11-11,Returned,Net Banking
2155,424,2020-11-11,Delivered,Card
2029,225,2020-11-11,Delivered,UPI
4625,277,2020-11-11,Delivered,Card
5847,148,2020-11-12,Cancelled,Card
6638,344,2020-11-12,Cancelled,Card
4755,486,2020-11-12,Delivered,UPI
7619,324,2020-11-13,Shipped,Card
4033,599,2020-11-13,Delivered,UPI
3705,412,2020-11-13,Delivered,UPI
6707,425,2020-11-13,Shipped,Net Banking
9226,109,2020-11-13,Delivered,Card
2809,246,2020-11-13,Delivered,UPI
10858,493,2020-11-13,Delivered,Card
4628,408,2020-11-14,Delivered,UPI
3404,523,2020-11-14,Delivered,UPI
8057,133,2020-11-14,Delivered,Net Banking
4526,147,2020-11-14,Delivered,Card
3461,503,2020-11-14,Delivered,Net Banking
8196,117,2020-11-14,Delivered,UPI
7094,466,2020-11-15,Delivered,Cash
10318,481,2020-11-15,Delivered,UPI
1944,201,2020-11-15,Delivered,Card
7630,316,2020-11-15,Returned,Card
5766,232,2020-11-16,Delivered,Wallet
6273,407,2020-11-16,Delivered,Card
7682,526,2020-11-16,Cancelled,Card
9023,357,2020-11-16,Delivered,Card
7267,151,2020-11-17,Cancelled,Card
1565,581,2020-11-17,Delivered,Cash
4419,354,2020-11-17,Delivered,UPI
6479,357,2020-11-18,Delivered,Card
7459,563,2020-11-18,Delivered,Card
6912,203,2020-11-19,Delivered,Card
6432,219,2020-11-19,Delivered,UPI
9773,409,2020-11-19,Cancelled,UPI
6699,133,2020-11-20,Delivered,Card
3456,454,2020-11-20,Shipped,Cash
6845,294,2020-11-20,Delivered,Wallet
6262,122,2020-11-21,Delivered,Wallet
4224,299,2020-11-21,Delivered,UPI
10428,142,2020-11-21,Returned,Net Banking
3144,506,2020-11-21,Delivered,Card
1561,288,2020-11-21,Delivered,Wallet
4515,246,2020-11-22,Delivered,Wallet
1453,304,2020-11-22,Delivered,UPI
5478,232,2020-11-22,Delivered,UPI
10414,250,2020-11-22,Delivered,Card
3849,116,2020-11-22,Delivered,Wallet
3698,471,2020-11-22,Delivered,Card
6870,221,2020-11-23,Shipped,UPI
4169,383,2020-11-23,Delivered,UPI
7605,498,2020-11-23,Delivered,Card
8080,397,2020-11-23,Delivered,Wallet
4750,454,2020-11-23,Delivered,UPI
9975,268,2020-11-23,Delivered,UPI
2410,237,2020-11-24,Delivered,UPI
2032,340,2020-11-24,Delivered,UPI
7510,381,2020-11-24,Delivered,UPI
7590,370,2020-11-24,Delivered,UPI
5357,558,2020-11-25,Delivered,UPI
2659,403,2020-11-25,Delivered,Card
3538,599,2020-11-25,Cancelled,Net Banking
8658,597,2020-11-26,Delivered,Card
10791,470,2020-11-27,Delivered,Cash
10073,345,2020-11-27,Delivered,Card
8343,130,2020-11-28,Delivered,Cash
8952,370,2020-11-28,Delivered,Card
9925,322,2020-11-28,Delivered,Card
5908,331,2020-11-28,Delivered,Net Banking
5895,324,2020-11-28,Delivered,Card
4388,146,2020-11-28,Delivered,Wallet
3610,152,2020-11-29,Delivered,UPI
5624,574,2020-11-29,Delivered,Card
6830,546,2020-11-29,Delivered,Card
3585,151,2020-11-29,Delivered,Card
1371,237,2020-11-29,Delivered,UPI
3148,324,2020-11-30,Returned,UPI
3394,403,2020-11-30,Delivered,Wallet
3883,254,2020-11-30,Delivered,Cash
10942,356,2020-11-30,Shipped,Card
6203,293,2020-11-30,Delivered,Net Banking
2013,429,2020-12-01,Delivered,UPI
5851,508,2020-12-01,Delivered,UPI
3544,233,2020-12-02,Delivered,UPI
3550,582,2020-12-02,Delivered,Cash
6234,294,2020-12-02,Delivered,UPI
5742,327,2020-12-03,Delivered,Net Banking
9005,449,2020-12-03,Delivered,UPI
10924,328,2020-12-03,Delivered,Card
6307,168,2020-12-03,Delivered,Cash
3898,364,2020-12-04,Delivered,Card
9261,357,2020-12-04,Delivered,Wallet
3886,122,2020-12-04,Delivered,Net Banking
4416,524,2020-12-05,Delivered,Net Banking
4904,192,2020-12-05,Delivered,Cash
10619,403,2020-12-05,Delivered,Cash
2514,306,2020-12-05,Shipped,UPI
10837,159,2020-12-06,Delivered,Card
6553,383,2020-12-06,Delivered,UPI
3061,430,2020-12-06,Delivered,UPI
8437,241,2020-12-07,Delivered,UPI
8862,413,2020-12-07,Delivered,Card
1152,562,2020-12-08,Cancelled,Card
9691,127,2020-12-08,Shipped,Card
6595,401,2020-12-08,Delivered,UPI
9104,399,2020-12-09,Delivered,Wallet
7379,344,2020-12-10,Delivered,UPI
8906,152,2020-12-10,Delivered,Wallet
9779,324,2020-12-10,Delivered,Net Banking
9895,556,2020-12-11,Delivered,UPI
6711,578,2020-12-11,Cancelled,Card
2517,599,2020-12-11,Delivered,UPI
5280,148,2020-12-11,Delivered,Net Banking
8483,130,2020-12-12,Delivered,Cash
4061,556,2020-12-12,Delivered,UPI
4684,328,2020-12-12,Delivered,UPI
2154,358,2020-12-13,Delivered,UPI
4952,509,2020-12-13,Delivered,Cash
7399,468,2020-12-13,Delivered,Net Banking
8409,262,2020-12-13,Returned,Cash
9232,311,2020-12-14,Delivered,UPI
1364,250,2020-12-14,Delivered,UPI
6674,152,2020-12-14,Delivered,Card
3540,148,2020-12-14,Cancelled,Net Banking
5090,399,2020-12-14,Delivered,UPI
10826,171,2020-12-15,Delivered,Wallet
3322,383,2020-12-15,Delivered,Card
6454,522,2020-12-15,Delivered,UPI
4853,494,2020-12-16,Delivered,Cash
7024,447,2020-12-16,Delivered,UPI
4798,429,2020-12-16,Delivered,Card
1111,408,2020-12-17,Delivered,Card
7875,447,2020-12-17,Delivered,Net Banking
7663,299,2020-12-17,Delivered,Net Banking
7260,131,2020-12-18,Delivered,Card
5697,293,2020-12-18,Delivered,Card
6064,556,2020-12-18,Delivered,Cash
7339,151,2020-12-19,Delivered,Cash
8341,415,2020-12-20,Cancelled,UPI
2793,597,2020-12-20,Delivered,Wallet
3679,254,2020-12-21,Delivered,UPI
8312,250,2020-12-21,Delivered,Wallet
8921,316,2020-12-21,Cancelled,UPI
5702,129,2020-12-21,Delivered,Card
10168,296,2020-12-22,Delivered,Wallet
2942,367,2020-12-22,Delivered,UPI
4397,119,2020-12-22,Delivered,Card
3776,151,2020-12-22,Delivered,Net Banking
9499,350,2020-12-22,Delivered,Cash
4277,556,2020-12-23,Delivered,Card
8096,357,2020-12-23,Delivered,UPI
3781,254,2020-12-23,Delivered,UPI
3746,408,2020-12-23,Delivered,UPI
9486,522,2020-12-23,Delivered,Card
1076,413,2020-12-24,Delivered,Card
6832,499,2020-12-24,Delivered,Wallet
8486,383,2020-12-25,Delivered,Card
9941,427,2020-12-25,Delivered,Card
8829,433,2020-12-25,Delivered,Cash
3632,509,2020-12-26,Delivered,Card
10534,556,2020-12-26,Delivered,Card
7205,331,2020-12-26,Delivered,UPI
6478,381,2020-12-26,Cancelled,Card
9593,142,2020-12-26,Delivered,Card
3732,471,2020-12-27,Cancelled,Card
1642,482,2020-12-27,Delivered,UPI
10206,587,2020-12-27,Delivered,Cash
8706,558,2020-12-27,Delivered,Card
2749,250,2020-12-27,Delivered,Card
7279,370,2020-12-27,Shipped,Net Banking
10638,408,2020-12-27,Delivered,UPI
2190,407,2020-12-27,Delivered,Net Banking
3423,499,2020-12-28,Delivered,Card
1045,581,2020-12-28,Delivered,UPI
5625,219,2020-12-28,Delivered,UPI
5195,599,2020-12-28,Delivered,Card
6907,316,2020-12-28,Delivered,Card
8933,583,2020-12-29,Delivered,Wallet
1335,152,2020-12-29,Delivered,Card
7541,556,2020-12-29,Delivered,Net Banking
7900,317,2020-12-30,Delivered,Card
9697,535,2020-12-30,Delivered,Wallet
9938,265,2020-12-30,Delivered,Card
3944,179,2020-12-30,Delivered,Cash
10595,583,2020-12-31,Delivered,Wallet
9228,509,2020-12-31,Shipped,UPI
6962,137,2020-12-31,Delivered,UPI
6159,137,2020-12-31,Delivered,Card
2191,597,2020-12-31,Delivered,Cash
3256,221,2021-01-01,Delivered,Card
5844,292,2021-01-02,Delivered,UPI
3399,276,2021-01-02,Delivered,Card
5891,199,2021-01-02,Delivered,Net Banking
2439,557,2021-01-02,Delivered,UPI
7052,178,2021-01-03,Delivered,UPI
1924,413,2021-01-03,Delivered,Wallet
6799,570,2021-01-03,Delivered,Card
8548,277,2021-01-03,Delivered,Net Banking
3680,499,2021-01-03,Shipped,UPI
1093,165,2021-01-05,Delivered,Card
5623,320,2021-01-05,Delivered,UPI
6727,167,2021-01-05,Delivered,Card
7472,432,2021-01-05,Delivered,Net Banking
6002,331,2021-01-06,Delivered,UPI
10360,350,2021-01-06,Delivered,Wallet
3206,316,2021-01-06,Delivered,UPI
9019,427,2021-01-07,Cancelled,Card
7683,509,2021-01-09,Delivered,Card
9775,164,2021-01-09,Delivered,Card
9339,316,2021-01-09,Delivered,Card
2993,129,2021-01-09,Delivered,Wallet
2505,150,2021-01-09,Shipped,UPI
6705,388,2021-01-09,Delivered,Card
10404,356,2021-01-10,Delivered,UPI
6746,462,2021-01-11,Delivered,UPI
2117,550,2021-01-11,Delivered,Card
2434,340,2021-01-12,Delivered,UPI
5074,479,2021-01-12,Delivered,Card
8547,237,2021-01-13,Delivered,UPI
8697,579,2021-01-13,Delivered,Card
8428,232,2021-01-13,Delivered,UPI
7833,570,2021-01-14,Delivered,Card
2120,315,2021-01-14,Delivered,UPI
10484,248,2021-01-15,Delivered,Card
10531,509,2021-01-15,Shipped,Net Banking
2474,129,2021-01-16,Delivered,UPI
2063,427,2021-01-16,Delivered,Wallet
3855,148,2021-01-16,Delivered,Net Banking
2999,381,2021-01-17,Delivered,Card
2455,184,2021-01-17,Delivered,UPI
1706,587,2021-01-17,Delivered,Net Banking
4876,466,2021-01-18,Delivered,Card
9300,403,2021-01-20,Cancelled,Card
1485,194,2021-01-21,Delivered,UPI
7581,599,2021-01-21,Delivered,Card
4909,530,2021-01-21,Delivered,Wallet
3932,253,2021-01-21,Delivered,UPI
2095,447,2021-01-22,Delivered,UPI
10178,119,2021-01-22,Delivered,Card
3831,184,2021-01-23,Delivered,Net Banking
3465,466,2021-01-23,Delivered,Net Banking
1709,583,2021-01-23,Delivered,UPI
4535,366,2021-01-25,Delivered,UPI
1055,522,2021-01-25,Delivered,UPI
10131,142,2021-01-26,Delivered,Card
3784,294,2021-01-26,Delivered,Card
9041,301,2021-01-26,Delivered,Card
3863,176,2021-01-27,Delivered,UPI
8754,153,2021-01-27,Delivered,UPI
9514,176,2021-01-27,Delivered,UPI
2640,215,2021-01-27,Delivered,Card
10296,328,2021-01-29,Delivered,Card
10882,182,2021-01-29,Delivered,UPI
5230,188,2021-01-30,Delivered,UPI
6524,400,2021-01-30,Cancelled,Card
10831,555,2021-01-30,Delivered,Card
8171,600,2021-01-30,Delivered,Net Banking
9741,600,2021-01-30,Shipped,Wallet
6347,307,2021-01-30,Delivered,Card
6338,475,2021-01-30,Delivered,Card
10056,241,2021-01-31,Cancelled,Wallet
1950,322,2021-01-31,Delivered,UPI
7362,156,2021-01-31,Delivered,Card
9591,468,2021-02-01,Delivered,Card
3281,142,2021-02-02,Delivered,Cash
2392,191,2021-02-02,Delivered,Card
4049,160,2021-02-03,Delivered,Net Banking
10891,582,2021-02-03,Delivered,Card
7508,509,2021-02-03,Delivered,Net Banking
3906,317,2021-02-04,Delivered,UPI
5846,195,2021-02-05,Delivered,Card
3931,165,2021-02-05,Delivered,UPI
2372,129,2021-02-05,Delivered,UPI
1391,358,2021-02-06,Delivered,UPI
8942,412,2021-02-06,Delivered,Card
7710,167,2021-02-06,Delivered,Card
8815,179,2021-02-06,Delivered,UPI
9078,203,2021-02-06,Delivered,UPI
10211,424,2021-02-07,Delivered,UPI
6503,249,2021-02-07,Delivered,UPI
8731,366,2021-02-08,Delivered,UPI
5174,184,2021-02-08,Delivered,Card
2253,156,2021-02-08,Delivered,UPI
9030,188,2021-02-09,Delivered,Net Banking
10520,427,2021-02-09,Delivered,Card
9893,492,2021-02-09,Delivered,UPI
10699,599,2021-02-09,Delivered,UPI
3581,164,2021-02-09,Delivered,UPI
3774,555,2021-02-09,Delivered,Card
10892,184,2021-02-09,Delivered,UPI
8541,464,2021-02-11,Delivered,Net Banking
10876,215,2021-02-11,Delivered,Net Banking
4216,357,2021-02-11,Delivered,UPI
5904,404,2021-02-11,Delivered,UPI
3935,262,2021-02-12,Delivered,Card
8126,243,2021-02-13,Delivered,UPI
8948,530,2021-02-13,Delivered,Card
7491,195,2021-02-14,Delivered,Cash
5185,333,2021-02-16,Delivered,Card
6199,513,2021-02-16,Delivered,Wallet
4834,312,2021-02-16,Delivered,Card
5583,131,2021-02-17,Delivered,Net Banking
7304,553,2021-02-17,Delivered,Cash
10843,555,2021-02-18,Delivered,Net Banking
2549,257,2021-02-18,Delivered,Card
1854,551,2021-02-19,Delivered,Card
6032,486,2021-02-19,Cancelled,UPI
10519,148,2021-02-21,Shipped,UPI
5922,290,2021-02-22,Delivered,Card
7806,240,2021-02-22,Delivered,Card
5111,552,2021-02-23,Delivered,Card
7809,253,2021-02-23,Cancelled,Cash
10356,397,2021-02-24,Delivered,Net Banking
8777,449,2021-02-24,Delivered,UPI
4382,345,2021-02-25,Delivered,Card
2844,523,2021-02-25,Delivered,Card
8830,117,2021-02-25,Delivered,UPI
3013,217,2021-02-25,Delivered,Wallet
7443,358,2021-02-26,Delivered,Cash
8986,579,2021-02-26,Delivered,Card
5101,151,2021-02-26,Delivered,Net Banking
3365,467,2021-02-26,Delivered,UPI
8253,576,2021-02-26,Delivered,Cash
7430,414,2021-02-27,Delivered,Wallet
7962,306,2021-02-27,Delivered,UPI
1054,468,2021-02-28,Delivered,Card
7164,188,2021-03-01,Delivered,Card
2031,557,2021-03-01,Delivered,Card
8260,160,2021-03-01,Delivered,UPI
1796,425,2021-03-02,Delivered,Net Banking
4809,142,2021-03-02,Delivered,UPI
1869,160,2021-03-02,Delivered,Card
5829,413,2021-03-02,Delivered,UPI
6279,574,2021-03-03,Delivered,UPI
7763,581,2021-03-03,Delivered,Card
8985,260,2021-03-03,Delivered,Wallet
5178,389,2021-03-04,Delivered,Cash
9912,142,2021-03-04,Delivered,Net Banking
6636,583,2021-03-05,Delivered,UPI
2257,265,2021-03-05,Delivered,UPI
10555,180,2021-03-05,Delivered,UPI
2660,271,2021-03-05,Delivered,UPI
9439,288,2021-03-05,Delivered,UPI
1309,159,2021-03-06,Delivered,UPI
2097,585,2021-03-06,Delivered,UPI
2418,344,2021-03-07,Delivered,Card
8696,579,2021-03-07,Delivered,Card
4865,413,2021-03-07,Delivered,UPI
7543,275,2021-03-07,Delivered,Wallet
6591,292,2021-03-08,Delivered,UPI
4414,171,2021-03-08,Delivered,Cash
3453,223,2021-03-09,Delivered,Wallet
1206,493,2021-03-09,Delivered,Card
10959,464,2021-03-09,Delivered,Cash
2105,195,2021-03-09,Delivered,UPI
1907,127,2021-03-10,Delivered,Card
10113,137,2021-03-10,Delivered,UPI
6968,494,2021-03-11,Delivered,Card
7739,405,2021-03-11,Cancelled,Cash
1591,479,2021-03-11,Delivered,UPI
4356,150,2021-03-11,Delivered,UPI
1943,454,2021-03-11,Cancelled,UPI
8297,479,2021-03-11,Delivered,Net Banking
7261,299,2021-03-11,Delivered,UPI
10721,164,2021-03-12,Delivered,Cash
1263,552,2021-03-12,Cancelled,UPI
9777,472,2021-03-13,Delivered,Card
7456,554,2021-03-13,Delivered,Card
8388,490,2021-03-14,Delivered,Card
3923,472,2021-03-14,Delivered,UPI
1712,217,2021-03-15,Shipped,Net Banking
7967,547,2021-03-15,Returned,Cash
6195,179,2021-03-16,Delivered,UPI
7110,506,2021-03-16,Delivered,UPI
4019,141,2021-03-16,Delivered,UPI
9257,148,2021-03-17,Delivered,UPI
9294,547,2021-03-18,Delivered,UPI
2137,248,2021-03-19,Delivered,UPI
8226,271,2021-03-19,Delivered,Net Banking
7952,188,2021-03-20,Delivered,UPI
7093,306,2021-03-20,Delivered,Card
3451,557,2021-03-21,Delivered,UPI
8691,182,2021-03-21,Delivered,Card
8934,197,2021-03-21,Shipped,Cash
5066,549,2021-03-22,Delivered,Card
8348,400,2021-03-22,Delivered,UPI
7677,529,2021-03-23,Delivered,Card
6944,449,2021-03-23,Cancelled,UPI
1689,509,2021-03-24,Delivered,Net Banking
9084,535,2021-03-25,Returned,UPI
5607,141,2021-03-26,Delivered,UPI
8229,377,2021-03-26,Delivered,Card
8864,357,2021-03-26,Delivered,Card
1590,450,2021-03-27,Delivered,UPI
5423,492,2021-03-27,Delivered,Cash
2481,481,2021-03-28,Delivered,Cash
7346,448,2021-03-28,Returned,Card
4949,223,2021-03-28,Delivered,Net Banking
4079,457,2021-03-28,Delivered,UPI
5522,560,2021-03-30,Delivered,Wallet
3764,404,2021-03-31,Delivered,Card
5989,136,2021-03-31,Delivered,Net Banking
6357,109,2021-03-31,Delivered,UPI
3597,475,2021-04-01,Returned,Net Banking
5008,210,2021-04-03,Shipped,UPI
8603,388,2021-04-03,Delivered,Cash
3109,148,2021-04-03,Delivered,UPI
4244,159,2021-04-04,Delivered,Net Banking
6453,150,2021-04-04,Delivered,Card
4102,372,2021-04-05,Shipped,Card
4379,202,2021-04-06,Cancelled,Card
3950,262,2021-04-07,Delivered,Card
9027,527,2021-04-08,Delivered,Cash
5601,498,2021-04-08,Shipped,Card
3598,370,2021-04-08,Shipped,Card
6743,306,2021-04-08,Delivered,Cash
2221,237,2021-04-08,Delivered,UPI
9635,147,2021-04-09,Cancelled,Card
6382,182,2021-04-09,Delivered,Card
8304,383,2021-04-10,Shipped,Net Banking
3818,153,2021-04-10,Delivered,Wallet
9480,250,2021-04-10,Delivered,Cash
1744,471,2021-04-10,Delivered,Card
7115,568,2021-04-10,Delivered,Net Banking
10851,548,2021-04-11,Delivered,UPI
7695,133,2021-04-11,Delivered,Net Banking
9662,409,2021-04-11,Delivered,UPI
8043,437,2021-04-11,Delivered,Net Banking
10257,418,2021-04-11,Delivered,Cash
8892,199,2021-04-12,Delivered,Card
10080,579,2021-04-12,Delivered,Card
4559,535,2021-04-12,Delivered,Wallet
10276,411,2021-04-13,Delivered,Wallet
7762,568,2021-04-13,Delivered,UPI
4997,396,2021-04-13,Delivered,Wallet
8031,270,2021-04-14,Delivered,Net Banking
3491,264,2021-04-14,Delivered,Card
1409,196,2021-04-14,Delivered,Wallet
6459,329,2021-04-14,Delivered,UPI
5232,478,2021-04-15,Cancelled,UPI
7537,595,2021-04-16,Delivered,Card
5266,530,2021-04-16,Delivered,Card
9429,343,2021-04-16,Delivered,Cash
8712,137,2021-04-16,Cancelled,Card
1334,184,2021-04-16,Delivered,Card
5399,150,2021-04-16,Delivered,Card
7301,178,2021-04-17,Shipped,UPI
1044,478,2021-04-17,Delivered,Net Banking
2320,232,2021-04-18,Delivered,UPI
7918,418,2021-04-18,Delivered,Card
2823,470,2021-04-18,Delivered,Card
9462,152,2021-04-19,Delivered,Card
8420,322,2021-04-19,Delivered,Cash
6218,559,2021-04-19,Delivered,UPI
5213,250,2021-04-19,Shipped,Card
4662,449,2021-04-20,Delivered,UPI
5015,492,2021-04-21,Delivered,Wallet
1407,248,2021-04-21,Delivered,UPI
6253,417,2021-04-21,Delivered,Card
5288,550,2021-04-23,Delivered,UPI
4651,592,2021-04-23,Delivered,UPI
8411,131,2021-04-23,Delivered,Card
10376,122,2021-04-24,Delivered,UPI
2687,180,2021-04-24,Returned,Wallet
6136,182,2021-04-24,Delivered,Card
2849,405,2021-04-24,Delivered,UPI
2935,413,2021-04-25,Delivered,UPI
2087,301,2021-04-25,Delivered,UPI
4826,343,2021-04-25,Delivered,UPI
3073,139,2021-04-25,Shipped,Card
7161,216,2021-04-25,Delivered,Net Banking
10398,370,2021-04-26,Delivered,Cash
8091,587,2021-04-27,Delivered,Card
10330,184,2021-04-27,Delivered,UPI
2151,275,2021-04-29,Delivered,UPI
10348,141,2021-04-30,Cancelled,Card
7514,116,2021-04-30,Delivered,Net Banking
2643,481,2021-04-30,Delivered,Wallet
5551,174,2021-04-30,Delivered,Net Banking
1953,367,2021-04-30,Delivered,Net Banking
6210,306,2021-05-01,Delivered,UPI
7850,592,2021-05-01,Cancelled,UPI
5602,497,2021-05-01,Delivered,UPI
2922,147,2021-05-01,Delivered,Card
6683,370,2021-05-03,Delivered,Card
1131,463,2021-05-04,Delivered,Cash
4946,275,2021-05-04,Delivered,UPI
1620,364,2021-05-05,Delivered,UPI
2383,503,2021-05-05,Delivered,Cash
7796,249,2021-05-05,Delivered,Card
8026,583,2021-05-06,Delivered,Card
3991,529,2021-05-08,Delivered,Wallet
3687,590,2021-05-08,Delivered,UPI
7356,571,2021-05-08,Delivered,Net Banking
3118,307,2021-05-08,Delivered,Card
10735,448,2021-05-08,Delivered,Card
3226,322,2021-05-09,Cancelled,Card
1025,427,2021-05-09,Delivered,UPI
7396,167,2021-05-10,Cancelled,Wallet
2175,129,2021-05-11,Delivered,UPI
4626,343,2021-05-11,Delivered,Cash
1764,380,2021-05-11,Delivered,Card
6964,240,2021-05-11,Delivered,Card
8800,132,2021-05-13,Delivered,Card
4905,559,2021-05-13,Delivered,UPI
4591,109,2021-05-13,Delivered,Net Banking
9631,301,2021-05-14,Shipped,UPI
8772,192,2021-05-15,Delivered,UPI
1941,203,2021-05-15,Delivered,Card
5305,437,2021-05-15,Delivered,Card
2268,182,2021-05-16,Shipped,Cash
8832,304,2021-05-16,Delivered,Cash
4719,564,2021-05-16,Delivered,Card
7908,559,2021-05-16,Delivered,Card
1249,436,2021-05-17,Delivered,Card
9144,150,2021-05-17,Delivered,Wallet
9607,499,2021-05-18,Delivered,Wallet
5978,368,2021-05-19,Delivered,Card
1162,324,2021-05-19,Delivered,UPI
8738,559,2021-05-19,Returned,Card
9073,425,2021-05-20,Delivered,UPI
3823,159,2021-05-20,Delivered,UPI
8249,254,2021-05-21,Delivered,UPI
5335,343,2021-05-21,Delivered,Card
8534,526,2021-05-21,Delivered,Card
6113,424,2021-05-21,Delivered,Net Banking
5040,240,2021-05-21,Cancelled,UPI
7824,329,2021-05-21,Delivered,UPI
3841,194,2021-05-22,Delivered,UPI
4479,160,2021-05-23,Shipped,Card
10850,551,2021-05-24,Delivered,Cash
3117,277,2021-05-24,Delivered,Card
5431,327,2021-05-24,Delivered,Card
7989,311,2021-05-24,Shipped,UPI
8219,404,2021-05-24,Delivered,Card
6036,514,2021-05-24,Delivered,Wallet
2913,325,2021-05-24,Delivered,UPI
5894,327,2021-05-25,Delivered,UPI
6851,153,2021-05-25,Delivered,Cash
6983,303,2021-05-25,Returned,UPI
7558,400,2021-05-26,Delivered,Cash
3994,587,2021-05-26,Shipped,Wallet
8078,358,2021-05-27,Delivered,Card
2261,170,2021-05-27,Delivered,Cash
5041,216,2021-05-28,Delivered,Card
1208,486,2021-05-28,Delivered,Card
1063,268,2021-05-28,Delivered,Card
4401,136,2021-05-28,Delivered,Net Banking
6655,456,2021-05-28,Delivered,Card
7943,356,2021-05-29,Delivered,Cash
2527,139,2021-05-29,Delivered,Net Banking
1756,122,2021-05-29,Delivered,Wallet
6583,556,2021-05-30,Delivered,Card
6017,296,2021-05-30,Cancelled,Card
3358,552,2021-05-30,Delivered,Card
4086,217,2021-05-30,Delivered,UPI
6019,383,2021-05-31,Delivered,UPI
7095,509,2021-06-01,Delivered,UPI
6012,479,2021-06-01,Cancelled,Card
1020,216,2021-06-02,Delivered,UPI
8965,447,2021-06-02,Delivered,Card
5434,252,2021-06-03,Delivered,UPI
2649,466,2021-06-03,Delivered,UPI
8825,358,2021-06-04,Delivered,Card
2728,457,2021-06-04,Cancelled,Card
9892,188,2021-06-04,Delivered,UPI
8897,430,2021-06-04,Delivered,UPI
2021,154,2021-06-05,Delivered,Wallet
10643,547,2021-06-05,Delivered,Cash
9494,117,2021-06-05,Returned,Wallet
6665,183,2021-06-06,Delivered,Card
1802,203,2021-06-06,Delivered,UPI
1207,447,2021-06-06,Shipped,UPI
6573,331,2021-06-07,Delivered,Card
6692,549,2021-06-08,Delivered,Card
3662,232,2021-06-09,Delivered,Cash
2803,297,2021-06-09,Delivered,Net Banking
5833,450,2021-06-09,Delivered,Card
7576,141,2021-06-09,Delivered,Card
2454,264,2021-06-10,Delivered,Wallet
2195,139,2021-06-10,Delivered,Net Banking
5203,152,2021-06-10,Shipped,Cash
6281,215,2021-06-11,Delivered,Net Banking
1396,499,2021-06-11,Delivered,UPI
8146,412,2021-06-11,Delivered,UPI
7092,188,2021-06-12,Returned,UPI
3448,343,2021-06-12,Delivered,UPI
7704,192,2021-06-12,Returned,Card
8644,370,2021-06-12,Delivered,Net Banking
7668,513,2021-06-12,Delivered,UPI
5403,183,2021-06-13,Delivered,UPI
4289,179,2021-06-13,Delivered,UPI
7162,132,2021-06-14,Delivered,Net Banking
9898,268,2021-06-15,Delivered,Net Banking
6948,146,2021-06-15,Delivered,Wallet
3995,231,2021-06-16,Delivered,UPI
4529,288,2021-06-16,Delivered,UPI
3742,271,2021-06-17,Delivered,Card
4998,452,2021-06-18,Delivered,UPI
5488,548,2021-06-18,Delivered,Cash
3946,141,2021-06-18,Delivered,Card
5778,217,2021-06-18,Delivered,UPI
4322,600,2021-06-19,Delivered,Net Banking
5720,409,2021-06-19,Delivered,Wallet
9538,328,2021-06-19,Cancelled,UPI
7993,324,2021-06-19,Delivered,UPI
7163,268,2021-06-20,Delivered,UPI
6541,199,2021-06-20,Delivered,Net Banking
5016,202,2021-06-20,Delivered,Card
2230,199,2021-06-21,Cancelled,UPI
7218,456,2021-06-24,Delivered,Cash
6988,192,2021-06-24,Delivered,Wallet
4554,383,2021-06-24,Delivered,UPI
10756,178,2021-06-24,Delivered,Card
5768,252,2021-06-25,Delivered,UPI
3696,182,2021-06-26,Delivered,Wallet
7019,151,2021-06-26,Delivered,Card
2960,164,2021-06-26,Delivered,UPI
10612,356,2021-06-26,Delivered,UPI
5955,323,2021-06-27,Shipped,Card
3653,246,2021-06-27,Delivered,Wallet
9473,250,2021-06-27,Delivered,UPI
9115,235,2021-06-27,Delivered,Net Banking
10241,235,2021-06-28,Delivered,UPI
6957,415,2021-06-29,Delivered,Card
6559,554,2021-06-29,Delivered,UPI
3658,433,2021-06-29,Delivered,Card
1325,350,2021-06-29,Delivered,UPI
10973,434,2021-06-30,Delivered,Wallet
7257,561,2021-06-30,Delivered,UPI
1908,514,2021-06-30,Delivered,UPI
2847,277,2021-06-30,Delivered,UPI
1560,116,2021-06-30,Delivered,UPI
7567,562,2021-06-30,Delivered,Card
10606,171,2021-07-01,Delivered,UPI
5413,345,2021-07-02,Delivered,Net Banking
4607,248,2021-07-03,Delivered,UPI
5828,562,2021-07-03,Delivered,Card
1027,357,2021-07-05,Delivered,UPI
3021,553,2021-07-05,Delivered,Cash
3915,234,2021-07-06,Delivered,Card
6563,377,2021-07-06,Delivered,Card
10901,472,2021-07-07,Delivered,Wallet
1784,320,2021-07-07,Delivered,UPI
10205,536,2021-07-07,Delivered,Wallet
2150,506,2021-07-08,Delivered,Card
1412,357,2021-07-08,Returned,Wallet
5935,265,2021-07-08,Delivered,UPI
2625,576,2021-07-08,Returned,Net Banking
9830,129,2021-07-08,Delivered,Wallet
5436,136,2021-07-08,Delivered,Wallet
6508,232,2021-07-09,Delivered,Cash
1808,257,2021-07-09,Delivered,UPI
1285,427,2021-07-09,Delivered,Wallet
1286,153,2021-07-10,Delivered,Wallet
7947,454,2021-07-11,Delivered,Card
2558,345,2021-07-11,Delivered,Net Banking
9071,535,2021-07-11,Delivered,Card
9781,527,2021-07-11,Delivered,Card
9457,370,2021-07-12,Delivered,UPI
4437,285,2021-07-12,Delivered,Card
2408,464,2021-07-12,Shipped,Card
7550,475,2021-07-12,Delivered,Wallet
7138,436,2021-07-13,Delivered,Card
8617,299,2021-07-13,Delivered,Wallet
2826,146,2021-07-13,Delivered,UPI
4288,514,2021-07-14,Delivered,Card
10834,482,2021-07-14,Delivered,UPI
1365,529,2021-07-14,Delivered,UPI
8381,183,2021-07-15,Delivered,Card
7692,589,2021-07-15,Delivered,Net Banking
8963,299,2021-07-15,Cancelled,Wallet
7724,283,2021-07-16,Delivered,Card
10022,520,2021-07-16,Delivered,UPI
4486,395,2021-07-16,Delivered,UPI
1797,367,2021-07-17,Delivered,Card
3158,503,2021-07-17,Delivered,Card
3171,506,2021-07-18,Delivered,Net Banking
5962,194,2021-07-18,Delivered,Cash
2978,176,2021-07-19,Delivered,UPI
4448,388,2021-07-19,Delivered,Cash
10040,139,2021-07-19,Shipped,UPI
10752,424,2021-07-20,Delivered,Wallet
1863,395,2021-07-20,Delivered,Net Banking
7495,570,2021-07-20,Delivered,Card
7585,246,2021-07-20,Delivered,Card
3429,492,2021-07-20,Delivered,UPI
5265,183,2021-07-21,Delivered,Wallet
2274,153,2021-07-22,Delivered,Card
10339,164,2021-07-22,Delivered,UPI
1512,526,2021-07-22,Shipped,UPI
4078,367,2021-07-23,Shipped,UPI
5956,396,2021-07-23,Cancelled,Card
4964,412,2021-07-23,Returned,Net Banking
6260,439,2021-07-23,Delivered,UPI
5047,558,2021-07-24,Shipped,UPI
3132,523,2021-07-24,Delivered,UPI
8368,166,2021-07-24,Delivered,UPI
4299,520,2021-07-25,Delivered,Card
1353,288,2021-07-25,Cancelled,Card
9129,590,2021-07-25,Delivered,Card
4781,150,2021-07-25,Delivered,Card
5534,232,2021-07-25,Delivered,Card
10900,182,2021-07-25,Delivered,Net Banking
7903,381,2021-07-26,Delivered,Card
5549,526,2021-07-26,Delivered,Card
10367,554,2021-07-26,Delivered,Card
9840,401,2021-07-26,Delivered,Card
5961,221,2021-07-26,Delivered,Cash
4671,417,2021-07-27,Delivered,Card
2090,523,2021-07-27,Delivered,Net Banking
9042,270,2021-07-27,Delivered,UPI
10733,323,2021-07-28,Delivered,UPI
9012,470,2021-07-28,Delivered,UPI
2848,554,2021-07-29,Delivered,Cash
5117,457,2021-07-29,Delivered,UPI
8931,524,2021-07-29,Delivered,Card
3369,243,2021-07-29,Delivered,Card
5455,468,2021-07-30,Delivered,UPI
1163,164,2021-07-30,Delivered,UPI
7117,184,2021-07-30,Cancelled,Wallet
6344,127,2021-08-01,Delivered,Card
4059,475,2021-08-01,Delivered,UPI
1946,447,2021-08-01,Delivered,Card
4327,123,2021-08-02,Delivered,UPI
2157,333,2021-08-02,Delivered,Cash
10260,552,2021-08-02,Delivered,Net Banking
9478,384,2021-08-03,Delivered,UPI
9443,346,2021-08-03,Delivered,UPI
10685,234,2021-08-03,Delivered,UPI
9318,123,2021-08-04,Returned,Wallet
2633,523,2021-08-06,Delivered,Card
3853,253,2021-08-06,Delivered,Cash
5822,358,2021-08-07,Delivered,Card
1672,327,2021-08-07,Delivered,UPI
1829,552,2021-08-07,Delivered,Wallet
4178,237,2021-08-07,Delivered,Net Banking
6899,563,2021-08-07,Delivered,Card
10852,478,2021-08-08,Returned,Card
7814,372,2021-08-08,Delivered,UPI
10030,179,2021-08-08,Delivered,Wallet
4177,194,2021-08-09,Delivered,Net Banking
4788,558,2021-08-10,Delivered,UPI
3767,159,2021-08-10,Delivered,Card
8001,553,2021-08-11,Delivered,UPI
7407,221,2021-08-11,Delivered,UPI
7230,527,2021-08-11,Delivered,Card
6505,427,2021-08-11,Delivered,UPI
8747,195,2021-08-12,Delivered,Card
5391,146,2021-08-12,Delivered,Net Banking
8370,252,2021-08-12,Shipped,UPI
4583,130,2021-08-13,Delivered,UPI
4653,132,2021-08-13,Delivered,Card
6838,199,2021-08-13,Shipped,UPI
8174,590,2021-08-14,Cancelled,Wallet
6558,530,2021-08-14,Delivered,UPI
1688,489,2021-08-14,Delivered,UPI
5937,235,2021-08-14,Returned,UPI
6903,466,2021-08-15,Delivered,Card
8059,503,2021-08-16,Delivered,UPI
2445,153,2021-08-16,Delivered,Card
3821,399,2021-08-17,Delivered,Card
5177,114,2021-08-17,Delivered,Cash
8880,579,2021-08-17,Delivered,Net Banking
7730,262,2021-08-18,Delivered,Wallet
5214,417,2021-08-19,Delivered,UPI
2025,198,2021-08-19,Returned,Card
7487,153,2021-08-19,Delivered,Card
5415,127,2021-08-19,Cancelled,Wallet
1129,478,2021-08-19,Delivered,Cash
10222,561,2021-08-19,Delivered,UPI
7039,264,2021-08-19,Delivered,Card
7220,527,2021-08-20,Delivered,Wallet
7059,549,2021-08-20,Delivered,Net Banking
5731,380,2021-08-20,Delivered,Wallet
1419,262,2021-08-20,Delivered,UPI
8707,520,2021-08-20,Delivered,Wallet
2042,136,2021-08-21,Delivered,Card
10355,134,2021-08-21,Returned,UPI
6442,548,2021-08-22,Delivered,Card
7909,388,2021-08-22,Delivered,UPI
8872,229,2021-08-22,Delivered,UPI
3697,303,2021-08-22,Delivered,Net Banking
5271,241,2021-08-24,Delivered,UPI
9749,592,2021-08-24,Delivered,Wallet
7506,447,2021-08-25,Delivered,UPI
6780,225,2021-08-26,Delivered,Wallet
7315,323,2021-08-26,Delivered,UPI
5021,568,2021-08-26,Delivered,Cash
6916,159,2021-08-26,Delivered,Wallet
4661,561,2021-08-26,Delivered,Cash
1810,424,2021-08-27,Delivered,UPI
10012,232,2021-08-27,Delivered,Cash
8102,570,2021-08-27,Delivered,UPI
1065,479,2021-08-28,Shipped,Cash
6065,570,2021-08-28,Shipped,Wallet
9325,404,2021-08-29,Delivered,Card
5960,182,2021-08-29,Delivered,Cash
5995,463,2021-08-29,Delivered,Wallet
2348,165,2021-08-29,Delivered,Net Banking
7853,388,2021-08-30,Shipped,Cash
5057,411,2021-08-30,Delivered,Cash
6923,283,2021-08-30,Cancelled,UPI
6399,152,2021-08-30,Delivered,UPI
6829,504,2021-08-30,Shipped,Card
3070,400,2021-08-30,Delivered,UPI
2682,561,2021-08-30,Delivered,UPI
6119,377,2021-08-30,Delivered,UPI
2294,427,2021-08-31,Delivered,UPI
5373,456,2021-08-31,Delivered,Card
8488,526,2021-08-31,Delivered,Wallet
6359,534,2021-09-01,Delivered,UPI
4873,134,2021-09-01,Delivered,Card
7422,559,2021-09-01,Delivered,Net Banking
10021,429,2021-09-01,Delivered,UPI
3254,460,2021-09-01,Delivered,Card
4556,324,2021-09-01,Delivered,UPI
10434,252,2021-09-02,Delivered,UPI
6847,133,2021-09-02,Delivered,UPI
8275,139,2021-09-02,Delivered,UPI
1078,476,2021-09-02,Delivered,UPI
3382,201,2021-09-02,Delivered,Card
7912,589,2021-09-02,Delivered,UPI
1392,553,2021-09-03,Delivered,UPI
8347,243,2021-09-03,Delivered,Card
9606,282,2021-09-03,Delivered,Card
4539,418,2021-09-03,Delivered,Cash
7073,216,2021-09-04,Delivered,Wallet
1873,343,2021-09-04,Shipped,Card
7518,203,2021-09-04,Delivered,Cash
10041,324,2021-09-05,Delivered,Card
4490,182,2021-09-05,Delivered,Net Banking
7105,134,2021-09-05,Returned,Wallet
3258,452,2021-09-05,Cancelled,Card
9630,437,2021-09-05,Delivered,UPI
9398,570,2021-09-06,Delivered,UPI
7520,346,2021-09-06,Delivered,Wallet
10968,182,2021-09-07,Delivered,UPI
5897,469,2021-09-07,Shipped,UPI
1472,588,2021-09-08,Delivered,UPI
10671,554,2021-09-08,Delivered,Card
3506,312,2021-09-08,Delivered,Cash
7372,599,2021-09-08,Delivered,UPI
6035,166,2021-09-09,Delivered,Wallet
1490,254,2021-09-09,Delivered,Cash
7368,276,2021-09-09,Delivered,Cash
8793,370,2021-09-09,Cancelled,Wallet
2506,233,2021-09-10,Delivered,UPI
8162,334,2021-09-10,Delivered,UPI
8161,165,2021-09-10,Delivered,Card
6468,494,2021-09-10,Delivered,UPI
8382,546,2021-09-11,Delivered,Card
3478,216,2021-09-11,Delivered,Card
9119,366,2021-09-12,Delivered,Card
8693,216,2021-09-12,Delivered,Wallet
9594,201,2021-09-13,Delivered,Card
3633,191,2021-09-13,Delivered,UPI
1182,160,2021-09-14,Delivered,UPI
6213,307,2021-09-14,Delivered,UPI
2485,597,2021-09-14,Delivered,Card
5878,185,2021-09-15,Returned,Net Banking
9836,315,2021-09-17,Delivered,Wallet
9164,454,2021-09-17,Delivered,Net Banking
6754,562,2021-09-20,Delivered,UPI
5887,427,2021-09-20,Delivered,Card
8033,304,2021-09-20,Delivered,Card
3138,294,2021-09-20,Cancelled,UPI
5548,188,2021-09-20,Delivered,UPI
9410,345,2021-09-21,Delivered,Card
4229,459,2021-09-21,Delivered,Net Banking
5813,381,2021-09-21,Delivered,Net Banking
8058,142,2021-09-21,Delivered,Card
3306,354,2021-09-22,Delivered,UPI
5290,166,2021-09-23,Delivered,UPI
5149,188,2021-09-23,Delivered,UPI
5954,553,2021-09-24,Shipped,UPI
9210,568,2021-09-24,Delivered,UPI
9921,218,2021-09-24,Returned,Wallet
4758,314,2021-09-24,Delivered,Wallet
10896,406,2021-09-25,Delivered,UPI
10224,316,2021-09-25,Delivered,Cash
8711,530,2021-09-25,Delivered,Wallet
8512,306,2021-09-25,Returned,Card
3702,377,2021-09-25,Delivered,UPI
5303,333,2021-09-26,Delivered,UPI
9442,218,2021-09-27,Delivered,Card
7856,167,2021-09-27,Delivered,Card
9658,557,2021-09-27,Delivered,UPI
3636,571,2021-09-28,Delivered,UPI
3858,557,2021-09-28,Delivered,UPI
10389,217,2021-09-29,Delivered,Card
8776,195,2021-09-29,Delivered,Card
2624,116,2021-09-30,Delivered,UPI
2988,217,2021-09-30,Delivered,Card
10494,579,2021-09-30,Delivered,Cash
8153,558,2021-09-30,Delivered,Card
1109,409,2021-09-30,Delivered,Card
8156,316,2021-09-30,Delivered,UPI
5344,479,2021-09-30,Delivered,UPI
6537,240,2021-10-01,Delivered,Card
5957,466,2021-10-01,Delivered,Net Banking
3522,408,2021-10-02,Delivered,Card
8065,539,2021-10-02,Delivered,Card
1122,395,2021-10-03,Delivered,Net Banking
2566,434,2021-10-03,Delivered,Card
7471,248,2021-10-03,Delivered,Net Banking
1336,415,2021-10-03,Delivered,Card
4278,441,2021-10-03,Shipped,UPI
3263,229,2021-10-04,Returned,Net Banking
10803,284,2021-10-04,Delivered,UPI
6118,583,2021-10-04,Delivered,Wallet
8515,597,2021-10-04,Delivered,Cash
10048,372,2021-10-05,Delivered,UPI
3308,432,2021-10-05,Delivered,Net Banking
10102,195,2021-10-06,Delivered,Cash
9506,325,2021-10-06,Delivered,UPI
9945,271,2021-10-07,Delivered,Card
8084,396,2021-10-07,Delivered,Card
4999,266,2021-10-08,Delivered,Card
8849,549,2021-10-08,Delivered,UPI
3751,509,2021-10-09,Delivered,UPI
10813,250,2021-10-09,Delivered,UPI
9386,234,2021-10-09,Delivered,UPI
7324,192,2021-10-09,Delivered,Card
6149,283,2021-10-09,Returned,Cash
3733,323,2021-10-09,Delivered,Card
10717,141,2021-10-09,Delivered,UPI
7493,429,2021-10-10,Delivered,UPI
4547,408,2021-10-10,Delivered,UPI
10308,203,2021-10-11,Delivered,Card
10800,243,2021-10-12,Delivered,Card
8994,307,2021-10-12,Returned,Card
7381,527,2021-10-12,Delivered,Cash
4868,119,2021-10-12,Delivered,Wallet
4304,141,2021-10-12,Delivered,Net Banking
8633,293,2021-10-13,Cancelled,Card
4627,476,2021-10-14,Delivered,UPI
1212,579,2021-10-14,Delivered,Net Banking
8650,154,2021-10-14,Delivered,Card
8356,504,2021-10-14,Delivered,UPI
10972,494,2021-10-15,Delivered,UPI
4741,124,2021-10-15,Delivered,Wallet
5737,323,2021-10-15,Delivered,Card
10462,415,2021-10-16,Delivered,Card
8689,462,2021-10-16,Cancelled,Card
3635,304,2021-10-16,Delivered,Card
1438,249,2021-10-16,Delivered,UPI
5443,450,2021-10-17,Delivered,UPI
10593,258,2021-10-17,Delivered,UPI
6617,530,2021-10-17,Delivered,Card
2380,466,2021-10-17,Delivered,Card
1945,290,2021-10-18,Delivered,UPI
1277,290,2021-10-19,Delivered,Wallet
3152,449,2021-10-19,Delivered,UPI
8442,411,2021-10-19,Delivered,Net Banking
5321,585,2021-10-19,Delivered,Cash
4979,345,2021-10-19,Delivered,UPI
4190,506,2021-10-19,Delivered,UPI
6422,334,2021-10-20,Delivered,UPI
9601,116,2021-10-20,Delivered,Card
5140,432,2021-10-20,Delivered,Card
1441,135,2021-10-21,Delivered,UPI
6406,532,2021-10-21,Returned,UPI
2114,135,2021-10-22,Delivered,UPI
8894,441,2021-10-22,Delivered,Card
1494,136,2021-10-23,Delivered,UPI
2003,508,2021-10-25,Delivered,Wallet
9264,407,2021-10-25,Delivered,Card
8890,231,2021-10-25,Delivered,Card
8255,559,2021-10-25,Delivered,Cash
9849,550,2021-10-26,Delivered,UPI
9582,203,2021-10-26,Delivered,UPI
2328,131,2021-10-26,Delivered,Card
10364,434,2021-10-27,Delivered,Wallet
3356,360,2021-10-27,Delivered,Cash
2852,503,2021-10-27,Delivered,UPI
10150,140,2021-10-27,Delivered,UPI
3283,441,2021-10-28,Delivered,Cash
6111,345,2021-10-28,Delivered,Card
6630,135,2021-10-29,Delivered,UPI
7450,195,2021-10-29,Delivered,UPI
4870,141,2021-10-29,Delivered,Card
10249,130,2021-10-29,Delivered,Wallet
9524,134,2021-10-30,Delivered,Cash
7475,401,2021-10-30,Delivered,Card
1069,417,2021-10-31,Delivered,UPI
1594,130,2021-11-01,Delivered,Card
6104,329,2021-11-01,Delivered,Net Banking
3615,578,2021-11-01,Delivered,Wallet
7981,556,2021-11-01,Delivered,Card
6648,167,2021-11-01,Delivered,Wallet
4064,356,2021-11-02,Delivered,Cash
2368,514,2021-11-02,Delivered,Net Banking
6456,367,2021-11-02,Delivered,UPI
6656,561,2021-11-03,Delivered,Card
10522,555,2021-11-03,Delivered,Wallet
3482,442,2021-11-04,Delivered,UPI
10550,174,2021-11-04,Delivered,Card
1665,360,2021-11-04,Delivered,Card
3599,564,2021-11-04,Delivered,Net Banking
6966,178,2021-11-04,Delivered,UPI
1959,262,2021-11-04,Delivered,Card
3836,275,2021-11-05,Delivered,UPI
5860,539,2021-11-05,Delivered,UPI
4243,124,2021-11-05,Delivered,UPI
5202,285,2021-11-05,Delivered,Card
2621,320,2021-11-06,Delivered,Card
9994,448,2021-11-06,Delivered,UPI
8677,360,2021-11-06,Delivered,Card
7502,197,2021-11-06,Delivered,UPI
5582,557,2021-11-07,Delivered,Wallet
6003,333,2021-11-07,Delivered,UPI
7474,168,2021-11-07,Delivered,UPI
10237,187,2021-11-07,Delivered,Net Banking
10602,390,2021-11-07,Delivered,UPI
11000,460,2021-11-08,Delivered,Net Banking
3416,283,2021-11-08,Shipped,Card
7988,225,2021-11-09,Delivered,Wallet
6835,499,2021-11-09,Delivered,Card
7311,558,2021-11-09,Delivered,Wallet
5899,559,2021-11-09,Delivered,Card
1240,412,2021-11-10,Delivered,Card
4597,307,2021-11-11,Delivered,Card
8923,131,2021-11-11,Delivered,Cash
1144,322,2021-11-11,Shipped,UPI
1322,406,2021-11-11,Delivered,UPI
4802,297,2021-11-12,Delivered,Net Banking
2711,504,2021-11-12,Delivered,UPI
6148,156,2021-11-12,Delivered,UPI
9199,288,2021-11-12,Delivered,UPI
9789,183,2021-11-13,Delivered,Card
1155,314,2021-11-13,Delivered,Card
4208,388,2021-11-13,Delivered,Net Banking
5141,316,2021-11-14,Delivered,Card
6564,311,2021-11-14,Shipped,UPI
3640,311,2021-11-14,Delivered,UPI
6842,131,2021-11-15,Returned,Wallet
6634,442,2021-11-15,Delivered,Card
8175,135,2021-11-15,Delivered,Card
4776,248,2021-11-16,Shipped,UPI
9985,341,2021-11-16,Cancelled,UPI
8651,539,2021-11-16,Delivered,UPI
5189,592,2021-11-17,Delivered,Wallet
6561,140,2021-11-18,Delivered,UPI
2027,414,2021-11-19,Delivered,Card
1957,395,2021-11-20,Delivered,Card
6214,539,2021-11-20,Delivered,Card
9700,202,2021-11-21,Delivered,UPI
1418,585,2021-11-21,Delivered,Net Banking
9992,164,2021-11-21,Delivered,UPI
5464,198,2021-11-21,Delivered,Card
1183,270,2021-11-22,Shipped,UPI
4850,235,2021-11-22,Delivered,UPI
7235,147,2021-11-22,Delivered,Wallet
3440,343,2021-11-22,Delivered,UPI
6836,202,2021-11-23,Delivered,UPI
8121,193,2021-11-23,Delivered,UPI
7522,201,2021-11-23,Shipped,Net Banking
7286,285,2021-11-24,Delivered,Card
10909,231,2021-11-24,Delivered,Card
8492,452,2021-11-24,Shipped,Cash
4193,480,2021-11-25,Delivered,Card
10180,562,2021-11-25,Delivered,Cash
2511,404,2021-11-26,Delivered,Card
5093,520,2021-11-26,Delivered,UPI
6586,132,2021-11-26,Delivered,UPI
2683,283,2021-11-26,Delivered,Net Banking
1654,524,2021-11-26,Delivered,UPI
4589,539,2021-11-26,Delivered,Wallet
4702,271,2021-11-27,Cancelled,Cash
4792,334,2021-11-27,Delivered,Card
5462,198,2021-11-27,Delivered,UPI
4503,429,2021-11-27,Delivered,UPI
6669,539,2021-11-28,Delivered,Cash
2880,396,2021-11-28,Shipped,UPI
10712,210,2021-11-28,Delivered,UPI
1376,131,2021-11-28,Delivered,Wallet
2005,201,2021-11-28,Delivered,UPI
9778,135,2021-11-28,Delivered,Card
9392,344,2021-11-29,Delivered,UPI
7970,223,2021-11-29,Delivered,Card
8364,109,2021-11-29,Delivered,UPI
1130,460,2021-11-30,Delivered,UPI
4695,140,2021-11-30,Delivered,Wallet
5770,424,2021-11-30,Delivered,Net Banking
6504,523,2021-11-30,Delivered,UPI
7901,285,2021-12-01,Delivered,UPI
9355,558,2021-12-01,Delivered,UPI
8821,264,2021-12-01,Delivered,UPI
1631,264,2021-12-01,Delivered,UPI
9273,148,2021-12-01,Shipped,UPI
1242,114,2021-12-01,Delivered,Cash
3472,151,2021-12-01,Delivered,Card
5467,408,2021-12-02,Delivered,UPI
2812,480,2021-12-02,Cancelled,Net Banking
8069,117,2021-12-02,Delivered,Card
8915,530,2021-12-02,Delivered,Card
4610,406,2021-12-02,Delivered,Cash
1532,276,2021-12-02,Delivered,Cash
8168,117,2021-12-02,Delivered,Wallet
5098,395,2021-12-03,Delivered,UPI
8744,122,2021-12-03,Shipped,Card
6507,301,2021-12-03,Delivered,Wallet
2444,197,2021-12-03,Delivered,Card
6304,132,2021-12-04,Delivered,UPI
4608,232,2021-12-04,Delivered,UPI
2035,490,2021-12-05,Delivered,Cash
10127,177,2021-12-05,Delivered,Card
4484,592,2021-12-05,Delivered,Wallet
10634,592,2021-12-06,Cancelled,Net Banking
4624,288,2021-12-07,Delivered,Wallet
5364,370,2021-12-07,Delivered,UPI
8510,532,2021-12-07,Delivered,UPI
7373,370,2021-12-07,Delivered,Card
8252,129,2021-12-07,Delivered,Card
10283,372,2021-12-08,Delivered,Net Banking
1816,187,2021-12-08,Delivered,Card
9553,140,2021-12-08,Delivered,UPI
7112,323,2021-12-08,Delivered,Net Banking
1990,536,2021-12-09,Delivered,Wallet
6502,503,2021-12-10,Delivered,Wallet
4512,329,2021-12-10,Delivered,UPI
8703,194,2021-12-10,Delivered,Card
2601,469,2021-12-11,Delivered,Card
2632,589,2021-12-11,Delivered,Card
1857,188,2021-12-11,Delivered,Cash
10387,283,2021-12-11,Delivered,Card
3618,539,2021-12-11,Delivered,Cash
1725,177,2021-12-11,Delivered,UPI
5216,490,2021-12-12,Delivered,Net Banking
9648,356,2021-12-12,Delivered,UPI
4477,215,2021-12-12,Delivered,UPI
3430,562,2021-12-13,Delivered,Wallet
1328,479,2021-12-15,Delivered,Net Banking
4703,151,2021-12-15,Delivered,UPI
10111,588,2021-12-15,Shipped,Net Banking
9937,325,2021-12-15,Delivered,Card
2634,320,2021-12-16,Delivered,UPI
10706,131,2021-12-17,Delivered,Wallet
8582,210,2021-12-17,Delivered,Card
3072,526,2021-12-17,Delivered,Card
8480,493,2021-12-17,Delivered,UPI
2305,110,2021-12-17,Delivered,UPI
6438,328,2021-12-18,Delivered,UPI
5753,449,2021-12-18,Delivered,Card
10065,436,2021-12-18,Delivered,Net Banking
3814,441,2021-12-19,Delivered,Wallet
5426,579,2021-12-19,Delivered,Wallet
6552,248,2021-12-19,Shipped,UPI
7969,564,2021-12-20,Delivered,UPI
10830,188,2021-12-20,Delivered,Net Banking
5380,523,2021-12-22,Delivered,Net Banking
8528,196,2021-12-22,Delivered,Card
3926,115,2021-12-23,Delivered,UPI
4749,552,2021-12-23,Delivered,Card
8721,199,2021-12-23,Delivered,Net Banking
2580,229,2021-12-23,Returned,Cash
1460,467,2021-12-23,Delivered,UPI
8990,532,2021-12-23,Delivered,UPI
2647,182,2021-12-24,Delivered,Card
7397,325,2021-12-24,Delivered,UPI
9194,285,2021-12-24,Delivered,Wallet
1082,437,2021-12-24,Delivered,Card
8306,561,2021-12-25,Delivered,Card
2572,341,2021-12-26,Shipped,Card
4675,587,2021-12-26,Shipped,UPI
8604,468,2021-12-26,Delivered,UPI
7016,360,2021-12-26,Delivered,Card
7179,201,2021-12-26,Delivered,Card
1259,539,2021-12-26,Returned,Card
7255,327,2021-12-26,Delivered,Net Banking
2324,469,2021-12-27,Delivered,Card
6317,364,2021-12-27,Delivered,Wallet
10836,430,2021-12-27,Delivered,Cash
8559,130,2021-12-27,Shipped,UPI
3253,539,2021-12-28,Delivered,Cash
8022,476,2021-12-28,Delivered,Card
9570,234,2021-12-28,Delivered,Cash
4152,153,2021-12-28,Delivered,Card
10893,231,2021-12-28,Delivered,Net Banking
1847,585,2021-12-28,Delivered,Net Banking
7819,142,2021-12-28,Delivered,UPI
6741,225,2021-12-29,Delivered,Card
3104,312,2021-12-29,Delivered,UPI
1064,294,2021-12-29,Delivered,Cash
7702,150,2021-12-29,Delivered,Wallet
9461,526,2021-12-29,Delivered,Wallet
9931,508,2021-12-30,Delivered,UPI
6375,413,2021-12-30,Delivered,UPI
10669,526,2022-01-01,Delivered,Cash
5382,412,2022-01-01,Delivered,UPI
1814,257,2022-01-02,Delivered,Card
3504,139,2022-01-02,Delivered,UPI
6395,466,2022-01-02,Delivered,Wallet
6856,123,2022-01-02,Delivered,Card
1115,264,2022-01-02,Delivered,Net Banking
4308,328,2022-01-03,Delivered,Card
10731,479,2022-01-04,Delivered,Cash
5475,195,2022-01-04,Shipped,Net Banking
4504,246,2022-01-04,Delivered,UPI
1256,389,2022-01-05,Delivered,Card
10151,560,2022-01-06,Delivered,UPI
4780,480,2022-01-07,Delivered,Cash
2518,399,2022-01-08,Returned,UPI
2086,448,2022-01-09,Delivered,Card
8845,134,2022-01-09,Delivered,Card
7691,164,2022-01-09,Delivered,Card
1600,257,2022-01-09,Delivered,Card
1952,334,2022-01-10,Delivered,UPI
2263,574,2022-01-11,Delivered,Card
10312,368,2022-01-11,Delivered,UPI
7243,563,2022-01-11,Returned,Card
8373,400,2022-01-11,Delivered,UPI
7201,333,2022-01-12,Delivered,UPI
2282,498,2022-01-12,Delivered,UPI
4848,344,2022-01-12,Delivered,Net Banking
2718,356,2022-01-12,Delivered,UPI
2059,240,2022-01-12,Delivered,Card
8648,215,2022-01-13,Delivered,Net Banking
5739,146,2022-01-13,Delivered,Net Banking
4501,404,2022-01-13,Delivered,Card
6181,380,2022-01-14,Delivered,UPI
6436,177,2022-01-14,Delivered,UPI
6684,315,2022-01-15,Delivered,Wallet
1798,221,2022-01-15,Delivered,Card
1139,563,2022-01-15,Delivered,UPI
8737,327,2022-01-16,Delivered,UPI
1996,442,2022-01-16,Delivered,Net Banking
6482,436,2022-01-17,Cancelled,UPI
5788,341,2022-01-18,Delivered,Net Banking
3616,346,2022-01-18,Delivered,Card
6514,148,2022-01-19,Delivered,Card
10378,433,2022-01-20,Delivered,UPI
8147,536,2022-01-21,Delivered,Net Banking
4657,527,2022-01-21,Shipped,Wallet
4199,389,2022-01-21,Delivered,UPI
2200,297,2022-01-21,Delivered,UPI
1340,116,2022-01-22,Delivered,Net Banking
2293,441,2022-01-23,Delivered,UPI
8178,535,2022-01-23,Delivered,UPI
4202,243,2022-01-23,Delivered,UPI
6437,134,2022-01-24,Shipped,UPI
2472,532,2022-01-24,Delivered,Card
9917,564,2022-01-24,Returned,Wallet
6462,427,2022-01-25,Delivered,Card
5883,406,2022-01-25,Delivered,Card
3028,578,2022-01-25,Delivered,UPI
4639,131,2022-01-26,Delivered,Net Banking
2354,388,2022-01-26,Cancelled,Wallet
6806,119,2022-01-26,Delivered,Cash
4081,257,2022-01-26,Delivered,Net Banking
2502,372,2022-01-27,Delivered,UPI
7265,124,2022-01-28,Delivered,UPI
9383,429,2022-01-28,Delivered,Net Banking
9120,372,2022-01-28,Delivered,Wallet
2515,199,2022-01-29,Delivered,UPI
2697,497,2022-01-29,Delivered,Net Banking
6239,215,2022-01-29,Delivered,UPI
2419,141,2022-01-29,Delivered,Card
10676,304,2022-01-29,Returned,UPI
10540,397,2022-01-31,Delivered,UPI
7021,574,2022-01-31,Delivered,UPI
4643,389,2022-02-02,Delivered,Net Banking
1752,449,2022-02-02,Delivered,Wallet
7586,249,2022-02-02,Returned,Net Banking
8919,212,2022-02-03,Delivered,UPI
10474,254,2022-02-03,Delivered,UPI
9216,346,2022-02-03,Delivered,Card
8163,547,2022-02-04,Delivered,Card
4312,171,2022-02-04,Delivered,Card
4800,563,2022-02-04,Delivered,Cash
4175,368,2022-02-05,Delivered,Net Banking
8371,115,2022-02-05,Shipped,UPI
2570,117,2022-02-06,Delivered,UPI
4036,324,2022-02-06,Delivered,Net Banking
7130,562,2022-02-06,Delivered,UPI
9523,292,2022-02-06,Delivered,Card
1469,159,2022-02-06,Delivered,Card
1759,265,2022-02-08,Delivered,Wallet
3342,578,2022-02-08,Delivered,UPI
10100,471,2022-02-09,Returned,UPI
1327,285,2022-02-09,Delivered,Card
7820,325,2022-02-09,Delivered,UPI
3081,431,2022-02-09,Delivered,Cash
2609,166,2022-02-09,Delivered,UPI
10129,250,2022-02-10,Delivered,Card
2327,457,2022-02-10,Delivered,Net Banking
9163,429,2022-02-10,Delivered,Card
6131,170,2022-02-10,Delivered,UPI
1370,583,2022-02-10,Delivered,UPI
6792,430,2022-02-11,Delivered,UPI
4543,452,2022-02-11,Delivered,Net Banking
10499,429,2022-02-12,Delivered,Net Banking
10115,570,2022-02-14,Delivered,Cash
3185,526,2022-02-14,Delivered,Card
10518,331,2022-02-14,Delivered,Net Banking
6896,532,2022-02-14,Delivered,Net Banking
10642,467,2022-02-15,Delivered,UPI
3307,201,2022-02-15,Delivered,Card
9900,587,2022-02-15,Delivered,Card
5007,520,2022-02-16,Delivered,UPI
6116,327,2022-02-16,Delivered,Net Banking
10819,514,2022-02-16,Delivered,UPI
2033,212,2022-02-16,Shipped,UPI
5667,497,2022-02-16,Delivered,UPI
9677,557,2022-02-16,Shipped,Cash
2196,457,2022-02-17,Delivered,Cash
4104,571,2022-02-17,Delivered,Card
3195,201,2022-02-17,Delivered,UPI
3234,405,2022-02-18,Delivered,Wallet
3972,493,2022-02-18,Delivered,Cash
6085,154,2022-02-18,Delivered,UPI
6473,486,2022-02-18,Delivered,Wallet
9428,266,2022-02-18,Shipped,Cash
10354,223,2022-02-18,Delivered,UPI
8075,558,2022-02-18,Cancelled,Card
7256,472,2022-02-19,Delivered,UPI
4089,466,2022-02-20,Delivered,UPI
5383,406,2022-02-20,Delivered,Cash
10332,570,2022-02-20,Delivered,UPI
5027,288,2022-02-21,Returned,Net Banking
1258,316,2022-02-21,Delivered,Net Banking
3676,354,2022-02-21,Delivered,Net Banking
2560,234,2022-02-22,Delivered,Net Banking
6472,394,2022-02-22,Delivered,Card
5033,292,2022-02-22,Delivered,Cash
2737,469,2022-02-23,Delivered,Card
1777,152,2022-02-23,Delivered,Cash
9479,127,2022-02-24,Delivered,Card
4473,590,2022-02-25,Delivered,UPI
5251,532,2022-02-26,Delivered,Net Banking
5556,463,2022-02-26,Delivered,Card
7944,413,2022-02-26,Delivered,UPI
5849,260,2022-02-27,Delivered,UPI
1075,244,2022-02-27,Delivered,UPI
9689,198,2022-02-27,Delivered,UPI
10633,237,2022-02-28,Shipped,UPI
10575,265,2022-02-28,Delivered,UPI
9821,185,2022-02-28,Delivered,Net Banking
1507,552,2022-02-28,Delivered,UPI
2139,407,2022-03-01,Returned,Cash
8383,405,2022-03-01,Delivered,Wallet
7086,350,2022-03-01,Delivered,Card
4586,304,2022-03-01,Delivered,Card
7673,433,2022-03-02,Delivered,Card
1880,447,2022-03-02,Delivered,Wallet
4546,417,2022-03-02,Cancelled,Net Banking
1530,243,2022-03-03,Delivered,Wallet
9230,187,2022-03-03,Returned,UPI
3122,184,2022-03-03,Delivered,UPI
6084,471,2022-03-04,Shipped,Card
1125,411,2022-03-05,Delivered,Net Banking
6223,520,2022-03-05,Delivered,Card
1739,400,2022-03-05,Delivered,Card
2085,109,2022-03-05,Delivered,UPI
4259,237,2022-03-06,Delivered,UPI
2238,388,2022-03-06,Delivered,Card
3652,331,2022-03-06,Delivered,Card
10970,218,2022-03-06,Cancelled,Net Banking
8977,276,2022-03-07,Delivered,UPI
4888,137,2022-03-07,Delivered,Card
5620,160,2022-03-07,Delivered,Cash
8577,514,2022-03-07,Delivered,UPI
4026,110,2022-03-08,Delivered,Wallet
7488,124,2022-03-08,Delivered,Card
3015,216,2022-03-08,Delivered,Wallet
10587,324,2022-03-09,Shipped,Wallet
6235,564,2022-03-09,Delivered,UPI
5565,307,2022-03-09,Shipped,Card
2136,530,2022-03-10,Returned,Card
9901,539,2022-03-10,Cancelled,UPI
8885,216,2022-03-11,Delivered,Card
7845,133,2022-03-11,Delivered,UPI
7499,597,2022-03-11,Delivered,Card
3422,119,2022-03-11,Delivered,Net Banking
10860,202,2022-03-11,Delivered,Net Banking
5687,221,2022-03-11,Shipped,Net Banking
2695,424,2022-03-12,Delivered,Wallet
5718,432,2022-03-12,Delivered,UPI
6151,254,2022-03-12,Delivered,UPI
8484,546,2022-03-12,Delivered,Net Banking
9229,554,2022-03-12,Delivered,UPI
2829,129,2022-03-12,Delivered,UPI
6204,331,2022-03-13,Delivered,Card
1261,555,2022-03-13,Returned,Card
4141,276,2022-03-14,Delivered,Card
4573,425,2022-03-14,Delivered,UPI
1612,358,2022-03-14,Delivered,Card
6330,235,2022-03-14,Delivered,UPI
10747,151,2022-03-14,Delivered,UPI
9853,408,2022-03-14,Delivered,Cash
3608,585,2022-03-15,Delivered,UPI
9477,489,2022-03-15,Delivered,UPI
9611,490,2022-03-15,Delivered,UPI
5355,429,2022-03-15,Delivered,UPI
6126,168,2022-03-15,Delivered,UPI
10495,553,2022-03-16,Returned,UPI
8579,585,2022-03-17,Delivered,Card
10144,415,2022-03-17,Delivered,Card
6976,317,2022-03-17,Delivered,Net Banking
4536,312,2022-03-17,Delivered,Cash
1103,360,2022-03-18,Delivered,Card
3137,286,2022-03-18,Delivered,UPI
8879,231,2022-03-19,Delivered,Card
9382,592,2022-03-19,Delivered,UPI
7789,570,2022-03-20,Delivered,UPI
8066,215,2022-03-20,Delivered,Net Banking
5976,563,2022-03-20,Delivered,Card
10239,340,2022-03-21,Delivered,UPI
6687,271,2022-03-21,Delivered,Cash
4144,574,2022-03-21,Delivered,Card
4286,117,2022-03-21,Delivered,UPI
3558,130,2022-03-21,Shipped,UPI
6350,294,2022-03-22,Delivered,Net Banking
4918,164,2022-03-22,Delivered,Wallet
8507,217,2022-03-22,Delivered,Card
6241,460,2022-03-22,Delivered,UPI
10653,394,2022-03-22,Delivered,UPI
5487,427,2022-03-23,Delivered,Card
7280,252,2022-03-24,Delivered,Card
9548,580,2022-03-24,Delivered,Card
4166,524,2022-03-24,Delivered,UPI
7726,580,2022-03-24,Delivered,Wallet
4907,270,2022-03-25,Delivered,UPI
2757,389,2022-03-25,Delivered,Cash
10716,585,2022-03-25,Delivered,Wallet
1288,562,2022-03-26,Delivered,UPI
1204,350,2022-03-27,Delivered,Card
7646,314,2022-03-27,Delivered,Cash
4745,399,2022-03-27,Delivered,UPI
2334,370,2022-03-27,Delivered,Net Banking
5734,395,2022-03-27,Shipped,Net Banking
6933,597,2022-03-27,Delivered,Net Banking
10578,215,2022-03-29,Delivered,UPI
10528,262,2022-03-30,Delivered,UPI
4678,366,2022-03-31,Delivered,UPI
3095,164,2022-03-31,Delivered,Card
9712,587,2022-03-31,Cancelled,UPI
9782,202,2022-04-01,Delivered,UPI
2667,471,2022-04-01,Delivered,Card
7933,409,2022-04-01,Delivered,Net Banking
10380,151,2022-04-02,Delivered,UPI
8473,316,2022-04-02,Delivered,Cash
3157,457,2022-04-02,Delivered,Card
7602,284,2022-04-02,Delivered,Net Banking
3535,275,2022-04-02,Delivered,Cash
8128,141,2022-04-02,Delivered,Card
4878,233,2022-04-03,Delivered,UPI
7298,164,2022-04-03,Delivered,UPI
9927,195,2022-04-03,Delivered,UPI
3715,395,2022-04-03,Delivered,Net Banking
1562,390,2022-04-04,Delivered,Wallet
2038,424,2022-04-05,Shipped,Net Banking
3344,168,2022-04-06,Delivered,Net Banking
9915,284,2022-04-07,Shipped,Wallet
6069,472,2022-04-07,Delivered,Card
9567,568,2022-04-07,Delivered,UPI
3324,389,2022-04-07,Cancelled,Card
4396,415,2022-04-09,Delivered,Card
5295,472,2022-04-10,Delivered,Net Banking
2227,344,2022-04-10,Delivered,UPI
7597,367,2022-04-12,Delivered,Card
7385,372,2022-04-12,Delivered,Wallet
1165,219,2022-04-13,Delivered,UPI
7101,110,2022-04-13,Delivered,Card
1994,429,2022-04-14,Delivered,Net Banking
6009,244,2022-04-14,Delivered,UPI
9628,184,2022-04-14,Delivered,Card
3867,504,2022-04-15,Shipped,Card
2452,436,2022-04-15,Delivered,Card
10251,433,2022-04-15,Delivered,Card
6321,464,2022-04-15,Delivered,Cash
9088,520,2022-04-16,Delivered,Cash
3385,130,2022-04-16,Delivered,UPI
6488,408,2022-04-16,Delivered,Card
10821,215,2022-04-16,Delivered,UPI
7187,555,2022-04-16,Delivered,Card
7083,237,2022-04-16,Delivered,UPI
9752,442,2022-04-17,Delivered,Card
8808,441,2022-04-17,Delivered,Wallet
5572,429,2022-04-18,Delivered,Card
2291,271,2022-04-18,Delivered,UPI
1601,389,2022-04-18,Delivered,Wallet
3721,322,2022-04-18,Delivered,Card
2189,396,2022-04-18,Cancelled,UPI
2437,354,2022-04-20,Delivered,UPI
7657,297,2022-04-20,Delivered,UPI
7294,452,2022-04-21,Delivered,Card
3328,322,2022-04-21,Delivered,Net Banking
7238,396,2022-04-22,Delivered,Net Banking
9939,170,2022-04-22,Delivered,UPI
7087,497,2022-04-22,Delivered,UPI
1858,146,2022-04-22,Delivered,Card
3303,243,2022-04-22,Shipped,Card
6873,180,2022-04-23,Delivered,Card
3816,472,2022-04-23,Delivered,UPI
1807,204,2022-04-25,Delivered,Card
6455,441,2022-04-25,Delivered,Card
10529,429,2022-04-25,Delivered,Card
6647,360,2022-04-25,Delivered,UPI
5823,218,2022-04-25,Delivered,UPI
5755,476,2022-04-26,Delivered,Wallet
2805,432,2022-04-26,Returned,UPI
1140,597,2022-04-27,Delivered,Net Banking
3334,194,2022-04-27,Delivered,Wallet
5052,530,2022-04-27,Returned,Card
5176,152,2022-04-27,Shipped,Card
5457,480,2022-04-27,Delivered,UPI
2906,377,2022-04-27,Delivered,UPI
3699,508,2022-04-28,Delivered,Card
5745,529,2022-04-28,Delivered,UPI
8708,559,2022-04-28,Shipped,Net Banking
9612,176,2022-04-29,Delivered,UPI
8449,265,2022-04-29,Delivered,UPI
1179,381,2022-04-29,Delivered,UPI
8959,152,2022-04-29,Cancelled,UPI
1310,264,2022-04-29,Delivered,UPI
1609,395,2022-04-29,Delivered,UPI
6007,571,2022-04-30,Delivered,UPI
4707,324,2022-05-01,Delivered,Card
1675,457,2022-05-01,Delivered,Net Banking
4534,492,2022-05-01,Delivered,Net Banking
5260,439,2022-05-01,Delivered,UPI
7120,564,2022-05-03,Delivered,Card
10753,424,2022-05-03,Delivered,Card
2322,429,2022-05-04,Delivered,UPI
8053,314,2022-05-04,Delivered,Card
5284,131,2022-05-04,Delivered,Cash
3927,466,2022-05-04,Delivered,Card
8746,418,2022-05-04,Delivered,Net Banking
4317,579,2022-05-05,Delivered,Card
4855,415,2022-05-06,Delivered,UPI
3080,183,2022-05-06,Delivered,UPI
9540,326,2022-05-06,Delivered,Card
1581,479,2022-05-07,Returned,Card
7934,585,2022-05-08,Delivered,Card
5547,539,2022-05-08,Delivered,UPI
3909,216,2022-05-08,Delivered,UPI
5315,153,2022-05-08,Delivered,Net Banking
1071,414,2022-05-09,Delivered,Net Banking
3713,129,2022-05-09,Delivered,UPI
5579,585,2022-05-09,Delivered,Cash
4257,129,2022-05-09,Delivered,Wallet
4658,168,2022-05-09,Cancelled,UPI
9505,311,2022-05-10,Delivered,Net Banking
8806,275,2022-05-11,Delivered,Wallet
7633,311,2022-05-11,Delivered,Card
6724,436,2022-05-11,Delivered,Card
9370,316,2022-05-11,Delivered,UPI
7755,472,2022-05-12,Delivered,UPI
2357,447,2022-05-12,Delivered,Card
4601,127,2022-05-12,Delivered,Card
8358,425,2022-05-13,Delivered,Cash
9039,114,2022-05-13,Delivered,UPI
2045,185,2022-05-13,Delivered,Card
8154,557,2022-05-13,Delivered,Card
2975,535,2022-05-13,Delivered,Net Banking
5814,417,2022-05-14,Delivered,Card
4294,153,2022-05-14,Delivered,UPI
1114,357,2022-05-14,Delivered,UPI
1835,326,2022-05-14,Cancelled,Cash
9306,258,2022-05-14,Delivered,Cash
10208,399,2022-05-14,Delivered,UPI
1348,340,2022-05-14,Delivered,Net Banking
6280,534,2022-05-14,Shipped,UPI
2665,479,2022-05-14,Delivered,Wallet
8194,555,2022-05-15,Shipped,UPI
6047,549,2022-05-15,Delivered,Card
7287,193,2022-05-15,Delivered,UPI
5473,244,2022-05-15,Delivered,UPI
5621,409,2022-05-16,Delivered,UPI
9456,168,2022-05-16,Delivered,Card
2877,462,2022-05-16,Delivered,UPI
8301,456,2022-05-16,Delivered,Net Banking
2542,508,2022-05-17,Delivered,UPI
9605,114,2022-05-18,Delivered,UPI
4054,341,2022-05-19,Delivered,Card
4121,526,2022-05-19,Delivered,UPI
6014,407,2022-05-19,Delivered,UPI
6749,271,2022-05-20,Returned,Wallet
4025,504,2022-05-20,Returned,UPI
6951,253,2022-05-20,Shipped,Wallet
8104,571,2022-05-20,Delivered,UPI
4544,520,2022-05-20,Delivered,UPI
2661,588,2022-05-21,Delivered,Wallet
6613,320,2022-05-21,Delivered,Cash
10741,547,2022-05-22,Cancelled,Net Banking
6879,182,2022-05-24,Delivered,Wallet
7329,497,2022-05-24,Returned,Wallet
4839,476,2022-05-24,Delivered,Net Banking
9743,268,2022-05-25,Delivered,UPI
5332,499,2022-05-25,Delivered,UPI
3567,504,2022-05-25,Delivered,Card
6311,234,2022-05-25,Delivered,UPI
3336,350,2022-05-25,Delivered,Cash
1220,262,2022-05-25,Delivered,Net Banking
3934,318,2022-05-25,Delivered,Card
6608,277,2022-05-25,Delivered,Card
1872,127,2022-05-26,Delivered,Card
8871,357,2022-05-27,Delivered,Net Banking
1967,152,2022-05-27,Delivered,Card
3800,532,2022-05-28,Returned,Card
7419,331,2022-05-29,Delivered,UPI
6597,326,2022-05-29,Returned,Net Banking
9029,257,2022-05-29,Delivered,Net Banking
6354,232,2022-05-29,Delivered,UPI
2520,424,2022-05-30,Delivered,Card
3941,117,2022-05-30,Delivered,Card
9989,390,2022-05-30,Delivered,Card
9358,201,2022-05-31,Delivered,Card
8895,270,2022-05-31,Delivered,UPI
5981,366,2022-05-31,Delivered,UPI
2341,180,2022-05-31,Delivered,UPI
4021,346,2022-05-31,Shipped,Net Banking
10632,185,2022-06-01,Delivered,Wallet
1811,425,2022-06-02,Delivered,Cash
4083,254,2022-06-02,Delivered,UPI
9430,334,2022-06-03,Delivered,Net Banking
4445,360,2022-06-03,Delivered,Card
4902,233,2022-06-04,Delivered,UPI
9024,240,2022-06-04,Delivered,UPI
1613,400,2022-06-05,Delivered,Wallet
10894,327,2022-06-05,Delivered,UPI
9313,252,2022-06-06,Delivered,UPI
7206,234,2022-06-06,Delivered,UPI
3549,563,2022-06-06,Delivered,UPI
5772,449,2022-06-07,Delivered,UPI
9547,215,2022-06-08,Delivered,UPI
5238,358,2022-06-08,Returned,UPI
1262,504,2022-06-08,Delivered,UPI
5327,170,2022-06-09,Delivered,Cash
2484,323,2022-06-09,Delivered,Card
7155,374,2022-06-11,Delivered,UPI
10660,425,2022-06-12,Delivered,UPI
7263,452,2022-06-12,Delivered,Card
2650,311,2022-06-13,Delivered,Card
8112,277,2022-06-13,Delivered,Net Banking
7629,231,2022-06-13,Delivered,UPI
4993,306,2022-06-14,Delivered,Card
9828,394,2022-06-15,Delivered,UPI
7186,600,2022-06-16,Delivered,Card
10331,154,2022-06-16,Cancelled,UPI
1304,152,2022-06-17,Delivered,UPI
8763,526,2022-06-17,Returned,Card
7169,436,2022-06-17,Delivered,UPI
3312,184,2022-06-17,Delivered,Wallet
8376,449,2022-06-18,Shipped,UPI
10199,460,2022-06-18,Delivered,Card
7088,406,2022-06-18,Shipped,UPI
8086,441,2022-06-19,Delivered,Card
4930,288,2022-06-20,Delivered,Net Banking
2323,547,2022-06-20,Delivered,UPI
3811,270,2022-06-20,Delivered,Net Banking
9794,580,2022-06-21,Delivered,UPI
8752,130,2022-06-21,Delivered,Net Banking
3885,246,2022-06-22,Delivered,UPI
9564,405,2022-06-22,Delivered,Card
7956,523,2022-06-23,Delivered,UPI
9331,548,2022-06-23,Delivered,Net Banking
10740,403,2022-06-23,Delivered,UPI
2770,279,2022-06-23,Delivered,Cash
1635,344,2022-06-24,Delivered,Cash
8516,248,2022-06-24,Delivered,UPI
9270,427,2022-06-24,Shipped,UPI
1610,393,2022-06-24,Delivered,Wallet
9251,552,2022-06-24,Delivered,Card
5985,296,2022-06-24,Delivered,UPI
4361,532,2022-06-24,Delivered,Net Banking
6477,360,2022-06-24,Delivered,Card
5187,231,2022-06-25,Delivered,UPI
7826,471,2022-06-25,Delivered,Net Banking
10216,441,2022-06-25,Delivered,Card
7435,216,2022-06-25,Delivered,UPI
8667,466,2022-06-26,Delivered,Card
1838,418,2022-06-26,Delivered,Card
7749,546,2022-06-27,Delivered,Net Banking
8328,182,2022-06-27,Delivered,Net Banking
3466,293,2022-06-27,Delivered,UPI
9067,249,2022-06-27,Delivered,UPI
2503,374,2022-06-28,Returned,Card
9109,367,2022-06-28,Returned,Card
3755,424,2022-06-28,Delivered,UPI
8662,152,2022-06-29,Delivered,Net Banking
1719,419,2022-06-29,Delivered,Net Banking
9732,195,2022-06-30,Delivered,UPI
8637,235,2022-06-30,Delivered,UPI
1663,217,2022-06-30,Delivered,Card
2145,395,2022-06-30,Delivered,Card
7413,152,2022-07-01,Delivered,Wallet
9674,489,2022-07-01,Cancelled,Card
10324,383,2022-07-01,Delivered,Card
1073,191,2022-07-02,Cancelled,UPI
2965,366,2022-07-02,Delivered,Card
10094,331,2022-07-03,Delivered,UPI
8183,580,2022-07-03,Cancelled,UPI
1104,156,2022-07-03,Delivered,Wallet
9432,283,2022-07-04,Delivered,Net Banking
2371,537,2022-07-04,Delivered,UPI
3605,579,2022-07-04,Delivered,Cash
4962,177,2022-07-05,Delivered,UPI
6738,401,2022-07-05,Delivered,UPI
9556,503,2022-07-05,Delivered,Card
7484,360,2022-07-05,Delivered,Card
2242,529,2022-07-06,Delivered,Wallet
8487,413,2022-07-06,Delivered,UPI
8749,284,2022-07-06,Delivered,UPI
9167,367,2022-07-06,Delivered,Card
10610,409,2022-07-07,Cancelled,UPI
8063,589,2022-07-07,Delivered,Wallet
8930,589,2022-07-09,Delivered,UPI
3693,231,2022-07-09,Delivered,UPI
8588,534,2022-07-09,Delivered,Net Banking
7831,537,2022-07-09,Delivered,Wallet
1980,381,2022-07-10,Shipped,Wallet
3329,526,2022-07-10,Delivered,Card
7259,231,2022-07-10,Delivered,UPI
3798,469,2022-07-10,Shipped,Cash
10726,149,2022-07-11,Delivered,Wallet
6568,295,2022-07-11,Delivered,Card
1604,215,2022-07-11,Delivered,UPI
1270,585,2022-07-11,Delivered,UPI
1413,147,2022-07-12,Delivered,Card
3789,148,2022-07-12,Delivered,Card
3060,286,2022-07-12,Delivered,UPI
10139,393,2022-07-12,Delivered,Wallet
1703,393,2022-07-13,Delivered,Card
1531,393,2022-07-13,Delivered,Card
2654,550,2022-07-14,Delivered,UPI
10703,286,2022-07-14,Delivered,Net Banking
6490,364,2022-07-14,Delivered,UPI
1272,500,2022-07-15,Delivered,UPI
3405,587,2022-07-15,Delivered,UPI
9221,325,2022-07-16,Shipped,UPI
3975,264,2022-07-16,Shipped,Net Banking
1661,464,2022-07-17,Delivered,UPI
5494,476,2022-07-17,Delivered,UPI
8278,199,2022-07-17,Delivered,Card
8248,470,2022-07-18,Delivered,Wallet
2301,413,2022-07-19,Delivered,Net Banking
5617,260,2022-07-19,Cancelled,Card
10274,599,2022-07-20,Delivered,Net Banking
10193,470,2022-07-20,Delivered,UPI
8817,135,2022-07-20,Delivered,Card
3208,149,2022-07-20,Delivered,UPI
1724,260,2022-07-20,Cancelled,Wallet
10904,252,2022-07-20,Delivered,UPI
3032,544,2022-07-21,Delivered,Cash
7524,580,2022-07-21,Delivered,UPI
9065,357,2022-07-21,Delivered,Wallet
5983,258,2022-07-21,Delivered,UPI
3370,232,2022-07-21,Delivered,Wallet
1147,353,2022-07-22,Delivered,Net Banking
4230,153,2022-07-22,Delivered,Card
10921,595,2022-07-22,Delivered,Card
10060,456,2022-07-22,Delivered,UPI
1428,537,2022-07-22,Delivered,Wallet
9168,192,2022-07-23,Delivered,Net Banking
8884,324,2022-07-23,Delivered,UPI
7027,579,2022-07-23,Delivered,Card
4794,462,2022-07-23,Delivered,Card
1918,482,2022-07-23,Cancelled,Card
4351,191,2022-07-23,Delivered,Cash
9389,340,2022-07-24,Delivered,UPI
7523,306,2022-07-24,Delivered,Card
10134,164,2022-07-24,Delivered,Card
2584,295,2022-07-25,Delivered,Card
6585,558,2022-07-25,Delivered,Net Banking
6989,396,2022-07-25,Delivered,Wallet
10366,207,2022-07-26,Delivered,Card
8294,315,2022-07-26,Delivered,Card
5540,283,2022-07-27,Delivered,UPI
10471,537,2022-07-27,Delivered,Wallet
8504,442,2022-07-28,Returned,Wallet
9738,401,2022-07-28,Delivered,UPI
4374,464,2022-07-28,Delivered,UPI
3916,179,2022-07-28,Delivered,UPI
3827,217,2022-07-28,Delivered,Card
8431,314,2022-07-29,Delivered,UPI
5911,449,2022-07-29,Delivered,UPI
4272,513,2022-07-29,Delivered,Cash
10761,218,2022-07-31,Delivered,Card
9715,180,2022-07-31,Delivered,UPI
5640,141,2022-07-31,Delivered,UPI
8145,264,2022-08-01,Delivered,Cash
10781,547,2022-08-01,Delivered,UPI
5387,506,2022-08-01,Delivered,Net Banking
7636,328,2022-08-01,Delivered,UPI
3892,578,2022-08-01,Delivered,UPI
6101,225,2022-08-01,Cancelled,Wallet
8975,137,2022-08-01,Delivered,Net Banking
10686,320,2022-08-02,Cancelled,UPI
8694,381,2022-08-02,Delivered,Card
10429,188,2022-08-02,Delivered,UPI
6589,329,2022-08-02,Delivered,Wallet
2447,237,2022-08-02,Delivered,Card
3780,166,2022-08-03,Delivered,Net Banking
3919,282,2022-08-03,Delivered,UPI
4710,560,2022-08-03,Returned,Card
10049,452,2022-08-03,Delivered,Card
6531,578,2022-08-03,Delivered,Card
7183,442,2022-08-03,Cancelled,Wallet
1290,271,2022-08-04,Delivered,Card
4116,508,2022-08-04,Delivered,Card
9642,233,2022-08-04,Delivered,UPI
10873,197,2022-08-05,Delivered,UPI
8208,131,2022-08-05,Delivered,Net Banking
3917,171,2022-08-05,Delivered,Card
2004,367,2022-08-05,Delivered,UPI
5371,470,2022-08-05,Delivered,UPI
10071,149,2022-08-05,Cancelled,Wallet
9165,544,2022-08-05,Delivered,Cash
6343,241,2022-08-06,Delivered,UPI
3301,493,2022-08-06,Delivered,Card
9049,270,2022-08-06,Delivered,UPI
5029,197,2022-08-06,Delivered,Card
1840,441,2022-08-06,Delivered,Net Banking
8414,377,2022-08-06,Delivered,Cash
2897,221,2022-08-07,Cancelled,Card
1487,563,2022-08-08,Delivered,Wallet
6581,250,2022-08-08,Delivered,Card
3140,240,2022-08-08,Delivered,Card
4480,150,2022-08-08,Delivered,Card
8251,198,2022-08-08,Delivered,Card
3111,222,2022-08-09,Delivered,UPI
4425,409,2022-08-09,Cancelled,UPI
9390,136,2022-08-09,Delivered,UPI
1199,153,2022-08-09,Delivered,Card
10490,154,2022-08-10,Delivered,Card
3694,576,2022-08-11,Delivered,UPI
2140,204,2022-08-11,Delivered,UPI
6041,141,2022-08-11,Shipped,UPI
10344,180,2022-08-12,Delivered,Cash
2346,364,2022-08-12,Delivered,Card
1478,595,2022-08-12,Delivered,UPI
5858,304,2022-08-13,Delivered,UPI
6162,553,2022-08-13,Delivered,UPI
6211,129,2022-08-14,Delivered,Cash
8440,344,2022-08-14,Delivered,Card
8790,221,2022-08-14,Delivered,Card
8973,432,2022-08-14,Delivered,Cash
7037,284,2022-08-14,Delivered,UPI
6138,119,2022-08-14,Delivered,Net Banking
3350,117,2022-08-14,Delivered,UPI
4481,552,2022-08-15,Delivered,UPI
3936,574,2022-08-15,Delivered,UPI
5456,180,2022-08-15,Delivered,Cash
2089,448,2022-08-16,Delivered,UPI
8532,358,2022-08-16,Delivered,UPI
10407,222,2022-08-18,Delivered,Wallet
9213,374,2022-08-18,Delivered,Card
2499,590,2022-08-18,Delivered,UPI
6099,282,2022-08-19,Cancelled,Net Banking
1041,526,2022-08-19,Delivered,UPI
2278,482,2022-08-19,Delivered,Card
3862,535,2022-08-19,Delivered,UPI
4727,201,2022-08-19,Delivered,Card
5204,509,2022-08-19,Delivered,Wallet
6913,442,2022-08-20,Delivered,Wallet
9744,170,2022-08-20,Delivered,Wallet
3257,489,2022-08-21,Delivered,Wallet
7808,314,2022-08-21,Shipped,UPI
5880,553,2022-08-21,Delivered,Card
4326,266,2022-08-22,Delivered,UPI
4840,500,2022-08-22,Delivered,UPI
5597,560,2022-08-22,Delivered,UPI
6555,232,2022-08-22,Returned,Wallet
9348,133,2022-08-22,Delivered,Net Banking
10468,397,2022-08-22,Delivered,Wallet
4799,222,2022-08-22,Returned,Card
9822,532,2022-08-22,Delivered,Net Banking
10749,406,2022-08-22,Delivered,UPI
6578,307,2022-08-23,Delivered,Cash
7033,383,2022-08-23,Delivered,Net Banking
4400,324,2022-08-23,Delivered,Card
7232,320,2022-08-23,Delivered,Card
4970,264,2022-08-23,Delivered,Card
4961,157,2022-08-24,Delivered,Wallet
3161,456,2022-08-24,Delivered,UPI
8418,582,2022-08-24,Shipped,Wallet
10442,198,2022-08-25,Delivered,UPI
7319,368,2022-08-25,Delivered,UPI
8982,221,2022-08-25,Delivered,Card
7143,579,2022-08-26,Delivered,Net Banking
4432,581,2022-08-26,Delivered,Card
8881,275,2022-08-26,Delivered,Cash
6186,264,2022-08-27,Delivered,Net Banking
8413,558,2022-08-28,Delivered,Card
6954,442,2022-08-28,Delivered,UPI
7880,406,2022-08-28,Delivered,UPI
1470,231,2022-08-29,Delivered,Wallet
6786,409,2022-08-29,Delivered,UPI
10013,264,2022-08-30,Delivered,UPI
7965,283,2022-08-30,Delivered,Net Banking
7045,304,2022-08-31,Delivered,Wallet
3243,250,2022-08-31,Cancelled,Net Banking
2417,549,2022-08-31,Delivered,Card
10459,562,2022-09-01,Delivered,Wallet
6264,482,2022-09-01,Delivered,Card
10890,254,2022-09-02,Delivered,UPI
1955,174,2022-09-02,Delivered,Card
6145,223,2022-09-02,Delivered,UPI
2153,312,2022-09-02,Delivered,Wallet
3952,286,2022-09-03,Delivered,Card
6530,447,2022-09-03,Delivered,UPI
1605,228,2022-09-03,Cancelled,Wallet
7490,241,2022-09-03,Delivered,UPI
10321,275,2022-09-04,Delivered,Cash
7599,524,2022-09-04,Delivered,Cash
8250,170,2022-09-04,Delivered,UPI
7128,218,2022-09-04,Delivered,Card
3910,456,2022-09-05,Cancelled,UPI
2748,225,2022-09-05,Delivered,Wallet
8614,456,2022-09-05,Delivered,Wallet
4108,427,2022-09-05,Delivered,Card
8266,307,2022-09-07,Delivered,Card
5641,504,2022-09-08,Delivered,Card
7648,417,2022-09-08,Delivered,Card
4593,432,2022-09-08,Delivered,Net Banking
2753,146,2022-09-09,Delivered,Card
10104,290,2022-09-09,Delivered,Cash
7919,434,2022-09-09,Delivered,Net Banking
5999,479,2022-09-09,Delivered,Card
6487,324,2022-09-10,Delivered,Card
7565,128,2022-09-10,Delivered,Card
2871,553,2022-09-10,Delivered,Card
1355,156,2022-09-10,Delivered,UPI
8863,578,2022-09-10,Delivered,UPI
2385,360,2022-09-11,Delivered,UPI
9498,304,2022-09-11,Delivered,UPI
1051,498,2022-09-11,Delivered,Card
9316,253,2022-09-11,Delivered,UPI
6098,180,2022-09-11,Shipped,Card
3675,534,2022-09-11,Delivered,UPI
3966,413,2022-09-12,Delivered,Card
2458,334,2022-09-13,Delivered,UPI
1615,481,2022-09-13,Delivered,Card
2615,341,2022-09-13,Delivered,UPI
4470,595,2022-09-14,Delivered,Card
3214,312,2022-09-14,Delivered,Card
7327,581,2022-09-15,Delivered,UPI
9844,191,2022-09-15,Delivered,Net Banking
3059,343,2022-09-15,Delivered,Net Banking
1893,219,2022-09-16,Delivered,Cash
10725,217,2022-09-16,Delivered,Cash
6973,134,2022-09-16,Delivered,Wallet
4982,320,2022-09-16,Delivered,Wallet
3476,548,2022-09-16,Delivered,Card
10479,539,2022-09-17,Delivered,UPI
10647,462,2022-09-17,Delivered,Wallet
8896,116,2022-09-18,Delivered,UPI
4600,233,2022-09-18,Delivered,Card
8699,424,2022-09-18,Delivered,Card
5783,550,2022-09-19,Delivered,Cash
1845,597,2022-09-20,Delivered,UPI
6053,288,2022-09-20,Delivered,Net Banking
9108,449,2022-09-20,Shipped,UPI
3787,553,2022-09-20,Delivered,Net Banking
3951,404,2022-09-20,Delivered,Wallet
5198,249,2022-09-20,Delivered,Cash
1696,367,2022-09-21,Cancelled,Wallet
3958,219,2022-09-21,Delivered,Cash
6975,482,2022-09-22,Delivered,Wallet
2488,492,2022-09-22,Delivered,Card
5083,424,2022-09-23,Delivered,Cash
4941,326,2022-09-23,Delivered,UPI
8939,591,2022-09-23,Delivered,UPI
10196,312,2022-09-24,Delivered,UPI
7571,366,2022-09-24,Delivered,Card
7469,400,2022-09-24,Delivered,UPI
3943,119,2022-09-24,Delivered,UPI
5984,525,2022-09-24,Delivered,UPI
3189,429,2022-09-25,Shipped,UPI
4759,295,2022-09-25,Shipped,Cash
6802,292,2022-09-25,Delivered,Net Banking
8330,196,2022-09-26,Delivered,Card
5658,285,2022-09-26,Delivered,Card
9704,368,2022-09-27,Delivered,Card
10898,545,2022-09-27,Delivered,Cash
2870,457,2022-09-28,Delivered,Card
4595,356,2022-09-28,Delivered,Card
3613,434,2022-09-28,Delivered,UPI
4155,413,2022-09-28,Delivered,UPI
6450,381,2022-09-29,Delivered,Cash
2152,583,2022-09-29,Delivered,Card
6372,216,2022-09-29,Delivered,Card
6219,260,2022-09-29,Delivered,Wallet
6367,329,2022-10-01,Delivered,Card
3169,580,2022-10-02,Delivered,UPI
4231,323,2022-10-03,Delivered,Net Banking
3749,590,2022-10-03,Delivered,Card
4163,194,2022-10-04,Delivered,Card
6953,573,2022-10-04,Delivered,Net Banking
5832,597,2022-10-05,Cancelled,UPI
2182,110,2022-10-06,Delivered,Card
9107,157,2022-10-06,Delivered,Cash
7458,196,2022-10-06,Delivered,Wallet
10306,258,2022-10-06,Delivered,UPI
3502,341,2022-10-07,Delivered,UPI
8780,124,2022-10-08,Delivered,UPI
9620,165,2022-10-08,Delivered,Cash
4852,399,2022-10-09,Delivered,Card
8960,497,2022-10-09,Delivered,Card
2778,532,2022-10-09,Delivered,Net Banking
2979,573,2022-10-09,Shipped,Wallet
6557,533,2022-10-09,Cancelled,UPI
4284,471,2022-10-10,Delivered,Cash
1244,305,2022-10-10,Delivered,Net Banking
5294,165,2022-10-10,Delivered,Wallet
1521,452,2022-10-11,Delivered,UPI
7783,199,2022-10-11,Delivered,Card
2459,395,2022-10-11,Delivered,Net Banking
1148,252,2022-10-12,Delivered,UPI
4273,235,2022-10-12,Delivered,Net Banking
4263,470,2022-10-12,Delivered,Wallet
6740,537,2022-10-13,Delivered,UPI
5627,513,2022-10-13,Delivered,UPI
7367,384,2022-10-14,Delivered,UPI
10816,493,2022-10-14,Delivered,UPI
10089,432,2022-10-14,Delivered,Wallet
9175,253,2022-10-14,Delivered,Card
6560,234,2022-10-14,Delivered,Card
7448,149,2022-10-15,Delivered,UPI
5171,328,2022-10-15,Delivered,UPI
10562,544,2022-10-16,Delivered,Card
10259,476,2022-10-16,Delivered,UPI
10513,588,2022-10-16,Delivered,Card
9189,215,2022-10-16,Delivered,Wallet
7465,292,2022-10-16,Delivered,Cash
3289,314,2022-10-16,Delivered,Net Banking
3534,475,2022-10-16,Delivered,UPI
2614,434,2022-10-17,Cancelled,Card
10403,573,2022-10-17,Delivered,UPI
3709,244,2022-10-18,Delivered,Net Banking
9185,276,2022-10-18,Delivered,Cash
6605,277,2022-10-19,Delivered,Card
9341,324,2022-10-19,Delivered,UPI
3537,183,2022-10-19,Delivered,Card
10161,353,2022-10-19,Delivered,Card
2197,210,2022-10-19,Returned,Cash
6706,203,2022-10-20,Delivered,Cash
7858,320,2022-10-20,Delivered,Cash
3770,356,2022-10-20,Delivered,Card
1789,331,2022-10-20,Delivered,UPI
2101,152,2022-10-20,Delivered,Cash
2456,356,2022-10-20,Delivered,Cash
4856,193,2022-10-21,Delivered,UPI
3339,480,2022-10-21,Delivered,UPI
2398,562,2022-10-21,Delivered,Cash
7034,188,2022-10-22,Delivered,Cash
6230,556,2022-10-22,Delivered,Wallet
8478,578,2022-10-22,Delivered,Card
1462,427,2022-10-22,Delivered,Net Banking
4835,504,2022-10-23,Delivered,Net Banking
10441,123,2022-10-23,Delivered,Wallet
1894,504,2022-10-23,Delivered,UPI
2642,288,2022-10-23,Delivered,Net Banking
8501,162,2022-10-24,Delivered,Card
7881,199,2022-10-24,Delivered,UPI
4538,149,2022-10-25,Delivered,Net Banking
10365,547,2022-10-25,Delivered,Card
4680,345,2022-10-25,Delivered,Cash
7137,374,2022-10-25,Delivered,Net Banking
4280,114,2022-10-26,Delivered,Net Banking
9933,341,2022-10-27,Delivered,Cash
10137,207,2022-10-27,Delivered,Wallet
4891,257,2022-10-27,Delivered,Net Banking
8179,456,2022-10-28,Delivered,Card
5695,235,2022-10-29,Delivered,Net Banking
5681,431,2022-10-29,Delivered,UPI
3896,322,2022-10-29,Delivered,UPI
8137,557,2022-10-29,Delivered,Wallet
7529,130,2022-10-29,Cancelled,Card
4986,343,2022-10-30,Delivered,Card
9134,533,2022-10-30,Delivered,UPI
10185,228,2022-10-30,Delivered,Net Banking
1200,576,2022-10-31,Delivered,Cash
10958,303,2022-10-31,Delivered,Card
9976,221,2022-10-31,Delivered,UPI
1352,380,2022-10-31,Delivered,Card
4602,149,2022-11-01,Delivered,Net Banking
6115,497,2022-11-01,Returned,Card
8937,552,2022-11-01,Cancelled,Net Banking
3666,123,2022-11-01,Delivered,UPI
7258,110,2022-11-01,Delivered,Card
9309,283,2022-11-02,Delivered,UPI
3628,574,2022-11-02,Delivered,Card
5070,403,2022-11-02,Shipped,Card
8421,301,2022-11-02,Cancelled,Cash
5231,154,2022-11-03,Delivered,Cash
2395,364,2022-11-03,Delivered,UPI
2256,600,2022-11-04,Delivered,Card
6808,582,2022-11-04,Cancelled,Card
1705,580,2022-11-04,Delivered,UPI
4048,568,2022-11-05,Delivered,Card
8935,324,2022-11-05,Delivered,UPI
9146,196,2022-11-05,Delivered,UPI
9953,294,2022-11-06,Delivered,Card
5611,363,2022-11-06,Delivered,UPI
6569,122,2022-11-06,Delivered,Cash
4131,119,2022-11-07,Shipped,Card
5560,148,2022-11-07,Delivered,UPI
10086,500,2022-11-07,Delivered,Card
3076,533,2022-11-07,Delivered,UPI
9218,374,2022-11-08,Delivered,Cash
10811,590,2022-11-09,Delivered,UPI
8242,461,2022-11-09,Delivered,UPI
3691,537,2022-11-09,Delivered,UPI
6858,417,2022-11-09,Delivered,Wallet
1558,344,2022-11-09,Delivered,Card
1257,183,2022-11-10,Delivered,UPI
3686,118,2022-11-11,Delivered,Wallet
6910,296,2022-11-11,Delivered,Card
7457,306,2022-11-11,Cancelled,Net Banking
3119,447,2022-11-11,Delivered,UPI
5587,254,2022-11-11,Delivered,Net Banking
6993,322,2022-11-12,Shipped,Card
4279,322,2022-11-12,Delivered,Wallet
7005,467,2022-11-13,Returned,Net Banking
9326,579,2022-11-13,Cancelled,UPI
1318,183,2022-11-13,Delivered,Wallet
8785,478,2022-11-13,Delivered,Card
10989,366,2022-11-14,Delivered,Card
5388,558,2022-11-14,Delivered,Card
4859,573,2022-11-15,Delivered,Card
9201,534,2022-11-16,Delivered,Card
4237,146,2022-11-16,Delivered,UPI
3526,244,2022-11-17,Delivered,Wallet
9377,114,2022-11-17,Delivered,Net Banking
5445,159,2022-11-18,Delivered,Card
9946,367,2022-11-19,Delivered,UPI
4916,222,2022-11-19,Delivered,UPI
3272,537,2022-11-19,Delivered,Net Banking
2531,334,2022-11-19,Delivered,Card
4816,533,2022-11-19,Delivered,Wallet
5675,432,2022-11-19,Delivered,Cash
3978,228,2022-11-20,Delivered,Card
10709,388,2022-11-20,Delivered,Card
9824,570,2022-11-21,Delivered,UPI
3166,315,2022-11-21,Delivered,UPI
2598,130,2022-11-21,Delivered,UPI
5939,162,2022-11-21,Delivered,UPI
3034,328,2022-11-22,Delivered,Card
2414,123,2022-11-22,Delivered,Card
3046,180,2022-11-22,Shipped,Card
3127,364,2022-11-23,Delivered,Cash
6247,237,2022-11-23,Delivered,UPI
9378,177,2022-11-23,Cancelled,Wallet
10560,338,2022-11-24,Delivered,Card
2962,470,2022-11-24,Delivered,Cash
1917,132,2022-11-24,Shipped,UPI
7961,275,2022-11-24,Delivered,Wallet
2909,499,2022-11-25,Delivered,UPI
6142,585,2022-11-25,Delivered,Cash
8947,481,2022-11-25,Shipped,Card
1751,581,2022-11-25,Cancelled,Card
9237,166,2022-11-25,Delivered,UPI
7780,475,2022-11-25,Delivered,Card
4228,341,2022-11-25,Delivered,UPI
10538,500,2022-11-25,Delivered,Wallet
10799,137,2022-11-26,Delivered,Cash
6326,486,2022-11-26,Delivered,UPI
2279,499,2022-11-27,Delivered,Card
8295,165,2022-11-27,Shipped,Card
1052,396,2022-11-27,Delivered,Cash
2776,160,2022-11-28,Delivered,Cash
5950,364,2022-11-28,Delivered,Card
4149,556,2022-11-29,Delivered,Cash
7452,162,2022-11-29,Delivered,Cash
5593,561,2022-11-29,Cancelled,UPI
9859,547,2022-11-30,Delivered,UPI
4694,494,2022-12-01,Delivered,Net Banking
8874,212,2022-12-01,Delivered,UPI
4580,140,2022-12-01,Delivered,Card
7485,430,2022-12-02,Shipped,UPI
10463,265,2022-12-02,Delivered,UPI
3315,568,2022-12-02,Delivered,UPI
2644,338,2022-12-02,Delivered,Net Banking
9610,578,2022-12-02,Delivered,Net Banking
7283,561,2022-12-02,Delivered,Net Banking
8281,358,2022-12-02,Cancelled,UPI
3902,326,2022-12-03,Delivered,UPI
8653,573,2022-12-03,Returned,UPI
4369,571,2022-12-04,Delivered,Card
8514,556,2022-12-04,Delivered,Card
3835,266,2022-12-05,Shipped,Card
1651,290,2022-12-05,Delivered,Card
9736,290,2022-12-05,Delivered,Net Banking
10759,253,2022-12-05,Shipped,Cash
1646,322,2022-12-05,Delivered,UPI
6141,301,2022-12-06,Delivered,Wallet
3869,118,2022-12-07,Delivered,UPI
4011,246,2022-12-07,Delivered,UPI
3191,356,2022-12-07,Delivered,Cash
7123,400,2022-12-07,Delivered,Card
6649,344,2022-12-07,Delivered,Net Banking
1782,305,2022-12-07,Delivered,Wallet
7157,367,2022-12-07,Delivered,Card
4683,507,2022-12-08,Delivered,Card
5964,350,2022-12-09,Delivered,Wallet
9863,576,2022-12-10,Delivered,Wallet
1849,252,2022-12-10,Delivered,Net Banking
8098,393,2022-12-10,Delivered,UPI
2112,417,2022-12-11,Delivered,UPI
3813,295,2022-12-11,Delivered,Wallet
1830,197,2022-12-11,Cancelled,Net Banking
5763,252,2022-12-12,Delivered,UPI
3924,142,2022-12-13,Delivered,Net Banking
3717,218,2022-12-13,Delivered,UPI
2226,497,2022-12-13,Delivered,Net Banking
9186,338,2022-12-13,Delivered,UPI
7714,366,2022-12-14,Delivered,Net Banking
3255,110,2022-12-14,Delivered,Card
2333,545,2022-12-14,Delivered,Wallet
3012,363,2022-12-14,Shipped,UPI
4093,202,2022-12-15,Delivered,Wallet
6011,437,2022-12-15,Delivered,Cash
4906,166,2022-12-15,Delivered,Card
8365,204,2022-12-16,Delivered,Card
2050,338,2022-12-16,Delivered,Wallet
9259,395,2022-12-17,Delivered,Cash
6776,294,2022-12-17,Cancelled,Card
5735,228,2022-12-17,Delivered,UPI
3761,207,2022-12-18,Delivered,Card
6788,497,2022-12-21,Delivered,Cash
1598,265,2022-12-21,Delivered,Cash
1852,254,2022-12-22,Delivered,UPI
9872,162,2022-12-22,Delivered,UPI
5324,145,2022-12-22,Delivered,Card
4316,536,2022-12-22,Shipped,UPI
8734,406,2022-12-23,Delivered,Cash
3700,170,2022-12-23,Delivered,Net Banking
1230,447,2022-12-23,Delivered,UPI
10421,419,2022-12-23,Delivered,Cash
10293,583,2022-12-23,Returned,Card
6298,457,2022-12-24,Delivered,Net Banking
4402,553,2022-12-24,Delivered,UPI
7442,271,2022-12-24,Delivered,Card
3036,470,2022-12-24,Delivered,Card
6658,288,2022-12-24,Delivered,Card
9986,154,2022-12-25,Delivered,Cash
10563,168,2022-12-25,Delivered,UPI
9686,258,2022-12-25,Delivered,Cash
2022,404,2022-12-26,Delivered,UPI
7854,290,2022-12-26,Delivered,Card
5827,340,2022-12-26,Delivered,UPI
7574,539,2022-12-26,Delivered,UPI
6471,486,2022-12-26,Delivered,UPI
7305,363,2022-12-26,Delivered,Net Banking
1404,150,2022-12-26,Shipped,Cash
3643,221,2022-12-26,Delivered,UPI
9644,325,2022-12-26,Delivered,UPI
6550,397,2022-12-26,Shipped,Net Banking
3077,478,2022-12-27,Delivered,Wallet
10233,306,2022-12-27,Delivered,Net Banking
5834,474,2022-12-27,Delivered,UPI
5869,527,2022-12-27,Delivered,Net Banking
9641,249,2022-12-27,Cancelled,UPI
7231,527,2022-12-28,Delivered,UPI
1351,537,2022-12-28,Returned,UPI
1205,474,2022-12-29,Returned,Cash
8020,124,2022-12-29,Delivered,UPI
5764,222,2022-12-29,Delivered,Card
1315,202,2022-12-29,Delivered,Card
5703,384,2022-12-29,Returned,Card
10227,506,2022-12-30,Delivered,UPI
7871,533,2022-12-30,Cancelled,Net Banking
4935,544,2022-12-30,Delivered,Card
6197,526,2022-12-30,Delivered,Card
7978,515,2022-12-30,Delivered,Wallet
1425,597,2022-12-31,Delivered,UPI
8350,272,2022-12-31,Delivered,UPI
6831,272,2022-12-31,Delivered,UPI
6725,476,2022-12-31,Delivered,Cash
4187,272,2022-12-31,Delivered,UPI
4040,456,2022-12-31,Delivered,Net Banking
2838,589,2022-12-31,Delivered,UPI
10820,272,2022-12-31,Delivered,UPI
8519,272,2022-12-31,Delivered,Wallet
5408,461,2023-01-01,Delivered,UPI
3577,513,2023-01-02,Delivered,UPI
6715,554,2023-01-02,Delivered,Cash
10488,368,2023-01-02,Delivered,UPI
10159,201,2023-01-03,Delivered,UPI
8333,472,2023-01-03,Delivered,UPI
2228,222,2023-01-03,Delivered,UPI
8460,430,2023-01-04,Delivered,Card
10902,222,2023-01-07,Delivered,Card
9327,210,2023-01-08,Delivered,UPI
6546,249,2023-01-08,Shipped,Card
2619,471,2023-01-08,Delivered,Net Banking
1643,345,2023-01-08,Delivered,UPI
3986,553,2023-01-08,Delivered,UPI
6358,479,2023-01-08,Delivered,Card
10798,395,2023-01-09,Delivered,Card
8110,585,2023-01-09,Delivered,Cash
8247,403,2023-01-09,Delivered,Card
8047,315,2023-01-10,Delivered,UPI
8595,196,2023-01-11,Delivered,UPI
2600,394,2023-01-11,Delivered,UPI
7911,513,2023-01-11,Delivered,Card
4336,471,2023-01-11,Delivered,UPI
8158,184,2023-01-11,Delivered,UPI
6995,529,2023-01-12,Delivered,UPI
2522,587,2023-01-12,Delivered,Card
6577,430,2023-01-12,Delivered,UPI
2292,171,2023-01-12,Delivered,Card
10088,583,2023-01-12,Shipped,Card
8834,252,2023-01-12,Delivered,UPI
6823,597,2023-01-12,Delivered,Card
9640,341,2023-01-13,Delivered,UPI
9507,252,2023-01-13,Delivered,UPI
3222,406,2023-01-13,Delivered,Net Banking
7300,390,2023-01-14,Cancelled,Card
9269,124,2023-01-14,Delivered,UPI
4665,119,2023-01-14,Delivered,UPI
3645,535,2023-01-14,Delivered,Wallet
4613,162,2023-01-15,Delivered,UPI
3959,395,2023-01-15,Delivered,UPI
2211,411,2023-01-15,Returned,Card
6144,199,2023-01-15,Delivered,Card
3150,188,2023-01-16,Delivered,UPI
9086,202,2023-01-16,Shipped,Wallet
6433,570,2023-01-16,Delivered,Card
5840,405,2023-01-17,Delivered,Card
7651,564,2023-01-17,Delivered,UPI
3625,221,2023-01-18,Shipped,UPI
10212,532,2023-01-18,Delivered,Card
10266,366,2023-01-18,Delivered,UPI
8398,312,2023-01-18,Delivered,UPI
2409,394,2023-01-18,Delivered,UPI
7082,268,2023-01-19,Delivered,Card
6410,270,2023-01-21,Delivered,Card
3595,500,2023-01-21,Delivered,Card
7727,461,2023-01-21,Delivered,UPI
6972,203,2023-01-22,Delivered,Net Banking
7679,250,2023-01-22,Delivered,Card
10427,133,2023-01-23,Delivered,UPI
6751,152,2023-01-23,Cancelled,Card
5550,476,2023-01-24,Delivered,Wallet
1801,198,2023-01-25,Delivered,UPI
8353,580,2023-01-25,Delivered,UPI
5429,456,2023-01-25,Delivered,UPI
2343,299,2023-01-25,Delivered,UPI
9694,381,2023-01-26,Delivered,UPI
10556,315,2023-01-26,Delivered,Card
2706,170,2023-01-26,Delivered,UPI
7478,363,2023-01-27,Delivered,UPI
7959,192,2023-01-27,Delivered,Wallet
5320,568,2023-01-27,Delivered,Card
3797,157,2023-01-27,Delivered,UPI
1582,133,2023-01-27,Delivered,UPI
10872,479,2023-01-27,Delivered,UPI
9962,109,2023-01-27,Delivered,UPI
9626,580,2023-01-27,Delivered,UPI
1275,340,2023-01-28,Delivered,Card
1415,534,2023-01-28,Delivered,UPI
8361,354,2023-01-28,Delivered,Net Banking
6254,500,2023-01-28,Delivered,Wallet
6496,328,2023-01-29,Delivered,Card
9813,358,2023-01-29,Delivered,Card
4250,547,2023-01-29,Delivered,Wallet
1887,271,2023-01-29,Delivered,UPI
7020,600,2023-01-30,Delivered,UPI
2047,315,2023-01-30,Delivered,UPI
2675,258,2023-01-30,Delivered,UPI
3403,123,2023-01-30,Delivered,Cash
8387,582,2023-01-30,Shipped,UPI
8244,552,2023-01-30,Delivered,Card
5372,203,2023-01-31,Delivered,Card
5876,183,2023-01-31,Delivered,UPI
3880,241,2023-02-01,Delivered,Cash
10254,550,2023-02-01,Delivered,UPI
10329,450,2023-02-01,Delivered,Cash
2492,137,2023-02-02,Delivered,UPI
9117,467,2023-02-03,Delivered,UPI
10844,489,2023-02-03,Delivered,Cash
8286,476,2023-02-03,Delivered,Card
8739,122,2023-02-03,Delivered,UPI
10170,248,2023-02-04,Delivered,UPI
3937,304,2023-02-04,Delivered,UPI
7214,366,2023-02-04,Delivered,Wallet
5796,462,2023-02-05,Delivered,UPI
6465,307,2023-02-05,Delivered,Card
10412,418,2023-02-06,Delivered,Card
6039,554,2023-02-06,Delivered,Card
10757,441,2023-02-07,Delivered,UPI
4092,563,2023-02-08,Delivered,UPI
1014,231,2023-02-08,Delivered,Cash
1825,360,2023-02-08,Delivered,Wallet
6607,280,2023-02-09,Delivered,UPI
1974,353,2023-02-09,Delivered,Card
6565,110,2023-02-09,Returned,UPI
1084,568,2023-02-09,Delivered,Card
3762,207,2023-02-10,Delivered,Card
4553,149,2023-02-10,Delivered,Card
7973,295,2023-02-10,Delivered,Card
2751,272,2023-02-11,Delivered,UPI
8379,380,2023-02-11,Shipped,UPI
5418,592,2023-02-11,Delivered,Card
7244,150,2023-02-11,Delivered,UPI
5578,467,2023-02-12,Shipped,Wallet
10775,216,2023-02-12,Delivered,Cash
7689,591,2023-02-12,Delivered,Card
2318,196,2023-02-12,Delivered,UPI
7528,322,2023-02-13,Delivered,Card
1400,237,2023-02-13,Delivered,Card
3068,327,2023-02-13,Delivered,Card
5078,353,2023-02-14,Delivered,UPI
5337,486,2023-02-14,Delivered,Cash
4947,520,2023-02-14,Delivered,Card
1821,377,2023-02-15,Cancelled,Net Banking
4072,240,2023-02-15,Delivered,UPI
7659,552,2023-02-16,Delivered,Card
1344,240,2023-02-16,Returned,Cash
6768,270,2023-02-16,Delivered,Cash
9340,195,2023-02-16,Delivered,UPI
5659,346,2023-02-16,Delivered,Card
4207,472,2023-02-17,Delivered,UPI
5639,573,2023-02-17,Delivered,Net Banking
3485,193,2023-02-17,Delivered,Card
8363,354,2023-02-17,Delivered,Net Banking
5972,549,2023-02-18,Delivered,Card
4441,439,2023-02-18,Delivered,Card
4478,262,2023-02-18,Delivered,Wallet
1553,117,2023-02-18,Cancelled,Cash
3341,135,2023-02-19,Delivered,UPI
9421,529,2023-02-19,Delivered,Card
3809,249,2023-02-19,Delivered,UPI
4790,493,2023-02-20,Delivered,UPI
5004,147,2023-02-21,Delivered,Cash
2766,513,2023-02-22,Delivered,Net Banking
6191,286,2023-02-22,Shipped,Card
9183,563,2023-02-23,Delivered,UPI
5865,574,2023-02-23,Cancelled,UPI
7603,486,2023-02-23,Delivered,UPI
9623,193,2023-02-23,Delivered,Card
9304,409,2023-02-25,Delivered,UPI
5043,539,2023-02-26,Delivered,Card
7948,292,2023-02-26,Delivered,Card
10141,156,2023-02-26,Delivered,Card
8157,417,2023-02-27,Delivered,Card
5460,142,2023-02-27,Delivered,Card
5022,486,2023-02-27,Delivered,UPI
10588,411,2023-02-27,Delivered,Card
9178,397,2023-02-28,Cancelled,Wallet
2344,129,2023-02-28,Delivered,UPI
2896,218,2023-03-01,Shipped,UPI
4125,427,2023-03-01,Delivered,UPI
10130,246,2023-03-01,Delivered,UPI
6620,114,2023-03-02,Delivered,Net Banking
8277,507,2023-03-02,Delivered,Card
8173,341,2023-03-02,Delivered,Net Banking
8406,573,2023-03-03,Delivered,Net Banking
4849,314,2023-03-04,Delivered,Wallet
8799,437,2023-03-04,Delivered,UPI
3614,551,2023-03-04,Delivered,Net Banking
7096,583,2023-03-05,Delivered,UPI
4371,241,2023-03-05,Delivered,Wallet
2272,418,2023-03-05,Delivered,UPI
7142,441,2023-03-05,Delivered,UPI
6364,571,2023-03-05,Delivered,UPI
5843,526,2023-03-06,Cancelled,Card
5059,286,2023-03-06,Delivered,Card
6895,154,2023-03-07,Cancelled,UPI
5104,265,2023-03-08,Delivered,Net Banking
5325,234,2023-03-08,Shipped,Card
6217,597,2023-03-08,Delivered,Net Banking
7738,231,2023-03-09,Delivered,Wallet
8464,305,2023-03-09,Delivered,Net Banking
10244,135,2023-03-09,Delivered,UPI
6894,212,2023-03-10,Delivered,Net Banking
1803,402,2023-03-11,Delivered,Cash
10119,563,2023-03-11,Delivered,UPI
10694,493,2023-03-12,Delivered,UPI
10491,219,2023-03-12,Delivered,Net Banking
6497,411,2023-03-12,Delivered,Card
7594,526,2023-03-13,Shipped,Card
9207,174,2023-03-14,Delivered,Card
10689,314,2023-03-16,Returned,UPI
1767,225,2023-03-16,Delivered,UPI
4549,527,2023-03-17,Delivered,Card
7815,151,2023-03-17,Delivered,Net Banking
6681,207,2023-03-18,Delivered,Card
8767,244,2023-03-19,Delivered,Cash
4319,482,2023-03-19,Returned,Wallet
1786,262,2023-03-19,Delivered,UPI
6567,585,2023-03-19,Delivered,Card
7350,470,2023-03-20,Delivered,Cash
3145,367,2023-03-20,Shipped,UPI
5072,343,2023-03-20,Delivered,Wallet
5018,466,2023-03-21,Delivered,UPI
2579,437,2023-03-22,Shipped,UPI
3637,229,2023-03-22,Delivered,UPI
8522,231,2023-03-22,Delivered,Card
4457,556,2023-03-22,Cancelled,Net Banking
2219,456,2023-03-22,Delivered,UPI
3229,408,2023-03-23,Delivered,Wallet
8578,279,2023-03-23,Delivered,Wallet
7023,275,2023-03-23,Delivered,Card
8448,260,2023-03-23,Delivered,Card
7635,265,2023-03-24,Shipped,UPI
2416,122,2023-03-24,Delivered,Cash
3792,595,2023-03-24,Shipped,UPI
2312,268,2023-03-24,Delivered,Card
9537,474,2023-03-24,Delivered,Card
3054,570,2023-03-25,Delivered,UPI
9289,219,2023-03-26,Delivered,UPI
10948,130,2023-03-26,Delivered,Net Banking
9887,387,2023-03-27,Delivered,UPI
8646,534,2023-03-27,Delivered,UPI
2054,268,2023-03-27,Returned,Wallet
2581,270,2023-03-28,Delivered,Card
5435,262,2023-03-28,Delivered,Card
9253,334,2023-03-28,Cancelled,UPI
7971,122,2023-03-29,Delivered,Cash
3604,258,2023-03-29,Delivered,Wallet
8551,526,2023-03-29,Delivered,Net Banking
1679,552,2023-03-29,Delivered,Card
9521,412,2023-03-29,Delivered,UPI
3720,276,2023-03-30,Delivered,Card
10281,162,2023-03-30,Delivered,UPI
5777,273,2023-03-30,Delivered,Card
7927,294,2023-03-31,Returned,Wallet
1970,585,2023-04-01,Delivered,Net Banking
4590,340,2023-04-01,Delivered,UPI
3288,142,2023-04-02,Delivered,UPI
7292,468,2023-04-02,Delivered,UPI
10207,118,2023-04-02,Delivered,Net Banking
1774,497,2023-04-02,Delivered,Card
3884,529,2023-04-02,Returned,Net Banking
8289,164,2023-04-02,Delivered,UPI
10169,492,2023-04-03,Delivered,Card
9511,562,2023-04-04,Delivered,UPI
1533,537,2023-04-04,Cancelled,UPI
9081,250,2023-04-05,Delivered,UPI
3139,471,2023-04-05,Delivered,Card
7996,216,2023-04-05,Delivered,UPI
9140,133,2023-04-05,Delivered,Cash
5390,372,2023-04-05,Delivered,Cash
5724,299,2023-04-06,Delivered,Wallet
4630,523,2023-04-06,Delivered,UPI
7229,553,2023-04-07,Delivered,UPI
10301,520,2023-04-07,Delivered,Card
4924,194,2023-04-07,Delivered,UPI
5341,262,2023-04-07,Delivered,Net Banking
2861,526,2023-04-08,Delivered,Card
10176,590,2023-04-08,Delivered,Card
2692,431,2023-04-09,Delivered,Card
2830,296,2023-04-09,Shipped,UPI
1875,212,2023-04-09,Delivered,UPI
1720,368,2023-04-09,Returned,Card
10880,215,2023-04-09,Delivered,UPI
1248,122,2023-04-09,Delivered,UPI
6748,170,2023-04-09,Delivered,UPI
1557,497,2023-04-10,Returned,UPI
10762,489,2023-04-10,Delivered,UPI
7530,513,2023-04-10,Delivered,UPI
8404,156,2023-04-10,Delivered,UPI
3407,589,2023-04-11,Delivered,Net Banking
8116,493,2023-04-11,Delivered,UPI
10400,167,2023-04-11,Delivered,Card
8124,474,2023-04-11,Delivered,Net Banking
3708,561,2023-04-12,Delivered,UPI
9829,564,2023-04-12,Cancelled,UPI
6484,591,2023-04-12,Delivered,Card
1095,595,2023-04-12,Delivered,Cash
10977,374,2023-04-13,Delivered,Card
4135,419,2023-04-13,Delivered,Cash
6439,449,2023-04-13,Delivered,Net Banking
1282,346,2023-04-13,Delivered,Card
8546,546,2023-04-13,Delivered,Cash
9070,158,2023-04-14,Delivered,UPI
5626,357,2023-04-15,Delivered,UPI
1687,514,2023-04-15,Delivered,UPI
8945,157,2023-04-15,Cancelled,UPI
6889,399,2023-04-15,Delivered,Card
9342,282,2023-04-16,Delivered,Card
2837,459,2023-04-16,Delivered,Card
4566,589,2023-04-16,Delivered,UPI
9969,393,2023-04-17,Delivered,Card
2839,384,2023-04-17,Delivered,UPI
9314,397,2023-04-17,Delivered,UPI
5779,314,2023-04-17,Delivered,UPI
2457,160,2023-04-17,Delivered,UPI
5076,395,2023-04-17,Delivered,Card
6867,358,2023-04-17,Delivered,UPI
8372,159,2023-04-17,Delivered,Card
6695,418,2023-04-18,Delivered,UPI
3649,558,2023-04-19,Delivered,UPI
7191,157,2023-04-19,Delivered,Card
10790,284,2023-04-19,Delivered,UPI
1120,595,2023-04-20,Delivered,Card
8946,532,2023-04-20,Delivered,Cash
8839,162,2023-04-22,Delivered,UPI
4236,297,2023-04-22,Cancelled,UPI
7334,547,2023-04-22,Delivered,Card
1896,568,2023-04-23,Delivered,UPI
5690,364,2023-04-23,Delivered,UPI
3107,489,2023-04-24,Delivered,Card
7228,384,2023-04-24,Delivered,Net Banking
5156,498,2023-04-25,Delivered,UPI
3651,222,2023-04-25,Delivered,Cash
4188,470,2023-04-26,Delivered,Cash
4408,275,2023-04-26,Delivered,Card
7119,480,2023-04-27,Delivered,Wallet
4894,357,2023-04-29,Delivered,UPI
4255,472,2023-04-29,Delivered,UPI
7722,276,2023-04-29,Shipped,Net Banking
5084,529,2023-04-29,Delivered,UPI
7684,123,2023-04-29,Delivered,UPI
1745,122,2023-04-30,Delivered,Wallet
6627,270,2023-04-30,Cancelled,UPI
9463,449,2023-04-30,Delivered,UPI
4883,218,2023-04-30,Delivered,Net Banking
6874,459,2023-05-01,Delivered,Card
3395,187,2023-05-01,Delivered,Card
10177,225,2023-05-01,Delivered,Card
8555,202,2023-05-02,Delivered,Card
1583,545,2023-05-02,Delivered,Wallet
7643,165,2023-05-02,Delivered,Card
9655,441,2023-05-02,Delivered,Wallet
2231,228,2023-05-03,Delivered,Card
5520,459,2023-05-04,Delivered,Cash
9343,363,2023-05-04,Delivered,UPI
10214,312,2023-05-04,Delivered,Card
2890,196,2023-05-04,Delivered,Card
4886,397,2023-05-05,Delivered,UPI
9121,544,2023-05-06,Delivered,UPI
5738,553,2023-05-07,Delivered,Cash
8851,283,2023-05-07,Shipped,Card
3249,397,2023-05-07,Delivered,UPI
1538,433,2023-05-08,Delivered,Cash
6285,552,2023-05-08,Cancelled,Wallet
4769,328,2023-05-08,Delivered,UPI
1143,429,2023-05-09,Delivered,UPI
8416,305,2023-05-09,Delivered,Card
2358,292,2023-05-09,Delivered,UPI
10700,219,2023-05-10,Delivered,Wallet
2715,429,2023-05-10,Delivered,Cash
2986,472,2023-05-10,Delivered,Card
8185,131,2023-05-11,Returned,UPI
9182,486,2023-05-11,Delivered,Card
7672,390,2023-05-11,Delivered,Net Banking
9529,327,2023-05-11,Delivered,UPI
4065,275,2023-05-11,Delivered,UPI
5422,559,2023-05-12,Delivered,UPI
5427,370,2023-05-12,Delivered,UPI
6584,324,2023-05-12,Delivered,Wallet
9346,127,2023-05-13,Delivered,UPI
9157,139,2023-05-13,Shipped,UPI
6652,494,2023-05-13,Delivered,Card
6355,197,2023-05-14,Delivered,Net Banking
7197,114,2023-05-14,Delivered,Card
5331,158,2023-05-14,Delivered,UPI
9673,116,2023-05-14,Delivered,Card
3284,223,2023-05-15,Delivered,Card
7281,490,2023-05-15,Delivered,Card
4405,253,2023-05-15,Delivered,Wallet
8630,533,2023-05-16,Cancelled,UPI
3589,135,2023-05-17,Delivered,Wallet
1528,539,2023-05-17,Delivered,UPI
1099,196,2023-05-18,Delivered,UPI
1444,153,2023-05-18,Delivered,Net Banking
1062,587,2023-05-18,Delivered,UPI
2928,197,2023-05-19,Delivered,Cash
6005,452,2023-05-19,Delivered,UPI
3460,204,2023-05-19,Delivered,Card
4880,471,2023-05-20,Delivered,Card
3286,387,2023-05-20,Delivered,Net Banking
1161,528,2023-05-20,Shipped,Card
6890,357,2023-05-20,Delivered,Card
6523,387,2023-05-21,Delivered,Card
4352,252,2023-05-21,Delivered,UPI
9028,383,2023-05-21,Delivered,Net Banking
9878,587,2023-05-22,Delivered,UPI
6914,564,2023-05-22,Delivered,Card
4495,177,2023-05-23,Delivered,UPI
4721,232,2023-05-23,Delivered,Card
6943,273,2023-05-23,Delivered,Card
2578,387,2023-05-24,Delivered,Wallet
2440,170,2023-05-24,Delivered,UPI
3726,154,2023-05-24,Delivered,Card
5946,598,2023-05-24,Delivered,Card
7955,530,2023-05-25,Delivered,Card
5741,122,2023-05-25,Delivered,UPI
9560,280,2023-05-25,Delivered,UPI
10497,246,2023-05-26,Delivered,UPI
9031,571,2023-05-26,Delivered,Card
7032,520,2023-05-26,Delivered,UPI
6673,248,2023-05-26,Delivered,Net Banking
8125,554,2023-05-27,Delivered,Card
4395,123,2023-05-27,Delivered,Net Banking
3024,165,2023-05-27,Returned,Card
3128,110,2023-05-28,Delivered,UPI
9192,147,2023-05-28,Delivered,UPI
9092,480,2023-05-28,Delivered,Net Banking
8926,202,2023-05-28,Delivered,Card
4098,576,2023-05-28,Delivered,UPI
8241,384,2023-05-28,Delivered,UPI
9141,133,2023-05-29,Delivered,UPI
6877,463,2023-05-29,Delivered,Cash
9127,344,2023-05-29,Delivered,UPI
6300,574,2023-05-29,Delivered,UPI
2628,305,2023-05-29,Delivered,Card
1128,297,2023-05-30,Delivered,UPI
10793,564,2023-05-30,Delivered,Card
1066,343,2023-05-30,Delivered,UPI
1454,231,2023-05-31,Delivered,Card
4811,123,2023-05-31,Delivered,UPI
4417,237,2023-05-31,Delivered,Card
10537,174,2023-06-01,Delivered,Card
5131,201,2023-06-02,Delivered,Card
10480,306,2023-06-02,Delivered,UPI
8910,360,2023-06-02,Delivered,Card
1072,260,2023-06-02,Delivered,UPI
4562,204,2023-06-02,Delivered,Card
6177,253,2023-06-02,Delivered,Net Banking
3997,334,2023-06-02,Delivered,UPI
3846,258,2023-06-03,Returned,Wallet
8605,523,2023-06-03,Shipped,Card
9250,553,2023-06-03,Delivered,Net Banking
2806,558,2023-06-03,Delivered,Cash
10993,360,2023-06-03,Delivered,UPI
10897,450,2023-06-04,Delivered,Wallet
9395,482,2023-06-04,Delivered,Wallet
8636,283,2023-06-05,Delivered,Card
1587,282,2023-06-05,Delivered,Cash
2681,340,2023-06-05,Delivered,UPI
6932,124,2023-06-05,Delivered,Net Banking
8441,311,2023-06-06,Delivered,UPI
5286,395,2023-06-06,Delivered,Net Banking
8782,306,2023-06-06,Cancelled,Cash
9241,364,2023-06-07,Delivered,Card
5647,275,2023-06-07,Delivered,UPI
6956,286,2023-06-07,Delivered,Card
6501,470,2023-06-08,Delivered,Card
2466,188,2023-06-08,Delivered,Net Banking
7047,523,2023-06-09,Delivered,Card
4808,237,2023-06-09,Delivered,UPI
7773,150,2023-06-09,Delivered,Wallet
1867,589,2023-06-09,Delivered,Card
4714,228,2023-06-09,Delivered,Card
8855,295,2023-06-10,Delivered,Net Banking
7935,222,2023-06-11,Delivered,Net Banking
9699,514,2023-06-11,Shipped,UPI
6237,381,2023-06-11,Delivered,Cash
2789,311,2023-06-11,Delivered,UPI
2811,427,2023-06-12,Delivered,Wallet
3701,180,2023-06-12,Delivered,UPI
5586,447,2023-06-12,Delivered,Card
4500,581,2023-06-13,Cancelled,Net Banking
4205,556,2023-06-13,Delivered,Cash
6291,136,2023-06-13,Delivered,Cash
6757,198,2023-06-14,Delivered,UPI
9179,561,2023-06-14,Delivered,Net Banking
2251,192,2023-06-14,Delivered,UPI
4903,432,2023-06-14,Delivered,UPI
3041,273,2023-06-14,Delivered,UPI
4293,532,2023-06-14,Delivered,Card
8090,184,2023-06-14,Delivered,UPI
10268,252,2023-06-15,Delivered,Net Banking
6463,368,2023-06-15,Delivered,Card
2759,530,2023-06-17,Delivered,UPI
5466,293,2023-06-17,Delivered,Card
5028,506,2023-06-18,Delivered,Net Banking
6664,415,2023-06-19,Delivered,Card
8901,488,2023-06-19,Delivered,UPI
4506,411,2023-06-19,Delivered,UPI
2389,370,2023-06-19,Delivered,Card
9750,445,2023-06-20,Delivered,UPI
10773,598,2023-06-20,Delivered,Card
9223,515,2023-06-20,Delivered,Card
5914,490,2023-06-20,Delivered,Card
8042,205,2023-06-20,Delivered,UPI
3269,400,2023-06-21,Delivered,UPI
10827,376,2023-06-21,Delivered,Net Banking
1089,223,2023-06-21,Delivered,UPI
10191,307,2023-06-22,Delivered,UPI
3266,524,2023-06-22,Delivered,Card
10397,118,2023-06-22,Returned,Cash
6107,306,2023-06-23,Delivered,UPI
10084,139,2023-06-23,Delivered,Net Banking
8713,592,2023-06-23,Delivered,UPI
2314,413,2023-06-23,Delivered,Card
7071,240,2023-06-23,Delivered,UPI
9347,231,2023-06-24,Delivered,Wallet
9335,524,2023-06-25,Delivered,Card
9284,448,2023-06-25,Delivered,Net Banking
2779,515,2023-06-25,Delivered,Cash
7077,323,2023-06-26,Delivered,Card
9354,437,2023-06-26,Cancelled,UPI
4899,244,2023-06-26,Delivered,UPI
5240,360,2023-06-26,Delivered,Net Banking
3860,222,2023-06-27,Delivered,UPI
10795,597,2023-06-28,Delivered,UPI
6031,524,2023-06-28,Delivered,Card
10492,471,2023-06-28,Delivered,Net Banking
2977,484,2023-06-28,Returned,Card
7928,243,2023-06-28,Delivered,Net Banking
5707,327,2023-06-28,Delivered,Card
2304,429,2023-06-28,Delivered,Net Banking
2708,430,2023-06-30,Delivered,Wallet
10286,590,2023-06-30,Delivered,UPI
5157,467,2023-06-30,Delivered,UPI
3130,174,2023-06-30,Delivered,UPI
4864,221,2023-07-01,Delivered,UPI
1937,480,2023-07-02,Delivered,UPI
4348,394,2023-07-02,Delivered,Cash
2843,499,2023-07-03,Delivered,Net Banking
1145,523,2023-07-03,Delivered,Card
7717,195,2023-07-03,Delivered,Net Banking
1214,249,2023-07-03,Shipped,Card
7771,205,2023-07-03,Delivered,Net Banking
7386,581,2023-07-04,Delivered,Card
1110,341,2023-07-04,Delivered,Card
10369,132,2023-07-04,Delivered,UPI
3446,597,2023-07-04,Delivered,UPI
2957,471,2023-07-05,Delivered,UPI
7236,193,2023-07-05,Delivered,Card
3624,545,2023-07-06,Delivered,Wallet
6416,425,2023-07-06,Delivered,UPI
3674,273,2023-07-06,Delivered,Card
4731,157,2023-07-06,Delivered,UPI
7892,413,2023-07-06,Delivered,UPI
6752,212,2023-07-06,Delivered,Cash
7416,184,2023-07-07,Delivered,Net Banking
10416,303,2023-07-07,Delivered,Cash
10965,509,2023-07-07,Delivered,UPI
5875,571,2023-07-07,Delivered,UPI
2934,178,2023-07-07,Delivered,Wallet
1714,231,2023-07-07,Delivered,UPI
3551,581,2023-07-07,Delivered,Card
9876,381,2023-07-07,Delivered,Card
3452,304,2023-07-08,Delivered,UPI
3199,600,2023-07-08,Delivered,Net Banking
10458,534,2023-07-08,Delivered,Card
10720,268,2023-07-09,Delivered,UPI
4777,490,2023-07-09,Delivered,UPI
9988,204,2023-07-09,Delivered,Cash
6520,400,2023-07-09,Delivered,UPI
4664,346,2023-07-10,Delivered,UPI
2746,275,2023-07-10,Delivered,Card
1228,310,2023-07-10,Delivered,UPI
1500,197,2023-07-10,Delivered,UPI
6435,184,2023-07-11,Delivered,Wallet
10372,347,2023-07-11,Cancelled,UPI
7686,147,2023-07-11,Delivered,UPI
6614,290,2023-07-12,Delivered,UPI
3410,150,2023-07-12,Delivered,Net Banking
4954,311,2023-07-12,Delivered,UPI
10751,561,2023-07-12,Delivered,Card
2313,179,2023-07-13,Delivered,UPI
8616,400,2023-07-13,Cancelled,Wallet
5088,272,2023-07-13,Delivered,Net Banking
7802,187,2023-07-13,Delivered,Card
3854,183,2023-07-14,Delivered,UPI
2183,314,2023-07-14,Delivered,UPI
5406,233,2023-07-14,Delivered,UPI
1630,515,2023-07-15,Delivered,UPI
9436,338,2023-07-15,Shipped,Net Banking
3914,376,2023-07-15,Delivered,UPI
7733,323,2023-07-16,Delivered,Net Banking
2676,409,2023-07-17,Delivered,UPI
3417,578,2023-07-17,Delivered,UPI
4511,320,2023-07-17,Delivered,UPI
10081,197,2023-07-18,Delivered,Card
7706,459,2023-07-18,Delivered,Cash
4363,527,2023-07-18,Returned,UPI
1126,272,2023-07-19,Delivered,UPI
2543,466,2023-07-19,Delivered,Card
4218,223,2023-07-19,Cancelled,Wallet
2822,532,2023-07-20,Delivered,UPI
1743,594,2023-07-20,Delivered,Wallet
6811,264,2023-07-20,Delivered,UPI
4522,243,2023-07-20,Delivered,UPI
7511,155,2023-07-21,Returned,Wallet
4806,318,2023-07-21,Delivered,Card
3579,253,2023-07-22,Delivered,Wallet
10608,478,2023-07-22,Delivered,Net Banking
6222,514,2023-07-23,Delivered,Wallet
2215,513,2023-07-23,Delivered,Net Banking
8563,252,2023-07-23,Delivered,Net Banking
5509,536,2023-07-23,Delivered,UPI
8172,549,2023-07-23,Delivered,Cash
3552,187,2023-07-24,Delivered,Cash
10063,363,2023-07-24,Delivered,UPI
5330,587,2023-07-24,Delivered,Wallet
8557,234,2023-07-24,Delivered,UPI
9412,380,2023-07-24,Delivered,UPI
4605,525,2023-07-24,Delivered,Card
10564,177,2023-07-25,Delivered,UPI
3055,462,2023-07-25,Delivered,Cash
6110,589,2023-07-25,Delivered,Cash
5948,193,2023-07-25,Delivered,Card
2559,568,2023-07-25,Delivered,Card
6205,424,2023-07-26,Delivered,UPI
9145,393,2023-07-26,Delivered,UPI
7007,290,2023-07-26,Delivered,Wallet
4285,248,2023-07-26,Delivered,UPI
10417,550,2023-07-26,Delivered,Card
10885,563,2023-07-26,Delivered,Net Banking
5261,520,2023-07-27,Delivered,Wallet
6060,368,2023-07-27,Delivered,Card
8850,380,2023-07-27,Delivered,UPI
7577,271,2023-07-28,Delivered,Cash
10510,347,2023-07-28,Delivered,UPI
10547,162,2023-07-29,Delivered,UPI
2391,418,2023-07-29,Delivered,Card
5212,437,2023-07-29,Delivered,UPI
6554,479,2023-07-30,Delivered,Wallet
9766,338,2023-07-30,Delivered,Card
9198,490,2023-07-30,Delivered,UPI
6736,504,2023-07-31,Shipped,UPI
7792,403,2023-07-31,Delivered,UPI
6128,168,2023-07-31,Delivered,UPI
10406,387,2023-07-31,Delivered,Cash
4315,402,2023-07-31,Delivered,Card
9526,184,2023-07-31,Delivered,Wallet
1074,140,2023-07-31,Returned,Card
1624,154,2023-08-01,Delivered,Card
5378,170,2023-08-01,Delivered,Cash
6409,377,2023-08-01,Delivered,Card
9550,552,2023-08-01,Delivered,UPI
10085,571,2023-08-03,Delivered,Card
7382,153,2023-08-03,Delivered,Card
10886,210,2023-08-03,Returned,UPI
8665,205,2023-08-03,Delivered,UPI
5492,341,2023-08-03,Delivered,Card
7445,290,2023-08-03,Delivered,UPI
4264,210,2023-08-04,Delivered,Card
1501,203,2023-08-04,Delivered,UPI
5996,457,2023-08-04,Delivered,Card
5135,472,2023-08-04,Delivered,Net Banking
6102,216,2023-08-05,Delivered,Card
8848,591,2023-08-05,Delivered,Wallet
10723,499,2023-08-06,Delivered,Cash
7211,156,2023-08-06,Delivered,Net Banking
7547,195,2023-08-06,Delivered,Card
5674,470,2023-08-06,Delivered,Card
9983,283,2023-08-06,Delivered,Card
10486,521,2023-08-07,Delivered,Cash
3961,306,2023-08-07,Delivered,UPI
4782,160,2023-08-08,Delivered,Card
7891,179,2023-08-08,Delivered,UPI
5928,467,2023-08-08,Delivered,Card
6080,547,2023-08-08,Delivered,Net Banking
5966,248,2023-08-08,Delivered,Cash
2113,534,2023-08-08,Returned,Card
6292,480,2023-08-09,Shipped,UPI
9679,205,2023-08-09,Delivered,Card
2384,334,2023-08-09,Delivered,UPI
9215,260,2023-08-09,Delivered,UPI
7986,334,2023-08-09,Delivered,UPI
6809,544,2023-08-09,Delivered,UPI
2996,151,2023-08-09,Delivered,UPI
6023,255,2023-08-10,Delivered,Card
7492,481,2023-08-11,Delivered,Card
1602,122,2023-08-11,Delivered,UPI
3411,411,2023-08-11,Delivered,Card
6256,183,2023-08-11,Returned,Cash
7812,558,2023-08-12,Delivered,Card
5721,110,2023-08-12,Delivered,UPI
10310,432,2023-08-12,Delivered,UPI
7136,393,2023-08-12,Delivered,Net Banking
1647,248,2023-08-12,Delivered,Card
4966,493,2023-08-12,Delivered,UPI
8079,462,2023-08-13,Delivered,Cash
6672,413,2023-08-13,Delivered,UPI
2425,160,2023-08-13,Delivered,Wallet
4076,270,2023-08-13,Cancelled,UPI
5971,127,2023-08-13,Delivered,Card
1701,488,2023-08-13,Delivered,Net Banking
9996,570,2023-08-14,Delivered,Cash
8580,320,2023-08-14,Delivered,UPI
6702,576,2023-08-14,Delivered,Cash
9757,328,2023-08-14,Delivered,Card
8395,533,2023-08-15,Delivered,UPI
2036,142,2023-08-15,Delivered,UPI
9266,529,2023-08-15,Delivered,Cash
6174,533,2023-08-15,Delivered,Cash
10300,487,2023-08-16,Delivered,Card
6661,136,2023-08-17,Delivered,UPI
7600,503,2023-08-17,Delivered,UPI
3578,326,2023-08-17,Delivered,Net Banking
4688,551,2023-08-17,Delivered,Card
7116,547,2023-08-18,Delivered,Card
3947,296,2023-08-18,Delivered,UPI
3815,543,2023-08-19,Delivered,Card
1699,317,2023-08-19,Delivered,UPI
10289,332,2023-08-19,Delivered,Net Banking
5927,201,2023-08-20,Delivered,UPI
3454,424,2023-08-20,Delivered,Net Banking
7084,452,2023-08-20,Delivered,UPI
6885,464,2023-08-20,Delivered,UPI
9867,154,2023-08-21,Delivered,UPI
6996,235,2023-08-21,Cancelled,UPI
9288,599,2023-08-21,Delivered,UPI
6936,521,2023-08-21,Cancelled,Net Banking
10140,270,2023-08-22,Delivered,Wallet
4022,277,2023-08-22,Delivered,Card
8820,222,2023-08-23,Delivered,Cash
10190,537,2023-08-23,Cancelled,Card
4550,391,2023-08-23,Delivered,UPI
8303,334,2023-08-23,Delivered,Cash
6576,527,2023-08-24,Delivered,Card
2710,553,2023-08-24,Delivered,Wallet
10005,198,2023-08-24,Delivered,Card
10985,170,2023-08-24,Delivered,Card
8021,395,2023-08-24,Delivered,Card
7843,469,2023-08-24,Delivered,Card
8920,218,2023-08-25,Delivered,Card
7252,510,2023-08-26,Delivered,UPI
9944,268,2023-08-26,Delivered,Card
5292,203,2023-08-27,Delivered,Wallet
7913,345,2023-08-27,Delivered,Card
2014,570,2023-08-27,Delivered,UPI
9492,456,2023-08-27,Delivered,Card
3408,391,2023-08-28,Delivered,UPI
5785,196,2023-08-28,Delivered,Card
6349,166,2023-08-29,Delivered,Wallet
10704,450,2023-08-29,Delivered,UPI
9964,576,2023-08-30,Delivered,Card
5397,577,2023-08-31,Delivered,Net Banking
9726,283,2023-08-31,Delivered,Wallet
9981,463,2023-09-01,Delivered,UPI
6671,594,2023-09-01,Delivered,Card
10585,472,2023-09-03,Delivered,UPI
9276,398,2023-09-03,Delivered,Card
10242,454,2023-09-03,Delivered,Wallet
3075,140,2023-09-04,Delivered,Card
2772,284,2023-09-04,Delivered,Card
2121,576,2023-09-04,Delivered,Card
8912,304,2023-09-04,Shipped,Card
8298,110,2023-09-05,Delivered,Card
9705,591,2023-09-05,Delivered,Wallet
6427,565,2023-09-06,Delivered,UPI
3593,498,2023-09-06,Delivered,UPI
1584,147,2023-09-07,Delivered,UPI
10164,530,2023-09-07,Delivered,UPI
2239,470,2023-09-07,Delivered,UPI
5349,286,2023-09-08,Delivered,UPI
4258,196,2023-09-08,Delivered,Net Banking
2235,416,2023-09-08,Shipped,UPI
4656,340,2023-09-08,Delivered,UPI
5645,233,2023-09-09,Delivered,Cash
1354,135,2023-09-09,Delivered,Card
3515,120,2023-09-09,Delivered,Card
7899,364,2023-09-10,Delivered,UPI
5926,587,2023-09-11,Cancelled,Card
2091,535,2023-09-11,Delivered,Cash
2754,488,2023-09-11,Delivered,UPI
6769,314,2023-09-12,Delivered,UPI
7513,314,2023-09-13,Delivered,Net Banking
2075,534,2023-09-13,Delivered,Card
4080,374,2023-09-13,Delivered,Card
6022,271,2023-09-13,Returned,UPI
6055,486,2023-09-14,Delivered,Cash
6512,571,2023-09-14,Delivered,Card
4640,405,2023-09-14,Delivered,UPI
8216,514,2023-09-14,Delivered,Wallet
10358,353,2023-09-15,Delivered,Wallet
4530,131,2023-09-15,Delivered,Card
2887,162,2023-09-15,Delivered,UPI
6654,500,2023-09-15,Delivered,Net Banking
4717,327,2023-09-16,Delivered,Card
8764,479,2023-09-17,Delivered,UPI
4172,143,2023-09-17,Delivered,UPI
7626,471,2023-09-17,Delivered,Net Banking
5595,588,2023-09-17,Delivered,Card
7703,403,2023-09-18,Cancelled,Cash
9113,594,2023-09-18,Delivered,UPI
2147,355,2023-09-18,Delivered,Net Banking
1036,143,2023-09-18,Cancelled,Card
9236,154,2023-09-19,Delivered,UPI
2470,286,2023-09-19,Cancelled,UPI
7470,522,2023-09-19,Delivered,Net Banking
2954,532,2023-09-19,Delivered,Cash
5306,493,2023-09-20,Delivered,UPI
10611,349,2023-09-20,Returned,UPI
8670,349,2023-09-20,Delivered,Card
3299,536,2023-09-20,Delivered,Card
2232,255,2023-09-20,Delivered,UPI
4933,565,2023-09-21,Delivered,UPI
4940,118,2023-09-21,Delivered,Card
6491,192,2023-09-21,Delivered,UPI
5519,354,2023-09-21,Delivered,UPI
1234,353,2023-09-22,Returned,Cash
9285,182,2023-09-23,Shipped,Cash
2233,590,2023-09-24,Shipped,Net Banking
8114,443,2023-09-24,Cancelled,Cash
4652,443,2023-09-24,Delivered,UPI
7866,285,2023-09-25,Delivered,UPI
3011,306,2023-09-25,Delivered,Wallet
4807,372,2023-09-25,Delivered,Card
4592,157,2023-09-25,Delivered,Card
6651,237,2023-09-26,Delivered,UPI
9578,336,2023-09-26,Delivered,Card
10347,488,2023-09-26,Delivered,UPI
9106,406,2023-09-26,Shipped,UPI
9932,268,2023-09-26,Delivered,UPI
8970,476,2023-09-26,Delivered,UPI
10990,162,2023-09-27,Cancelled,Cash
6599,294,2023-09-27,Shipped,Card
4235,154,2023-09-28,Delivered,UPI
1181,158,2023-09-28,Delivered,Wallet
9799,493,2023-09-28,Delivered,Cash
7196,275,2023-09-28,Delivered,Card
4972,359,2023-09-28,Returned,UPI
8527,544,2023-09-28,Delivered,Card
7734,143,2023-09-29,Delivered,Card
5698,111,2023-09-29,Shipped,Net Banking
6853,408,2023-09-29,Delivered,Net Banking
8016,462,2023-09-29,Delivered,UPI
8619,367,2023-09-29,Delivered,Cash
9584,183,2023-09-30,Delivered,UPI
9820,518,2023-09-30,Delivered,Net Banking
8332,599,2023-09-30,Delivered,Net Banking
4647,164,2023-09-30,Delivered,Card
8979,436,2023-10-01,Returned,UPI
5326,462,2023-10-02,Delivered,UPI
8012,439,2023-10-02,Delivered,UPI
2335,222,2023-10-02,Delivered,Card
2696,277,2023-10-03,Delivered,UPI
9826,525,2023-10-04,Delivered,UPI
2777,415,2023-10-04,Delivered,UPI
9731,320,2023-10-04,Delivered,Card
2639,128,2023-10-04,Delivered,UPI
2451,384,2023-10-05,Delivered,UPI
10186,451,2023-10-05,Delivered,UPI
7353,510,2023-10-05,Delivered,Card
3415,349,2023-10-05,Delivered,UPI
4976,275,2023-10-05,Delivered,UPI
7904,567,2023-10-06,Delivered,Cash
1628,318,2023-10-06,Delivered,UPI
8900,462,2023-10-06,Delivered,Card
7242,305,2023-10-06,Delivered,UPI
1056,583,2023-10-06,Delivered,UPI
3899,162,2023-10-06,Delivered,Card
4923,195,2023-10-08,Delivered,Net Banking
1278,521,2023-10-08,Delivered,UPI
6351,184,2023-10-09,Delivered,Wallet
8873,374,2023-10-09,Delivered,Wallet
5789,266,2023-10-09,Delivered,Card
7293,258,2023-10-09,Delivered,UPI
9128,532,2023-10-10,Delivered,UPI
2160,283,2023-10-10,Delivered,UPI
2865,498,2023-10-10,Delivered,Card
8164,363,2023-10-10,Returned,Card
7960,180,2023-10-12,Delivered,Net Banking
6818,403,2023-10-12,Delivered,Net Banking
5451,524,2023-10-13,Delivered,Wallet
8313,283,2023-10-13,Delivered,Card
7864,159,2023-10-13,Delivered,Cash
10870,578,2023-10-13,Cancelled,UPI
3320,154,2023-10-13,Delivered,Card
2763,343,2023-10-13,Delivered,Card
8170,390,2023-10-13,Shipped,Net Banking
4753,355,2023-10-14,Returned,Wallet
1159,212,2023-10-14,Delivered,Card
3471,451,2023-10-14,Delivered,Card
2062,443,2023-10-14,Delivered,Net Banking
2351,425,2023-10-15,Delivered,Card
7617,303,2023-10-15,Delivered,Card
7190,598,2023-10-15,Delivered,Card
1295,264,2023-10-15,Cancelled,UPI
8762,443,2023-10-16,Delivered,Card
6282,268,2023-10-16,Delivered,Wallet
3276,534,2023-10-16,Delivered,Net Banking
1664,583,2023-10-16,Delivered,Net Banking
8626,304,2023-10-16,Delivered,Card
10863,336,2023-10-16,Delivered,Cash
5096,528,2023-10-17,Delivered,UPI
10106,321,2023-10-17,Delivered,UPI
2688,182,2023-10-17,Delivered,Card
2541,506,2023-10-17,Delivered,Card
10055,449,2023-10-17,Delivered,Wallet
8195,143,2023-10-17,Delivered,Wallet
8339,176,2023-10-17,Returned,Net Banking
8695,341,2023-10-17,Shipped,Net Banking
3516,560,2023-10-18,Delivered,Card
6733,273,2023-10-18,Delivered,Card
2952,143,2023-10-18,Delivered,UPI
10957,539,2023-10-19,Delivered,Card
2111,400,2023-10-19,Delivered,Net Banking
4105,171,2023-10-20,Delivered,Net Banking
9812,475,2023-10-20,Delivered,Card
1231,228,2023-10-20,Delivered,Card
6694,510,2023-10-20,Returned,UPI
1606,476,2023-10-21,Cancelled,UPI
3218,467,2023-10-21,Delivered,Card
3193,394,2023-10-21,Delivered,Card
2453,149,2023-10-21,Delivered,UPI
2835,573,2023-10-22,Delivered,UPI
2244,202,2023-10-22,Delivered,Wallet
4447,510,2023-10-22,Delivered,UPI
10641,492,2023-10-22,Delivered,Wallet
6165,415,2023-10-22,Delivered,Card
3879,380,2023-10-22,Delivered,UPI
4157,237,2023-10-22,Delivered,Card
6720,311,2023-10-23,Delivered,Card
8903,520,2023-10-23,Cancelled,Wallet
5643,389,2023-10-23,Delivered,UPI
5730,296,2023-10-24,Delivered,Cash
3870,451,2023-10-24,Delivered,Net Banking
5892,600,2023-10-24,Delivered,Card
9873,533,2023-10-24,Delivered,UPI
8129,490,2023-10-25,Delivered,Card
10975,416,2023-10-25,Delivered,Net Banking
8432,366,2023-10-25,Delivered,Cash
3213,384,2023-10-25,Delivered,UPI
1683,570,2023-10-25,Shipped,Card
10624,349,2023-10-25,Delivered,UPI
9419,377,2023-10-25,Delivered,Net Banking
4784,486,2023-10-25,Delivered,Card
9287,133,2023-10-25,Delivered,UPI
5988,565,2023-10-25,Delivered,UPI
5689,203,2023-10-26,Delivered,Card
2900,393,2023-10-26,Delivered,Net Banking
2375,354,2023-10-26,Delivered,Card
2550,340,2023-10-26,Delivered,Card
2784,474,2023-10-26,Delivered,UPI
4150,207,2023-10-26,Delivered,UPI
7464,233,2023-10-27,Cancelled,UPI
2819,257,2023-10-27,Delivered,Net Banking
5381,276,2023-10-27,Delivered,UPI
5139,524,2023-10-27,Delivered,UPI
2173,120,2023-10-28,Delivered,UPI
7839,474,2023-10-28,Delivered,Wallet
10639,347,2023-10-28,Delivered,UPI
5120,489,2023-10-28,Delivered,UPI
7979,478,2023-10-28,Delivered,UPI
5109,359,2023-10-29,Delivered,Card
2653,295,2023-10-29,Delivered,UPI
8334,571,2023-10-29,Delivered,Card
7795,237,2023-10-29,Delivered,Wallet
8878,356,2023-10-30,Delivered,Card
5396,215,2023-10-30,Delivered,UPI
3182,556,2023-10-30,Delivered,Cash
7377,429,2023-10-31,Delivered,Card
8569,137,2023-10-31,Delivered,Net Banking
8399,304,2023-10-31,Delivered,UPI
5369,310,2023-10-31,Delivered,Cash
5751,532,2023-10-31,Delivered,UPI
2237,534,2023-11-01,Delivered,UPI
1341,367,2023-11-01,Delivered,Wallet
3738,217,2023-11-01,Delivered,UPI
6918,234,2023-11-01,Delivered,UPI
10658,304,2023-11-02,Delivered,Card
4700,171,2023-11-02,Delivered,Card
5859,336,2023-11-02,Delivered,Card
1090,117,2023-11-02,Delivered,Net Banking
8543,407,2023-11-02,Delivered,UPI
9376,383,2023-11-02,Delivered,UPI
9825,374,2023-11-03,Delivered,Card
3142,554,2023-11-03,Delivered,Card
1977,158,2023-11-04,Delivered,Wallet
7486,203,2023-11-04,Delivered,Card
5767,416,2023-11-04,Delivered,UPI
3999,520,2023-11-05,Delivered,Card
6413,377,2023-11-05,Delivered,Card
5524,443,2023-11-05,Delivered,Card
4240,126,2023-11-05,Delivered,UPI
3859,376,2023-11-05,Delivered,Wallet
5881,120,2023-11-06,Delivered,Net Banking
6611,452,2023-11-06,Delivered,Card
7395,281,2023-11-07,Delivered,UPI
10502,521,2023-11-07,Delivered,UPI
10448,176,2023-11-07,Delivered,UPI
1958,492,2023-11-08,Delivered,UPI
7991,534,2023-11-08,Delivered,Net Banking
10146,461,2023-11-08,Delivered,UPI
2306,451,2023-11-08,Delivered,Card
4729,580,2023-11-08,Delivered,Net Banking
3069,461,2023-11-08,Delivered,UPI
2713,304,2023-11-08,Delivered,UPI
3490,243,2023-11-08,Delivered,UPI
8064,452,2023-11-09,Shipped,Net Banking
8916,521,2023-11-09,Delivered,Card
1471,142,2023-11-10,Delivered,Net Banking
8451,451,2023-11-10,Delivered,Card
10978,466,2023-11-10,Delivered,Card
6902,573,2023-11-10,Delivered,Cash
3612,301,2023-11-10,Delivered,Card
6785,296,2023-11-11,Delivered,Net Banking
3810,215,2023-11-11,Delivered,Cash
8954,165,2023-11-11,Delivered,Net Banking
8765,184,2023-11-11,Delivered,Net Banking
8524,158,2023-11-12,Delivered,Card
6068,281,2023-11-12,Delivered,Net Banking
2246,191,2023-11-12,Delivered,UPI
10976,147,2023-11-12,Delivered,Net Banking
2053,479,2023-11-13,Cancelled,Card
3688,332,2023-11-14,Delivered,Card
2860,559,2023-11-14,Delivered,UPI
8245,536,2023-11-14,Delivered,Card
10175,521,2023-11-14,Cancelled,Cash
8380,282,2023-11-14,Delivered,UPI
7061,132,2023-11-16,Delivered,Card
3091,292,2023-11-16,Delivered,UPI
7678,206,2023-11-16,Delivered,Cash
3393,162,2023-11-16,Delivered,Wallet
5405,263,2023-11-17,Delivered,Card
6548,448,2023-11-18,Cancelled,UPI
7291,148,2023-11-18,Delivered,UPI
1579,206,2023-11-18,Delivered,UPI
2586,433,2023-11-18,Delivered,UPI
1713,228,2023-11-18,Delivered,UPI
5360,280,2023-11-18,Delivered,Net Banking
10594,456,2023-11-18,Delivered,UPI
7036,387,2023-11-19,Delivered,Card
2177,246,2023-11-19,Delivered,UPI
9847,325,2023-11-19,Delivered,UPI
6700,312,2023-11-19,Delivered,Cash
7838,126,2023-11-19,Delivered,UPI
5126,196,2023-11-19,Delivered,UPI
9459,219,2023-11-19,Delivered,Net Banking
8742,220,2023-11-20,Delivered,Wallet
2717,518,2023-11-20,Delivered,Wallet
9112,304,2023-11-20,Delivered,Card
9709,321,2023-11-20,Delivered,Net Banking
2431,152,2023-11-21,Delivered,Wallet
2565,285,2023-11-21,Delivered,UPI
5538,126,2023-11-21,Delivered,Card
3397,454,2023-11-21,Delivered,Cash
3765,434,2023-11-22,Delivered,UPI
2888,281,2023-11-22,Delivered,Wallet
5302,417,2023-11-22,Shipped,Wallet
5274,587,2023-11-23,Delivered,Card
1047,110,2023-11-23,Delivered,UPI
4801,414,2023-11-23,Delivered,Card
6274,164,2023-11-23,Delivered,Card
9293,128,2023-11-23,Delivered,UPI
3626,344,2023-11-23,Delivered,Card
7371,506,2023-11-23,Delivered,Card
5944,355,2023-11-24,Delivered,Net Banking
9094,417,2023-11-24,Delivered,Cash
8652,195,2023-11-24,Delivered,UPI
4973,478,2023-11-24,Delivered,UPI
9665,380,2023-11-24,Delivered,UPI
1029,335,2023-11-24,Shipped,Card
3474,191,2023-11-25,Delivered,Card
4757,472,2023-11-25,Delivered,UPI
3273,512,2023-11-25,Delivered,Wallet
9057,142,2023-11-25,Delivered,Card
9056,553,2023-11-25,Delivered,UPI
3141,142,2023-11-25,Delivered,Card
7060,111,2023-11-25,Delivered,Cash
7604,255,2023-11-26,Delivered,UPI
9188,281,2023-11-27,Delivered,Card
5208,416,2023-11-27,Delivered,Card
6320,429,2023-11-27,Delivered,UPI
3096,395,2023-11-27,Delivered,Wallet
1555,487,2023-11-28,Delivered,UPI
4176,527,2023-11-28,Delivered,UPI
4217,436,2023-11-29,Delivered,Wallet
2220,220,2023-11-29,Delivered,Cash
10875,376,2023-11-29,Delivered,UPI
9184,570,2023-11-29,Delivered,Net Banking
3063,356,2023-11-29,Delivered,Card
1367,349,2023-11-29,Delivered,Card
1267,158,2023-11-30,Delivered,Cash
8989,357,2023-11-30,Cancelled,UPI
4752,454,2023-11-30,Delivered,UPI
1016,431,2023-11-30,Delivered,Card
5613,344,2023-11-30,Delivered,Card
1812,378,2023-11-30,Delivered,Card
5044,235,2023-11-30,Delivered,UPI
8000,406,2023-12-01,Delivered,Card
10695,349,2023-12-01,Delivered,UPI
2618,583,2023-12-01,Cancelled,Net Banking
8628,123,2023-12-01,Delivered,Card
7482,443,2023-12-01,Delivered,UPI
2250,150,2023-12-01,Delivered,Cash
5377,454,2023-12-01,Delivered,UPI
5401,539,2023-12-02,Delivered,Card
4963,461,2023-12-02,Returned,Net Banking
7050,487,2023-12-02,Delivered,UPI
7542,507,2023-12-02,Shipped,UPI
2604,358,2023-12-02,Delivered,Wallet
5173,561,2023-12-03,Delivered,Card
4009,462,2023-12-03,Delivered,Wallet
8212,326,2023-12-03,Delivered,UPI
9568,143,2023-12-04,Shipped,Card
10095,350,2023-12-04,Delivered,Cash
9998,493,2023-12-04,Delivered,UPI
4725,154,2023-12-04,Delivered,Card
10135,454,2023-12-05,Delivered,Card
1742,432,2023-12-05,Delivered,Cash
9015,367,2023-12-06,Delivered,UPI
3205,280,2023-12-07,Shipped,UPI
5136,314,2023-12-07,Returned,UPI
10272,508,2023-12-08,Delivered,Wallet
8139,166,2023-12-08,Delivered,UPI
5732,199,2023-12-08,Delivered,Card
5584,157,2023-12-08,Delivered,UPI
10078,220,2023-12-09,Delivered,Card
5762,283,2023-12-09,Delivered,Card
2347,513,2023-12-09,Delivered,UPI
3146,170,2023-12-09,Delivered,UPI
4817,380,2023-12-10,Shipped,Cash
9173,207,2023-12-10,Delivered,UPI
1933,254,2023-12-10,Delivered,Card
6987,321,2023-12-10,Delivered,UPI
2030,126,2023-12-11,Delivered,Net Banking
1486,551,2023-12-11,Delivered,UPI
5253,250,2023-12-12,Delivered,Card
6841,418,2023-12-12,Delivered,Card
10375,482,2023-12-12,Delivered,Net Banking
7937,480,2023-12-13,Delivered,UPI
9565,565,2023-12-13,Delivered,Wallet
5375,272,2023-12-13,Delivered,Card
1280,130,2023-12-13,Shipped,UPI
5949,135,2023-12-13,Delivered,Card
3009,518,2023-12-13,Delivered,Wallet
6356,256,2023-12-13,Delivered,UPI
5039,402,2023-12-14,Returned,Wallet
5143,463,2023-12-15,Delivered,Cash
1283,143,2023-12-15,Delivered,Cash
7813,391,2023-12-15,Delivered,Card
10353,199,2023-12-15,Delivered,Cash
6717,220,2023-12-15,Delivered,Card
9518,263,2023-12-16,Delivered,UPI
1988,334,2023-12-16,Delivered,UPI
6270,219,2023-12-16,Delivered,Wallet
4497,468,2023-12-16,Delivered,UPI
5616,178,2023-12-16,Delivered,UPI
2898,220,2023-12-16,Delivered,Card
9401,510,2023-12-16,Delivered,UPI
9096,262,2023-12-17,Delivered,Card
1247,591,2023-12-17,Shipped,Card
3590,133,2023-12-17,Delivered,UPI
1506,364,2023-12-17,Delivered,Card
1982,548,2023-12-18,Delivered,UPI
2947,111,2023-12-18,Delivered,UPI
3262,578,2023-12-18,Delivered,Card
8205,270,2023-12-18,Delivered,UPI
9116,197,2023-12-19,Delivered,UPI
2407,346,2023-12-19,Delivered,Card
7995,124,2023-12-20,Delivered,UPI
7325,167,2023-12-20,Delivered,Card
4841,451,2023-12-20,Delivered,Card
4386,251,2023-12-20,Delivered,UPI
3503,234,2023-12-20,Delivered,UPI
9329,236,2023-12-20,Delivered,UPI
5653,405,2023-12-21,Delivered,Wallet
10962,510,2023-12-21,Delivered,UPI
4367,251,2023-12-21,Delivered,Card
3714,416,2023-12-21,Delivered,Net Banking
6745,563,2023-12-22,Delivered,UPI
1385,126,2023-12-22,Delivered,UPI
9205,222,2023-12-22,Delivered,UPI
8972,344,2023-12-22,Delivered,Card
10226,254,2023-12-23,Delivered,UPI
4145,159,2023-12-23,Returned,UPI
5581,494,2023-12-23,Delivered,Cash
9352,294,2023-12-23,Delivered,Net Banking
10696,524,2023-12-23,Delivered,Card
1662,174,2023-12-24,Delivered,Net Banking
6603,397,2023-12-24,Delivered,Card
9417,512,2023-12-25,Delivered,UPI
9639,314,2023-12-25,Delivered,Card
3834,206,2023-12-26,Delivered,Card
4383,206,2023-12-26,Delivered,UPI
8740,505,2023-12-26,Returned,UPI
2012,521,2023-12-26,Delivered,Card
8856,250,2023-12-26,Delivered,Net Banking
8570,494,2023-12-26,Delivered,Wallet
9595,223,2023-12-26,Delivered,Card
1265,417,2023-12-26,Delivered,Card
7421,489,2023-12-27,Delivered,UPI
6544,600,2023-12-27,Delivered,Card
6726,583,2023-12-27,Delivered,Net Banking
9522,285,2023-12-27,Delivered,Card
6945,317,2023-12-27,Delivered,Card
8826,145,2023-12-27,Delivered,UPI
5215,581,2023-12-27,Returned,UPI
1477,335,2023-12-27,Delivered,Card
7753,251,2023-12-27,Returned,UPI
9767,571,2023-12-28,Delivered,Card
6529,251,2023-12-28,Delivered,Card
9687,206,2023-12-28,Delivered,UPI
5453,160,2023-12-28,Delivered,Card
6020,159,2023-12-28,Delivered,UPI
10905,451,2023-12-29,Delivered,Card
10635,263,2023-12-30,Delivered,UPI
8949,256,2023-12-30,Delivered,UPI
5234,481,2023-12-30,Delivered,Cash
3678,340,2023-12-31,Delivered,UPI
7017,395,2023-12-31,Delivered,Wallet
9525,413,2023-12-31,Delivered,Card
6992,228,2023-12-31,Delivered,Net Banking
7451,460,2023-12-31,Delivered,Card
9308,254,2023-12-31,Delivered,Card
3486,526,2024-01-01,Delivered,Card
4147,335,2024-01-02,Delivered,Card
9585,290,2024-01-02,Delivered,Card
9958,219,2024-01-02,Delivered,UPI
9729,128,2024-01-02,Cancelled,Card
10363,500,2024-01-03,Delivered,UPI
7044,417,2024-01-03,Delivered,Cash
1394,109,2024-01-03,Delivered,Cash
3837,533,2024-01-03,Delivered,UPI
10037,127,2024-01-03,Delivered,UPI
9940,141,2024-01-03,Delivered,Net Banking
9131,109,2024-01-04,Shipped,Net Banking
7800,285,2024-01-05,Delivered,Card
5392,225,2024-01-05,Delivered,UPI
9886,589,2024-01-05,Delivered,Card
7309,366,2024-01-06,Delivered,Cash
1749,555,2024-01-06,Delivered,Card
9737,244,2024-01-06,Delivered,Card
5686,253,2024-01-06,Delivered,Card
9177,276,2024-01-07,Cancelled,Card
5113,450,2024-01-07,Delivered,UPI
4016,402,2024-01-07,Delivered,Cash
9739,159,2024-01-07,Delivered,UPI
9356,143,2024-01-07,Delivered,Card
5705,325,2024-01-08,Delivered,Wallet
4103,336,2024-01-08,Delivered,Wallet
9413,329,2024-01-08,Delivered,Card
6063,459,2024-01-08,Delivered,Cash
7790,437,2024-01-08,Delivered,Card
6476,111,2024-01-08,Delivered,UPI
10004,256,2024-01-08,Delivered,Cash
8119,579,2024-01-08,Delivered,UPI
1319,415,2024-01-08,Delivered,UPI
6353,370,2024-01-09,Delivered,UPI
5060,243,2024-01-09,Delivered,Card
6448,486,2024-01-09,Delivered,Card
6982,110,2024-01-09,Delivered,Card
9735,201,2024-01-09,Delivered,Net Banking
2702,176,2024-01-09,Delivered,Card
6058,285,2024-01-10,Shipped,Cash
7652,153,2024-01-10,Delivered,UPI
1564,453,2024-01-10,Delivered,Cash
2138,256,2024-01-11,Delivered,UPI
5570,432,2024-01-12,Cancelled,Wallet
3548,397,2024-01-12,Delivered,Card
2118,460,2024-01-12,Delivered,Card
8727,165,2024-01-12,Cancelled,Wallet
1597,557,2024-01-12,Delivered,Wallet
6928,290,2024-01-12,Returned,Card
2435,404,2024-01-12,Delivered,Net Banking
8265,295,2024-01-12,Delivered,Cash
5160,447,2024-01-13,Delivered,UPI
3963,333,2024-01-13,Cancelled,UPI
1607,448,2024-01-13,Shipped,Wallet
6704,221,2024-01-13,Cancelled,Card
9260,265,2024-01-13,Delivered,UPI
8521,159,2024-01-13,Delivered,UPI
8870,345,2024-01-13,Delivered,UPI
4359,598,2024-01-13,Delivered,Card
8352,252,2024-01-14,Delivered,Card
3421,126,2024-01-14,Delivered,UPI
3736,150,2024-01-14,Delivered,Net Banking
7501,568,2024-01-14,Delivered,UPI
9650,140,2024-01-14,Delivered,UPI
6226,199,2024-01-15,Delivered,Card
2066,155,2024-01-15,Returned,Card
10705,115,2024-01-15,Shipped,UPI
5164,240,2024-01-16,Delivered,Card
10202,528,2024-01-16,Delivered,Net Banking
6299,454,2024-01-16,Cancelled,Card
1422,508,2024-01-17,Delivered,Net Banking
7794,583,2024-01-17,Delivered,UPI
10053,235,2024-01-18,Delivered,Card
3298,340,2024-01-19,Delivered,Card
2641,334,2024-01-19,Delivered,UPI
10319,136,2024-01-19,Delivered,Card
5782,290,2024-01-19,Delivered,UPI
1040,471,2024-01-19,Delivered,UPI
2355,498,2024-01-20,Delivered,UPI
4518,322,2024-01-21,Delivered,UPI
8663,177,2024-01-22,Shipped,Wallet
10103,115,2024-01-22,Delivered,Card
5632,222,2024-01-23,Delivered,Wallet
10994,414,2024-01-23,Delivered,UPI
9856,288,2024-01-23,Delivered,UPI
5409,117,2024-01-23,Delivered,UPI
2187,187,2024-01-23,Shipped,UPI
5649,254,2024-01-24,Delivered,UPI
5235,598,2024-01-24,Delivered,Net Banking
10662,387,2024-01-24,Delivered,Card
6852,241,2024-01-24,Delivered,Net Banking
5523,548,2024-01-26,Delivered,Wallet
2568,203,2024-01-26,Delivered,UPI
5461,281,2024-01-26,Delivered,Card
4587,228,2024-01-26,Delivered,Cash
4616,563,2024-01-27,Delivered,Card
2709,322,2024-01-27,Delivered,UPI
9615,258,2024-01-28,Delivered,UPI
6535,551,2024-01-28,Delivered,UPI
5943,223,2024-01-28,Delivered,UPI
4881,456,2024-01-29,Delivered,UPI
7810,554,2024-01-29,Delivered,UPI
4110,367,2024-01-29,Delivered,Card
6050,349,2024-01-29,Delivered,UPI
4981,537,2024-01-31,Delivered,UPI
5952,529,2024-01-31,Delivered,Card
8051,273,2024-01-31,Delivered,Card
8601,344,2024-01-31,Delivered,UPI
8218,210,2024-02-01,Delivered,UPI
10912,405,2024-02-02,Delivered,Card
7588,109,2024-02-02,Delivered,Wallet
10778,383,2024-02-03,Delivered,Net Banking
9448,286,2024-02-03,Cancelled,Wallet
5915,549,2024-02-03,Delivered,Card
1920,563,2024-02-05,Delivered,Card
10551,223,2024-02-05,Delivered,Card
7193,528,2024-02-05,Delivered,UPI
2127,185,2024-02-05,Delivered,Wallet
6946,488,2024-02-05,Delivered,Net Banking
2712,416,2024-02-06,Delivered,UPI
9924,559,2024-02-06,Delivered,Card
6417,158,2024-02-07,Delivered,UPI
8788,166,2024-02-07,Delivered,Net Banking
1405,225,2024-02-07,Delivered,Wallet
1595,256,2024-02-07,Delivered,UPI
6466,401,2024-02-08,Cancelled,UPI
2429,505,2024-02-08,Delivered,Card
10280,514,2024-02-08,Delivered,Net Banking
5224,553,2024-02-08,Delivered,Card
4002,450,2024-02-08,Delivered,Wallet
10017,310,2024-02-08,Delivered,UPI
7440,252,2024-02-09,Delivered,UPI
2079,598,2024-02-09,Delivered,UPI
6238,288,2024-02-09,Delivered,Wallet
7690,250,2024-02-09,Returned,Wallet
9191,344,2024-02-09,Cancelled,Net Banking
3520,140,2024-02-09,Delivered,UPI
10408,299,2024-02-10,Delivered,Card
5142,124,2024-02-10,Delivered,UPI
1133,587,2024-02-10,Delivered,Card
6753,180,2024-02-11,Delivered,Card
4349,299,2024-02-11,Delivered,Card
1883,493,2024-02-11,Delivered,UPI
7705,596,2024-02-11,Delivered,Card
2210,407,2024-02-11,Delivered,Wallet
3572,512,2024-02-11,Delivered,Net Banking
7432,407,2024-02-12,Delivered,UPI
2921,322,2024-02-12,Delivered,Card
7224,171,2024-02-12,Delivered,Cash
1386,324,2024-02-13,Delivered,UPI
8335,587,2024-02-13,Delivered,UPI
10287,545,2024-02-13,Delivered,Wallet
9235,257,2024-02-14,Delivered,Card
10007,437,2024-02-15,Delivered,Net Banking
4375,506,2024-02-15,Delivered,Wallet
2084,221,2024-02-15,Cancelled,Card
6293,123,2024-02-16,Delivered,Wallet
1636,370,2024-02-16,Delivered,UPI
6955,381,2024-02-16,Delivered,UPI
10440,560,2024-02-16,Delivered,Card
5759,146,2024-02-16,Delivered,UPI
6931,283,2024-02-17,Delivered,UPI
3492,148,2024-02-17,Delivered,UPI
9551,312,2024-02-17,Delivered,UPI
2386,378,2024-02-17,Delivered,Card
2248,166,2024-02-18,Delivered,Cash
8791,351,2024-02-18,Delivered,Card
3665,147,2024-02-18,Delivered,Wallet
6689,366,2024-02-19,Delivered,Card
8860,237,2024-02-19,Delivered,Wallet
10051,380,2024-02-19,Delivered,Cash
1276,223,2024-02-19,Delivered,UPI
4171,431,2024-02-19,Delivered,UPI
8928,454,2024-02-20,Delivered,UPI
10122,374,2024-02-20,Delivered,Net Banking
2612,147,2024-02-20,Delivered,Cash
4301,116,2024-02-21,Delivered,Card
8567,474,2024-02-21,Delivered,Wallet
9021,320,2024-02-21,Delivered,UPI
5800,315,2024-02-21,Delivered,Cash
6117,425,2024-02-21,Delivered,UPI
6762,204,2024-02-21,Delivered,Card
4331,470,2024-02-22,Delivered,Card
7433,136,2024-02-22,Delivered,UPI
10292,153,2024-02-23,Delivered,UPI
5588,323,2024-02-23,Shipped,UPI
8671,355,2024-02-23,Delivered,UPI
7578,141,2024-02-23,Delivered,Cash
6202,260,2024-02-23,Delivered,UPI
7834,536,2024-02-24,Delivered,UPI
3232,434,2024-02-24,Delivered,Card
6232,600,2024-02-24,Delivered,UPI
9634,241,2024-02-24,Delivered,UPI
2948,182,2024-02-24,Delivered,UPI
3363,573,2024-02-25,Delivered,UPI
2236,143,2024-02-25,Delivered,Net Banking
3536,364,2024-02-25,Delivered,Card
9225,518,2024-02-26,Delivered,Cash
7320,486,2024-02-26,Delivered,Net Banking
3619,445,2024-02-26,Delivered,UPI
4775,325,2024-02-26,Delivered,Card
2479,215,2024-02-26,Delivered,Net Banking
9562,329,2024-02-27,Delivered,Cash
8496,523,2024-02-27,Delivered,Card
6000,548,2024-02-27,Delivered,Card
4346,252,2024-02-27,Delivered,UPI
2798,263,2024-02-27,Delivered,Net Banking
10359,515,2024-02-28,Delivered,UPI
2760,142,2024-02-28,Delivered,Card
10158,447,2024-02-28,Delivered,Card
2249,299,2024-02-28,Delivered,Wallet
10629,426,2024-02-28,Delivered,Net Banking
7921,486,2024-02-29,Delivered,UPI
6244,430,2024-02-29,Delivered,UPI
2528,581,2024-02-29,Cancelled,Card
4475,353,2024-02-29,Delivered,Net Banking
7519,577,2024-02-29,Delivered,Wallet
2855,349,2024-02-29,Delivered,Card
7964,471,2024-03-01,Delivered,Net Banking
10719,198,2024-03-01,Delivered,UPI
7404,273,2024-03-01,Delivered,UPI
3343,329,2024-03-01,Delivered,Card
9555,111,2024-03-01,Delivered,Card
1559,200,2024-03-02,Delivered,Wallet
8549,439,2024-03-02,Delivered,UPI
9999,251,2024-03-03,Delivered,Wallet
3212,264,2024-03-03,Delivered,UPI
5612,568,2024-03-03,Shipped,UPI
1554,109,2024-03-03,Delivered,Cash
3338,268,2024-03-03,Delivered,Card
1124,565,2024-03-03,Delivered,Cash
1465,183,2024-03-04,Delivered,Net Banking
9508,403,2024-03-04,Delivered,UPI
10182,395,2024-03-04,Shipped,UPI
10316,554,2024-03-04,Delivered,Wallet
2017,508,2024-03-05,Cancelled,Cash
2595,264,2024-03-05,Delivered,UPI
1527,527,2024-03-05,Shipped,Net Banking
8526,552,2024-03-06,Delivered,Card
9561,290,2024-03-06,Delivered,Cash
5366,274,2024-03-06,Delivered,UPI
4342,577,2024-03-06,Delivered,Wallet
8888,262,2024-03-07,Delivered,UPI
10149,417,2024-03-08,Delivered,Cash
8590,166,2024-03-08,Delivered,Net Banking
2115,554,2024-03-08,Delivered,UPI
1498,246,2024-03-08,Delivered,Net Banking
5609,341,2024-03-09,Cancelled,Net Banking
6777,565,2024-03-09,Delivered,UPI
10265,449,2024-03-10,Delivered,UPI
4791,325,2024-03-10,Delivered,UPI
8402,397,2024-03-10,Delivered,Card
5979,534,2024-03-10,Delivered,Card
9690,232,2024-03-10,Cancelled,Card
6245,293,2024-03-11,Delivered,Net Banking
5929,523,2024-03-11,Delivered,UPI
7026,197,2024-03-12,Delivered,UPI
10932,565,2024-03-12,Delivered,Net Banking
7527,441,2024-03-12,Delivered,Net Banking
5210,148,2024-03-13,Delivered,UPI
6015,285,2024-03-13,Delivered,Net Banking
8045,343,2024-03-13,Delivered,Wallet
3988,270,2024-03-14,Delivered,Cash
6229,356,2024-03-14,Delivered,UPI
7156,321,2024-03-14,Delivered,UPI
10033,331,2024-03-14,Delivered,Cash
1378,599,2024-03-15,Delivered,Cash
10806,186,2024-03-15,Cancelled,UPI
10680,279,2024-03-15,Delivered,UPI
8730,274,2024-03-15,Delivered,UPI
1113,272,2024-03-15,Cancelled,UPI
9589,249,2024-03-15,Delivered,UPI
2538,109,2024-03-15,Delivered,Card
10079,432,2024-03-16,Delivered,Card
6730,475,2024-03-16,Returned,UPI
3463,193,2024-03-17,Delivered,Card
5793,360,2024-03-17,Delivered,Net Banking
8138,347,2024-03-17,Delivered,Card
7910,233,2024-03-18,Delivered,UPI
8077,315,2024-03-18,Returned,Net Banking
10677,413,2024-03-18,Delivered,Net Banking
3496,288,2024-03-20,Delivered,UPI
8429,401,2024-03-20,Delivered,Card
4183,147,2024-03-21,Delivered,Card
10808,202,2024-03-21,Delivered,UPI
1359,336,2024-03-21,Delivered,Card
1476,127,2024-03-21,Delivered,Card
2214,479,2024-03-21,Delivered,Card
2483,497,2024-03-22,Delivered,Cash
1482,131,2024-03-22,Delivered,UPI
2774,233,2024-03-22,Delivered,Wallet
9208,500,2024-03-23,Delivered,UPI
2082,492,2024-03-23,Delivered,Wallet
10767,290,2024-03-23,Delivered,Card
6759,381,2024-03-23,Delivered,UPI
10166,236,2024-03-23,Delivered,Card
6900,194,2024-03-23,Delivered,UPI
1522,545,2024-03-23,Delivered,UPI
8560,476,2024-03-24,Delivered,Cash
9045,343,2024-03-24,Delivered,Cash
1457,502,2024-03-24,Delivered,UPI
7757,418,2024-03-25,Shipped,Wallet
1048,317,2024-03-25,Delivered,Card
1963,270,2024-03-25,Delivered,Net Banking
3425,592,2024-03-25,Delivered,UPI
3913,517,2024-03-25,Delivered,Net Banking
5158,288,2024-03-26,Delivered,Card
3957,155,2024-03-26,Delivered,UPI
3685,400,2024-03-26,Delivered,Card
7401,518,2024-03-26,Delivered,UPI
2758,309,2024-03-26,Delivered,UPI
4789,166,2024-03-27,Delivered,UPI
3279,556,2024-03-27,Delivered,Wallet
9919,188,2024-03-27,Delivered,UPI
6718,167,2024-03-27,Delivered,Wallet
5577,178,2024-03-27,Delivered,UPI
7139,497,2024-03-28,Shipped,Wallet
8009,526,2024-03-29,Delivered,UPI
7954,120,2024-03-30,Delivered,UPI
3521,270,2024-03-30,Delivered,UPI
10623,223,2024-03-30,Delivered,Card
6623,474,2024-03-30,Delivered,UPI
5933,231,2024-03-31,Delivered,UPI
7620,558,2024-03-31,Delivered,Card
5217,236,2024-03-31,Shipped,Net Banking
2359,464,2024-04-01,Delivered,Net Banking
3419,552,2024-04-01,Shipped,Wallet
9170,320,2024-04-01,Returned,UPI
6263,193,2024-04-01,Returned,UPI
2401,571,2024-04-02,Delivered,Cash
1101,356,2024-04-02,Delivered,UPI
7666,568,2024-04-02,Delivered,UPI
9783,164,2024-04-02,Delivered,Net Banking
7841,180,2024-04-02,Delivered,Net Banking
3663,389,2024-04-02,Delivered,Cash
10392,228,2024-04-03,Cancelled,Card
10552,306,2024-04-03,Delivered,Card
3291,355,2024-04-03,Delivered,UPI
1599,285,2024-04-03,Delivered,UPI
7595,571,2024-04-04,Delivered,Wallet
5791,471,2024-04-04,Delivered,UPI
8660,574,2024-04-04,Delivered,Net Banking
4715,494,2024-04-04,Delivered,Cash
8390,221,2024-04-04,Delivered,UPI
10620,268,2024-04-05,Delivered,UPI
4340,199,2024-04-05,Delivered,Net Banking
10546,228,2024-04-05,Delivered,UPI
6737,158,2024-04-05,Delivered,Card
9010,134,2024-04-05,Returned,UPI
8801,207,2024-04-06,Delivered,Wallet
3639,532,2024-04-06,Delivered,Card
3603,424,2024-04-06,Delivered,Net Banking
9997,192,2024-04-07,Delivered,Cash
5168,142,2024-04-07,Delivered,UPI
5150,153,2024-04-07,Delivered,UPI
4291,493,2024-04-07,Returned,Card
5471,282,2024-04-08,Delivered,Card
8262,548,2024-04-08,Cancelled,Cash
2356,479,2024-04-08,Delivered,Cash
1211,332,2024-04-08,Delivered,Card
9444,487,2024-04-09,Delivered,Card
8971,260,2024-04-09,Delivered,Wallet
8627,181,2024-04-09,Delivered,Wallet
6714,467,2024-04-09,Delivered,Cash
9603,405,2024-04-09,Delivered,UPI
2796,286,2024-04-09,Delivered,Wallet
6723,115,2024-04-09,Delivered,UPI
2171,527,2024-04-10,Delivered,Net Banking
9815,285,2024-04-10,Shipped,Cash
2825,370,2024-04-10,Delivered,Cash
6761,400,2024-04-10,Delivered,Card
8726,416,2024-04-10,Returned,UPI
3904,437,2024-04-10,Delivered,UPI
6612,235,2024-04-11,Delivered,Card
2927,518,2024-04-11,Delivered,Card
6449,448,2024-04-11,Delivered,Wallet
10828,225,2024-04-11,Delivered,Card
8969,154,2024-04-11,Delivered,Card
1296,141,2024-04-11,Delivered,UPI
4032,461,2024-04-11,Delivered,Card
9133,533,2024-04-11,Cancelled,Wallet
6182,416,2024-04-12,Delivered,Card
9037,539,2024-04-12,Delivered,UPI
7376,212,2024-04-13,Delivered,Card
8159,137,2024-04-14,Delivered,Net Banking
7176,377,2024-04-14,Delivered,Card
1203,132,2024-04-15,Delivered,UPI
7642,288,2024-04-15,Delivered,Card
8458,139,2024-04-15,Delivered,Card
6965,581,2024-04-16,Delivered,Cash
5410,123,2024-04-16,Delivered,UPI
2040,120,2024-04-17,Delivered,Card
9366,537,2024-04-17,Delivered,Card
9722,555,2024-04-17,Shipped,Net Banking
4606,370,2024-04-18,Delivered,Card
4047,250,2024-04-18,Delivered,Cash
6693,368,2024-04-18,Delivered,UPI
9187,167,2024-04-19,Delivered,Card
3911,537,2024-04-19,Delivered,Card
4698,597,2024-04-19,Delivered,Card
9475,426,2024-04-19,Delivered,Card
5085,229,2024-04-19,Delivered,UPI
9753,134,2024-04-20,Delivered,UPI
8587,296,2024-04-20,Delivered,Card
6132,470,2024-04-20,Delivered,Cash
1978,388,2024-04-20,Delivered,Card
3174,401,2024-04-21,Shipped,Card
2582,406,2024-04-21,Delivered,UPI
10952,425,2024-04-22,Delivered,UPI
7400,547,2024-04-23,Delivered,Cash
5032,338,2024-04-23,Delivered,Wallet
7562,472,2024-04-24,Cancelled,UPI
10569,279,2024-04-24,Delivered,UPI
1416,251,2024-04-24,Shipped,Card
10622,142,2024-04-24,Delivered,UPI
8572,367,2024-04-25,Delivered,Net Banking
4699,315,2024-04-25,Delivered,UPI
1323,193,2024-04-25,Delivered,UPI
8193,194,2024-04-25,Delivered,Card
8992,480,2024-04-25,Delivered,Net Banking
4632,390,2024-04-25,Delivered,Cash
1347,551,2024-04-26,Cancelled,Net Banking
8176,279,2024-04-26,Delivered,Cash
9020,137,2024-04-26,Cancelled,Card
8728,388,2024-04-26,Delivered,Net Banking
6259,202,2024-04-26,Delivered,Card
7239,355,2024-04-26,Delivered,Cash
2508,343,2024-04-26,Delivered,UPI
6363,253,2024-04-27,Delivered,Net Banking
3954,152,2024-04-27,Delivered,UPI
7063,284,2024-04-27,Delivered,Card
3264,167,2024-04-27,Delivered,UPI
9083,346,2024-04-28,Delivered,UPI
3056,347,2024-04-28,Delivered,Net Banking
9032,430,2024-04-28,Delivered,UPI
8122,182,2024-04-28,Cancelled,UPI
6421,135,2024-04-28,Delivered,UPI
7251,152,2024-04-29,Delivered,Net Banking
4862,507,2024-04-29,Delivered,Cash
2918,418,2024-04-30,Delivered,UPI
2575,347,2024-04-30,Delivered,Card
10255,141,2024-04-30,Delivered,Wallet
6857,443,2024-04-30,Delivered,Card
7584,187,2024-04-30,Delivered,UPI
9868,471,2024-05-01,Delivered,UPI
1658,429,2024-05-01,Delivered,UPI
9311,395,2024-05-01,Delivered,UPI
6551,387,2024-05-01,Delivered,Card
2734,589,2024-05-01,Returned,UPI
8891,490,2024-05-02,Delivered,UPI
9586,229,2024-05-02,Delivered,UPI
2269,250,2024-05-03,Delivered,Card
5440,358,2024-05-03,Delivered,UPI
1778,201,2024-05-04,Cancelled,UPI
2804,240,2024-05-04,Delivered,Card
4062,346,2024-05-05,Delivered,Cash
3881,203,2024-05-05,Delivered,UPI
3561,583,2024-05-05,Delivered,Card
4180,466,2024-05-06,Delivered,Card
8807,418,2024-05-06,Delivered,Card
6087,166,2024-05-07,Delivered,Card
1818,110,2024-05-07,Shipped,UPI
3149,546,2024-05-07,Delivered,Cash
4887,463,2024-05-07,Delivered,Card
10701,402,2024-05-08,Delivered,UPI
7041,266,2024-05-08,Delivered,UPI
4364,297,2024-05-08,Delivered,UPI
3499,160,2024-05-08,Returned,Card
7494,341,2024-05-08,Delivered,Card
9367,299,2024-05-08,Returned,UPI
10483,221,2024-05-09,Delivered,UPI
2608,157,2024-05-09,Delivered,UPI
2185,344,2024-05-09,Returned,UPI
9036,167,2024-05-10,Delivered,UPI
6994,241,2024-05-10,Delivered,Net Banking
3629,534,2024-05-10,Delivered,Card
9503,423,2024-05-11,Delivered,Card
4677,143,2024-05-11,Delivered,Card
5246,114,2024-05-11,Delivered,Card
2430,232,2024-05-11,Shipped,UPI
8503,469,2024-05-12,Delivered,Net Banking
8087,111,2024-05-12,Delivered,UPI
5545,250,2024-05-13,Delivered,Card
8039,282,2024-05-14,Delivered,Card
4734,317,2024-05-14,Delivered,Cash
5965,285,2024-05-14,Delivered,Card
5367,131,2024-05-14,Delivered,UPI
1141,506,2024-05-14,Delivered,Net Banking
9870,310,2024-05-14,Cancelled,Card
9200,479,2024-05-15,Delivered,Cash
7896,320,2024-05-17,Delivered,UPI
2125,148,2024-05-18,Shipped,UPI
2590,443,2024-05-18,Delivered,Card
3684,337,2024-05-18,Delivered,Wallet
2051,159,2024-05-18,Cancelled,Cash
5650,599,2024-05-18,Delivered,Card
6876,279,2024-05-19,Cancelled,UPI
5165,408,2024-05-19,Delivered,UPI
8914,570,2024-05-20,Delivered,Net Banking
9616,509,2024-05-20,Delivered,UPI
6376,556,2024-05-21,Cancelled,UPI
7829,399,2024-05-21,Delivered,UPI
5229,488,2024-05-21,Delivered,Card
3807,466,2024-05-21,Delivered,UPI
10600,434,2024-05-22,Delivered,UPI
9227,129,2024-05-22,Delivered,Card
3177,546,2024-05-22,Cancelled,UPI
5219,271,2024-05-22,Cancelled,Card
7389,469,2024-05-22,Delivered,Card
4310,346,2024-05-22,Delivered,UPI
6865,529,2024-05-22,Delivered,UPI
2773,528,2024-05-22,Delivered,Wallet
9385,228,2024-05-23,Delivered,UPI
8271,559,2024-05-23,Delivered,Card
6977,489,2024-05-23,Delivered,Cash
7902,377,2024-05-23,Delivered,UPI
7525,498,2024-05-23,Delivered,Net Banking
3005,203,2024-05-23,Delivered,UPI
7079,395,2024-05-24,Delivered,Card
9363,580,2024-05-24,Delivered,UPI
1445,402,2024-05-25,Delivered,Card
4594,408,2024-05-25,Delivered,Card
9793,350,2024-05-25,Cancelled,Wallet
2616,445,2024-05-25,Delivered,UPI
4879,220,2024-05-26,Delivered,UPI
5362,532,2024-05-26,Delivered,UPI
4720,404,2024-05-27,Delivered,Net Banking
10535,218,2024-05-27,Delivered,Cash
8073,183,2024-05-27,Delivered,Card
2345,231,2024-05-27,Delivered,Net Banking
3428,209,2024-05-27,Delivered,Net Banking
2930,372,2024-05-27,Delivered,Card
3710,500,2024-05-27,Delivered,UPI
2396,117,2024-05-27,Cancelled,Card
2267,459,2024-05-28,Delivered,Card
6937,472,2024-05-28,Delivered,Cash
5477,408,2024-05-29,Delivered,Card
9101,314,2024-05-29,Delivered,Card
2911,284,2024-05-29,Delivered,UPI
10235,168,2024-05-29,Delivered,Wallet
4974,118,2024-05-29,Delivered,Card
6078,251,2024-05-29,Delivered,Card
9835,347,2024-05-29,Delivered,Net Banking
5573,266,2024-05-29,Delivered,Wallet
7031,385,2024-05-30,Delivered,Card
8317,195,2024-05-31,Delivered,Net Banking
4368,162,2024-05-31,Delivered,Card
7018,366,2024-05-31,Delivered,UPI
2693,543,2024-05-31,Returned,UPI
1755,493,2024-05-31,Delivered,Card
5932,159,2024-05-31,Delivered,Net Banking
2049,378,2024-06-01,Delivered,Card
3890,138,2024-06-01,Delivered,UPI
6635,424,2024-06-02,Delivered,UPI
10944,378,2024-06-02,Delivered,Card
5841,524,2024-06-02,Delivered,Card
6820,256,2024-06-03,Delivered,UPI
3168,592,2024-06-03,Delivered,Cash
8336,304,2024-06-03,Delivered,Card
7275,297,2024-06-04,Delivered,UPI
2486,445,2024-06-04,Delivered,Net Banking
8217,344,2024-06-04,Delivered,UPI
8182,527,2024-06-05,Delivered,Card
9151,384,2024-06-05,Cancelled,UPI
1621,201,2024-06-05,Delivered,Card
6516,235,2024-06-05,Delivered,UPI
9211,529,2024-06-05,Delivered,Card
9659,120,2024-06-05,Delivered,UPI
5934,157,2024-06-05,Cancelled,Card
5571,256,2024-06-05,Delivered,Net Banking
9527,594,2024-06-06,Delivered,UPI
8685,429,2024-06-06,Delivered,Cash
7949,529,2024-06-06,Returned,Card
2319,176,2024-06-06,Delivered,Card
3692,481,2024-06-07,Delivered,UPI
1809,497,2024-06-07,Delivered,Cash
8118,588,2024-06-08,Delivered,Card
6412,329,2024-06-08,Delivered,Net Banking
7532,215,2024-06-08,Delivered,Cash
10878,162,2024-06-09,Delivered,Net Banking
2617,143,2024-06-09,Delivered,UPI
4493,561,2024-06-09,Cancelled,UPI
5905,357,2024-06-10,Delivered,UPI
7414,164,2024-06-10,Delivered,UPI
2886,130,2024-06-10,Delivered,Card
8056,463,2024-06-11,Delivered,Net Banking
6194,407,2024-06-11,Delivered,Wallet
2193,558,2024-06-11,Delivered,Net Banking
10282,347,2024-06-11,Delivered,Card
6206,398,2024-06-12,Delivered,Card
10780,340,2024-06-13,Delivered,UPI
4449,117,2024-06-13,Delivered,UPI
8593,285,2024-06-13,Shipped,UPI
3889,194,2024-06-13,Delivered,Card
3601,550,2024-06-14,Returned,Cash
8506,267,2024-06-14,Delivered,UPI
5699,517,2024-06-14,Delivered,UPI
1330,156,2024-06-14,Delivered,Net Banking
1081,112,2024-06-16,Delivered,UPI
6166,282,2024-06-16,Delivered,Cash
10936,111,2024-06-16,Delivered,UPI
1423,464,2024-06-16,Delivered,Cash
1455,374,2024-06-16,Delivered,Card
9118,462,2024-06-16,Delivered,UPI
3361,427,2024-06-16,Delivered,Card
2818,447,2024-06-16,Delivered,UPI
10521,207,2024-06-17,Delivered,Wallet
1921,117,2024-06-17,Delivered,UPI
8337,165,2024-06-17,Delivered,UPI
3280,435,2024-06-18,Delivered,UPI
6925,357,2024-06-18,Delivered,Wallet
10246,454,2024-06-18,Delivered,UPI
9330,145,2024-06-18,Cancelled,UPI
2917,180,2024-06-19,Delivered,Cash
5553,502,2024-06-19,Delivered,Cash
10357,384,2024-06-19,Delivered,UPI
8188,597,2024-06-19,Delivered,Card
6625,550,2024-06-19,Delivered,Card
2509,195,2024-06-19,Delivered,Net Banking
3057,244,2024-06-20,Delivered,UPI
2813,159,2024-06-20,Delivered,UPI
2554,397,2024-06-20,Delivered,Wallet
9800,199,2024-06-21,Delivered,Net Banking
5181,233,2024-06-21,Delivered,Cash
10626,321,2024-06-22,Delivered,Wallet
3188,540,2024-06-22,Delivered,Card
9048,503,2024-06-22,Delivered,Card
9075,561,2024-06-22,Delivered,Card
9423,503,2024-06-22,Delivered,UPI
6296,320,2024-06-23,Delivered,UPI
1039,377,2024-06-23,Delivered,UPI
10467,233,2024-06-23,Delivered,Wallet
4023,112,2024-06-24,Delivered,Card
4269,539,2024-06-24,Delivered,Card
5596,357,2024-06-24,Delivered,Net Banking
10477,176,2024-06-24,Delivered,Card
9147,528,2024-06-24,Delivered,UPI
8631,177,2024-06-24,Delivered,Card
3494,434,2024-06-24,Delivered,Net Banking
5197,307,2024-06-24,Delivered,UPI
1632,132,2024-06-25,Delivered,Wallet
6690,442,2024-06-25,Delivered,Net Banking
7207,463,2024-06-25,Delivered,UPI
8254,594,2024-06-25,Delivered,Card
3897,159,2024-06-25,Cancelled,UPI
9373,534,2024-06-25,Delivered,Card
4618,355,2024-06-26,Delivered,Card
4024,207,2024-06-26,Delivered,UPI
4334,500,2024-06-26,Delivered,Net Banking
2795,294,2024-06-26,Shipped,Card
9136,367,2024-06-27,Delivered,UPI
8493,543,2024-06-27,Delivered,Cash
4387,316,2024-06-27,Delivered,Net Banking
10524,200,2024-06-27,Delivered,UPI
8531,266,2024-06-28,Delivered,Card
3087,417,2024-06-28,Shipped,Wallet
8060,405,2024-06-28,Delivered,UPI
9685,186,2024-06-29,Delivered,Net Banking
9420,580,2024-06-29,Returned,Cash
8704,392,2024-06-30,Delivered,UPI
7745,456,2024-06-30,Cancelled,Card
8309,210,2024-06-30,Delivered,Cash
4466,117,2024-07-01,Returned,Wallet
10802,305,2024-07-01,Cancelled,UPI
7398,553,2024-07-01,Delivered,Card
6266,294,2024-07-02,Delivered,Card
10526,360,2024-07-02,Delivered,Net Banking
6457,283,2024-07-02,Delivered,Cash
6729,367,2024-07-02,Delivered,Card
10059,317,2024-07-02,Delivered,UPI
5638,255,2024-07-03,Delivered,Card
4305,441,2024-07-03,Delivered,Wallet
3247,281,2024-07-03,Delivered,Net Banking
8517,236,2024-07-03,Delivered,UPI
1169,234,2024-07-04,Delivered,UPI
5257,372,2024-07-05,Delivered,UPI
4582,427,2024-07-05,Delivered,Cash
10954,361,2024-07-05,Delivered,UPI
3106,146,2024-07-05,Delivered,UPI
6242,582,2024-07-06,Delivered,Net Banking
3244,399,2024-07-06,Delivered,Card
1666,448,2024-07-06,Delivered,Card
1430,433,2024-07-06,Delivered,UPI
6570,547,2024-07-06,Delivered,Card
1885,164,2024-07-06,Delivered,UPI
4339,573,2024-07-07,Shipped,UPI
1716,527,2024-07-07,Delivered,Cash
10006,124,2024-07-07,Delivered,UPI
10003,472,2024-07-08,Delivered,Card
1931,111,2024-07-08,Delivered,UPI
1106,563,2024-07-08,Delivered,UPI
8469,213,2024-07-08,Delivered,Wallet
4159,347,2024-07-09,Returned,Card
2569,593,2024-07-10,Delivered,UPI
1871,403,2024-07-10,Returned,UPI
8198,365,2024-07-11,Shipped,UPI
7268,416,2024-07-11,Delivered,UPI
8461,194,2024-07-11,Delivered,Card
8761,200,2024-07-12,Returned,UPI
2212,222,2024-07-12,Delivered,UPI
8378,185,2024-07-12,Delivered,Wallet
8287,294,2024-07-12,Delivered,UPI
7832,378,2024-07-13,Delivered,Card
8394,378,2024-07-13,Delivered,Cash
10383,200,2024-07-14,Delivered,Net Banking
2217,270,2024-07-14,Delivered,UPI
8150,504,2024-07-14,Delivered,Card
4646,148,2024-07-14,Delivered,Cash
4611,370,2024-07-15,Shipped,Card
8622,404,2024-07-15,Delivered,Wallet
8857,175,2024-07-15,Shipped,UPI
6666,398,2024-07-15,Delivered,UPI
5151,409,2024-07-16,Delivered,Wallet
1889,595,2024-07-16,Delivered,Card
10008,200,2024-07-16,Delivered,UPI
3689,469,2024-07-16,Delivered,Wallet
1936,481,2024-07-16,Delivered,UPI
10433,384,2024-07-16,Delivered,Wallet
2234,273,2024-07-17,Delivered,Net Banking
10596,154,2024-07-17,Delivered,Card
5499,243,2024-07-17,Delivered,Cash
8535,139,2024-07-17,Cancelled,Card
2983,162,2024-07-18,Delivered,Cash
2284,550,2024-07-18,Shipped,Card
10609,268,2024-07-18,Delivered,Card
7671,459,2024-07-18,Shipped,UPI
9960,135,2024-07-18,Delivered,Card
7573,281,2024-07-18,Delivered,Card
6869,543,2024-07-18,Delivered,Card
8709,502,2024-07-18,Delivered,Wallet
5162,475,2024-07-19,Delivered,Card
7557,392,2024-07-19,Delivered,UPI
1761,380,2024-07-20,Delivered,UPI
8450,115,2024-07-20,Delivered,Card
1432,275,2024-07-21,Delivered,UPI
8089,418,2024-07-21,Delivered,Wallet
5036,239,2024-07-21,Delivered,Wallet
7916,470,2024-07-22,Delivered,UPI
6934,406,2024-07-22,Shipped,Card
3008,273,2024-07-23,Delivered,Cash
1529,150,2024-07-24,Delivered,Card
3375,508,2024-07-24,Delivered,UPI
3348,293,2024-07-24,Delivered,Card
6152,193,2024-07-25,Delivered,UPI
4822,318,2024-07-25,Delivered,Card
7000,169,2024-07-25,Delivered,UPI
7788,361,2024-07-25,Delivered,Net Banking
2168,267,2024-07-26,Shipped,Wallet
3984,498,2024-07-26,Delivered,Card
8232,294,2024-07-26,Delivered,Net Banking
2786,352,2024-07-27,Delivered,Wallet
8536,311,2024-07-27,Delivered,UPI
3242,290,2024-07-27,Delivered,UPI
7569,556,2024-07-27,Delivered,Cash
5723,585,2024-07-28,Delivered,UPI
6061,216,2024-07-28,Delivered,UPI
1192,593,2024-07-28,Delivered,Card
2286,522,2024-07-28,Delivered,Wallet
7240,252,2024-07-28,Delivered,Card
9408,241,2024-07-29,Delivered,Cash
10384,150,2024-07-29,Delivered,UPI
3783,267,2024-07-30,Delivered,UPI
6046,364,2024-07-30,Delivered,Cash
8135,231,2024-07-30,Delivered,Net Banking
9150,239,2024-07-31,Delivered,Wallet
6539,156,2024-08-01,Delivered,UPI
5710,345,2024-08-01,Shipped,UPI
9035,528,2024-08-01,Delivered,Card
5183,180,2024-08-01,Delivered,Card
4635,478,2024-08-01,Delivered,Cash
7297,367,2024-08-01,Delivered,Wallet
9360,445,2024-08-02,Shipped,Card
7517,335,2024-08-02,Delivered,Card
5568,570,2024-08-02,Delivered,Net Banking
4713,454,2024-08-02,Shipped,UPI
4465,176,2024-08-02,Delivered,Net Banking
9845,500,2024-08-02,Delivered,Cash
3248,228,2024-08-02,Delivered,Card
4796,489,2024-08-02,Delivered,UPI
1710,178,2024-08-03,Returned,Cash
6322,357,2024-08-03,Delivered,Card
8656,237,2024-08-03,Delivered,UPI
10636,376,2024-08-03,Delivered,Card
1338,265,2024-08-03,Delivered,Net Banking
6782,112,2024-08-04,Delivered,UPI
10460,168,2024-08-04,Delivered,Cash
6897,325,2024-08-04,Delivered,UPI
10500,337,2024-08-04,Delivered,Card
4895,151,2024-08-04,Delivered,Cash
10736,463,2024-08-04,Delivered,Card
7614,592,2024-08-05,Delivered,Net Banking
1989,321,2024-08-05,Delivered,UPI
5194,451,2024-08-05,Delivered,Card
1306,275,2024-08-06,Delivered,Wallet
5114,400,2024-08-06,Delivered,UPI
3317,356,2024-08-06,Delivered,UPI
4670,165,2024-08-07,Delivered,Net Banking
3555,309,2024-08-07,Delivered,Card
5118,181,2024-08-07,Delivered,Card
6521,327,2024-08-07,Delivered,UPI
2866,439,2024-08-07,Delivered,Wallet
6779,325,2024-08-07,Delivered,Card
10345,112,2024-08-07,Delivered,Card
9950,357,2024-08-08,Delivered,Wallet
6178,513,2024-08-08,Delivered,UPI
5603,505,2024-08-08,Delivered,UPI
3074,433,2024-08-08,Delivered,Net Banking
9152,544,2024-08-08,Delivered,UPI
6315,229,2024-08-08,Delivered,Cash
10423,266,2024-08-08,Delivered,Card
5243,289,2024-08-08,Delivered,UPI
10019,440,2024-08-08,Delivered,Wallet
8886,278,2024-08-09,Delivered,Card
5272,568,2024-08-10,Delivered,UPI
4615,546,2024-08-10,Delivered,Card
10616,335,2024-08-10,Delivered,UPI
7393,600,2024-08-10,Delivered,Card
5780,314,2024-08-10,Delivered,UPI
9869,579,2024-08-10,Delivered,Card
7194,423,2024-08-10,Cancelled,UPI
9528,413,2024-08-10,Delivered,Card
5318,368,2024-08-11,Delivered,Card
1274,157,2024-08-11,Delivered,UPI
4443,143,2024-08-11,Delivered,Cash
9802,464,2024-08-11,Delivered,UPI
5424,459,2024-08-11,Delivered,Net Banking
5249,286,2024-08-12,Delivered,UPI
8846,543,2024-08-12,Delivered,Card
7288,267,2024-08-12,Delivered,Card
6100,169,2024-08-12,Delivered,Card
10435,333,2024-08-13,Delivered,Card
7621,317,2024-08-13,Returned,Card
5515,407,2024-08-13,Delivered,Wallet
1505,229,2024-08-14,Shipped,UPI
8329,557,2024-08-14,Delivered,Card
1822,328,2024-08-14,Delivered,UPI
3844,575,2024-08-14,Cancelled,UPI
10544,183,2024-08-14,Delivered,Card
1287,233,2024-08-14,Delivered,Card
5121,518,2024-08-15,Delivered,UPI
5994,445,2024-08-15,Delivered,Net Banking
4482,545,2024-08-15,Delivered,UPI
2487,164,2024-08-15,Delivered,Card
7057,155,2024-08-15,Delivered,Net Banking
8311,468,2024-08-15,Delivered,Card
1493,231,2024-08-15,Delivered,Cash
9980,545,2024-08-15,Delivered,Net Banking
9491,212,2024-08-16,Delivered,UPI
9721,255,2024-08-16,Shipped,UPI
7225,253,2024-08-16,Delivered,UPI
1573,169,2024-08-16,Delivered,UPI
8755,468,2024-08-16,Cancelled,UPI
10138,146,2024-08-16,Delivered,Wallet
2955,177,2024-08-17,Delivered,Cash
4307,192,2024-08-17,Delivered,Card
3302,162,2024-08-17,Delivered,Card
6592,492,2024-08-18,Shipped,UPI
9460,233,2024-08-18,Delivered,UPI
5077,454,2024-08-18,Delivered,Card
5225,508,2024-08-18,Returned,Net Banking
1198,241,2024-08-19,Delivered,Net Banking
9283,257,2024-08-19,Returned,Card
3200,288,2024-08-19,Delivered,Cash
7915,406,2024-08-19,Delivered,Net Banking
4761,206,2024-08-19,Delivered,UPI
6513,383,2024-08-19,Delivered,UPI
5561,303,2024-08-19,Delivered,UPI
9832,337,2024-08-19,Delivered,Wallet
4509,355,2024-08-20,Delivered,Card
3922,454,2024-08-20,Delivered,UPI
5749,239,2024-08-20,Delivered,Card
2460,179,2024-08-20,Delivered,UPI
9406,145,2024-08-20,Delivered,Net Banking
8111,268,2024-08-20,Delivered,Cash
1747,375,2024-08-21,Returned,Card
9982,574,2024-08-21,Delivered,Net Banking
8576,530,2024-08-21,Delivered,UPI
8267,448,2024-08-21,Delivered,UPI
5959,374,2024-08-21,Delivered,UPI
6420,365,2024-08-21,Shipped,Wallet
4953,578,2024-08-21,Delivered,Card
7746,160,2024-08-21,Delivered,UPI
9678,162,2024-08-21,Shipped,UPI
10326,131,2024-08-21,Delivered,UPI
8400,350,2024-08-22,Delivered,UPI
8190,125,2024-08-22,Delivered,UPI
2994,354,2024-08-22,Delivered,UPI
10439,448,2024-08-22,Delivered,UPI
8230,255,2024-08-22,Delivered,Wallet
7767,377,2024-08-22,Delivered,Card
10444,567,2024-08-22,Delivered,Card
6133,381,2024-08-23,Delivered,Card
7868,264,2024-08-23,Delivered,UPI
3044,273,2024-08-24,Delivered,UPI
2100,441,2024-08-24,Delivered,Card
2162,385,2024-08-25,Delivered,UPI
9371,590,2024-08-25,Delivered,UPI
10864,309,2024-08-25,Shipped,Card
5503,414,2024-08-25,Delivered,UPI
7972,237,2024-08-25,Delivered,UPI
2184,341,2024-08-25,Shipped,Net Banking
10173,413,2024-08-25,Delivered,UPI
1395,475,2024-08-25,Shipped,UPI
9014,548,2024-08-26,Cancelled,Net Banking
1552,325,2024-08-26,Delivered,Card
10210,471,2024-08-26,Delivered,Wallet
5493,408,2024-08-26,Delivered,Wallet
7449,195,2024-08-27,Delivered,Card
8794,289,2024-08-27,Delivered,Card
3230,404,2024-08-28,Returned,Card
6938,532,2024-08-28,Delivered,Card
10951,587,2024-08-29,Shipped,Net Banking
10955,175,2024-08-29,Delivered,Wallet
9681,299,2024-08-29,Delivered,UPI
7887,267,2024-08-30,Delivered,UPI
6424,551,2024-08-30,Delivered,Net Banking
2521,126,2024-08-31,Delivered,Card
5037,565,2024-08-31,Delivered,Card
6499,550,2024-08-31,Delivered,Card
2895,340,2024-08-31,Delivered,Wallet
7278,186,2024-08-31,Shipped,Cash
4572,301,2024-08-31,Delivered,UPI
8495,562,2024-08-31,Delivered,UPI
6481,504,2024-09-01,Delivered,Cash
3592,380,2024-09-01,Delivered,UPI
2174,414,2024-09-01,Delivered,Card
7748,380,2024-09-01,Shipped,Net Banking
1914,157,2024-09-01,Delivered,Card
8192,109,2024-09-01,Delivered,UPI
5062,149,2024-09-02,Cancelled,Cash
5765,129,2024-09-02,Delivered,UPI
4687,594,2024-09-02,Cancelled,Card
5192,451,2024-09-02,Delivered,Net Banking
5420,413,2024-09-03,Cancelled,UPI
4015,450,2024-09-03,Delivered,Cash
3368,150,2024-09-03,Delivered,Wallet
2424,424,2024-09-03,Cancelled,Cash
2421,222,2024-09-03,Delivered,Cash
3131,401,2024-09-04,Delivered,UPI
6089,206,2024-09-04,Delivered,Card
1316,507,2024-09-04,Cancelled,UPI
8998,267,2024-09-05,Delivered,UPI
7552,124,2024-09-05,Delivered,Wallet
7150,186,2024-09-05,Delivered,UPI
5598,540,2024-09-05,Delivered,Net Banking
10091,396,2024-09-06,Delivered,Wallet
9381,518,2024-09-06,Delivered,UPI
2856,314,2024-09-06,Delivered,Wallet
10469,579,2024-09-06,Delivered,Wallet
3508,553,2024-09-06,Delivered,Net Banking
3500,187,2024-09-06,Delivered,Card
6653,289,2024-09-06,Delivered,Card
10509,155,2024-09-06,Delivered,UPI
2783,551,2024-09-07,Delivered,Net Banking
10644,219,2024-09-07,Cancelled,UPI
9814,585,2024-09-07,Delivered,Card
5017,263,2024-09-07,Delivered,Net Banking
9688,251,2024-09-08,Delivered,Card
2213,333,2024-09-08,Delivered,UPI
10789,288,2024-09-08,Delivered,UPI
2836,559,2024-09-08,Delivered,UPI
5589,115,2024-09-08,Delivered,Card
6240,224,2024-09-09,Delivered,UPI
4082,391,2024-09-09,Delivered,Card
6287,427,2024-09-09,Delivered,Card
7310,394,2024-09-09,Returned,Net Banking
6179,378,2024-09-10,Shipped,Net Banking
3623,476,2024-09-10,Delivered,Card
7886,597,2024-09-10,Returned,Wallet
9613,530,2024-09-10,Delivered,UPI
1865,329,2024-09-10,Returned,UPI
1480,497,2024-09-11,Delivered,Net Banking
5794,136,2024-09-11,Delivered,UPI
10002,336,2024-09-11,Delivered,UPI
6511,333,2024-09-11,Delivered,UPI
5678,478,2024-09-11,Delivered,Card
1536,338,2024-09-11,Delivered,UPI
7438,600,2024-09-11,Delivered,UPI
10132,263,2024-09-11,Delivered,Card
3987,182,2024-09-11,Delivered,UPI
1975,148,2024-09-12,Delivered,UPI
3268,293,2024-09-12,Returned,Card
2463,481,2024-09-12,Delivered,UPI
1085,309,2024-09-12,Delivered,Cash
6073,410,2024-09-12,Delivered,UPI
2504,416,2024-09-12,Shipped,Cash
1307,410,2024-09-13,Delivered,Wallet
3457,314,2024-09-13,Delivered,Card
1243,182,2024-09-13,Delivered,UPI
1960,275,2024-09-13,Delivered,UPI
9680,456,2024-09-13,Delivered,UPI
6571,523,2024-09-14,Delivered,UPI
2725,395,2024-09-14,Cancelled,Cash
4420,374,2024-09-15,Returned,Cash
1588,448,2024-09-15,Delivered,Wallet
8675,236,2024-09-15,Delivered,UPI
10374,346,2024-09-16,Delivered,Card
6783,133,2024-09-16,Delivered,UPI
10574,528,2024-09-16,Delivered,Cash
4691,289,2024-09-16,Delivered,Card
9350,236,2024-09-16,Delivered,Net Banking
1715,499,2024-09-17,Delivered,UPI
8620,592,2024-09-17,Delivered,UPI
3353,497,2024-09-17,Delivered,UPI
8967,539,2024-09-18,Cancelled,Card
10947,210,2024-09-18,Delivered,Card
1770,252,2024-09-18,Delivered,UPI
5774,410,2024-09-18,Delivered,Cash
4742,532,2024-09-18,Delivered,Card
3512,557,2024-09-19,Delivered,UPI
7799,151,2024-09-19,Delivered,Wallet
1515,445,2024-09-19,Delivered,Net Banking
10928,508,2024-09-19,Delivered,UPI
8766,406,2024-09-20,Delivered,Card
3038,419,2024-09-20,Delivered,Card
7075,340,2024-09-20,Delivered,Card
4472,267,2024-09-20,Delivered,Cash
9008,492,2024-09-21,Delivered,UPI
9321,270,2024-09-21,Delivered,UPI
10960,480,2024-09-21,Delivered,Card
9404,524,2024-09-22,Delivered,UPI
4077,555,2024-09-22,Delivered,UPI
3895,116,2024-09-22,Delivered,Card
1727,484,2024-09-22,Delivered,UPI
2827,271,2024-09-22,Delivered,Card
6696,560,2024-09-23,Delivered,UPI
5374,390,2024-09-23,Shipped,Cash
3993,152,2024-09-24,Delivered,UPI
9554,148,2024-09-24,Cancelled,Wallet
9784,508,2024-09-24,Delivered,Cash
3641,552,2024-09-26,Delivered,Net Banking
8887,458,2024-09-26,Returned,UPI
6848,588,2024-09-26,Delivered,UPI
9861,522,2024-09-26,Delivered,Card
6092,423,2024-09-27,Delivered,Card
4100,367,2024-09-27,Delivered,Card
6868,276,2024-09-27,Shipped,UPI
9155,561,2024-09-27,Delivered,Wallet
2043,594,2024-09-27,Shipped,UPI
7439,515,2024-09-27,Delivered,UPI
4142,380,2024-09-27,Delivered,Card
9402,303,2024-09-28,Delivered,Card
10143,427,2024-09-28,Cancelled,Net Banking
4900,593,2024-09-28,Cancelled,Wallet
10746,550,2024-09-28,Delivered,Card
8556,372,2024-09-28,Delivered,UPI
5536,524,2024-09-29,Delivered,Cash
9217,128,2024-09-29,Delivered,Net Banking
2208,241,2024-09-29,Cancelled,Card
7426,498,2024-09-29,Delivered,Wallet
10341,468,2024-09-29,Delivered,Card
10983,312,2024-09-30,Delivered,Cash
5752,523,2024-09-30,Delivered,Net Banking
5507,344,2024-09-30,Shipped,Card
4519,219,2024-09-30,Delivered,Card
2461,482,2024-09-30,Delivered,UPI
10693,170,2024-09-30,Delivered,UPI
3824,154,2024-09-30,Delivered,Cash
3270,369,2024-10-01,Delivered,UPI
9984,595,2024-10-01,Delivered,UPI
1502,369,2024-10-02,Delivered,Cash
3621,116,2024-10-02,Delivered,UPI
1381,580,2024-10-02,Delivered,Card
4682,239,2024-10-02,Cancelled,Wallet
4051,401,2024-10-02,Delivered,UPI
1320,543,2024-10-02,Delivered,Card
10655,274,2024-10-03,Delivered,Card
7394,387,2024-10-03,Delivered,Net Banking
4711,434,2024-10-03,Delivered,Net Banking
3865,409,2024-10-03,Delivered,Net Banking
5726,392,2024-10-03,Delivered,Card
8505,428,2024-10-03,Delivered,Card
4084,124,2024-10-03,Delivered,UPI
4434,510,2024-10-04,Delivered,Net Banking
1576,475,2024-10-04,Delivered,Card
9884,149,2024-10-05,Delivered,UPI
10430,545,2024-10-05,Cancelled,Card
6079,256,2024-10-05,Delivered,UPI
5448,118,2024-10-05,Delivered,Cash
3099,175,2024-10-05,Returned,Card
5119,528,2024-10-06,Delivered,UPI
7611,485,2024-10-06,Delivered,Wallet
3364,232,2024-10-06,Shipped,UPI
6999,456,2024-10-07,Delivered,UPI
4050,505,2024-10-07,Delivered,Card
8717,579,2024-10-07,Returned,UPI
1824,415,2024-10-07,Shipped,Net Banking
8918,476,2024-10-07,Delivered,Card
10097,274,2024-10-07,Delivered,Wallet
8809,580,2024-10-07,Delivered,UPI
9493,210,2024-10-08,Delivered,Card
9711,125,2024-10-08,Delivered,UPI
8223,556,2024-10-08,Delivered,Card
3556,297,2024-10-08,Delivered,UPI
5700,428,2024-10-09,Delivered,Card
5496,530,2024-10-09,Delivered,UPI
8629,536,2024-10-09,Delivered,UPI
4127,111,2024-10-09,Delivered,UPI
9670,272,2024-10-10,Delivered,Card
3105,407,2024-10-10,Delivered,Card
10783,527,2024-10-10,Delivered,Net Banking
8600,136,2024-10-10,Delivered,Card
10454,203,2024-10-10,Delivered,Wallet
7846,266,2024-10-10,Delivered,Card
2009,196,2024-10-11,Delivered,Card
3874,592,2024-10-11,Delivered,Cash
2761,376,2024-10-11,Delivered,Card
7090,552,2024-10-12,Delivered,Cash
6731,535,2024-10-12,Delivered,UPI
6849,527,2024-10-12,Delivered,UPI
7266,527,2024-10-12,Delivered,UPI
1935,243,2024-10-12,Delivered,UPI
5130,506,2024-10-12,Delivered,UPI
6921,160,2024-10-12,Delivered,UPI
9181,460,2024-10-12,Delivered,Cash
7375,179,2024-10-13,Delivered,Wallet
6387,442,2024-10-13,Delivered,UPI
1888,165,2024-10-13,Delivered,Card
3507,458,2024-10-13,Delivered,Card
9858,205,2024-10-13,Delivered,Card
3267,262,2024-10-13,Delivered,Net Banking
10866,340,2024-10-14,Delivered,Card
6231,229,2024-10-14,Delivered,Card
3974,299,2024-10-15,Delivered,Net Banking
7660,527,2024-10-15,Delivered,Cash
8472,256,2024-10-15,Cancelled,Net Banking
9770,551,2024-10-15,Shipped,Net Banking
8035,481,2024-10-15,Delivered,Cash
10787,145,2024-10-15,Delivered,UPI
3278,468,2024-10-16,Delivered,UPI
6562,480,2024-10-16,Delivered,Card
7168,318,2024-10-16,Delivered,UPI
9262,337,2024-10-17,Delivered,Cash
8609,381,2024-10-17,Delivered,UPI
5969,466,2024-10-18,Delivered,Net Banking
4869,279,2024-10-18,Delivered,UPI
6403,305,2024-10-18,Delivered,Net Banking
9438,559,2024-10-18,Delivered,Cash
1717,476,2024-10-18,Delivered,Card
3181,367,2024-10-18,Delivered,Card
10774,376,2024-10-18,Delivered,Card
3630,485,2024-10-18,Cancelled,Net Banking
6588,234,2024-10-18,Delivered,UPI
2540,147,2024-10-19,Delivered,UPI
5585,160,2024-10-19,Delivered,Net Banking
10917,359,2024-10-19,Delivered,Card
3371,117,2024-10-19,Delivered,Card
6766,347,2024-10-19,Delivered,Net Banking
3287,111,2024-10-19,Delivered,UPI
3850,290,2024-10-19,Delivered,Net Banking
10014,125,2024-10-19,Delivered,Card
1251,468,2024-10-20,Delivered,Card
9592,187,2024-10-20,Delivered,Card
10304,197,2024-10-20,Delivered,Card
5527,191,2024-10-20,Delivered,UPI
8674,410,2024-10-20,Returned,UPI
6360,442,2024-10-21,Delivered,Card
3580,355,2024-10-21,Delivered,UPI
6163,508,2024-10-22,Shipped,Net Banking
5055,473,2024-10-22,Delivered,Card
9434,598,2024-10-22,Delivered,UPI
10515,575,2024-10-22,Delivered,Cash
8533,375,2024-10-22,Delivered,UPI
3968,407,2024-10-23,Delivered,UPI
2946,540,2024-10-23,Delivered,UPI
3233,192,2024-10-24,Delivered,UPI
2792,216,2024-10-24,Delivered,UPI
7215,294,2024-10-25,Delivered,UPI
5605,489,2024-10-25,Delivered,UPI
7905,433,2024-10-25,Delivered,Card
1289,251,2024-10-26,Delivered,UPI
7885,175,2024-10-26,Delivered,Net Banking
3373,312,2024-10-26,Delivered,UPI
10377,582,2024-10-26,Delivered,Card
2995,432,2024-10-27,Delivered,UPI
4950,598,2024-10-27,Delivered,Cash
9539,110,2024-10-27,Delivered,Net Banking
3559,118,2024-10-27,Delivered,Card
5857,203,2024-10-27,Delivered,Cash
2976,501,2024-10-28,Returned,UPI
7296,183,2024-10-28,Cancelled,UPI
8355,392,2024-10-28,Delivered,Card
8041,254,2024-10-28,Delivered,Card
4174,435,2024-10-28,Delivered,UPI
10613,428,2024-10-29,Delivered,UPI
8810,559,2024-10-29,Delivered,Wallet
1321,365,2024-10-29,Delivered,UPI
2557,485,2024-10-29,Delivered,UPI
5665,572,2024-10-30,Delivered,Cash
6924,109,2024-10-30,Delivered,UPI
2534,414,2024-10-30,Delivered,Card
5559,380,2024-10-30,Delivered,Wallet
10157,434,2024-10-30,Delivered,UPI
7380,583,2024-10-31,Delivered,Cash
10691,460,2024-10-31,Delivered,Card
8109,592,2024-10-31,Delivered,Cash
7062,336,2024-10-31,Shipped,Card
9862,572,2024-11-01,Delivered,Net Banking
7366,131,2024-11-01,Delivered,Card
4309,598,2024-11-01,Delivered,Card
5226,431,2024-11-01,Delivered,Card
7725,272,2024-11-01,Delivered,Net Banking
10288,565,2024-11-01,Delivered,UPI
3511,458,2024-11-02,Delivered,Card
7589,388,2024-11-02,Delivered,UPI
10825,430,2024-11-02,Delivered,UPI
2070,506,2024-11-02,Delivered,Wallet
4046,409,2024-11-02,Delivered,Card
10665,498,2024-11-02,Delivered,UPI
4242,391,2024-11-02,Delivered,Card
4096,524,2024-11-03,Delivered,Wallet
8340,367,2024-11-03,Delivered,Cash
5709,595,2024-11-03,Delivered,Card
7616,365,2024-11-03,Delivered,Net Banking
10511,365,2024-11-04,Delivered,Card
9759,376,2024-11-04,Delivered,Cash
4660,265,2024-11-04,Cancelled,Wallet
5248,303,2024-11-04,Delivered,UPI
8272,258,2024-11-04,Delivered,UPI
10294,226,2024-11-04,Delivered,Cash
10446,329,2024-11-04,Delivered,Wallet
9557,313,2024-11-04,Delivered,Cash
1674,423,2024-11-04,Delivered,UPI
10386,289,2024-11-04,Delivered,Net Banking
8002,323,2024-11-04,Delivered,UPI
2623,462,2024-11-04,Cancelled,Card
9669,311,2024-11-05,Delivered,UPI
1622,579,2024-11-05,Shipped,Cash
3477,120,2024-11-05,Delivered,Card
10862,398,2024-11-05,Delivered,Card
2788,325,2024-11-06,Delivered,Card
2526,388,2024-11-06,Delivered,Cash
10640,213,2024-11-06,Delivered,Card
3050,184,2024-11-06,Delivered,Cash
7563,398,2024-11-07,Delivered,Net Banking
6331,223,2024-11-07,Delivered,UPI
5825,363,2024-11-07,Shipped,Cash
2055,450,2024-11-07,Delivered,Card
8259,306,2024-11-08,Delivered,Wallet
6348,353,2024-11-08,Delivered,Wallet
7427,448,2024-11-08,Cancelled,Net Banking
8459,229,2024-11-08,Delivered,UPI
5442,464,2024-11-08,Delivered,Net Banking
1087,241,2024-11-09,Delivered,Card
10320,313,2024-11-09,Delivered,UPI
6532,523,2024-11-10,Delivered,Wallet
2743,112,2024-11-10,Delivered,Net Banking
7182,210,2024-11-10,Delivered,Cash
3802,304,2024-11-10,Delivered,Card
7712,306,2024-11-10,Delivered,Card
10631,430,2024-11-10,Cancelled,Card
10337,116,2024-11-11,Returned,UPI
2311,176,2024-11-11,Delivered,UPI
2730,209,2024-11-11,Delivered,Net Banking
3921,599,2024-11-11,Delivered,Card
10810,306,2024-11-11,Delivered,UPI
5968,352,2024-11-11,Delivered,Wallet
1292,408,2024-11-11,Delivered,Net Banking
6374,477,2024-11-11,Delivered,Cash
8529,333,2024-11-12,Shipped,Card
3842,277,2024-11-12,Delivered,Card
3366,600,2024-11-12,Delivered,Card
8606,150,2024-11-13,Delivered,UPI
7284,162,2024-11-13,Delivered,Card
10869,114,2024-11-13,Delivered,Card
1464,356,2024-11-14,Cancelled,UPI
6393,429,2024-11-15,Delivered,Card
7058,560,2024-11-15,Delivered,UPI
4265,598,2024-11-16,Delivered,UPI
5483,112,2024-11-16,Delivered,Net Banking
1156,508,2024-11-16,Delivered,UPI
4198,458,2024-11-17,Shipped,Card
10238,271,2024-11-17,Shipped,Wallet
10313,520,2024-11-17,Delivered,Card
7254,350,2024-11-17,Delivered,UPI
10368,389,2024-11-17,Delivered,UPI
7107,151,2024-11-17,Delivered,UPI
2373,537,2024-11-17,Delivered,Net Banking
10402,231,2024-11-18,Delivered,UPI
7931,367,2024-11-18,Delivered,Card
7146,488,2024-11-18,Cancelled,Card
2270,499,2024-11-18,Delivered,UPI
8462,477,2024-11-19,Delivered,UPI
4129,184,2024-11-19,Delivered,UPI
8702,373,2024-11-19,Delivered,UPI
1408,437,2024-11-19,Delivered,UPI
9496,416,2024-11-19,Delivered,Wallet
3965,220,2024-11-20,Delivered,Card
10465,162,2024-11-20,Delivered,Card
7787,455,2024-11-20,Delivered,Card
1700,334,2024-11-20,Delivered,Card
10136,376,2024-11-20,Delivered,Card
3832,213,2024-11-20,Delivered,Wallet
1098,522,2024-11-20,Shipped,Card
5801,188,2024-11-21,Delivered,UPI
4730,455,2024-11-21,Delivered,UPI
3318,583,2024-11-21,Delivered,UPI
1473,119,2024-11-21,Delivered,UPI
9545,151,2024-11-21,Shipped,Net Banking
10527,544,2024-11-21,Delivered,UPI
2468,256,2024-11-22,Delivered,UPI
2255,120,2024-11-22,Delivered,Wallet
9714,213,2024-11-22,Delivered,Wallet
2394,233,2024-11-22,Delivered,Card
5394,361,2024-11-23,Delivered,UPI
8351,588,2024-11-24,Delivered,UPI
7337,469,2024-11-24,Delivered,UPI
3030,170,2024-11-24,Delivered,Net Banking
5486,398,2024-11-24,Delivered,UPI
3058,365,2024-11-24,Delivered,Wallet
4055,266,2024-11-24,Delivered,Card
3822,562,2024-11-24,Delivered,Cash
10425,473,2024-11-25,Delivered,Card
5058,157,2024-11-25,Delivered,Card
4588,545,2024-11-25,Delivered,UPI
8768,455,2024-11-25,Delivered,UPI
8836,397,2024-11-26,Delivered,Card
3290,250,2024-11-27,Delivered,Card
3745,533,2024-11-27,Shipped,Net Banking
10599,410,2024-11-27,Delivered,UPI
7025,469,2024-11-27,Delivered,Wallet
7638,336,2024-11-27,Delivered,UPI
10889,453,2024-11-28,Delivered,UPI
10163,197,2024-11-28,Delivered,Cash
3129,506,2024-11-28,Delivered,Wallet
2436,285,2024-11-30,Delivered,Card
4313,535,2024-11-30,Delivered,UPI
2034,187,2024-11-30,Delivered,Card
5574,501,2024-11-30,Delivered,UPI
10925,501,2024-11-30,Delivered,Wallet
8284,181,2024-11-30,Delivered,Card
9489,338,2024-11-30,Delivered,Card
6703,356,2024-11-30,Delivered,UPI
10714,299,2024-12-01,Shipped,UPI
1570,159,2024-12-01,Cancelled,UPI
6796,595,2024-12-02,Delivered,Net Banking
5592,368,2024-12-02,Delivered,Net Banking
2929,325,2024-12-02,Delivered,Net Banking
10730,264,2024-12-02,Delivered,Card
4570,582,2024-12-03,Delivered,UPI
5129,390,2024-12-03,Delivered,Net Banking
5646,517,2024-12-03,Shipped,Wallet
2338,391,2024-12-03,Shipped,UPI
4874,392,2024-12-03,Delivered,Net Banking
10991,296,2024-12-03,Delivered,Net Banking
4732,374,2024-12-03,Delivered,Net Banking
4122,394,2024-12-04,Delivered,UPI
10838,165,2024-12-04,Delivered,Net Banking
4184,292,2024-12-04,Delivered,Card
7144,580,2024-12-04,Delivered,Card
4603,548,2024-12-05,Delivered,UPI
6789,455,2024-12-05,Delivered,Card
5312,440,2024-12-05,Delivered,UPI
4785,352,2024-12-06,Delivered,Net Banking
7549,598,2024-12-06,Delivered,Net Banking
1518,594,2024-12-06,Delivered,Net Banking
9725,386,2024-12-06,Delivered,Card
5363,377,2024-12-06,Delivered,UPI
5069,553,2024-12-07,Delivered,Net Banking
10456,464,2024-12-07,Delivered,UPI
6728,410,2024-12-07,Delivered,Net Banking
5425,212,2024-12-07,Delivered,Card
5747,138,2024-12-07,Returned,UPI
1691,137,2024-12-08,Delivered,Card
10028,304,2024-12-08,Delivered,Card
4655,588,2024-12-08,Delivered,Card
5188,197,2024-12-08,Delivered,Card
1233,435,2024-12-08,Delivered,Card
9267,459,2024-12-08,Delivered,Card
2637,501,2024-12-08,Delivered,Cash
4634,385,2024-12-09,Shipped,UPI
7069,504,2024-12-09,Delivered,Card
6981,347,2024-12-09,Delivered,Cash
8220,216,2024-12-09,Delivered,UPI
8477,130,2024-12-09,Delivered,Wallet
2635,501,2024-12-09,Delivered,UPI
3079,509,2024-12-10,Delivered,UPI
3006,571,2024-12-10,Delivered,UPI
2423,195,2024-12-11,Delivered,Wallet
4219,313,2024-12-11,Delivered,Wallet
3848,147,2024-12-11,Delivered,Net Banking
6716,583,2024-12-11,Delivered,Net Banking
6930,434,2024-12-11,Delivered,UPI
6863,538,2024-12-11,Delivered,Card
4182,142,2024-12-11,Delivered,UPI
3259,166,2024-12-12,Delivered,Card
8180,297,2024-12-13,Delivered,Wallet
5898,153,2024-12-13,Shipped,Net Banking
5205,258,2024-12-13,Delivered,UPI
3607,109,2024-12-13,Delivered,Card
1459,348,2024-12-14,Delivered,UPI
5535,403,2024-12-14,Delivered,Wallet
2205,162,2024-12-14,Shipped,Card
1586,455,2024-12-14,Delivered,UPI
10123,405,2024-12-14,Delivered,UPI
5291,279,2024-12-14,Returned,Card
10142,289,2024-12-15,Delivered,UPI
4261,386,2024-12-15,Delivered,Card
6579,449,2024-12-15,Delivered,UPI
5013,480,2024-12-15,Delivered,Net Banking
6575,373,2024-12-15,Delivered,Wallet
6697,223,2024-12-15,Delivered,Card
4525,337,2024-12-15,Delivered,Card
9103,432,2024-12-15,Shipped,Card
8465,226,2024-12-15,Delivered,Net Banking
1926,181,2024-12-16,Delivered,Card
10167,575,2024-12-16,Delivered,Net Banking
5868,125,2024-12-16,Delivered,UPI
6250,569,2024-12-16,Delivered,Card
3294,112,2024-12-16,Delivered,UPI
9987,594,2024-12-17,Delivered,Card
9011,344,2024-12-17,Delivered,Cash
3894,260,2024-12-17,Delivered,Wallet
5134,132,2024-12-17,Delivered,Cash
3398,260,2024-12-18,Delivered,UPI
3557,600,2024-12-18,Delivered,UPI
4948,387,2024-12-18,Delivered,UPI
4138,249,2024-12-18,Delivered,Card
8961,240,2024-12-19,Delivered,Card
6122,581,2024-12-19,Delivered,UPI
8802,358,2024-12-19,Delivered,Card
9841,211,2024-12-19,Shipped,UPI
4728,569,2024-12-19,Delivered,Cash
4027,450,2024-12-19,Delivered,Card
2448,211,2024-12-19,Delivered,Card
2969,558,2024-12-20,Delivered,Wallet
2315,441,2024-12-20,Cancelled,Card
10009,218,2024-12-20,Delivered,Cash
9006,222,2024-12-20,Delivered,UPI
2851,148,2024-12-20,Delivered,Net Banking
9407,477,2024-12-20,Delivered,Card
6135,232,2024-12-20,Delivered,Wallet
10715,455,2024-12-21,Delivered,UPI
6997,569,2024-12-21,Delivered,Cash
5525,555,2024-12-21,Delivered,UPI
10651,501,2024-12-21,Delivered,Wallet
6097,428,2024-12-21,Delivered,Card
9137,455,2024-12-22,Delivered,Card
5872,428,2024-12-22,Delivered,Card
9291,575,2024-12-22,Delivered,UPI
3930,393,2024-12-22,Shipped,Cash
2148,590,2024-12-22,Cancelled,Cash
6365,571,2024-12-22,Delivered,Card
9001,211,2024-12-22,Delivered,UPI
6688,399,2024-12-22,Delivered,Cash
8310,411,2024-12-22,Delivered,Wallet
10074,588,2024-12-23,Delivered,Net Banking
1969,176,2024-12-23,Delivered,UPI
1792,219,2024-12-23,Delivered,Card
3238,226,2024-12-23,Delivered,UPI
8083,118,2024-12-23,Delivered,Card
6685,138,2024-12-23,Delivered,UPI
2281,448,2024-12-24,Delivered,Card
5661,544,2024-12-24,Delivered,UPI
8331,425,2024-12-24,Delivered,Card
9394,568,2024-12-24,Delivered,Wallet
8859,206,2024-12-24,Delivered,Card
9054,521,2024-12-24,Delivered,Wallet
9296,371,2024-12-24,Delivered,Cash
3359,536,2024-12-24,Delivered,UPI
7609,453,2024-12-24,Returned,Wallet
8673,156,2024-12-24,Delivered,Card
7632,176,2024-12-24,Delivered,UPI
10189,591,2024-12-24,Delivered,UPI
5552,133,2024-12-24,Delivered,UPI
6188,439,2024-12-24,Delivered,UPI
6130,441,2024-12-25,Delivered,Net Banking
9942,148,2024-12-25,Delivered,Wallet
6949,439,2024-12-25,Delivered,UPI
9654,125,2024-12-25,Delivered,Cash
9920,211,2024-12-25,Delivered,Card
8004,414,2024-12-25,Delivered,Card
2998,423,2024-12-25,Delivered,UPI
4552,226,2024-12-26,Delivered,UPI
3004,153,2024-12-26,Delivered,UPI
3124,226,2024-12-26,Delivered,UPI
9149,385,2024-12-26,Delivered,Wallet
6156,263,2024-12-26,Delivered,Wallet
6441,394,2024-12-26,Delivered,Card
4338,501,2024-12-26,Delivered,UPI
2611,561,2024-12-27,Delivered,Card
4282,386,2024-12-27,Delivered,Cash
3528,393,2024-12-27,Delivered,UPI
4094,448,2024-12-27,Delivered,Card
2222,345,2024-12-27,Delivered,UPI
8037,458,2024-12-27,Delivered,Card
8745,120,2024-12-28,Delivered,Net Banking
2867,360,2024-12-28,Delivered,Net Banking
1463,211,2024-12-28,Delivered,Net Banking
4195,170,2024-12-29,Delivered,Card
6026,568,2024-12-29,Delivered,UPI
1925,255,2024-12-29,Returned,UPI
4052,363,2024-12-29,Delivered,Net Banking
8209,550,2024-12-29,Delivered,Cash
1735,111,2024-12-29,Delivered,UPI
2074,210,2024-12-30,Delivered,UPI
8690,180,2024-12-30,Delivered,UPI
10561,439,2024-12-30,Delivered,UPI
7836,569,2024-12-30,Returned,Wallet
7647,198,2024-12-31,Cancelled,Cash
4837,471,2024-12-31,Delivered,Card
9220,217,2024-12-31,Delivered,Card
2631,569,2024-12-31,Delivered,Wallet
1345,266,2025-01-01,Delivered,Card
2000,306,2025-01-01,Delivered,Card
5125,395,2025-01-01,Delivered,Net Banking
7974,408,2025-01-02,Delivered,Card
9717,270,2025-01-02,Delivered,UPI
10472,271,2025-01-02,Delivered,UPI
6893,333,2025-01-02,Delivered,UPI
7890,599,2025-01-02,Delivered,Card
6370,252,2025-01-02,Delivered,Net Banking
5931,229,2025-01-02,Delivered,Wallet
4406,398,2025-01-03,Delivered,Net Banking
4762,350,2025-01-03,Delivered,Cash
2119,436,2025-01-04,Delivered,Wallet
7420,273,2025-01-04,Delivered,Card
3432,594,2025-01-04,Delivered,Card
6268,536,2025-01-04,Delivered,UPI
10043,212,2025-01-04,Delivered,Card
1127,171,2025-01-05,Delivered,UPI
6679,304,2025-01-05,Delivered,Card
8006,352,2025-01-05,Delivered,Card
9843,151,2025-01-06,Delivered,Cash
5604,253,2025-01-06,Delivered,UPI
1923,248,2025-01-06,Delivered,UPI
1549,115,2025-01-06,Delivered,UPI
9274,201,2025-01-06,Delivered,Wallet
3731,570,2025-01-06,Delivered,UPI
6325,170,2025-01-07,Delivered,Wallet
6043,499,2025-01-07,Delivered,Card
8664,515,2025-01-07,Returned,Card
8840,155,2025-01-07,Delivered,Net Banking
5227,147,2025-01-07,Delivered,Cash
9166,477,2025-01-07,Delivered,Cash
2202,510,2025-01-08,Delivered,UPI
9672,158,2025-01-08,Delivered,Card
4215,419,2025-01-08,Delivered,UPI
10323,334,2025-01-08,Delivered,Net Banking
10174,570,2025-01-08,Delivered,UPI
10181,368,2025-01-08,Delivered,UPI
3513,426,2025-01-08,Delivered,UPI
4996,313,2025-01-08,Delivered,UPI
7568,349,2025-01-09,Delivered,Net Banking
2539,134,2025-01-09,Delivered,Card
10096,512,2025-01-09,Delivered,Card
1848,116,2025-01-09,Delivered,Card
4763,260,2025-01-09,Shipped,UPI
9896,355,2025-01-09,Cancelled,UPI
3178,467,2025-01-09,Delivered,Wallet
3260,277,2025-01-10,Cancelled,UPI
5590,151,2025-01-10,Cancelled,Card
3712,399,2025-01-10,Delivered,Net Banking
1738,386,2025-01-11,Cancelled,UPI
2670,231,2025-01-11,Delivered,Cash
2443,402,2025-01-11,Delivered,UPI
1061,439,2025-01-12,Delivered,UPI
9139,585,2025-01-12,Delivered,UPI
10657,192,2025-01-12,Delivered,Card
5454,228,2025-01-13,Delivered,Card
10415,345,2025-01-13,Returned,UPI
6980,518,2025-01-14,Delivered,Net Banking
8561,285,2025-01-14,Delivered,UPI
5531,338,2025-01-14,Cancelled,Card
6196,210,2025-01-15,Delivered,Card
8204,377,2025-01-15,Delivered,Card
6556,458,2025-01-15,Delivered,Wallet
10507,500,2025-01-15,Delivered,Net Banking
1452,540,2025-01-15,Delivered,Card
4295,324,2025-01-16,Delivered,Card
5511,253,2025-01-16,Delivered,Cash
6667,183,2025-01-16,Delivered,Net Banking
8760,595,2025-01-16,Shipped,Wallet
3851,418,2025-01-16,Delivered,UPI
4262,349,2025-01-17,Shipped,Net Banking
10742,500,2025-01-17,Delivered,UPI
6464,297,2025-01-17,Delivered,Card
6323,315,2025-01-17,Delivered,Net Banking
8795,194,2025-01-17,Delivered,UPI
10667,320,2025-01-17,Delivered,Card
9501,520,2025-01-17,Cancelled,Card
4821,175,2025-01-18,Delivered,UPI
4357,125,2025-01-18,Delivered,Card
6935,408,2025-01-18,Delivered,UPI
5450,129,2025-01-18,Delivered,UPI
4404,417,2025-01-19,Returned,Net Banking
8898,543,2025-01-19,Delivered,Cash
5262,554,2025-01-19,Delivered,Card
4668,399,2025-01-19,Delivered,Net Banking
6155,240,2025-01-19,Delivered,UPI
8349,557,2025-01-19,Delivered,Card
7333,415,2025-01-20,Delivered,Card
10792,481,2025-01-20,Delivered,UPI
1166,288,2025-01-20,Cancelled,UPI
2736,317,2025-01-21,Delivered,Card
5207,437,2025-01-22,Delivered,Wallet
6082,503,2025-01-22,Delivered,Card
8015,218,2025-01-23,Delivered,UPI
8233,119,2025-01-23,Delivered,Card
4370,224,2025-01-23,Delivered,UPI
7999,581,2025-01-23,Delivered,UPI
6224,169,2025-01-23,Delivered,Card
2941,471,2025-01-23,Delivered,UPI
6415,281,2025-01-24,Delivered,UPI
2426,281,2025-01-24,Delivered,UPI
2551,408,2025-01-24,Delivered,UPI
9174,524,2025-01-25,Delivered,Cash
6114,209,2025-01-25,Delivered,Wallet
8565,250,2025-01-26,Delivered,UPI
7847,381,2025-01-26,Delivered,Net Banking
1495,199,2025-01-26,Delivered,Cash
4111,306,2025-01-26,Delivered,UPI
7348,249,2025-01-27,Delivered,UPI
8036,384,2025-01-27,Delivered,Cash
8133,425,2025-01-28,Delivered,UPI
1965,237,2025-01-28,Delivered,Card
10919,289,2025-01-28,Delivered,Net Banking
10868,582,2025-01-28,Delivered,UPI
6446,436,2025-01-28,Delivered,Wallet
10391,579,2025-01-29,Delivered,UPI
2963,590,2025-01-29,Delivered,UPI
4462,480,2025-01-29,Returned,UPI
10395,589,2025-01-30,Returned,Net Banking
7247,332,2025-01-30,Cancelled,UPI
10342,321,2025-01-30,Delivered,Card
1655,573,2025-01-31,Delivered,Card
5634,429,2025-01-31,Delivered,Card
10098,487,2025-01-31,Cancelled,Wallet
7106,285,2025-01-31,Delivered,UPI
8902,137,2025-01-31,Delivered,Wallet
7273,234,2025-01-31,Delivered,UPI
3591,338,2025-01-31,Delivered,Card
8804,102,2025-02-01,Delivered,Wallet
3023,377,2025-02-01,Delivered,Card
9913,319,2025-02-01,Delivered,UPI
6906,522,2025-02-01,Delivered,Wallet
8509,398,2025-02-01,Delivered,Net Banking
3554,143,2025-02-01,Delivered,Wallet
8169,560,2025-02-02,Delivered,Card
10062,212,2025-02-02,Delivered,Card
1193,565,2025-02-02,Delivered,UPI
9817,114,2025-02-02,Delivered,UPI
4944,258,2025-02-02,Delivered,Card
9450,299,2025-02-02,Delivered,Cash
8599,348,2025-02-03,Shipped,UPI
9531,221,2025-02-03,Delivered,Net Banking
5781,236,2025-02-04,Delivered,UPI
2944,329,2025-02-04,Delivered,UPI
4943,213,2025-02-05,Delivered,Card
7793,119,2025-02-05,Delivered,Card
2336,453,2025-02-05,Delivered,UPI
6109,347,2025-02-05,Delivered,Card
10101,156,2025-02-05,Delivered,Wallet
4542,322,2025-02-05,Delivered,Net Banking
3470,384,2025-02-06,Delivered,UPI
1375,392,2025-02-06,Delivered,UPI
8907,467,2025-02-06,Delivered,UPI
1671,569,2025-02-06,Delivered,Card
7051,464,2025-02-07,Delivered,Card
10887,228,2025-02-07,Delivered,Card
5804,136,2025-02-07,Delivered,UPI
10263,310,2025-02-07,Delivered,UPI
3387,348,2025-02-07,Delivered,UPI
8305,175,2025-02-08,Delivered,Cash
1626,260,2025-02-08,Delivered,Card
1253,190,2025-02-08,Delivered,Card
9848,309,2025-02-09,Delivered,Card
4372,152,2025-02-10,Delivered,Card
9769,430,2025-02-10,Delivered,UPI
3820,235,2025-02-11,Delivered,Card
10082,140,2025-02-11,Delivered,UPI
10678,170,2025-02-11,Delivered,UPI
4128,429,2025-02-11,Delivered,Card
4805,102,2025-02-12,Delivered,UPI
2477,583,2025-02-12,Delivered,Cash
10032,452,2025-02-12,Delivered,UPI
2577,239,2025-02-12,Delivered,UPI
7825,142,2025-02-12,Delivered,UPI
9451,525,2025-02-12,Shipped,Card
3664,494,2025-02-12,Delivered,Card
7701,349,2025-02-12,Delivered,Card
5500,260,2025-02-12,Delivered,UPI
2689,178,2025-02-13,Delivered,UPI
9000,187,2025-02-13,Delivered,UPI
5628,253,2025-02-13,Delivered,UPI
1556,493,2025-02-14,Delivered,Card
3493,579,2025-02-15,Delivered,Card
7742,284,2025-02-15,Delivered,UPI
4041,117,2025-02-15,Delivered,UPI
10782,244,2025-02-15,Delivered,UPI
5172,556,2025-02-15,Returned,Net Banking
5544,128,2025-02-16,Delivered,Cash
1194,380,2025-02-16,Delivered,UPI
8017,593,2025-02-17,Delivered,Wallet
4191,383,2025-02-17,Delivered,UPI
2403,195,2025-02-18,Shipped,Cash
10745,356,2025-02-18,Shipped,Card
7223,312,2025-02-18,Delivered,Card
4091,580,2025-02-18,Delivered,Wallet
5673,434,2025-02-18,Shipped,Card
3120,471,2025-02-18,Delivered,UPI
7687,579,2025-02-18,Delivered,Cash
2262,506,2025-02-18,Delivered,Card
10950,360,2025-02-18,Delivered,Card
8186,491,2025-02-19,Delivered,UPI
2102,561,2025-02-19,Delivered,UPI
8316,304,2025-02-19,Delivered,Wallet
1634,482,2025-02-19,Delivered,UPI
9003,371,2025-02-19,Delivered,Card
6898,434,2025-02-20,Delivered,Wallet
7861,123,2025-02-20,Delivered,UPI
8070,428,2025-02-21,Delivered,Net Banking
8659,132,2025-02-21,Delivered,Card
4828,156,2025-02-21,Delivered,UPI
1420,352,2025-02-22,Delivered,Card
5053,367,2025-02-22,Delivered,Card
2016,487,2025-02-22,Delivered,Cash
7460,128,2025-02-22,Cancelled,Card
1783,337,2025-02-22,Delivered,Wallet
1191,257,2025-02-23,Delivered,UPI
9818,166,2025-02-23,Delivered,UPI
1526,459,2025-02-23,Delivered,UPI
7699,417,2025-02-23,Delivered,Card
2307,564,2025-02-24,Delivered,UPI
5147,522,2025-02-24,Delivered,UPI
3773,115,2025-02-25,Delivered,UPI
3175,279,2025-02-25,Delivered,Card
5065,127,2025-02-25,Delivered,UPI
3203,124,2025-02-25,Cancelled,Net Banking
9089,275,2025-02-26,Cancelled,UPI
8106,274,2025-02-26,Cancelled,Cash
1972,148,2025-02-27,Delivered,UPI
6742,582,2025-02-27,Delivered,UPI
7984,329,2025-02-27,Delivered,UPI
2956,598,2025-02-27,Delivered,Card
8127,388,2025-02-27,Delivered,Cash
6308,166,2025-02-28,Cancelled,Wallet
7698,468,2025-02-28,Shipped,Card
7533,521,2025-02-28,Delivered,Cash
4892,152,2025-02-28,Delivered,UPI
4545,468,2025-03-01,Delivered,Card
9806,572,2025-03-01,Delivered,Wallet
2001,370,2025-03-01,Delivered,Net Banking
1648,332,2025-03-01,Delivered,Net Banking
3905,487,2025-03-02,Delivered,Cash
10489,383,2025-03-02,Shipped,UPI
3349,463,2025-03-02,Delivered,Card
10750,127,2025-03-02,Delivered,Wallet
1827,141,2025-03-02,Delivered,Card
2130,348,2025-03-03,Delivered,Card
9646,115,2025-03-03,Cancelled,Card
5564,124,2025-03-03,Delivered,UPI
1023,525,2025-03-03,Delivered,Card
8645,205,2025-03-03,Shipped,UPI
5713,526,2025-03-03,Delivered,Cash
6033,205,2025-03-03,Delivered,Card
10035,318,2025-03-04,Delivered,UPI
5546,176,2025-03-04,Delivered,Net Banking
3690,249,2025-03-04,Delivered,Wallet
1343,543,2025-03-04,Delivered,Net Banking
8160,178,2025-03-05,Delivered,UPI
6341,293,2025-03-05,Delivered,Card
7976,263,2025-03-06,Delivered,Wallet
3541,445,2025-03-06,Returned,Card
9063,456,2025-03-06,Delivered,Card
9169,158,2025-03-07,Delivered,Card
6622,311,2025-03-07,Delivered,Net Banking
1269,503,2025-03-07,Delivered,UPI
2007,520,2025-03-07,Shipped,Card
5211,267,2025-03-08,Delivered,Card
6827,244,2025-03-08,Delivered,Card
4931,165,2025-03-08,Delivered,Wallet
1843,202,2025-03-08,Cancelled,UPI
8357,213,2025-03-08,Delivered,Card
6624,574,2025-03-08,Delivered,UPI
1898,486,2025-03-08,Delivered,Wallet
8781,440,2025-03-08,Delivered,Cash
8924,288,2025-03-09,Delivered,Net Banking
1300,409,2025-03-09,Delivered,Card
2277,467,2025-03-09,Delivered,UPI
6668,205,2025-03-09,Delivered,UPI
2535,239,2025-03-09,Delivered,UPI
1736,160,2025-03-09,Delivered,Cash
9622,142,2025-03-10,Delivered,Net Banking
6021,563,2025-03-10,Delivered,UPI
7707,119,2025-03-10,Delivered,Net Banking
10956,549,2025-03-11,Cancelled,UPI
1068,232,2025-03-11,Delivered,Net Banking
9247,253,2025-03-12,Delivered,UPI
7876,103,2025-03-12,Delivered,Card
2744,567,2025-03-12,Returned,UPI
3409,449,2025-03-12,Delivered,Card
1819,482,2025-03-12,Delivered,Card
2912,528,2025-03-13,Delivered,Wallet
8805,170,2025-03-13,Shipped,UPI
4929,231,2025-03-13,Delivered,Card
2056,244,2025-03-14,Delivered,Cash
8610,446,2025-03-14,Delivered,Wallet
7054,376,2025-03-14,Delivered,Wallet
3771,482,2025-03-14,Delivered,Cash
2402,112,2025-03-14,Delivered,Card
7125,543,2025-03-14,Delivered,UPI
7178,569,2025-03-15,Delivered,Wallet
7028,476,2025-03-15,Shipped,UPI
10382,284,2025-03-15,Delivered,Card
1728,423,2025-03-15,Delivered,UPI
8984,585,2025-03-15,Delivered,Net Banking
10812,290,2025-03-15,Delivered,Cash
5885,548,2025-03-15,Delivered,UPI
10262,102,2025-03-16,Delivered,UPI
1781,130,2025-03-16,Delivered,UPI
10637,480,2025-03-16,Delivered,Card
9317,176,2025-03-16,Delivered,UPI
8751,388,2025-03-16,Delivered,UPI
2141,595,2025-03-16,Returned,Card
4439,123,2025-03-16,Delivered,UPI
9734,466,2025-03-17,Delivered,Cash
7453,461,2025-03-17,Delivered,UPI
5792,490,2025-03-17,Delivered,Cash
9928,192,2025-03-17,Delivered,Net Banking
8835,390,2025-03-17,Delivered,Cash
2273,320,2025-03-17,Delivered,UPI
3785,276,2025-03-18,Delivered,UPI
10542,555,2025-03-18,Shipped,Wallet
3808,236,2025-03-19,Delivered,Net Banking
2178,590,2025-03-20,Delivered,Card
8093,203,2025-03-20,Delivered,Net Banking
6362,547,2025-03-21,Delivered,UPI
6030,256,2025-03-22,Delivered,Card
5209,288,2025-03-22,Delivered,Card
1916,180,2025-03-23,Delivered,Net Banking
4922,171,2025-03-23,Delivered,UPI
7977,332,2025-03-23,Delivered,Card
3379,157,2025-03-23,Cancelled,Card
3164,404,2025-03-24,Delivered,UPI
10576,353,2025-03-24,Delivered,Cash
1637,532,2025-03-24,Shipped,Net Banking
1437,283,2025-03-24,Delivered,UPI
3367,579,2025-03-24,Delivered,UPI
1157,180,2025-03-25,Delivered,Card
5633,430,2025-03-25,Shipped,UPI
1985,381,2025-03-25,Delivered,Card
10582,150,2025-03-25,Cancelled,UPI
3962,497,2025-03-25,Delivered,UPI
1305,130,2025-03-25,Delivered,Net Banking
1853,131,2025-03-25,Delivered,UPI
9319,548,2025-03-25,Cancelled,Card
7507,557,2025-03-26,Delivered,Wallet
7274,155,2025-03-26,Delivered,Net Banking
3667,178,2025-03-26,Returned,Wallet
2404,588,2025-03-26,Delivered,Card
10815,251,2025-03-26,Delivered,Wallet
7869,514,2025-03-26,Delivered,UPI
2925,275,2025-03-26,Delivered,Card
9265,126,2025-03-27,Delivered,Card
4911,467,2025-03-28,Delivered,Wallet
5817,432,2025-03-28,Delivered,Card
6862,101,2025-03-28,Delivered,Card
5554,423,2025-03-29,Delivered,UPI
1571,492,2025-03-29,Delivered,Card
7151,192,2025-03-29,Delivered,Net Banking
5338,565,2025-03-29,Cancelled,Card
9391,314,2025-03-29,Delivered,Cash
5038,469,2025-03-29,Delivered,Net Banking
5580,547,2025-03-29,Delivered,UPI
5688,192,2025-03-30,Delivered,UPI
6255,221,2025-03-30,Delivered,UPI
2432,360,2025-03-30,Delivered,UPI
10307,398,2025-03-30,Delivered,UPI
5480,341,2025-03-31,Delivered,Card
10370,504,2025-03-31,Delivered,UPI
5352,535,2025-03-31,Delivered,UPI
5818,388,2025-03-31,Delivered,Card
6485,537,2025-04-01,Delivered,Wallet
8842,440,2025-04-01,Delivered,UPI
7410,550,2025-04-01,Delivered,UPI
1195,448,2025-04-01,Delivered,Card
5347,505,2025-04-01,Delivered,UPI
10999,224,2025-04-01,Delivered,UPI
9055,489,2025-04-02,Delivered,UPI
8508,528,2025-04-02,Delivered,Wallet
7359,330,2025-04-02,Delivered,UPI
4438,546,2025-04-02,Delivered,Wallet
3406,598,2025-04-02,Delivered,UPI
1171,154,2025-04-02,Delivered,Card
7774,464,2025-04-03,Delivered,Cash
5853,266,2025-04-03,Delivered,Wallet
4681,268,2025-04-03,Shipped,Card
9948,345,2025-04-03,Delivered,UPI
9543,419,2025-04-03,Delivered,Card
10234,470,2025-04-04,Delivered,Card
6734,599,2025-04-04,Returned,Card
4067,168,2025-04-04,Delivered,Cash
8816,390,2025-04-04,Delivered,Card
8819,270,2025-04-04,Delivered,Net Banking
6710,317,2025-04-05,Delivered,Cash
1221,140,2025-04-05,Delivered,Card
1356,247,2025-04-05,Delivered,Card
7992,120,2025-04-06,Delivered,Wallet
1692,546,2025-04-06,Shipped,Cash
2846,124,2025-04-06,Delivered,UPI
3160,512,2025-04-06,Delivered,UPI
1741,165,2025-04-07,Delivered,Card
4596,490,2025-04-07,Delivered,UPI
10829,341,2025-04-07,Cancelled,Cash
7536,231,2025-04-07,Delivered,UPI
9414,336,2025-04-07,Delivered,Cash
7835,134,2025-04-07,Delivered,Cash
9469,331,2025-04-08,Delivered,Card
9153,304,2025-04-08,Delivered,UPI
8904,205,2025-04-08,Delivered,Net Banking
2537,583,2025-04-08,Delivered,UPI
8654,585,2025-04-08,Delivered,Net Banking
1513,596,2025-04-08,Delivered,UPI
8684,102,2025-04-09,Delivered,UPI
4013,437,2025-04-09,Delivered,UPI
6905,249,2025-04-09,Delivered,Card
7081,395,2025-04-09,Delivered,Wallet
8607,154,2025-04-10,Delivered,UPI
3980,546,2025-04-10,Delivered,Cash
3647,428,2025-04-11,Delivered,Wallet
8993,288,2025-04-11,Delivered,UPI
2473,196,2025-04-11,Delivered,Cash
2364,352,2025-04-11,Delivered,Net Banking
6939,492,2025-04-12,Delivered,Card
5046,236,2025-04-12,Delivered,Card
4847,304,2025-04-12,Delivered,Card
9883,600,2025-04-12,Delivered,UPI
9899,120,2025-04-12,Delivered,Card
9910,101,2025-04-13,Delivered,Card
8187,140,2025-04-13,Delivered,UPI
6013,515,2025-04-13,Delivered,UPI
2883,104,2025-04-13,Delivered,UPI
3396,533,2025-04-14,Delivered,Wallet
9955,596,2025-04-14,Delivered,UPI
3843,560,2025-04-14,Delivered,Net Banking
8466,139,2025-04-15,Delivered,UPI
1383,142,2025-04-15,Delivered,Cash
7412,471,2025-04-15,Delivered,Net Banking
7078,454,2025-04-16,Delivered,UPI
6572,499,2025-04-16,Delivered,Net Banking
10918,595,2025-04-16,Delivered,Cash
1488,136,2025-04-16,Delivered,UPI
9951,363,2025-04-17,Delivered,Net Banking
9099,365,2025-04-17,Delivered,Net Banking
4385,494,2025-04-17,Delivered,Card
7732,387,2025-04-17,Delivered,Card
7352,429,2025-04-17,Delivered,UPI
2298,429,2025-04-17,Delivered,UPI
4978,445,2025-04-18,Delivered,UPI
6160,539,2025-04-18,Delivered,Net Banking
5521,248,2025-04-18,Delivered,UPI
6698,349,2025-04-19,Delivered,UPI
3108,475,2025-04-19,Delivered,Card
8236,547,2025-04-19,Delivered,Card
8710,378,2025-04-20,Delivered,UPI
7370,570,2025-04-20,Delivered,Net Banking
9760,538,2025-04-20,Returned,Cash
1032,164,2025-04-20,Delivered,Card
2892,374,2025-04-20,Delivered,Card
2482,298,2025-04-21,Delivered,Card
9877,445,2025-04-21,Delivered,UPI
4137,309,2025-04-21,Delivered,Card
6828,329,2025-04-21,Returned,Card
1771,513,2025-04-22,Delivered,UPI
9156,177,2025-04-22,Delivered,Card
2810,107,2025-04-22,Delivered,UPI
2512,368,2025-04-22,Delivered,UPI
6164,278,2025-04-23,Delivered,UPI
6221,446,2025-04-23,Delivered,Card
8592,578,2025-04-23,Delivered,Card
3753,101,2025-04-24,Delivered,Cash
1448,219,2025-04-24,Delivered,UPI
1213,112,2025-04-24,Delivered,UPI
1260,248,2025-04-24,Returned,UPI
2428,236,2025-04-24,Delivered,UPI
1346,456,2025-04-24,Delivered,UPI
9281,461,2025-04-24,Delivered,Net Banking
10857,198,2025-04-25,Delivered,UPI
5958,403,2025-04-26,Delivered,Wallet
7953,452,2025-04-26,Delivered,Card
4774,442,2025-04-26,Delivered,UPI
6864,195,2025-04-26,Delivered,Wallet
4234,547,2025-04-27,Delivered,Cash
8243,367,2025-04-27,Delivered,UPI
8612,122,2025-04-28,Shipped,Card
10697,441,2025-04-28,Delivered,Wallet
10042,177,2025-04-28,Delivered,UPI
6784,445,2025-04-28,Delivered,Wallet
1167,195,2025-04-28,Delivered,Card
4099,454,2025-04-28,Delivered,UPI
1414,394,2025-04-28,Delivered,UPI
3293,504,2025-04-29,Delivered,UPI
9916,540,2025-04-29,Delivered,UPI
1754,394,2025-04-29,Delivered,Wallet
3868,175,2025-04-30,Delivered,Card
9009,294,2025-04-30,Delivered,Card
6927,394,2025-04-30,Delivered,UPI
1177,485,2025-04-30,Delivered,Wallet
6067,529,2025-04-30,Cancelled,Card
6201,495,2025-04-30,Delivered,UPI
10302,536,2025-04-30,Delivered,Card
7580,521,2025-05-01,Delivered,Card
5268,248,2025-05-01,Delivered,Card
1541,253,2025-05-01,Delivered,Card
5154,254,2025-05-01,Delivered,Card
6632,453,2025-05-01,Cancelled,Card
10849,293,2025-05-01,Delivered,Net Banking
3564,360,2025-05-01,Cancelled,Cash
5711,491,2025-05-01,Delivered,Card
9842,110,2025-05-01,Delivered,Net Banking
1001,101,2025-05-01,Delivered,UPI
4044,232,2025-05-01,Delivered,Wallet
4882,449,2025-05-02,Delivered,UPI
5896,206,2025-05-02,Delivered,UPI
1002,102,2025-05-02,Delivered,Card
4564,262,2025-05-03,Delivered,Net Banking
8554,543,2025-05-03,Delivered,UPI
7122,468,2025-05-03,Delivered,UPI
4060,115,2025-05-03,Delivered,UPI
1003,103,2025-05-03,Delivered,UPI
2360,572,2025-05-04,Delivered,Card
9125,115,2025-05-04,Delivered,UPI
1361,246,2025-05-04,Delivered,Wallet
7289,442,2025-05-04,Shipped,Card
10969,106,2025-05-04,Delivered,Net Banking
6168,388,2025-05-04,Delivered,Net Banking
5992,215,2025-05-04,Cancelled,UPI
9890,231,2025-05-04,Delivered,UPI
7466,307,2025-05-04,Delivered,Card
1004,101,2025-05-05,Delivered,Card
2873,467,2025-05-05,Delivered,Cash
7776,416,2025-05-05,Delivered,Cash
10352,392,2025-05-05,Delivered,Wallet
9572,524,2025-05-05,Delivered,Card
6216,181,2025-05-05,Delivered,Card
4867,372,2025-05-06,Cancelled,UPI
6140,406,2025-05-06,Shipped,Card
1005,104,2025-05-07,Cancelled,UPI
8200,137,2025-05-07,Delivered,Card
4896,250,2025-05-07,Delivered,Cash
8375,529,2025-05-07,Delivered,Net Banking
6134,258,2025-05-08,Delivered,UPI
3518,325,2025-05-08,Delivered,Net Banking
3381,453,2025-05-08,Shipped,UPI
7392,134,2025-05-08,Delivered,Card
10916,536,2025-05-08,Delivered,Wallet
9298,402,2025-05-08,Returned,UPI
9303,265,2025-05-09,Delivered,UPI
10114,233,2025-05-09,Delivered,UPI
4726,130,2025-05-09,Delivered,UPI
10541,469,2025-05-09,Delivered,Card
7641,569,2025-05-09,Delivered,UPI
7623,362,2025-05-09,Shipped,Net Banking
9512,506,2025-05-10,Delivered,UPI
5323,558,2025-05-10,Delivered,UPI
4623,358,2025-05-10,Delivered,UPI
10939,396,2025-05-10,Delivered,Wallet
1006,105,2025-05-10,Delivered,Cash
2576,226,2025-05-11,Delivered,Card
1235,324,2025-05-11,Delivered,UPI
10817,295,2025-05-12,Delivered,UPI
2493,486,2025-05-12,Delivered,UPI
1007,106,2025-05-12,Delivered,UPI
3297,449,2025-05-12,Delivered,Net Banking
5014,352,2025-05-12,Delivered,UPI
9064,315,2025-05-13,Delivered,UPI
7936,560,2025-05-13,Delivered,Cash
1461,534,2025-05-13,Shipped,Card
3402,537,2025-05-13,Delivered,UPI
2756,402,2025-05-14,Delivered,UPI
3295,110,2025-05-14,Delivered,Wallet
1603,282,2025-05-14,Returned,UPI
1363,169,2025-05-14,Delivered,Wallet
1008,107,2025-05-15,Shipped,Card
9050,579,2025-05-15,Delivered,UPI
8446,105,2025-05-15,Delivered,UPI
4771,540,2025-05-16,Delivered,Net Banking
9660,134,2025-05-16,Delivered,Net Banking
7145,354,2025-05-16,Delivered,Net Banking
9069,520,2025-05-16,Delivered,UPI
5947,430,2025-05-17,Delivered,Card
8280,574,2025-05-17,Delivered,Cash
6940,451,2025-05-17,Cancelled,UPI
1768,254,2025-05-17,Delivered,Net Banking
9433,298,2025-05-17,Delivered,UPI
1009,108,2025-05-18,Delivered,UPI
10243,395,2025-05-18,Delivered,Net Banking
7769,381,2025-05-18,Delivered,Net Banking
2984,521,2025-05-18,Delivered,Card
10225,456,2025-05-19,Delivered,UPI
9388,536,2025-05-19,Delivered,Cash
6498,445,2025-05-19,Delivered,UPI
4389,148,2025-05-19,Delivered,Card
8134,362,2025-05-20,Delivered,Card
1010,103,2025-05-20,Delivered,Card
2381,600,2025-05-20,Returned,UPI
4325,553,2025-05-20,Cancelled,Cash
7729,283,2025-05-20,Returned,UPI
7415,150,2025-05-20,Cancelled,UPI
9159,571,2025-05-20,Delivered,Net Banking
4830,411,2025-05-20,Delivered,UPI
8027,241,2025-05-20,Delivered,Wallet
7556,233,2025-05-20,Returned,UPI
6756,285,2025-05-21,Cancelled,UPI
7468,556,2025-05-21,Delivered,Net Banking
7504,282,2025-05-22,Delivered,Cash
10734,559,2025-05-22,Delivered,Cash
3501,477,2025-05-22,Delivered,UPI
7109,456,2025-05-22,Delivered,Card
1011,102,2025-05-22,Delivered,UPI
10772,475,2025-05-23,Delivered,Net Banking
4365,468,2025-05-23,Delivered,Card
8011,264,2025-05-23,Delivered,Wallet
6469,288,2025-05-23,Returned,Wallet
10218,368,2025-05-23,Delivered,Net Banking
8736,166,2025-05-24,Delivered,Card
7791,174,2025-05-24,Delivered,Card
10755,532,2025-05-24,Delivered,Card
4281,455,2025-05-25,Delivered,Net Banking
10278,336,2025-05-25,Delivered,UPI
1012,105,2025-05-25,Cancelled,Card
7662,329,2025-05-25,Delivered,Wallet
4871,329,2025-05-25,Delivered,UPI
6908,347,2025-05-25,Delivered,UPI
6590,178,2025-05-26,Delivered,UPI
9470,286,2025-05-26,Delivered,Wallet
8783,383,2025-05-26,Delivered,UPI
10966,183,2025-05-26,Delivered,UPI
7613,594,2025-05-26,Delivered,Card
3875,391,2025-05-26,Delivered,UPI
1360,233,2025-05-27,Delivered,Card
10309,165,2025-05-27,Delivered,Card
7735,255,2025-05-27,Delivered,UPI
3939,416,2025-05-27,Delivered,Card
7181,517,2025-05-27,Shipped,Cash
3351,540,2025-05-28,Delivered,UPI
2018,118,2025-05-29,Delivered,Cash
10883,388,2025-05-29,Delivered,UPI
9973,218,2025-05-29,Returned,UPI
7043,268,2025-05-30,Delivered,Cash
3495,135,2025-05-31,Delivered,UPI
3153,288,2025-05-31,Delivered,UPI
6076,288,2025-05-31,Delivered,Card
1874,405,2025-05-31,Cancelled,UPI
2524,374,2025-06-01,Delivered,Cash
9080,377,2025-06-01,Delivered,Card
7040,353,2025-06-01,Delivered,Wallet
5701,311,2025-06-01,Shipped,Card
1339,320,2025-06-01,Delivered,Net Banking
7326,104,2025-06-01,Returned,Net Banking
3296,401,2025-06-02,Delivered,UPI
1134,426,2025-06-02,Delivered,UPI
4132,347,2025-06-02,Delivered,Net Banking
1839,135,2025-06-02,Delivered,Card
10390,403,2025-06-02,Delivered,Card
3239,174,2025-06-02,Cancelled,Card
8199,388,2025-06-03,Delivered,UPI
10044,371,2025-06-04,Delivered,Card
9427,473,2025-06-04,Delivered,Card
3498,457,2025-06-04,Returned,Card
4029,461,2025-06-04,Returned,Wallet
1042,441,2025-06-04,Delivered,Card
7388,255,2025-06-04,Delivered,Cash
3282,224,2025-06-04,Delivered,UPI
6286,533,2025-06-04,Delivered,Cash
10559,335,2025-06-05,Delivered,Card
8831,540,2025-06-05,Delivered,UPI
1788,529,2025-06-05,Delivered,Net Banking
2828,163,2025-06-05,Delivered,UPI
5629,585,2025-06-06,Delivered,UPI
1577,443,2025-06-06,Delivered,UPI
1984,316,2025-06-06,Delivered,UPI
10711,522,2025-06-07,Shipped,Card
5808,313,2025-06-07,Shipped,Card
3110,580,2025-06-07,Delivered,Wallet
1695,567,2025-06-07,Delivered,UPI
2400,437,2025-06-07,Delivered,Card
5054,517,2025-06-08,Delivered,UPI
3912,600,2025-06-08,Delivered,UPI
6361,261,2025-06-08,Returned,Cash
2329,216,2025-06-08,Delivered,Wallet
4565,377,2025-06-09,Delivered,UPI
10785,318,2025-06-09,Delivered,UPI
4990,446,2025-06-09,Delivered,Card
3025,211,2025-06-09,Delivered,Net Banking
5862,270,2025-06-10,Delivered,UPI
3891,283,2025-06-10,Delivered,Net Banking
1685,426,2025-06-10,Delivered,Cash
2243,429,2025-06-10,Cancelled,Card
2817,489,2025-06-11,Delivered,Cash
10229,207,2025-06-11,Delivered,Card
6283,472,2025-06-11,Delivered,Cash
10692,359,2025-06-11,Delivered,Wallet
8055,492,2025-06-12,Delivered,Card
4803,126,2025-06-12,Delivered,Card
1241,566,2025-06-12,Delivered,UPI
8716,186,2025-06-12,Delivered,Cash
2393,415,2025-06-13,Delivered,UPI
5343,596,2025-06-13,Delivered,Wallet
8753,133,2025-06-13,Returned,UPI
3772,578,2025-06-14,Delivered,Wallet
8957,224,2025-06-14,Delivered,Net Banking
1856,448,2025-06-14,Delivered,Card
6171,272,2025-06-14,Delivered,Cash
3887,428,2025-06-14,Delivered,Cash
4020,439,2025-06-14,Delivered,UPI
6787,573,2025-06-14,Delivered,Card
3170,162,2025-06-15,Delivered,Card
9180,123,2025-06-15,Delivered,UPI
8227,460,2025-06-15,Shipped,UPI
2872,554,2025-06-16,Delivered,Net Banking
1458,154,2025-06-16,Delivered,UPI
6094,427,2025-06-16,Delivered,Card
6371,549,2025-06-16,Delivered,Cash
5051,591,2025-06-16,Delivered,UPI
5472,461,2025-06-16,Delivered,UPI
10070,492,2025-06-17,Delivered,UPI
7895,452,2025-06-17,Delivered,Net Banking
9051,163,2025-06-17,Delivered,Cash
7882,464,2025-06-17,Delivered,Card
7862,107,2025-06-18,Delivered,Net Banking
7165,466,2025-06-18,Delivered,Card
2732,484,2025-06-18,Cancelled,Card
7764,137,2025-06-18,Delivered,UPI
10670,223,2025-06-19,Delivered,Card
4736,186,2025-06-19,Delivered,Net Banking
3333,162,2025-06-19,Delivered,Cash
3210,115,2025-06-20,Returned,UPI
4576,566,2025-06-20,Delivered,Wallet
10920,494,2025-06-20,Delivered,Card
6444,218,2025-06-21,Returned,UPI
6960,302,2025-06-21,Delivered,UPI
3094,332,2025-06-21,Shipped,UPI
10069,349,2025-06-21,Delivered,Card
5200,163,2025-06-21,Delivered,Card
6500,474,2025-06-22,Delivered,UPI
3530,534,2025-06-23,Cancelled,Card
3093,339,2025-06-23,Delivered,UPI
5386,234,2025-06-23,Delivered,Card
9324,102,2025-06-23,Cancelled,Card
7805,558,2025-06-23,Delivered,Wallet
7152,357,2025-06-24,Delivered,Card
4644,202,2025-06-25,Delivered,Net Banking
8206,105,2025-06-25,Delivered,Cash
7358,148,2025-06-25,Delivered,UPI
3669,576,2025-06-25,Delivered,Cash
10481,564,2025-06-25,Delivered,UPI
6090,445,2025-06-25,Delivered,Card
1737,336,2025-06-25,Delivered,Card
8100,415,2025-06-25,Shipped,Card
2464,518,2025-06-25,Delivered,UPI
8435,303,2025-06-25,Delivered,Card
2218,566,2025-06-25,Delivered,UPI
6602,231,2025-06-25,Delivered,Card
5676,368,2025-06-26,Delivered,Cash
3657,198,2025-06-26,Delivered,UPI
8320,186,2025-06-26,Delivered,UPI
4053,385,2025-06-26,Delivered,Net Banking
10770,396,2025-06-26,Delivered,Card
4667,242,2025-06-26,Delivered,UPI
5439,363,2025-06-27,Delivered,UPI
9495,195,2025-06-27,Delivered,Card
5982,506,2025-06-27,Delivered,UPI
9454,201,2025-06-27,Delivered,Wallet
8639,558,2025-06-27,Delivered,Wallet
10411,458,2025-06-27,Returned,UPI
4139,493,2025-06-27,Delivered,Wallet
9258,478,2025-06-28,Delivered,UPI
7857,366,2025-06-28,Delivered,UPI
1652,522,2025-06-28,Delivered,UPI
9708,354,2025-06-29,Delivered,UPI
7968,302,2025-06-29,Delivered,UPI
1785,396,2025-06-29,Delivered,UPI
2982,153,2025-06-30,Delivered,Card
10198,254,2025-06-30,Delivered,Card
8988,296,2025-07-01,Delivered,UPI
4814,565,2025-07-01,Delivered,UPI
7500,223,2025-07-01,Delivered,Cash
6691,432,2025-07-01,Cancelled,Card
3202,166,2025-07-01,Delivered,UPI
1050,360,2025-07-02,Delivered,UPI
9602,386,2025-07-02,Delivered,Card
6303,144,2025-07-02,Delivered,UPI
9368,594,2025-07-02,Delivered,UPI
1760,468,2025-07-02,Delivered,Card
5842,506,2025-07-02,Returned,Cash
1491,417,2025-07-02,Delivered,UPI
10473,431,2025-07-04,Delivered,Card
4306,331,2025-07-04,Delivered,Card
6911,354,2025-07-04,Delivered,UPI
1362,274,2025-07-04,Delivered,UPI
2677,145,2025-07-04,Delivered,UPI
1229,588,2025-07-04,Delivered,UPI
1765,323,2025-07-05,Shipped,UPI
7085,281,2025-07-05,Delivered,Net Banking
5530,262,2025-07-05,Delivered,Card
2573,484,2025-07-05,Delivered,UPI
10727,126,2025-07-06,Shipped,UPI
2959,343,2025-07-06,Delivered,UPI
5400,112,2025-07-06,Delivered,Wallet
1271,539,2025-07-06,Delivered,UPI
1540,176,2025-07-06,Delivered,UPI
1644,410,2025-07-06,Delivered,Card
1611,101,2025-07-07,Delivered,Card
9090,374,2025-07-07,Delivered,Wallet
2985,128,2025-07-07,Delivered,Card
4877,160,2025-07-07,Delivered,UPI
10530,499,2025-07-07,Delivered,Card
9046,434,2025-07-08,Delivered,UPI
8074,243,2025-07-08,Shipped,Card
10777,118,2025-07-08,Delivered,UPI
2723,570,2025-07-08,Delivered,UPI
5802,252,2025-07-09,Returned,Net Banking
4246,512,2025-07-09,Delivered,UPI
9074,458,2025-07-09,Delivered,UPI
4130,244,2025-07-09,Delivered,Card
7029,254,2025-07-09,Delivered,UPI
4008,198,2025-07-09,Delivered,UPI
7384,268,2025-07-09,Delivered,UPI
8148,491,2025-07-10,Delivered,Wallet
9850,154,2025-07-10,Cancelled,Card
7538,369,2025-07-10,Delivered,Net Banking
1173,302,2025-07-10,Delivered,Cash
8342,366,2025-07-10,Delivered,Cash
1236,481,2025-07-11,Delivered,Card
5835,307,2025-07-11,Delivered,Card
9652,219,2025-07-11,Delivered,Card
9695,576,2025-07-12,Delivered,Card
4189,418,2025-07-12,Delivered,Card
7811,177,2025-07-13,Delivered,UPI
5619,554,2025-07-13,Cancelled,UPI
5973,518,2025-07-14,Delivered,Card
3311,512,2025-07-14,Delivered,UPI
3509,417,2025-07-14,Delivered,UPI
3627,560,2025-07-14,Shipped,UPI
2406,380,2025-07-14,Cancelled,UPI
7760,218,2025-07-14,Delivered,UPI
7053,151,2025-07-14,Delivered,Wallet
9040,460,2025-07-15,Delivered,UPI
4378,359,2025-07-15,Delivered,UPI
2970,573,2025-07-15,Delivered,Card
6518,571,2025-07-15,Delivered,UPI
10401,524,2025-07-16,Delivered,Card
9515,121,2025-07-16,Delivered,Card
6434,495,2025-07-16,Delivered,Net Banking
7827,567,2025-07-16,Delivered,UPI
7782,290,2025-07-16,Returned,UPI
8770,246,2025-07-17,Delivered,UPI
3162,146,2025-07-17,Delivered,UPI
9597,358,2025-07-17,Delivered,Wallet
9449,357,2025-07-17,Delivered,UPI
3325,594,2025-07-17,Delivered,UPI
4251,130,2025-07-17,Delivered,Cash
8938,361,2025-07-17,Returned,UPI
8412,108,2025-07-17,Delivered,Wallet
10603,319,2025-07-17,Delivered,UPI
4819,521,2025-07-18,Delivered,UPI
9837,313,2025-07-18,Delivered,Card
2742,357,2025-07-18,Delivered,Card
3330,354,2025-07-18,Delivered,Net Banking
9949,160,2025-07-18,Delivered,Cash
1474,374,2025-07-19,Delivered,UPI
2309,521,2025-07-19,Delivered,Card
9702,379,2025-07-19,Delivered,Card
4926,553,2025-07-19,Delivered,UPI
2602,411,2025-07-19,Delivered,Cash
6225,333,2025-07-19,Delivered,Cash
7154,397,2025-07-19,Delivered,Card
10592,208,2025-07-20,Delivered,Wallet
8061,402,2025-07-20,Delivered,Card
2129,127,2025-07-20,Delivered,Wallet
4071,163,2025-07-20,Delivered,Wallet
4267,566,2025-07-22,Shipped,Card
5807,360,2025-07-22,Delivered,Card
8092,391,2025-07-22,Delivered,UPI
10124,167,2025-07-22,Delivered,Wallet
2207,419,2025-07-22,Delivered,UPI
7958,376,2025-07-22,Delivered,Card
3812,160,2025-07-22,Delivered,UPI
6277,293,2025-07-23,Returned,Net Banking
7938,250,2025-07-23,Delivered,Card
4429,103,2025-07-23,Delivered,UPI
5516,194,2025-07-24,Delivered,Wallet
9746,386,2025-07-24,Delivered,Cash
8936,593,2025-07-24,Delivered,UPI
7446,429,2025-07-24,Cancelled,UPI
10853,513,2025-07-24,Delivered,Net Banking
9437,550,2025-07-24,Delivered,Net Banking
8958,298,2025-07-24,Delivered,Cash
2638,545,2025-07-25,Delivered,Card
9411,475,2025-07-25,Shipped,Card
9315,281,2025-07-25,Delivered,UPI
8844,543,2025-07-25,Delivered,UPI
2159,285,2025-07-25,Delivered,Card
4531,600,2025-07-26,Delivered,Cash
4804,144,2025-07-26,Delivered,Card
10523,400,2025-07-26,Delivered,UPI
7118,304,2025-07-26,Delivered,Wallet
3445,228,2025-07-26,Returned,Card
2833,159,2025-07-26,Delivered,Net Banking
1496,344,2025-07-26,Delivered,UPI
9455,439,2025-07-27,Delivered,UPI
6153,373,2025-07-27,Delivered,Card
2310,345,2025-07-27,Delivered,UPI
9797,427,2025-07-28,Shipped,Net Banking
7343,548,2025-07-28,Delivered,UPI
1877,109,2025-07-29,Delivered,Card
1649,503,2025-07-29,Delivered,UPI
7160,144,2025-07-29,Delivered,Wallet
8778,464,2025-07-29,Delivered,UPI
9272,167,2025-07-29,Shipped,Card
7852,215,2025-07-30,Shipped,Card
6604,187,2025-07-30,Delivered,UPI
9676,561,2025-07-30,Delivered,Net Banking
9275,128,2025-07-30,Delivered,Net Banking
10466,248,2025-07-30,Delivered,Cash
8701,156,2025-07-30,Delivered,Net Banking
1638,343,2025-07-31,Shipped,UPI
6781,478,2025-07-31,Shipped,Card
4409,153,2025-07-31,Delivered,UPI
5237,523,2025-08-01,Delivered,Card
8718,232,2025-08-01,Delivered,Net Banking
5563,143,2025-08-01,Delivered,Card
9441,344,2025-08-01,Delivered,Card
4114,523,2025-08-02,Delivered,Net Banking
1108,359,2025-08-02,Delivered,UPI
10835,403,2025-08-02,Delivered,Card
3019,227,2025-08-02,Delivered,Wallet
8797,427,2025-08-02,Shipped,Cash
6252,264,2025-08-03,Delivered,UPI
6794,295,2025-08-03,Delivered,Card
2606,553,2025-08-03,Delivered,Card
7402,101,2025-08-04,Delivered,Card
7681,331,2025-08-04,Delivered,Card
1092,332,2025-08-04,Delivered,Net Banking
2679,108,2025-08-05,Delivered,UPI
8530,226,2025-08-06,Delivered,Wallet
8893,568,2025-08-06,Delivered,UPI
5889,216,2025-08-06,Delivered,UPI
4638,429,2025-08-06,Delivered,UPI
7277,134,2025-08-06,Delivered,UPI
8410,578,2025-08-07,Delivered,Cash
3728,354,2025-08-08,Delivered,UPI
1038,544,2025-08-08,Delivered,UPI
8240,459,2025-08-08,Delivered,Card
9271,105,2025-08-09,Delivered,Card
2731,259,2025-08-09,Delivered,Card
10039,477,2025-08-09,Shipped,UPI
6124,489,2025-08-10,Shipped,UPI
6105,363,2025-08-10,Delivered,Cash
5671,444,2025-08-10,Delivered,UPI
5666,372,2025-08-10,Delivered,Card
1116,220,2025-08-10,Delivered,Card
5526,347,2025-08-10,Delivered,UPI
6070,543,2025-08-10,Delivered,UPI
10940,256,2025-08-10,Delivered,Net Banking
1117,331,2025-08-11,Delivered,UPI
10794,143,2025-08-11,Delivered,Card
10907,550,2025-08-12,Delivered,UPI
3275,300,2025-08-13,Delivered,Card
4037,229,2025-08-13,Delivered,Cash
3497,266,2025-08-13,Delivered,Card
5110,216,2025-08-13,Cancelled,UPI
3237,495,2025-08-14,Delivered,Card
10075,254,2025-08-14,Delivered,UPI
7444,270,2025-08-14,Delivered,Card
4723,430,2025-08-14,Delivered,UPI
8574,535,2025-08-14,Delivered,Wallet
4444,386,2025-08-15,Delivered,UPI
6804,171,2025-08-15,Delivered,Net Banking
5379,258,2025-08-15,Delivered,Wallet
8386,339,2025-08-15,Delivered,UPI
2571,469,2025-08-16,Delivered,Card
9212,129,2025-08-16,Delivered,Card
1962,102,2025-08-16,Delivered,Cash
9022,101,2025-08-17,Delivered,Cash
3155,423,2025-08-17,Delivered,Cash
1196,335,2025-08-17,Delivered,UPI
4146,485,2025-08-17,Delivered,UPI
7237,338,2025-08-17,Delivered,UPI
8246,199,2025-08-17,Delivered,Card
1833,207,2025-08-17,Shipped,Card
9533,490,2025-08-17,Delivered,Card
6248,445,2025-08-17,Shipped,Net Banking
6850,442,2025-08-18,Delivered,Card
6732,436,2025-08-18,Shipped,UPI
2276,336,2025-08-19,Delivered,Card
6621,409,2025-08-19,Delivered,UPI
6267,122,2025-08-19,Delivered,Card
4612,557,2025-08-19,Delivered,Net Banking
1031,331,2025-08-19,Delivered,Net Banking
8837,191,2025-08-19,Delivered,UPI
6798,374,2025-08-19,Delivered,Card
10152,318,2025-08-19,Shipped,UPI
9621,462,2025-08-20,Delivered,UPI
10405,109,2025-08-20,Returned,UPI
9242,355,2025-08-20,Cancelled,Net Banking
9043,167,2025-08-21,Delivered,Card
6719,276,2025-08-21,Delivered,Wallet
8268,566,2025-08-21,Delivered,UPI
10573,377,2025-08-21,Delivered,Net Banking
1542,392,2025-08-21,Delivered,Card
9891,573,2025-08-21,Delivered,Wallet
8215,568,2025-08-21,Delivered,Card
5287,228,2025-08-21,Delivered,Wallet
6314,312,2025-08-22,Delivered,Card
7818,394,2025-08-22,Delivered,Cash
8455,119,2025-08-22,Delivered,Card
1185,332,2025-08-22,Delivered,UPI
7068,294,2025-08-22,Delivered,Card
10087,484,2025-08-22,Returned,Net Banking
7696,535,2025-08-22,Delivered,Net Banking
6545,393,2025-08-23,Delivered,Card
7374,583,2025-08-23,Delivered,UPI
5490,496,2025-08-23,Delivered,Wallet
2083,424,2025-08-23,Delivered,UPI
7461,315,2025-08-23,Shipped,UPI
1890,428,2025-08-24,Delivered,Card
3414,559,2025-08-24,Delivered,UPI
1483,382,2025-08-24,Delivered,Wallet
9098,583,2025-08-24,Delivered,Net Banking
7560,376,2025-08-24,Delivered,Wallet
3945,577,2025-08-25,Delivered,UPI
5514,397,2025-08-25,Delivered,UPI
4384,468,2025-08-26,Delivered,UPI
10903,575,2025-08-26,Delivered,UPI
1886,382,2025-08-26,Shipped,UPI
7299,344,2025-08-26,Delivered,Card
3833,232,2025-08-26,Delivered,Card
7463,190,2025-08-26,Delivered,Cash
3882,412,2025-08-26,Cancelled,UPI
10539,433,2025-08-27,Delivered,Card
4433,518,2025-08-27,Delivered,UPI
10805,485,2025-08-27,Delivered,Wallet
10333,274,2025-08-28,Delivered,UPI
10221,118,2025-08-28,Delivered,Net Banking
3740,562,2025-08-28,Delivered,Net Banking
5775,373,2025-08-28,Delivered,Net Banking
3525,274,2025-08-28,Delivered,Card
7114,564,2025-08-29,Delivered,UPI
4567,467,2025-08-29,Delivered,Card
6074,421,2025-08-29,Delivered,UPI
7354,441,2025-08-30,Delivered,Cash
5314,510,2025-08-30,Delivered,UPI
9668,189,2025-08-31,Delivered,UPI
9062,247,2025-08-31,Delivered,Card
6029,143,2025-08-31,Cancelled,UPI
10871,182,2025-09-01,Delivered,UPI
2931,488,2025-09-01,Delivered,Cash
4496,502,2025-09-01,Delivered,Wallet
4917,249,2025-09-02,Delivered,Card
10424,108,2025-09-02,Delivered,UPI
10724,308,2025-09-02,Delivered,Card
10054,528,2025-09-02,Delivered,Card
4354,157,2025-09-02,Delivered,Cash
7822,121,2025-09-03,Delivered,Wallet
2186,575,2025-09-03,Delivered,Net Banking
3907,283,2025-09-03,Delivered,UPI
5311,414,2025-09-03,Cancelled,Net Banking
10493,502,2025-09-04,Delivered,UPI
1510,577,2025-09-04,Delivered,UPI
2700,483,2025-09-04,Delivered,Cash
10464,271,2025-09-04,Delivered,Cash
8308,276,2025-09-04,Delivered,Cash
2285,337,2025-09-04,Cancelled,UPI
3304,267,2025-09-04,Delivered,UPI
1222,338,2025-09-04,Delivered,Card
9052,416,2025-09-04,Delivered,UPI
3706,376,2025-09-04,Delivered,Card
9629,194,2025-09-05,Delivered,UPI
8292,379,2025-09-05,Delivered,Cash
7750,171,2025-09-05,Delivered,Card
9490,349,2025-09-05,Returned,Card
4955,535,2025-09-05,Delivered,Net Banking
8403,215,2025-09-05,Delivered,UPI
2374,374,2025-09-06,Delivered,UPI
1614,375,2025-09-06,Delivered,Net Banking
6633,418,2025-09-06,Delivered,UPI
10567,388,2025-09-06,Delivered,Card
3795,493,2025-09-06,Delivered,Card
8274,504,2025-09-06,Returned,Card
1088,189,2025-09-07,Delivered,UPI
7480,421,2025-09-07,Delivered,Cash
7570,539,2025-09-07,Delivered,UPI
8181,240,2025-09-07,Returned,UPI
7338,382,2025-09-08,Delivered,Card
2691,101,2025-09-08,Delivered,Card
5826,322,2025-09-08,Delivered,Card
6549,118,2025-09-08,Delivered,Net Banking
3695,401,2025-09-09,Delivered,Cash
4514,162,2025-09-09,Delivered,Card
4686,139,2025-09-09,Cancelled,Cash
5433,371,2025-09-09,Delivered,Cash
6275,483,2025-09-09,Delivered,UPI
4476,339,2025-09-09,Delivered,UPI
5476,168,2025-09-09,Delivered,UPI
4581,428,2025-09-09,Delivered,Wallet
9485,355,2025-09-10,Cancelled,Wallet
6947,483,2025-09-10,Delivered,Card
2433,514,2025-09-10,Delivered,Card
6978,199,2025-09-10,Delivered,Wallet
4689,294,2025-09-10,Delivered,UPI
2555,187,2025-09-10,Delivered,UPI
6328,378,2025-09-10,Delivered,Cash
4756,267,2025-09-11,Delivered,UPI
2594,506,2025-09-11,Delivered,UPI
7035,353,2025-09-11,Delivered,Card
1481,129,2025-09-11,Delivered,Cash
9765,367,2025-09-11,Delivered,Card
7914,325,2025-09-11,Delivered,UPI
4393,147,2025-09-11,Delivered,Card
8049,491,2025-09-11,Delivered,UPI
7759,186,2025-09-12,Delivered,Cash
10568,314,2025-09-12,Shipped,Card
1094,272,2025-09-13,Cancelled,Card
1733,135,2025-09-13,Delivered,Card
8573,385,2025-09-13,Delivered,UPI
9375,340,2025-09-13,Delivered,UPI
4912,288,2025-09-13,Delivered,Cash
9405,518,2025-09-13,Delivered,UPI
3920,370,2025-09-14,Delivered,Card
10470,364,2025-09-14,Delivered,Card
10277,262,2025-09-14,Delivered,Cash
4898,382,2025-09-14,Delivered,Card
5079,600,2025-09-14,Shipped,Card
5133,279,2025-09-15,Delivered,UPI
1449,250,2025-09-15,Delivered,Wallet
8591,155,2025-09-15,Delivered,UPI
9866,434,2025-09-15,Cancelled,UPI
4161,277,2025-09-15,Delivered,Cash
8024,301,2025-09-15,Delivered,Card
5221,142,2025-09-16,Delivered,Card
9790,410,2025-09-16,Delivered,UPI
10350,388,2025-09-16,Cancelled,UPI
2953,383,2025-09-16,Delivered,Wallet
10581,370,2025-09-16,Delivered,UPI
5458,175,2025-09-17,Cancelled,Card
1964,523,2025-09-17,Delivered,UPI
7099,119,2025-09-17,Delivered,Card
6048,382,2025-09-17,Shipped,Wallet
7994,582,2025-09-17,Delivered,Card
8025,274,2025-09-17,Delivered,Wallet
7455,580,2025-09-17,Delivered,UPI
3483,117,2025-09-17,Delivered,UPI
1995,548,2025-09-18,Returned,UPI
3955,275,2025-09-18,Delivered,Net Banking
3053,558,2025-09-18,Delivered,UPI
5569,593,2025-09-18,Delivered,Card
2143,167,2025-09-19,Delivered,UPI
7262,206,2025-09-20,Returned,Card
5506,479,2025-09-20,Delivered,Cash
1928,536,2025-09-20,Delivered,UPI
1947,563,2025-09-20,Delivered,Card
5277,299,2025-09-20,Delivered,Card
6536,571,2025-09-20,Delivered,Card
9233,461,2025-09-21,Delivered,UPI
2352,526,2025-09-21,Delivered,UPI
3826,505,2025-09-21,Delivered,Cash
9504,286,2025-09-22,Delivered,Card
7544,416,2025-09-22,Delivered,UPI
5877,519,2025-09-22,Shipped,Card
3568,561,2025-09-22,Cancelled,Net Banking
6335,275,2025-09-22,Delivered,Net Banking
10335,337,2025-09-23,Delivered,Net Banking
9393,264,2025-09-23,Shipped,Net Banking
7209,243,2025-09-24,Shipped,Cash
8048,117,2025-09-24,Delivered,UPI
7693,134,2025-09-24,Returned,UPI
3323,125,2025-09-24,Delivered,Card
6494,289,2025-09-24,Delivered,Cash
4701,497,2025-09-24,Delivered,Card
10183,240,2025-09-25,Delivered,Cash
4392,487,2025-09-25,Delivered,Card
7189,301,2025-09-25,Delivered,Card
5279,206,2025-09-25,Returned,UPI
9059,372,2025-09-26,Delivered,Net Banking
8046,348,2025-09-26,Delivered,Card
6189,186,2025-09-26,Delivered,Net Banking
9723,554,2025-09-26,Delivered,UPI
7907,522,2025-09-26,Delivered,UPI
8144,523,2025-09-27,Delivered,Net Banking
2799,412,2025-09-27,Delivered,Card
7462,329,2025-09-27,Returned,Card
4069,511,2025-09-27,Delivered,Card
6037,451,2025-09-27,Delivered,Cash
8211,163,2025-09-28,Delivered,UPI
7246,465,2025-09-28,Delivered,Card
5532,447,2025-09-28,Delivered,Net Banking
4043,279,2025-09-28,Delivered,Wallet
6475,239,2025-09-28,Delivered,UPI
8276,250,2025-09-28,Delivered,UPI
9299,190,2025-09-29,Delivered,Card
3347,181,2025-09-29,Delivered,UPI
7765,368,2025-09-29,Delivered,Cash
3086,140,2025-09-29,Delivered,Card
6812,171,2025-09-29,Delivered,Cash
6272,154,2025-09-30,Delivered,UPI
3660,148,2025-09-30,Delivered,Wallet
6265,182,2025-09-30,Delivered,Net Banking
7341,245,2025-09-30,Delivered,Card
8602,151,2025-10-01,Delivered,Net Banking
6775,439,2025-10-01,Delivered,Wallet
3031,511,2025-10-01,Delivered,Net Banking
9224,285,2025-10-01,Delivered,UPI
8798,124,2025-10-01,Delivered,Net Banking
6610,334,2025-10-02,Delivered,Card
7535,326,2025-10-02,Delivered,Card
9243,296,2025-10-02,Delivered,Card
1535,426,2025-10-02,Delivered,Card
5776,196,2025-10-02,Delivered,Net Banking
2290,377,2025-10-03,Delivered,Net Banking
9130,562,2025-10-03,Delivered,Net Banking
6333,537,2025-10-03,Delivered,Card
7222,405,2025-10-03,Delivered,UPI
1949,569,2025-10-04,Delivered,Card
4056,528,2025-10-04,Delivered,Card
2092,109,2025-10-04,Delivered,Card
2552,480,2025-10-04,Delivered,Net Banking
5489,511,2025-10-04,Delivered,Card
10064,378,2025-10-04,Delivered,Wallet
1121,189,2025-10-05,Delivered,Card
1180,426,2025-10-05,Delivered,UPI
4343,106,2025-10-05,Delivered,Card
8239,505,2025-10-05,Delivered,Cash
1440,122,2025-10-06,Shipped,Cash
9682,552,2025-10-06,Delivered,Card
6616,338,2025-10-06,Delivered,UPI
6129,557,2025-10-06,Delivered,Card
2497,519,2025-10-06,Returned,Net Banking
7135,333,2025-10-06,Delivered,Card
10946,309,2025-10-07,Delivered,UPI
2382,485,2025-10-07,Delivered,Card
9831,233,2025-10-07,Cancelled,Wallet
5137,531,2025-10-07,Delivered,Card
6860,556,2025-10-08,Delivered,UPI
5680,185,2025-10-08,Delivered,Net Banking
2854,339,2025-10-08,Delivered,Card
1401,124,2025-10-08,Delivered,Card
7634,240,2025-10-08,Delivered,UPI
3514,390,2025-10-08,Delivered,Net Banking
7758,210,2025-10-09,Delivered,Card
3441,166,2025-10-10,Delivered,UPI
1859,459,2025-10-10,Delivered,Card
2858,366,2025-10-11,Delivered,Cash
1389,354,2025-10-11,Shipped,Net Banking
1160,584,2025-10-11,Delivered,Net Banking
3838,269,2025-10-11,Delivered,Card
3840,501,2025-10-11,Delivered,UPI
4085,413,2025-10-12,Delivered,Cash
3227,315,2025-10-12,Delivered,UPI
2449,599,2025-10-12,Delivered,Wallet
10841,266,2025-10-12,Shipped,Net Banking
5148,193,2025-10-12,Delivered,Card
6125,172,2025-10-13,Delivered,UPI
5771,269,2025-10-13,Delivered,UPI
9880,540,2025-10-13,Delivered,Wallet
4537,486,2025-10-13,Delivered,Net Banking
2716,416,2025-10-13,Delivered,Cash
2061,298,2025-10-13,Delivered,UPI
8779,557,2025-10-14,Cancelled,UPI
6346,481,2025-10-14,Delivered,UPI
2875,290,2025-10-14,Delivered,Net Banking
5329,358,2025-10-14,Delivered,Wallet
1993,226,2025-10-14,Delivered,UPI
6072,476,2025-10-14,Delivered,UPI
7264,314,2025-10-15,Delivered,Card
1656,591,2025-10-15,Returned,Cash
4857,359,2025-10-15,Delivered,UPI
3078,405,2025-10-15,Shipped,UPI
5848,405,2025-10-16,Delivered,Net Banking
10516,533,2025-10-16,Delivered,Card
8269,382,2025-10-16,Delivered,Net Banking
1930,423,2025-10-16,Delivered,Net Banking
4928,557,2025-10-16,Delivered,Wallet
1118,109,2025-10-16,Delivered,Card
4568,179,2025-10-16,Delivered,Cash
3261,406,2025-10-17,Delivered,Wallet
1368,176,2025-10-17,Shipped,Cash
1645,340,2025-10-17,Delivered,Wallet
3960,163,2025-10-18,Delivered,Wallet
5683,227,2025-10-18,Delivered,Card
8326,305,2025-10-18,Delivered,UPI
2919,469,2025-10-19,Shipped,UPI
1517,355,2025-10-19,Delivered,Net Banking
3332,581,2025-10-19,Delivered,Card
4320,474,2025-10-20,Delivered,Wallet
3806,549,2025-10-20,Delivered,UPI
2039,474,2025-10-20,Delivered,UPI
4168,584,2025-10-20,Delivered,UPI
7607,431,2025-10-20,Shipped,Card
4214,137,2025-10-21,Delivered,Wallet
1657,353,2025-10-21,Delivered,Cash
2684,299,2025-10-22,Delivered,Card
3184,584,2025-10-22,Delivered,Cash
3380,401,2025-10-22,Delivered,UPI
7383,521,2025-10-22,Delivered,Card
2583,399,2025-10-22,Delivered,Wallet
5105,414,2025-10-23,Returned,UPI
5806,594,2025-10-23,Delivered,Cash
1836,176,2025-10-23,Delivered,Card
10628,421,2025-10-24,Delivered,UPI
4451,374,2025-10-24,Delivered,UPI
4471,544,2025-10-24,Delivered,Wallet
8722,414,2025-10-24,Delivered,Card
4467,480,2025-10-24,Delivered,Card
2073,343,2025-10-24,Delivered,Card
9465,562,2025-10-24,Delivered,Cash
1218,559,2025-10-25,Delivered,UPI
4112,582,2025-10-25,Delivered,UPI
1397,487,2025-10-25,Delivered,Cash
10823,113,2025-10-25,Delivered,UPI
10961,556,2025-10-26,Delivered,Net Banking
2651,488,2025-10-26,Delivered,Card
2914,413,2025-10-26,Delivered,Card
2824,203,2025-10-26,Cancelled,Card
3211,445,2025-10-26,Delivered,UPI
6389,482,2025-10-26,Delivered,Card
2378,316,2025-10-26,Delivered,Card
7318,344,2025-10-26,Delivered,Wallet
5255,313,2025-10-27,Delivered,Net Banking
10328,409,2025-10-27,Delivered,Cash
10457,158,2025-10-27,Delivered,Card
4226,137,2025-10-27,Delivered,UPI
9446,583,2025-10-27,Delivered,Net Banking
2876,116,2025-10-27,Delivered,Card
6763,501,2025-10-27,Delivered,Card
6460,215,2025-10-27,Delivered,UPI
10338,401,2025-10-27,Delivered,Net Banking
4253,123,2025-10-28,Delivered,Card
7409,305,2025-10-28,Delivered,UPI
6095,419,2025-10-29,Delivered,Net Banking
8445,362,2025-10-29,Delivered,UPI
10508,560,2025-10-29,Delivered,Card
7950,281,2025-10-30,Delivered,UPI
5359,172,2025-10-30,Delivered,Card
2052,331,2025-10-30,Delivered,UPI
7770,228,2025-10-31,Delivered,UPI
7837,476,2025-10-31,Delivered,UPI
4995,394,2025-10-31,Delivered,UPI
4117,597,2025-10-31,Delivered,Card
6764,294,2025-10-31,Cancelled,Net Banking
4233,399,2025-10-31,Delivered,Net Banking
10729,321,2025-10-31,Delivered,UPI
1938,566,2025-11-01,Delivered,Card
2781,312,2025-11-02,Delivered,Net Banking
2548,243,2025-11-02,Delivered,Net Banking
3739,447,2025-11-02,Delivered,Card
5942,351,2025-11-02,Delivered,UPI
10818,259,2025-11-03,Delivered,UPI
2762,478,2025-11-03,Delivered,Net Banking
2362,241,2025-11-03,Delivered,Card
10426,222,2025-11-03,Delivered,Net Banking
6352,371,2025-11-03,Delivered,UPI
8944,590,2025-11-03,Delivered,Cash
9811,252,2025-11-03,Delivered,UPI
5308,562,2025-11-03,Delivered,UPI
7351,400,2025-11-03,Delivered,Net Banking
9588,488,2025-11-03,Shipped,UPI
2489,297,2025-11-03,Delivered,UPI
6821,438,2025-11-03,Cancelled,Wallet
8452,232,2025-11-04,Delivered,UPI
7364,464,2025-11-04,Delivered,UPI
5756,516,2025-11-05,Delivered,Card
2223,288,2025-11-05,Returned,Cash
4275,313,2025-11-06,Delivered,UPI
2108,172,2025-11-06,Delivered,Cash
2037,509,2025-11-06,Delivered,Net Banking
5089,141,2025-11-06,Delivered,Net Banking
7898,199,2025-11-06,Delivered,UPI
10482,260,2025-11-07,Delivered,UPI
6289,163,2025-11-07,Delivered,UPI
6822,368,2025-11-07,Delivered,Cash
10710,425,2025-11-07,Delivered,Wallet
7012,451,2025-11-07,Delivered,UPI
5056,491,2025-11-08,Delivered,Net Banking
5919,198,2025-11-08,Shipped,UPI
1174,425,2025-11-09,Shipped,Cash
10034,465,2025-11-09,Delivered,Cash
8354,587,2025-11-09,Delivered,Card
6431,420,2025-11-09,Delivered,Wallet
2057,377,2025-11-10,Delivered,Card
3903,366,2025-11-10,Delivered,Wallet
7387,476,2025-11-10,Delivered,UPI
9885,454,2025-11-10,Delivered,Wallet
3735,287,2025-11-10,Delivered,UPI
5267,213,2025-11-10,Delivered,Wallet
7685,142,2025-11-10,Cancelled,Cash
5361,149,2025-11-11,Delivered,Cash
4225,363,2025-11-11,Delivered,UPI
10297,566,2025-11-11,Delivered,Card
4672,468,2025-11-11,Delivered,Wallet
2607,327,2025-11-12,Delivered,UPI
5819,364,2025-11-12,Delivered,UPI
3677,483,2025-11-12,Delivered,Cash
5495,241,2025-11-12,Shipped,Card
7878,334,2025-11-12,Delivered,UPI
9963,420,2025-11-12,Shipped,UPI
6123,519,2025-11-12,Delivered,Cash
10120,420,2025-11-12,Delivered,Net Banking
4463,238,2025-11-12,Delivered,Card
3611,172,2025-11-13,Delivered,UPI
6986,111,2025-11-13,Delivered,UPI
3670,438,2025-11-13,Delivered,UPI
4971,499,2025-11-13,Delivered,UPI
7784,188,2025-11-13,Delivered,UPI
1826,532,2025-11-13,Delivered,UPI
8296,453,2025-11-13,Delivered,UPI
1730,300,2025-11-13,Delivered,Net Banking
6803,395,2025-11-14,Delivered,Cash
5463,373,2025-11-14,Delivered,Wallet
1750,475,2025-11-14,Delivered,Card
10675,518,2025-11-14,Delivered,Card
3186,101,2025-11-14,Shipped,UPI
5298,280,2025-11-14,Delivered,Cash
10112,300,2025-11-15,Delivered,UPI
10738,395,2025-11-15,Delivered,UPI
1431,190,2025-11-15,Delivered,Wallet
8597,230,2025-11-15,Delivered,Card
8968,502,2025-11-15,Shipped,Card
4706,184,2025-11-16,Delivered,Card
5175,465,2025-11-16,Delivered,Cash
7661,412,2025-11-16,Shipped,UPI
6339,496,2025-11-16,Delivered,Cash
1417,200,2025-11-17,Delivered,Card
4001,132,2025-11-17,Delivered,UPI
2093,441,2025-11-17,Delivered,Card
6540,564,2025-11-17,Delivered,UPI
10420,113,2025-11-17,Delivered,Net Banking
2134,106,2025-11-17,Delivered,UPI
9530,370,2025-11-17,Delivered,UPI
1922,338,2025-11-17,Delivered,UPI
7212,540,2025-11-18,Delivered,UPI
5566,185,2025-11-18,Delivered,UPI
8191,309,2025-11-18,Delivered,UPI
7591,255,2025-11-19,Delivered,UPI
7674,378,2025-11-19,Returned,Wallet
5138,204,2025-11-19,Delivered,Cash
10385,172,2025-11-19,Delivered,UPI
3444,301,2025-11-19,Delivered,Net Banking
2686,297,2025-11-19,Delivered,UPI
7213,561,2025-11-19,Delivered,UPI
5368,189,2025-11-19,Delivered,UPI
10698,238,2025-11-19,Delivered,UPI
9197,432,2025-11-20,Cancelled,UPI
6682,420,2025-11-20,Delivered,Card
2415,565,2025-11-20,Delivered,UPI
1447,472,2025-11-20,Delivered,UPI
10786,308,2025-11-20,Delivered,Wallet
3569,515,2025-11-21,Delivered,Cash
5481,183,2025-11-21,Delivered,Card
6875,230,2025-11-22,Delivered,Card
8814,497,2025-11-22,Delivered,UPI
10256,221,2025-11-22,Delivered,Card
4968,554,2025-11-22,Delivered,Net Banking
4977,346,2025-11-22,Delivered,Net Banking
4428,550,2025-11-22,Delivered,Cash
1484,160,2025-11-22,Delivered,Cash
10512,240,2025-11-22,Delivered,Cash
5693,495,2025-11-23,Delivered,Net Banking
3734,486,2025-11-23,Delivered,Card
6778,525,2025-11-23,Delivered,Card
9202,361,2025-11-23,Delivered,Card
9692,505,2025-11-23,Delivered,Card
7100,396,2025-11-23,Delivered,UPI
9263,334,2025-11-23,Delivered,Card
6377,275,2025-11-24,Delivered,Net Banking
10220,506,2025-11-24,Returned,Card
6397,291,2025-11-24,Delivered,Net Banking
7424,169,2025-11-24,Delivered,UPI
5050,596,2025-11-25,Delivered,UPI
3704,360,2025-11-25,Delivered,Card
9425,141,2025-11-25,Delivered,Card
6839,559,2025-11-25,Delivered,Net Banking
10126,585,2025-11-25,Delivered,UPI
5886,244,2025-11-25,Delivered,Card
6075,577,2025-11-26,Delivered,Card
10722,420,2025-11-26,Delivered,Card
7200,531,2025-11-26,Delivered,Wallet
6833,434,2025-11-27,Delivered,Card
5269,516,2025-11-28,Returned,UPI
2169,595,2025-11-28,Delivered,Wallet
7761,230,2025-11-28,Delivered,UPI
9609,421,2025-11-29,Delivered,Card
10822,317,2025-11-29,Delivered,Wallet
9534,437,2025-11-30,Delivered,UPI
7830,330,2025-11-30,Delivered,Cash
2831,163,2025-11-30,Delivered,Cash
7323,298,2025-12-01,Delivered,Wallet
6408,227,2025-12-01,Delivered,Card
3967,520,2025-12-01,Cancelled,UPI
3345,265,2025-12-01,Delivered,UPI
7772,172,2025-12-01,Delivered,Card
1284,465,2025-12-02,Delivered,UPI
3562,382,2025-12-02,Cancelled,UPI
3458,382,2025-12-02,Delivered,UPI
3378,572,2025-12-02,Delivered,Card
7198,470,2025-12-02,Delivered,Cash
6440,445,2025-12-02,Shipped,Card
10664,517,2025-12-02,Delivered,Wallet
3602,420,2025-12-03,Returned,UPI
3252,228,2025-12-03,Shipped,Cash
3051,420,2025-12-03,Delivered,Card
1377,447,2025-12-03,Delivered,Net Banking
7022,492,2025-12-03,Shipped,Cash
8608,113,2025-12-04,Delivered,UPI
8594,230,2025-12-04,Delivered,Cash
10118,511,2025-12-04,Delivered,UPI
3553,234,2025-12-05,Delivered,Net Banking
6251,252,2025-12-05,Delivered,Card
5100,473,2025-12-05,Delivered,Net Banking
3953,571,2025-12-05,Delivered,UPI
4101,468,2025-12-05,Delivered,Net Banking
5452,338,2025-12-06,Delivered,Card
8999,214,2025-12-06,Delivered,UPI
6400,289,2025-12-06,Delivered,UPI
9016,438,2025-12-06,Shipped,Card
7067,218,2025-12-06,Delivered,UPI
1053,460,2025-12-06,Delivered,Net Banking
8099,230,2025-12-06,Delivered,Card
7177,417,2025-12-06,Delivered,Net Banking
7601,524,2025-12-07,Returned,Card
3265,504,2025-12-07,Delivered,UPI
2943,272,2025-12-07,Delivered,UPI
10445,183,2025-12-07,Delivered,UPI
10797,586,2025-12-07,Cancelled,UPI
7290,256,2025-12-07,Delivered,Card
1702,214,2025-12-08,Delivered,UPI
4167,115,2025-12-08,Delivered,Wallet
1189,149,2025-12-08,Delivered,Net Banking
2475,269,2025-12-08,Delivered,Card
8596,269,2025-12-09,Delivered,UPI
4483,491,2025-12-09,Shipped,UPI
10728,400,2025-12-09,Delivered,Wallet
1850,567,2025-12-09,Delivered,UPI
8367,214,2025-12-09,Delivered,Cash
2192,214,2025-12-09,Delivered,UPI
4540,464,2025-12-10,Delivered,Cash
2194,590,2025-12-10,Delivered,Card
3976,480,2025-12-10,Shipped,UPI
2044,382,2025-12-10,Delivered,Net Banking
9978,124,2025-12-10,Delivered,Cash
3165,230,2025-12-10,Delivered,Card
8908,501,2025-12-10,Delivered,Card
3033,184,2025-12-10,Delivered,Card
6038,338,2025-12-10,Cancelled,Card
4517,472,2025-12-11,Delivered,UPI
5722,152,2025-12-11,Delivered,UPI
1137,271,2025-12-11,Delivered,Card
8424,409,2025-12-11,Delivered,UPI
8687,395,2025-12-11,Cancelled,Wallet
4274,280,2025-12-11,Delivered,Cash
1732,330,2025-12-11,Delivered,Net Banking
8434,138,2025-12-12,Delivered,Card
5757,321,2025-12-12,Delivered,Card
6961,434,2025-12-12,Delivered,Card
9755,191,2025-12-12,Delivered,UPI
2317,332,2025-12-13,Shipped,UPI
8905,577,2025-12-13,Delivered,Card
3543,499,2025-12-13,Delivered,UPI
10652,466,2025-12-13,Delivered,UPI
1279,172,2025-12-13,Delivered,UPI
5901,131,2025-12-13,Delivered,UPI
7378,481,2025-12-14,Delivered,UPI
8882,338,2025-12-14,Delivered,UPI
1201,547,2025-12-14,Delivered,Net Banking
8640,212,2025-12-14,Delivered,UPI
7939,555,2025-12-15,Delivered,Cash
10248,166,2025-12-15,Delivered,Wallet
10666,107,2025-12-15,Delivered,UPI
2163,554,2025-12-15,Delivered,Wallet
1202,536,2025-12-15,Delivered,Cash
7342,525,2025-12-15,Delivered,Net Banking
6644,420,2025-12-15,Returned,Card
5953,600,2025-12-15,Delivered,UPI
1519,350,2025-12-15,Delivered,Card
8221,586,2025-12-15,Delivered,Cash
8632,168,2025-12-15,Delivered,Card
2885,540,2025-12-16,Delivered,UPI
9452,333,2025-12-16,Delivered,Wallet
3240,583,2025-12-16,Delivered,Card
8291,410,2025-12-16,Delivered,Wallet
10804,425,2025-12-16,Cancelled,UPI
5790,208,2025-12-16,Delivered,UPI
10737,210,2025-12-17,Shipped,Cash
2987,156,2025-12-17,Delivered,Wallet
1297,288,2025-12-17,Delivered,Cash
2476,369,2025-12-17,Delivered,UPI
1067,533,2025-12-18,Delivered,Net Banking
8843,239,2025-12-18,Delivered,Card
5888,267,2025-12-18,Delivered,UPI
9333,362,2025-12-18,Delivered,Card
3565,103,2025-12-18,Delivered,Wallet
4329,101,2025-12-18,Delivered,Card
2857,557,2025-12-19,Cancelled,Card
8966,499,2025-12-19,Delivered,Wallet
10066,157,2025-12-19,Delivered,Wallet
10419,224,2025-12-19,Delivered,Wallet
5075,335,2025-12-19,Delivered,Card
5385,442,2025-12-19,Delivered,UPI
9819,293,2025-12-20,Delivered,UPI
5811,106,2025-12-20,Delivered,Card
1342,342,2025-12-20,Delivered,Wallet
6470,343,2025-12-21,Delivered,Wallet
10128,382,2025-12-21,Delivered,Net Banking
3340,420,2025-12-21,Delivered,UPI
1154,588,2025-12-21,Delivered,Card
1915,173,2025-12-22,Delivered,Card
5508,456,2025-12-22,Delivered,Card
5317,463,2025-12-22,Delivered,UPI
5518,400,2025-12-22,Delivered,Card
2069,118,2025-12-22,Delivered,Wallet
2544,342,2025-12-22,Delivered,Net Banking
7766,208,2025-12-22,Delivered,Cash
7551,469,2025-12-22,Delivered,Card
3900,172,2025-12-22,Delivered,Cash
3671,114,2025-12-22,Delivered,Card
3113,144,2025-12-22,Delivered,Card
7842,127,2025-12-22,Delivered,UPI
8838,342,2025-12-23,Delivered,Net Banking
2794,109,2025-12-23,Delivered,UPI
8345,223,2025-12-23,Delivered,Card
9323,269,2025-12-23,Delivered,Card
8107,431,2025-12-23,Cancelled,Card
2674,546,2025-12-23,Delivered,Card
2500,443,2025-12-23,Delivered,Card
6712,442,2025-12-24,Delivered,Cash
10322,250,2025-12-24,Delivered,Cash
10739,205,2025-12-24,Delivered,UPI
2703,566,2025-12-25,Delivered,Card
6515,524,2025-12-25,Returned,Card
5356,542,2025-12-25,Delivered,Card
7526,363,2025-12-25,Delivered,Cash
8550,436,2025-12-25,Delivered,Card
10855,438,2025-12-25,Delivered,Wallet
8299,312,2025-12-25,Delivered,UPI
9768,296,2025-12-25,Delivered,Cash
7737,224,2025-12-25,Delivered,UPI
9617,285,2025-12-25,Delivered,Card
3187,541,2025-12-26,Delivered,Card
5063,528,2025-12-26,Delivered,Wallet
9854,154,2025-12-26,Delivered,UPI
6147,534,2025-12-26,Delivered,UPI
8773,129,2025-12-26,Delivered,UPI
4832,420,2025-12-26,Delivered,UPI
2254,541,2025-12-26,Delivered,Card
9604,340,2025-12-26,Delivered,UPI
5803,511,2025-12-26,Cancelled,UPI
6587,215,2025-12-27,Delivered,Net Banking
2146,542,2025-12-27,Delivered,UPI
1046,336,2025-12-27,Delivered,Card
4696,335,2025-12-27,Delivered,Net Banking
6452,466,2025-12-27,Delivered,UPI
9809,251,2025-12-27,Delivered,Card
10303,127,2025-12-27,Delivered,Net Banking
7697,173,2025-12-27,Delivered,UPI
10275,542,2025-12-27,Delivered,UPI
2438,238,2025-12-27,Delivered,Card
2289,377,2025-12-28,Delivered,Card
9196,161,2025-12-28,Delivered,Cash
1997,161,2025-12-28,Delivered,Net Banking
3505,412,2025-12-28,Cancelled,Card
3083,435,2025-12-28,Returned,Card
1763,301,2025-12-29,Delivered,UPI
4739,422,2025-12-29,Returned,Card
8141,214,2025-12-29,Delivered,Net Banking
8019,597,2025-12-29,Delivered,Cash
10754,422,2025-12-29,Delivered,UPI
2874,249,2025-12-29,Delivered,UPI
5146,306,2025-12-29,Delivered,Net Banking
3215,422,2025-12-30,Delivered,UPI
10271,470,2025-12-30,Delivered,Net Banking
1568,113,2025-12-31,Delivered,Wallet
1102,152,2025-12-31,Delivered,UPI
9934,230,2025-12-31,Delivered,UPI
4366,426,2025-12-31,Cancelled,UPI
