order_item_id,order_id,product_id,quantity,unit_price
1,1001,201,1,55000.0
2,1001,202,2,800.0
3,1002,210,1,25000.0
4,1002,204,1,2500.0
5,1003,205,2,999.0
6,1003,207,1,2999.0
7,1004,203,1,1500.0
8,1004,208,1,1499.0
9,1005,206,1,1999.0
10,1006,201,1,55000.0
11,1006,202,1,800.0
12,1007,209,1,2499.0
13,1007,205,3,999.0
14,1008,210,1,25000.0
15,1009,207,2,2999.0
16,1009,208,1,1499.0
17,1010,204,2,2500.0
18,1010,202,1,800.0
19,1011,210,1,25000.0
20,1011,203,2,1500.0
21,1012,206,2,1999.0
22,1013,226,4,900.0
23,1013,219,2,8500.0
24,1014,223,1,900.0
25,1014,214,2,28000.0
26,1015,230,1,4800.0
27,1015,212,4,12500.0
28,1015,202,4,800.0
29,1015,222,1,1800.0
30,1016,224,2,3500.0
31,1016,216,1,1800.0
32,1016,214,4,28000.0
33,1016,208,2,1499.0
34,1017,210,3,25000.0
35,1017,202,4,800.0
36,1017,215,2,18000.0
37,1017,201,3,55000.0
38,1018,207,1,2999.0
39,1019,211,2,1500.0
40,1019,202,4,800.0
41,1020,218,3,3500.0
42,1020,215,1,18000.0
43,1021,204,1,2500.0
44,1021,209,3,2499.0
45,1021,226,3,900.0
46,1021,207,4,2999.0
47,1022,219,2,8500.0
48,1022,208,4,1499.0
49,1023,217,2,500.0
50,1023,225,1,3000.0
51,1023,201,3,55000.0
52,1023,227,4,1800.0
53,1024,201,1,55000.0
54,1025,220,1,7000.0
55,1025,205,3,999.0
56,1025,225,2,3000.0
57,1026,229,3,6500.0
58,1026,213,1,2200.0
59,1026,212,1,12500.0
60,1027,202,2,800.0
61,1027,206,1,1999.0
62,1028,203,2,1500.0
63,1028,229,4,6500.0
64,1028,209,1,2499.0
65,1029,210,1,25000.0
66,1030,214,4,28000.0
67,1030,219,2,8500.0
68,1031,204,4,2500.0
69,1031,224,1,3500.0
70,1031,213,4,2200.0
71,1032,215,2,18000.0
72,1032,219,2,8500.0
73,1033,206,2,1999.0
74,1033,220,4,7000.0
75,1034,226,2,900.0
76,1034,227,1,1800.0
77,1034,220,2,7000.0
78,1035,230,2,4800.0
79,1035,217,3,500.0
80,1035,227,1,1800.0
81,1035,213,1,2200.0
82,1036,207,4,2999.0
83,1036,224,2,3500.0
84,1036,221,4,5500.0
85,1036,219,4,8500.0
86,1037,221,4,5500.0
87,1037,209,1,2499.0
88,1038,205,4,999.0
89,1039,230,2,4800.0
90,1039,226,1,900.0
91,1040,226,2,900.0
92,1040,223,3,900.0
93,1041,211,1,1500.0
94,1041,221,1,5500.0
95,1041,217,4,500.0
96,1041,201,3,55000.0
97,1042,202,4,800.0
98,1042,225,2,3000.0
99,1042,223,1,900.0
100,1043,203,2,1500.0
101,1044,215,4,18000.0
102,1044,223,3,900.0
103,1044,216,3,1800.0
104,1044,219,2,8500.0
105,1045,220,1,7000.0
106,1045,203,2,1500.0
107,1045,225,3,3000.0
108,1045,201,4,55000.0
109,1046,215,4,18000.0
110,1046,230,4,4800.0
111,1046,216,1,1800.0
112,1046,220,2,7000.0
113,1047,227,2,1800.0
114,1047,228,3,3200.0
115,1047,218,2,3500.0
116,1047,209,2,2499.0
117,1048,226,3,900.0
118,1048,202,4,800.0
119,1048,229,1,6500.0
120,1049,223,4,900.0
121,1049,202,3,800.0
122,1049,217,1,500.0
123,1050,226,2,900.0
124,1050,223,2,900.0
125,1050,227,3,1800.0
126,1051,209,2,2499.0
127,1051,208,1,1499.0
128,1052,222,1,1800.0
129,1053,213,1,2200.0
130,1053,230,3,4800.0
131,1053,204,2,2500.0
132,1054,206,2,1999.0
133,1054,230,1,4800.0
134,1055,220,3,7000.0
135,1056,229,4,6500.0
136,1056,224,1,3500.0
137,1056,205,4,999.0
138,1056,219,1,8500.0
139,1057,225,3,3000.0
140,1057,228,4,3200.0
141,1057,212,1,12500.0
142,1057,208,1,1499.0
143,1058,230,2,4800.0
144,1058,203,1,1500.0
145,1058,219,3,8500.0
146,1058,210,1,25000.0
147,1059,229,1,6500.0
148,1059,210,4,25000.0
149,1059,225,4,3000.0
150,1059,205,3,999.0
151,1060,207,1,2999.0
152,1060,229,2,6500.0
153,1061,223,4,900.0
154,1061,201,2,55000.0
155,1061,215,3,18000.0
156,1062,205,1,999.0
157,1062,206,2,1999.0
158,1062,218,3,3500.0
159,1063,216,3,1800.0
160,1063,207,4,2999.0
161,1063,226,2,900.0
162,1063,217,3,500.0
163,1064,210,4,25000.0
164,1065,214,2,28000.0
165,1065,217,2,500.0
166,1066,211,2,1500.0
167,1066,205,4,999.0
168,1066,229,2,6500.0
169,1066,209,4,2499.0
170,1067,206,3,1999.0
171,1067,210,1,25000.0
172,1067,211,1,1500.0
173,1067,208,3,1499.0
174,1068,216,4,1800.0
175,1068,227,2,1800.0
176,1069,204,3,2500.0
177,1070,219,4,8500.0
178,1071,209,1,2499.0
179,1071,206,1,1999.0
180,1071,214,1,28000.0
181,1071,221,3,5500.0
182,1072,230,3,4800.0
183,1073,204,4,2500.0
184,1073,216,1,1800.0
185,1073,207,4,2999.0
186,1073,226,4,900.0
187,1074,226,1,900.0
188,1074,209,4,2499.0
189,1075,201,4,55000.0
190,1076,210,2,25000.0
191,1076,211,1,1500.0
192,1076,228,3,3200.0
193,1077,216,1,1800.0
194,1078,207,3,2999.0
195,1079,221,2,5500.0
196,1080,201,3,55000.0
197,1081,205,3,999.0
198,1081,206,4,1999.0
199,1081,214,3,28000.0
200,1082,205,4,999.0
201,1082,215,4,18000.0
202,1082,220,2,7000.0
203,1083,222,4,1800.0
204,1083,216,3,1800.0
205,1083,203,4,1500.0
206,1084,207,2,2999.0
207,1084,219,1,8500.0
208,1084,208,4,1499.0
209,1084,230,1,4800.0
210,1085,206,1,1999.0
211,1085,228,1,3200.0
212,1085,219,4,8500.0
213,1085,213,1,2200.0
214,1086,228,3,3200.0
215,1086,226,4,900.0
216,1087,216,4,1800.0
217,1087,214,4,28000.0
218,1088,207,2,2999.0
219,1089,212,3,12500.0
220,1089,219,2,8500.0
221,1090,217,4,500.0
222,1090,225,1,3000.0
223,1090,211,4,1500.0
224,1091,215,1,18000.0
225,1091,229,1,6500.0
226,1091,212,1,12500.0
227,1092,223,4,900.0
228,1092,227,4,1800.0
229,1092,210,4,25000.0
230,1093,218,4,3500.0
231,1093,217,1,500.0
232,1094,215,2,18000.0
233,1094,204,2,2500.0
234,1095,230,1,4800.0
235,1095,201,4,55000.0
236,1095,222,2,1800.0
237,1095,212,4,12500.0
238,1096,223,3,900.0
239,1096,228,4,3200.0
240,1096,214,3,28000.0
241,1096,217,4,500.0
242,1097,221,2,5500.0
243,1097,226,3,900.0
244,1097,203,3,1500.0
245,1098,223,3,900.0
246,1098,214,2,28000.0
247,1098,227,2,1800.0
248,1098,211,1,1500.0
249,1099,217,4,500.0
250,1099,230,4,4800.0
251,1099,216,2,1800.0
252,1100,223,2,900.0
253,1100,206,2,1999.0
254,1100,203,1,1500.0
255,1100,204,1,2500.0
256,1101,208,3,1499.0
257,1101,206,1,1999.0
258,1101,216,3,1800.0
259,1101,225,4,3000.0
260,1102,224,2,3500.0
261,1103,213,1,2200.0
262,1104,225,4,3000.0
263,1105,217,2,500.0
264,1105,202,2,800.0
265,1106,215,2,18000.0
266,1106,229,2,6500.0
267,1107,227,2,1800.0
268,1107,202,2,800.0
269,1107,207,1,2999.0
270,1107,222,2,1800.0
271,1108,219,4,8500.0
272,1108,214,1,28000.0
273,1109,218,4,3500.0
274,1109,227,1,1800.0
275,1109,206,1,1999.0
276,1109,215,2,18000.0
277,1110,216,2,1800.0
278,1110,203,1,1500.0
279,1110,210,3,25000.0
280,1110,221,1,5500.0
281,1111,212,1,12500.0
282,1111,216,1,1800.0
283,1112,227,1,1800.0
284,1112,215,3,18000.0
285,1112,225,1,3000.0
286,1112,212,3,12500.0
287,1113,202,3,800.0
288,1113,203,4,1500.0
289,1114,217,3,500.0
290,1114,213,2,2200.0
291,1114,227,2,1800.0
292,1114,209,4,2499.0
293,1115,219,1,8500.0
294,1115,222,3,1800.0
295,1115,204,3,2500.0
296,1116,206,2,1999.0
297,1116,212,3,12500.0
298,1117,212,1,12500.0
299,1117,228,3,3200.0
300,1117,206,1,1999.0
301,1117,218,1,3500.0
302,1118,209,3,2499.0
303,1118,206,4,1999.0
304,1119,216,3,1800.0
305,1119,222,4,1800.0
306,1119,211,2,1500.0
307,1120,201,2,55000.0
308,1120,216,2,1800.0
309,1120,225,1,3000.0
310,1121,225,3,3000.0
311,1122,211,4,1500.0
312,1122,204,1,2500.0
313,1122,202,1,800.0
314,1122,217,3,500.0
315,1123,226,1,900.0
316,1123,203,1,1500.0
317,1123,209,4,2499.0
318,1123,218,1,3500.0
319,1124,204,4,2500.0
320,1124,203,4,1500.0
321,1125,208,2,1499.0
322,1125,217,2,500.0
323,1125,206,2,1999.0
324,1126,228,3,3200.0
325,1126,219,3,8500.0
326,1127,204,2,2500.0
327,1127,215,1,18000.0
328,1128,221,2,5500.0
329,1129,208,2,1499.0
330,1129,216,1,1800.0
331,1129,226,2,900.0
332,1129,214,2,28000.0
333,1130,212,2,12500.0
334,1130,205,2,999.0
335,1130,215,2,18000.0
336,1130,224,4,3500.0
337,1131,202,1,800.0
338,1131,216,3,1800.0
339,1131,217,3,500.0
340,1132,219,4,8500.0
341,1132,203,2,1500.0
342,1132,210,3,25000.0
343,1133,230,3,4800.0
344,1133,203,2,1500.0
345,1133,225,3,3000.0
346,1133,215,3,18000.0
347,1134,207,4,2999.0
348,1134,201,3,55000.0
349,1134,227,4,1800.0
350,1134,221,1,5500.0
351,1135,207,3,2999.0
352,1135,212,4,12500.0
353,1136,215,1,18000.0
354,1136,225,1,3000.0
355,1136,206,2,1999.0
356,1137,218,3,3500.0
357,1137,223,2,900.0
358,1137,202,3,800.0
359,1137,226,3,900.0
360,1138,222,3,1800.0
361,1138,220,1,7000.0
362,1138,211,3,1500.0
363,1138,203,2,1500.0
364,1139,205,3,999.0
365,1139,219,2,8500.0
366,1139,214,3,28000.0
367,1140,211,2,1500.0
368,1140,210,1,25000.0
369,1140,228,1,3200.0
370,1141,215,3,18000.0
371,1142,228,3,3200.0
372,1142,211,1,1500.0
373,1142,230,3,4800.0
374,1142,206,3,1999.0
375,1143,205,3,999.0
376,1143,215,3,18000.0
377,1143,208,3,1499.0
378,1144,223,1,900.0
379,1144,229,3,6500.0
380,1144,216,4,1800.0
381,1144,213,4,2200.0
382,1145,220,2,7000.0
383,1145,207,4,2999.0
384,1146,205,4,999.0
385,1146,201,2,55000.0
386,1146,219,4,8500.0
387,1146,223,4,900.0
388,1147,201,1,55000.0
389,1147,205,1,999.0
390,1147,213,1,2200.0
391,1148,213,1,2200.0
392,1149,217,3,500.0
393,1149,223,4,900.0
394,1150,206,1,1999.0
395,1150,207,3,2999.0
396,1150,211,3,1500.0
397,1150,201,3,55000.0
398,1151,230,3,4800.0
399,1151,216,3,1800.0
400,1151,229,4,6500.0
401,1151,220,3,7000.0
402,1152,215,1,18000.0
403,1152,229,4,6500.0
404,1152,226,2,900.0
405,1152,201,2,55000.0
406,1153,226,1,900.0
407,1153,218,2,3500.0
408,1153,207,1,2999.0
409,1153,209,4,2499.0
410,1154,223,2,900.0
411,1154,225,4,3000.0
412,1154,201,4,55000.0
413,1155,211,3,1500.0
414,1156,221,3,5500.0
415,1156,215,3,18000.0
416,1157,203,4,1500.0
417,1157,204,1,2500.0
418,1157,225,4,3000.0
419,1158,223,1,900.0
420,1158,208,3,1499.0
421,1159,212,3,12500.0
422,1160,224,4,3500.0
423,1160,203,3,1500.0
424,1161,201,4,55000.0
425,1161,206,4,1999.0
426,1161,230,4,4800.0
427,1161,214,3,28000.0
428,1162,223,1,900.0
429,1162,227,1,1800.0
430,1163,210,4,25000.0
431,1163,214,1,28000.0
432,1163,208,2,1499.0
433,1163,225,2,3000.0
434,1164,207,2,2999.0
435,1164,204,4,2500.0
436,1164,214,3,28000.0
437,1165,213,1,2200.0
438,1165,223,4,900.0
439,1165,201,1,55000.0
440,1166,209,3,2499.0
441,1166,207,1,2999.0
442,1167,216,2,1800.0
443,1167,213,4,2200.0
444,1167,210,1,25000.0
445,1168,228,4,3200.0
446,1168,217,1,500.0
447,1168,215,2,18000.0
448,1168,230,2,4800.0
449,1169,206,2,1999.0
450,1169,229,3,6500.0
451,1170,221,3,5500.0
452,1171,230,1,4800.0
453,1171,212,2,12500.0
454,1171,205,4,999.0
455,1172,210,2,25000.0
456,1173,224,4,3500.0
457,1173,225,3,3000.0
458,1173,223,4,900.0
459,1173,210,4,25000.0
460,1174,205,1,999.0
461,1174,228,1,3200.0
462,1175,226,3,900.0
463,1176,217,3,500.0
464,1176,222,4,1800.0
465,1176,225,3,3000.0
466,1176,204,3,2500.0
467,1177,224,2,3500.0
468,1177,216,1,1800.0
469,1177,213,3,2200.0
470,1178,216,3,1800.0
471,1178,219,1,8500.0
472,1178,201,2,55000.0
473,1178,221,3,5500.0
474,1179,219,1,8500.0
475,1179,226,1,900.0
476,1179,205,4,999.0
477,1180,209,1,2499.0
478,1181,229,3,6500.0
479,1182,203,3,1500.0
480,1183,205,4,999.0
481,1183,209,2,2499.0
482,1184,227,1,1800.0
483,1184,229,4,6500.0
484,1184,219,1,8500.0
485,1185,207,3,2999.0
486,1185,219,1,8500.0
487,1185,221,4,5500.0
488,1186,227,3,1800.0
489,1186,217,1,500.0
490,1186,222,3,1800.0
491,1186,225,2,3000.0
492,1187,206,4,1999.0
493,1187,210,3,25000.0
494,1187,207,2,2999.0
495,1187,208,3,1499.0
496,1188,207,1,2999.0
497,1188,225,3,3000.0
498,1188,217,1,500.0
499,1189,212,2,12500.0
500,1190,202,4,800.0
501,1191,226,3,900.0
502,1191,225,4,3000.0
503,1191,206,4,1999.0
504,1191,222,4,1800.0
505,1192,206,3,1999.0
506,1192,227,3,1800.0
507,1193,215,3,18000.0
508,1193,213,4,2200.0
509,1193,218,2,3500.0
510,1193,211,4,1500.0
511,1194,212,3,12500.0
512,1194,218,3,3500.0
513,1195,227,2,1800.0
514,1196,218,2,3500.0
515,1196,215,2,18000.0
516,1196,217,3,500.0
517,1196,216,4,1800.0
518,1197,215,4,18000.0
519,1198,217,2,500.0
520,1198,208,4,1499.0
521,1199,209,4,2499.0
522,1200,214,2,28000.0
523,1200,202,4,800.0
524,1201,206,3,1999.0
525,1201,215,3,18000.0
526,1201,222,3,1800.0
527,1201,210,3,25000.0
528,1202,215,2,18000.0
529,1203,214,4,28000.0
530,1204,227,3,1800.0
531,1204,207,3,2999.0
532,1204,214,2,28000.0
533,1204,222,2,1800.0
534,1205,208,1,1499.0
535,1205,207,1,2999.0
536,1205,204,1,2500.0
537,1205,229,1,6500.0
538,1206,207,3,2999.0
539,1206,206,3,1999.0
540,1206,224,4,3500.0
541,1207,206,1,1999.0
542,1208,206,3,1999.0
543,1208,230,3,4800.0
544,1209,202,2,800.0
545,1209,230,1,4800.0
546,1209,226,4,900.0
547,1210,204,1,2500.0
548,1211,201,1,55000.0
549,1211,211,3,1500.0
550,1212,219,3,8500.0
551,1213,227,4,1800.0
552,1213,221,1,5500.0
553,1213,226,3,900.0
554,1214,230,4,4800.0
555,1214,206,2,1999.0
556,1214,215,1,18000.0
557,1215,212,3,12500.0
558,1216,213,3,2200.0
559,1216,210,1,25000.0
560,1216,228,2,3200.0
561,1216,223,1,900.0
562,1217,207,2,2999.0
563,1217,214,1,28000.0
564,1217,208,3,1499.0
565,1217,230,1,4800.0
566,1218,224,4,3500.0
567,1218,230,1,4800.0
568,1219,226,2,900.0
569,1219,218,1,3500.0
570,1219,221,3,5500.0
571,1220,225,1,3000.0
572,1220,201,1,55000.0
573,1220,227,1,1800.0
574,1220,203,4,1500.0
575,1221,210,1,25000.0
576,1221,221,1,5500.0
577,1221,205,3,999.0
578,1222,225,2,3000.0
579,1222,205,4,999.0
580,1223,222,4,1800.0
581,1224,213,2,2200.0
582,1225,226,4,900.0
583,1225,208,1,1499.0
584,1226,205,2,999.0
585,1226,227,4,1800.0
586,1227,215,1,18000.0
587,1228,204,4,2500.0
588,1228,219,3,8500.0
589,1228,225,4,3000.0
590,1228,201,1,55000.0
591,1229,229,4,6500.0
592,1229,212,2,12500.0
593,1230,206,1,1999.0
594,1230,225,2,3000.0
595,1231,203,3,1500.0
596,1232,201,4,55000.0
597,1232,229,1,6500.0
598,1232,230,1,4800.0
599,1233,207,1,2999.0
600,1234,212,3,12500.0
601,1234,213,1,2200.0
602,1234,226,2,900.0
603,1234,230,1,4800.0
604,1235,217,2,500.0
605,1235,225,3,3000.0
606,1236,220,4,7000.0
607,1236,206,1,1999.0
608,1237,211,3,1500.0
609,1238,210,3,25000.0
610,1238,230,1,4800.0
611,1238,203,2,1500.0
612,1238,212,4,12500.0
613,1239,213,4,2200.0
614,1239,206,4,1999.0
615,1239,216,4,1800.0
616,1240,219,2,8500.0
617,1240,215,4,18000.0
618,1240,214,3,28000.0
619,1241,220,4,7000.0
620,1242,220,1,7000.0
621,1243,214,3,28000.0
622,1243,211,2,1500.0
623,1243,223,4,900.0
624,1244,202,1,800.0
625,1244,201,2,55000.0
626,1245,203,4,1500.0
627,1245,209,4,2499.0
628,1245,215,1,18000.0
629,1246,216,4,1800.0
630,1247,205,3,999.0
631,1248,222,1,1800.0
632,1248,203,4,1500.0
633,1248,223,3,900.0
634,1249,214,2,28000.0
635,1249,225,2,3000.0
636,1250,210,4,25000.0
637,1250,229,1,6500.0
638,1250,213,3,2200.0
639,1251,225,1,3000.0
640,1251,206,4,1999.0
641,1252,207,1,2999.0
642,1252,211,2,1500.0
643,1252,229,4,6500.0
644,1252,219,3,8500.0
645,1253,214,3,28000.0
646,1253,221,4,5500.0
647,1253,220,1,7000.0
648,1254,210,2,25000.0
649,1255,202,4,800.0
650,1255,207,3,2999.0
651,1256,220,1,7000.0
652,1256,201,1,55000.0
653,1256,211,3,1500.0
654,1256,202,4,800.0
655,1257,203,3,1500.0
656,1258,218,4,3500.0
657,1258,219,3,8500.0
658,1259,210,2,25000.0
659,1260,207,3,2999.0
660,1260,208,3,1499.0
661,1261,218,1,3500.0
662,1261,216,2,1800.0
663,1261,230,1,4800.0
664,1261,222,4,1800.0
665,1262,220,2,7000.0
666,1262,225,4,3000.0
667,1263,219,2,8500.0
668,1263,206,4,1999.0
669,1263,225,3,3000.0
670,1264,221,1,5500.0
671,1264,230,1,4800.0
672,1264,228,1,3200.0
673,1264,210,4,25000.0
674,1265,228,2,3200.0
675,1266,209,1,2499.0
676,1266,214,2,28000.0
677,1267,209,1,2499.0
678,1267,204,4,2500.0
679,1267,203,1,1500.0
680,1267,224,4,3500.0
681,1268,222,3,1800.0
682,1268,227,3,1800.0
683,1269,230,1,4800.0
684,1269,229,4,6500.0
685,1269,213,1,2200.0
686,1270,230,3,4800.0
687,1270,210,3,25000.0
688,1271,228,4,3200.0
689,1271,220,1,7000.0
690,1272,221,2,5500.0
691,1272,218,3,3500.0
692,1272,201,1,55000.0
693,1272,207,4,2999.0
694,1273,224,3,3500.0
695,1273,204,4,2500.0
696,1273,222,1,1800.0
697,1274,214,1,28000.0
698,1275,215,2,18000.0
699,1275,218,1,3500.0
700,1276,226,2,900.0
701,1276,209,4,2499.0
702,1276,203,1,1500.0
703,1277,213,2,2200.0
704,1277,211,1,1500.0
705,1277,204,1,2500.0
706,1277,212,2,12500.0
707,1278,215,4,18000.0
708,1278,224,2,3500.0
709,1278,205,2,999.0
710,1279,226,1,900.0
711,1280,205,3,999.0
712,1280,202,3,800.0
713,1281,203,4,1500.0
714,1282,221,2,5500.0
715,1283,226,1,900.0
716,1284,209,3,2499.0
717,1285,224,2,3500.0
718,1285,205,3,999.0
719,1285,215,4,18000.0
720,1285,208,1,1499.0
721,1286,224,3,3500.0
722,1287,212,4,12500.0
723,1287,214,4,28000.0
724,1287,203,3,1500.0
725,1288,205,2,999.0
726,1289,222,3,1800.0
727,1289,210,1,25000.0
728,1290,218,3,3500.0
729,1291,219,3,8500.0
730,1292,206,3,1999.0
731,1292,211,1,1500.0
732,1292,230,2,4800.0
733,1293,230,1,4800.0
734,1293,225,1,3000.0
735,1294,210,2,25000.0
736,1295,213,3,2200.0
737,1295,225,4,3000.0
738,1295,226,2,900.0
739,1295,204,3,2500.0
740,1296,221,2,5500.0
741,1296,211,4,1500.0
742,1296,213,4,2200.0
743,1296,226,1,900.0
744,1297,223,2,900.0
745,1297,224,2,3500.0
746,1297,212,1,12500.0
747,1297,202,2,800.0
748,1298,213,3,2200.0
749,1298,214,1,28000.0
750,1298,207,3,2999.0
751,1299,214,4,28000.0
752,1299,230,2,4800.0
753,1299,224,2,3500.0
754,1300,204,1,2500.0
755,1301,207,3,2999.0
756,1301,215,4,18000.0
757,1301,226,4,900.0
758,1301,224,1,3500.0
759,1302,218,4,3500.0
760,1302,219,4,8500.0
761,1303,203,1,1500.0
762,1303,216,2,1800.0
763,1303,226,4,900.0
764,1304,208,1,1499.0
765,1304,226,2,900.0
766,1304,205,3,999.0
767,1304,209,1,2499.0
768,1305,221,2,5500.0
769,1305,203,2,1500.0
770,1305,230,1,4800.0
771,1305,225,1,3000.0
772,1306,229,3,6500.0
773,1307,217,3,500.0
774,1307,223,3,900.0
775,1307,228,4,3200.0
776,1308,205,2,999.0
777,1308,206,3,1999.0
778,1308,209,2,2499.0
779,1308,217,1,500.0
780,1309,205,4,999.0
781,1309,221,1,5500.0
782,1310,221,1,5500.0
783,1310,217,3,500.0
784,1311,202,2,800.0
785,1311,203,2,1500.0
786,1311,207,3,2999.0
787,1312,229,3,6500.0
788,1312,214,1,28000.0
789,1312,228,4,3200.0
790,1313,220,4,7000.0
791,1314,221,3,5500.0
792,1315,203,2,1500.0
793,1315,224,2,3500.0
794,1315,201,3,55000.0
795,1315,227,4,1800.0
796,1316,201,3,55000.0
797,1316,230,3,4800.0
798,1316,219,3,8500.0
799,1317,221,3,5500.0
800,1317,229,3,6500.0
801,1317,205,4,999.0
802,1317,218,4,3500.0
803,1318,213,4,2200.0
804,1318,219,2,8500.0
805,1318,206,2,1999.0
806,1318,202,2,800.0
807,1319,220,2,7000.0
808,1319,211,2,1500.0
809,1319,228,3,3200.0
810,1320,205,3,999.0
811,1320,209,1,2499.0
812,1321,217,1,500.0
813,1321,220,1,7000.0
814,1321,223,2,900.0
815,1322,208,2,1499.0
816,1322,218,1,3500.0
817,1323,210,3,25000.0
818,1323,201,2,55000.0
819,1323,204,1,2500.0
820,1324,221,3,5500.0
821,1324,220,4,7000.0
822,1324,228,3,3200.0
823,1325,228,4,3200.0
824,1325,230,1,4800.0
825,1325,207,1,2999.0
826,1325,202,4,800.0
827,1326,207,2,2999.0
828,1326,230,3,4800.0
829,1326,202,2,800.0
830,1326,226,4,900.0
831,1327,218,3,3500.0
832,1327,226,3,900.0
833,1327,202,3,800.0
834,1328,225,2,3000.0
835,1329,205,2,999.0
836,1329,228,2,3200.0
837,1330,219,2,8500.0
838,1330,205,4,999.0
839,1330,206,3,1999.0
840,1330,212,1,12500.0
841,1331,216,2,1800.0
842,1331,211,3,1500.0
843,1332,206,1,1999.0
844,1332,214,3,28000.0
845,1332,221,3,5500.0
846,1332,212,4,12500.0
847,1333,213,4,2200.0
848,1334,217,3,500.0
849,1334,222,3,1800.0
850,1334,211,3,1500.0
851,1334,214,3,28000.0
852,1335,212,1,12500.0
853,1335,213,4,2200.0
854,1335,222,2,1800.0
855,1335,211,1,1500.0
856,1336,201,4,55000.0
857,1337,201,2,55000.0
858,1337,216,3,1800.0
859,1338,218,4,3500.0
860,1339,220,2,7000.0
861,1339,227,2,1800.0
862,1339,230,3,4800.0
863,1340,226,1,900.0
864,1340,201,4,55000.0
865,1340,229,1,6500.0
866,1341,228,2,3200.0
867,1341,207,4,2999.0
868,1341,212,3,12500.0
869,1341,211,1,1500.0
870,1342,207,4,2999.0
871,1342,220,1,7000.0
872,1342,203,2,1500.0
873,1342,214,2,28000.0
874,1343,228,2,3200.0
875,1343,224,4,3500.0
876,1344,202,4,800.0
877,1344,211,3,1500.0
878,1344,214,1,28000.0
879,1344,221,1,5500.0
880,1345,219,1,8500.0
881,1345,211,1,1500.0
882,1345,208,2,1499.0
883,1345,221,2,5500.0
884,1346,224,4,3500.0
885,1346,225,4,3000.0
886,1346,213,4,2200.0
887,1347,221,2,5500.0
888,1347,224,4,3500.0
889,1348,208,1,1499.0
890,1349,215,2,18000.0
891,1349,222,3,1800.0
892,1349,220,1,7000.0
893,1349,201,1,55000.0
894,1350,225,3,3000.0
895,1350,212,3,12500.0
896,1350,205,4,999.0
897,1351,223,2,900.0
898,1351,227,2,1800.0
899,1351,213,4,2200.0
900,1351,220,2,7000.0
901,1352,210,2,25000.0
902,1352,208,1,1499.0
903,1352,211,4,1500.0
904,1352,214,1,28000.0
905,1353,223,3,900.0
906,1353,214,3,28000.0
907,1354,212,3,12500.0
908,1354,213,2,2200.0
909,1354,230,2,4800.0
910,1354,203,3,1500.0
911,1355,212,1,12500.0
912,1355,210,1,25000.0
913,1356,228,3,3200.0
914,1356,230,1,4800.0
915,1357,203,1,1500.0
916,1357,229,2,6500.0
917,1358,212,4,12500.0
918,1358,206,4,1999.0
919,1358,207,1,2999.0
920,1359,225,2,3000.0
921,1359,216,2,1800.0
922,1359,201,4,55000.0
923,1360,225,1,3000.0
924,1360,228,3,3200.0
925,1361,222,3,1800.0
926,1361,215,2,18000.0
927,1361,216,4,1800.0
928,1361,206,1,1999.0
929,1362,224,2,3500.0
930,1363,225,3,3000.0
931,1364,222,4,1800.0
932,1364,229,4,6500.0
933,1364,217,1,500.0
934,1364,221,2,5500.0
935,1365,217,3,500.0
936,1365,226,4,900.0
937,1365,219,4,8500.0
938,1366,209,4,2499.0
939,1366,226,4,900.0
940,1366,215,2,18000.0
941,1367,230,2,4800.0
942,1367,216,4,1800.0
943,1367,205,3,999.0
944,1367,226,4,900.0
945,1368,224,1,3500.0
946,1368,226,2,900.0
947,1368,208,1,1499.0
948,1369,222,1,1800.0
949,1369,206,1,1999.0
950,1370,219,3,8500.0
951,1371,204,3,2500.0
952,1371,220,4,7000.0
953,1372,213,3,2200.0
954,1373,207,2,2999.0
955,1373,225,1,3000.0
956,1373,217,2,500.0
957,1373,212,2,12500.0
958,1374,206,1,1999.0
959,1374,202,3,800.0
960,1374,218,2,3500.0
961,1375,223,1,900.0
962,1375,203,4,1500.0
963,1376,213,2,2200.0
964,1376,220,3,7000.0
965,1376,229,2,6500.0
966,1376,222,1,1800.0
967,1377,210,4,25000.0
968,1377,207,4,2999.0
969,1377,219,4,8500.0
970,1378,218,3,3500.0
971,1378,206,3,1999.0
972,1379,213,2,2200.0
973,1379,215,2,18000.0
974,1379,228,1,3200.0
975,1379,205,2,999.0
976,1380,226,2,900.0
977,1380,215,4,18000.0
978,1380,202,1,800.0
979,1381,211,2,1500.0
980,1381,217,1,500.0
981,1381,228,4,3200.0
982,1382,207,2,2999.0
983,1383,218,3,3500.0
984,1383,206,4,1999.0
985,1383,216,4,1800.0
986,1384,229,1,6500.0
987,1384,230,1,4800.0
988,1384,222,3,1800.0
989,1385,217,4,500.0
990,1386,205,2,999.0
991,1386,213,3,2200.0
992,1386,212,1,12500.0
993,1387,203,4,1500.0
994,1387,217,3,500.0
995,1387,226,1,900.0
996,1387,216,3,1800.0
997,1388,230,2,4800.0
998,1389,219,4,8500.0
999,1389,226,4,900.0
1000,1389,230,3,4800.0
1001,1389,227,1,1800.0
1002,1390,203,3,1500.0
1003,1390,215,4,18000.0
1004,1391,230,3,4800.0
1005,1391,215,3,18000.0
1006,1391,229,3,6500.0
1007,1391,212,2,12500.0
1008,1392,204,3,2500.0
1009,1392,223,2,900.0
1010,1392,220,1,7000.0
1011,1393,223,2,900.0
1012,1393,225,1,3000.0
1013,1393,210,3,25000.0
1014,1394,230,3,4800.0
1015,1395,222,2,1800.0
1016,1395,217,1,500.0
1017,1396,211,2,1500.0
1018,1396,229,4,6500.0
1019,1396,221,1,5500.0
1020,1396,208,4,1499.0
1021,1397,228,3,3200.0
1022,1398,226,2,900.0
1023,1399,214,3,28000.0
1024,1399,227,2,1800.0
1025,1399,201,3,55000.0
1026,1400,225,3,3000.0
1027,1400,220,4,7000.0
1028,1401,206,1,1999.0
1029,1401,219,2,8500.0
1030,1401,210,4,25000.0
1031,1402,214,3,28000.0
1032,1402,213,2,2200.0
1033,1402,226,4,900.0
1034,1403,213,2,2200.0
1035,1403,220,4,7000.0
1036,1404,226,4,900.0
1037,1404,207,1,2999.0
1038,1404,209,1,2499.0
1039,1404,225,3,3000.0
1040,1405,225,2,3000.0
1041,1405,226,1,900.0
1042,1405,205,3,999.0
1043,1405,219,3,8500.0
1044,1406,204,1,2500.0
1045,1406,227,3,1800.0
1046,1406,219,1,8500.0
1047,1406,216,2,1800.0
1048,1407,229,3,6500.0
1049,1408,207,2,2999.0
1050,1409,211,3,1500.0
1051,1409,218,4,3500.0
1052,1410,205,1,999.0
1053,1410,217,2,500.0
1054,1410,202,1,800.0
1055,1410,229,2,6500.0
1056,1411,220,2,7000.0
1057,1411,218,4,3500.0
1058,1411,221,2,5500.0
1059,1412,224,2,3500.0
1060,1413,209,4,2499.0
1061,1414,215,1,18000.0
1062,1415,221,2,5500.0
1063,1415,229,4,6500.0
1064,1415,230,2,4800.0
1065,1415,210,2,25000.0
1066,1416,229,4,6500.0
1067,1416,213,2,2200.0
1068,1416,219,1,8500.0
1069,1417,227,4,1800.0
1070,1417,222,2,1800.0
1071,1418,216,3,1800.0
1072,1418,213,4,2200.0
1073,1419,202,2,800.0
1074,1419,211,3,1500.0
1075,1420,230,2,4800.0
1076,1421,222,3,1800.0
1077,1422,205,1,999.0
1078,1422,229,2,6500.0
1079,1422,216,2,1800.0
1080,1422,219,4,8500.0
1081,1423,227,4,1800.0
1082,1423,203,2,1500.0
1083,1423,207,4,2999.0
1084,1424,226,1,900.0
1085,1425,220,2,7000.0
1086,1425,216,3,1800.0
1087,1426,227,3,1800.0
1088,1426,204,1,2500.0
1089,1426,201,2,55000.0
1090,1426,223,3,900.0
1091,1427,230,1,4800.0
1092,1428,211,3,1500.0
1093,1428,212,1,12500.0
1094,1428,214,4,28000.0
1095,1428,228,1,3200.0
1096,1429,208,4,1499.0
1097,1429,221,2,5500.0
1098,1429,209,1,2499.0
1099,1429,222,3,1800.0
1100,1430,201,2,55000.0
1101,1430,225,2,3000.0
1102,1430,218,3,3500.0
1103,1431,222,3,1800.0
1104,1431,220,4,7000.0
1105,1431,205,3,999.0
1106,1432,224,3,3500.0
1107,1432,218,2,3500.0
1108,1432,205,1,999.0
1109,1432,202,4,800.0
1110,1433,220,4,7000.0
1111,1433,209,3,2499.0
1112,1433,221,4,5500.0
1113,1433,205,2,999.0
1114,1434,218,2,3500.0
1115,1434,228,2,3200.0
1116,1434,225,2,3000.0
1117,1435,220,4,7000.0
1118,1436,202,2,800.0
1119,1436,213,4,2200.0
1120,1437,227,3,1800.0
1121,1437,222,2,1800.0
1122,1437,215,4,18000.0
1123,1437,203,3,1500.0
1124,1438,209,3,2499.0
1125,1438,207,4,2999.0
1126,1438,210,3,25000.0
1127,1438,228,3,3200.0
1128,1439,227,1,1800.0
1129,1440,213,2,2200.0
1130,1440,223,1,900.0
1131,1440,220,1,7000.0
1132,1440,229,4,6500.0
1133,1441,220,3,7000.0
1134,1441,218,2,3500.0
1135,1441,210,1,25000.0
1136,1442,216,4,1800.0
1137,1442,206,1,1999.0
1138,1442,203,4,1500.0
1139,1442,201,2,55000.0
1140,1443,208,2,1499.0
1141,1443,227,4,1800.0
1142,1444,223,4,900.0
1143,1444,217,1,500.0
1144,1445,202,4,800.0
1145,1445,212,2,12500.0
1146,1445,204,2,2500.0
1147,1445,215,3,18000.0
1148,1446,213,1,2200.0
1149,1447,224,1,3500.0
1150,1447,218,4,3500.0
1151,1447,229,1,6500.0
1152,1448,222,2,1800.0
1153,1448,205,3,999.0
1154,1448,217,1,500.0
1155,1449,207,3,2999.0
1156,1449,228,2,3200.0
1157,1449,217,4,500.0
1158,1450,203,3,1500.0
1159,1450,216,1,1800.0
1160,1450,204,3,2500.0
1161,1450,230,2,4800.0
1162,1451,212,2,12500.0
1163,1451,205,4,999.0
1164,1451,226,1,900.0
1165,1452,227,4,1800.0
1166,1452,211,3,1500.0
1167,1452,203,3,1500.0
1168,1452,207,3,2999.0
1169,1453,204,1,2500.0
1170,1453,211,4,1500.0
1171,1453,218,1,3500.0
1172,1454,222,1,1800.0
1173,1454,205,1,999.0
1174,1454,212,3,12500.0
1175,1454,224,2,3500.0
1176,1455,206,3,1999.0
1177,1456,223,1,900.0
1178,1456,222,4,1800.0
1179,1456,230,1,4800.0
1180,1456,202,3,800.0
1181,1457,225,2,3000.0
1182,1457,211,1,1500.0
1183,1458,212,4,12500.0
1184,1459,227,3,1800.0
1185,1459,204,4,2500.0
1186,1460,211,2,1500.0
1187,1460,223,4,900.0
1188,1460,206,4,1999.0
1189,1460,227,4,1800.0
1190,1461,209,2,2499.0
1191,1461,218,3,3500.0
1192,1462,215,4,18000.0
1193,1462,210,1,25000.0
1194,1462,226,1,900.0
1195,1462,203,3,1500.0
1196,1463,226,4,900.0
1197,1463,209,1,2499.0
1198,1463,204,1,2500.0
1199,1463,223,2,900.0
1200,1464,220,2,7000.0
1201,1465,227,4,1800.0
1202,1465,214,4,28000.0
1203,1466,228,4,3200.0
1204,1467,220,2,7000.0
1205,1467,207,4,2999.0
1206,1467,214,4,28000.0
1207,1468,202,4,800.0
1208,1468,225,4,3000.0
1209,1468,221,4,5500.0
1210,1469,227,2,1800.0
1211,1470,226,4,900.0
1212,1471,224,4,3500.0
1213,1471,230,1,4800.0
1214,1472,206,4,1999.0
1215,1472,219,2,8500.0
1216,1472,226,1,900.0
1217,1473,219,3,8500.0
1218,1473,214,4,28000.0
1219,1473,216,3,1800.0
1220,1473,204,3,2500.0
1221,1474,210,2,25000.0
1222,1474,209,4,2499.0
1223,1474,225,1,3000.0
1224,1475,218,4,3500.0
1225,1475,217,3,500.0
1226,1475,223,4,900.0
1227,1476,216,3,1800.0
1228,1476,222,2,1800.0
1229,1477,225,1,3000.0
1230,1478,230,2,4800.0
1231,1478,202,2,800.0
1232,1478,228,2,3200.0
1233,1478,221,1,5500.0
1234,1479,222,4,1800.0
1235,1479,225,1,3000.0
1236,1480,219,3,8500.0
1237,1481,219,3,8500.0
1238,1482,229,4,6500.0
1239,1482,205,2,999.0
1240,1483,216,4,1800.0
1241,1483,218,2,3500.0
1242,1483,206,1,1999.0
1243,1483,224,3,3500.0
1244,1484,211,3,1500.0
1245,1485,208,2,1499.0
1246,1485,212,2,12500.0
1247,1485,223,4,900.0
1248,1486,207,2,2999.0
1249,1486,206,1,1999.0
1250,1487,202,3,800.0
1251,1487,229,1,6500.0
1252,1488,216,4,1800.0
1253,1488,218,4,3500.0
1254,1489,224,4,3500.0
1255,1489,219,3,8500.0
1256,1489,211,2,1500.0
1257,1489,220,3,7000.0
1258,1490,221,2,5500.0
1259,1490,202,4,800.0
1260,1490,223,2,900.0
1261,1490,218,2,3500.0
1262,1491,220,2,7000.0
1263,1491,216,2,1800.0
1264,1491,229,3,6500.0
1265,1492,225,4,3000.0
1266,1492,208,1,1499.0
1267,1492,207,1,2999.0
1268,1493,225,2,3000.0
1269,1493,230,4,4800.0
1270,1493,217,2,500.0
1271,1494,207,4,2999.0
1272,1494,204,4,2500.0
1273,1494,223,4,900.0
1274,1495,225,2,3000.0
1275,1495,206,2,1999.0
1276,1496,211,1,1500.0
1277,1496,213,4,2200.0
1278,1497,221,4,5500.0
1279,1498,226,3,900.0
1280,1498,228,4,3200.0
1281,1498,225,2,3000.0
1282,1499,213,3,2200.0
1283,1499,221,3,5500.0
1284,1499,229,1,6500.0
1285,1499,212,3,12500.0
1286,1500,205,4,999.0
1287,1501,212,3,12500.0
1288,1501,219,1,8500.0
1289,1501,216,2,1800.0
1290,1501,218,2,3500.0
1291,1502,214,2,28000.0
1292,1502,209,1,2499.0
1293,1502,222,4,1800.0
1294,1502,215,3,18000.0
1295,1503,230,2,4800.0
1296,1504,201,3,55000.0
1297,1504,213,1,2200.0
1298,1505,207,4,2999.0
1299,1505,202,3,800.0
1300,1505,217,3,500.0
1301,1506,222,1,1800.0
1302,1506,214,1,28000.0
1303,1507,216,3,1800.0
1304,1507,201,4,55000.0
1305,1507,228,2,3200.0
1306,1508,207,3,2999.0
1307,1508,227,4,1800.0
1308,1508,222,2,1800.0
1309,1509,226,3,900.0
1310,1510,226,2,900.0
1311,1511,230,1,4800.0
1312,1511,201,3,55000.0
1313,1511,207,2,2999.0
1314,1511,211,2,1500.0
1315,1512,225,2,3000.0
1316,1513,205,3,999.0
1317,1514,211,2,1500.0
1318,1515,230,4,4800.0
1319,1515,208,2,1499.0
1320,1516,218,3,3500.0
1321,1517,230,4,4800.0
1322,1517,202,1,800.0
1323,1518,212,2,12500.0
1324,1519,226,4,900.0
1325,1519,221,2,5500.0
1326,1519,214,2,28000.0
1327,1519,204,3,2500.0
1328,1520,227,1,1800.0
1329,1520,204,3,2500.0
1330,1521,213,1,2200.0
1331,1521,214,1,28000.0
1332,1521,206,1,1999.0
1333,1521,220,4,7000.0
1334,1522,220,1,7000.0
1335,1523,228,2,3200.0
1336,1523,225,2,3000.0
1337,1523,204,1,2500.0
1338,1523,209,2,2499.0
1339,1524,204,2,2500.0
1340,1524,203,2,1500.0
1341,1525,205,2,999.0
1342,1526,218,4,3500.0
1343,1526,226,2,900.0
1344,1527,204,4,2500.0
1345,1527,220,1,7000.0
1346,1527,206,4,1999.0
1347,1528,217,2,500.0
1348,1528,204,1,2500.0
1349,1529,219,2,8500.0
1350,1529,210,1,25000.0
1351,1529,223,4,900.0
1352,1530,226,3,900.0
1353,1530,224,3,3500.0
1354,1530,225,1,3000.0
1355,1530,227,1,1800.0
1356,1531,216,4,1800.0
1357,1531,226,1,900.0
1358,1532,219,3,8500.0
1359,1532,213,4,2200.0
1360,1532,211,3,1500.0
1361,1533,219,1,8500.0
1362,1534,216,1,1800.0
1363,1534,214,3,28000.0
1364,1534,221,2,5500.0
1365,1534,224,4,3500.0
1366,1535,202,2,800.0
1367,1535,207,2,2999.0
1368,1535,228,4,3200.0
1369,1536,219,3,8500.0
1370,1537,221,3,5500.0
1371,1537,217,3,500.0
1372,1537,201,4,55000.0
1373,1538,219,4,8500.0
1374,1538,209,3,2499.0
1375,1539,207,3,2999.0
1376,1539,228,3,3200.0
1377,1540,222,4,1800.0
1378,1540,226,1,900.0
1379,1541,217,2,500.0
1380,1541,202,4,800.0
1381,1541,221,3,5500.0
1382,1541,208,4,1499.0
1383,1542,226,3,900.0
1384,1542,222,4,1800.0
1385,1543,213,2,2200.0
1386,1543,214,2,28000.0
1387,1544,217,4,500.0
1388,1544,218,3,3500.0
1389,1545,207,4,2999.0
1390,1545,216,4,1800.0
1391,1546,220,1,7000.0
1392,1547,225,2,3000.0
1393,1547,207,3,2999.0
1394,1547,224,1,3500.0
1395,1547,209,1,2499.0
1396,1548,212,3,12500.0
1397,1549,228,4,3200.0
1398,1549,224,3,3500.0
1399,1549,227,1,1800.0
1400,1549,210,4,25000.0
1401,1550,216,2,1800.0
1402,1550,211,4,1500.0
1403,1550,227,2,1800.0
1404,1550,201,4,55000.0
1405,1551,229,1,6500.0
1406,1551,218,3,3500.0
1407,1551,203,4,1500.0
1408,1552,203,2,1500.0
1409,1552,205,3,999.0
1410,1552,204,3,2500.0
1411,1553,210,4,25000.0
1412,1553,208,1,1499.0
1413,1553,207,4,2999.0
1414,1553,223,2,900.0
1415,1554,211,1,1500.0
1416,1554,222,2,1800.0
1417,1554,228,3,3200.0
1418,1554,230,3,4800.0
1419,1555,216,3,1800.0
1420,1555,211,2,1500.0
1421,1555,203,2,1500.0
1422,1556,223,2,900.0
1423,1556,208,3,1499.0
1424,1557,216,4,1800.0
1425,1557,211,2,1500.0
1426,1557,214,2,28000.0
1427,1558,227,4,1800.0
1428,1558,215,1,18000.0
1429,1558,201,2,55000.0
1430,1559,212,3,12500.0
1431,1560,230,3,4800.0
1432,1560,201,2,55000.0
1433,1560,210,2,25000.0
1434,1561,220,1,7000.0
1435,1561,223,1,900.0
1436,1561,215,1,18000.0
1437,1561,211,4,1500.0
1438,1562,224,4,3500.0
1439,1562,225,1,3000.0
1440,1563,226,2,900.0
1441,1563,210,4,25000.0
1442,1563,230,2,4800.0
1443,1564,216,3,1800.0
1444,1564,214,2,28000.0
1445,1564,209,2,2499.0
1446,1565,223,4,900.0
1447,1565,202,3,800.0
1448,1565,211,1,1500.0
1449,1566,221,4,5500.0
1450,1567,210,3,25000.0
1451,1568,208,2,1499.0
1452,1568,224,4,3500.0
1453,1568,217,4,500.0
1454,1568,206,4,1999.0
1455,1569,226,1,900.0
1456,1569,204,2,2500.0
1457,1569,212,2,12500.0
1458,1569,230,3,4800.0
1459,1570,203,2,1500.0
1460,1570,220,4,7000.0
1461,1570,229,4,6500.0
1462,1570,227,4,1800.0
1463,1571,211,4,1500.0
1464,1572,224,2,3500.0
1465,1572,229,3,6500.0
1466,1572,203,3,1500.0
1467,1572,211,1,1500.0
1468,1573,202,3,800.0
1469,1573,215,2,18000.0
1470,1574,202,4,800.0
1471,1574,206,3,1999.0
1472,1574,212,3,12500.0
1473,1574,205,4,999.0
1474,1575,227,1,1800.0
1475,1575,207,4,2999.0
1476,1576,211,4,1500.0
1477,1577,215,1,18000.0
1478,1577,216,4,1800.0
1479,1578,220,1,7000.0
1480,1578,222,2,1800.0
1481,1578,205,3,999.0
1482,1578,208,3,1499.0
1483,1579,213,4,2200.0
1484,1580,226,3,900.0
1485,1580,204,1,2500.0
1486,1580,209,2,2499.0
1487,1581,211,3,1500.0
1488,1581,218,4,3500.0
1489,1581,209,1,2499.0
1490,1582,228,3,3200.0
1491,1582,203,1,1500.0
1492,1582,221,3,5500.0
1493,1583,230,1,4800.0
1494,1584,207,1,2999.0
1495,1584,218,4,3500.0
1496,1585,214,4,28000.0
1497,1585,218,2,3500.0
1498,1585,228,2,3200.0
1499,1586,203,2,1500.0
1500,1586,222,1,1800.0
1501,1586,229,4,6500.0
1502,1586,227,3,1800.0
1503,1587,202,1,800.0
1504,1587,216,3,1800.0
1505,1588,220,3,7000.0
1506,1588,209,4,2499.0
1507,1588,208,2,1499.0
1508,1588,228,4,3200.0
1509,1589,227,2,1800.0
1510,1589,204,1,2500.0
1511,1590,203,1,1500.0
1512,1591,214,3,28000.0
1513,1591,208,4,1499.0
1514,1591,218,2,3500.0
1515,1591,226,3,900.0
1516,1592,209,4,2499.0
1517,1592,226,4,900.0
1518,1592,214,2,28000.0
1519,1593,228,4,3200.0
1520,1593,214,2,28000.0
1521,1593,201,2,55000.0
1522,1594,204,2,2500.0
1523,1594,221,1,5500.0
1524,1595,222,2,1800.0
1525,1596,205,3,999.0
1526,1596,220,2,7000.0
1527,1596,201,4,55000.0
1528,1597,212,3,12500.0
1529,1598,210,1,25000.0
1530,1599,225,1,3000.0
1531,1599,228,3,3200.0
1532,1599,222,4,1800.0
1533,1600,230,4,4800.0
1534,1601,206,1,1999.0
1535,1601,228,2,3200.0
1536,1601,218,3,3500.0
1537,1601,224,2,3500.0
1538,1602,222,1,1800.0
1539,1602,212,2,12500.0
1540,1602,227,1,1800.0
1541,1602,218,2,3500.0
1542,1603,226,3,900.0
1543,1603,207,1,2999.0
1544,1603,230,3,4800.0
1545,1603,220,1,7000.0
1546,1604,218,2,3500.0
1547,1605,218,1,3500.0
1548,1605,202,3,800.0
1549,1605,208,1,1499.0
1550,1605,206,2,1999.0
1551,1606,218,1,3500.0
1552,1606,203,4,1500.0
1553,1606,222,4,1800.0
1554,1606,228,3,3200.0
1555,1607,223,2,900.0
1556,1607,201,4,55000.0
1557,1608,206,4,1999.0
1558,1608,226,4,900.0
1559,1608,205,1,999.0
1560,1608,213,4,2200.0
1561,1609,214,3,28000.0
1562,1609,209,3,2499.0
1563,1609,217,2,500.0
1564,1610,213,3,2200.0
1565,1610,219,4,8500.0
1566,1610,221,3,5500.0
1567,1611,222,3,1800.0
1568,1611,219,4,8500.0
1569,1611,213,1,2200.0
1570,1612,228,4,3200.0
1571,1612,227,4,1800.0
1572,1612,205,1,999.0
1573,1612,212,4,12500.0
1574,1613,214,1,28000.0
1575,1613,225,1,3000.0
1576,1614,213,1,2200.0
1577,1614,222,3,1800.0
1578,1614,211,2,1500.0
1579,1614,208,1,1499.0
1580,1615,206,3,1999.0
1581,1616,203,4,1500.0
1582,1616,220,4,7000.0
1583,1617,225,4,3000.0
1584,1617,229,3,6500.0
1585,1618,206,4,1999.0
1586,1618,204,4,2500.0
1587,1619,222,2,1800.0
1588,1619,214,2,28000.0
1589,1619,230,3,4800.0
1590,1619,229,2,6500.0
1591,1620,223,4,900.0
1592,1620,218,4,3500.0
1593,1620,213,1,2200.0
1594,1620,216,1,1800.0
1595,1621,226,3,900.0
1596,1621,219,3,8500.0
1597,1621,230,2,4800.0
1598,1622,228,4,3200.0
1599,1622,213,3,2200.0
1600,1622,220,3,7000.0
1601,1623,207,3,2999.0
1602,1623,230,1,4800.0
1603,1624,203,1,1500.0
1604,1625,204,2,2500.0
1605,1625,224,1,3500.0
1606,1625,209,1,2499.0
1607,1625,210,3,25000.0
1608,1626,207,2,2999.0
1609,1627,209,4,2499.0
1610,1627,220,3,7000.0
1611,1628,225,2,3000.0
1612,1628,206,2,1999.0
1613,1628,229,4,6500.0
1614,1628,216,2,1800.0
1615,1629,211,4,1500.0
1616,1629,209,4,2499.0
1617,1629,229,3,6500.0
1618,1630,201,2,55000.0
1619,1631,207,3,2999.0
1620,1631,216,3,1800.0
1621,1631,210,2,25000.0
1622,1631,201,4,55000.0
1623,1632,209,2,2499.0
1624,1633,226,1,900.0
1625,1633,204,2,2500.0
1626,1633,208,3,1499.0
1627,1633,224,2,3500.0
1628,1634,220,4,7000.0
1629,1634,227,2,1800.0
1630,1635,204,4,2500.0
1631,1635,213,3,2200.0
1632,1635,230,3,4800.0
1633,1636,204,1,2500.0
1634,1637,205,1,999.0
1635,1637,230,2,4800.0
1636,1638,207,4,2999.0
1637,1638,205,3,999.0
1638,1639,209,2,2499.0
1639,1639,210,3,25000.0
1640,1640,223,4,900.0
1641,1641,204,2,2500.0
1642,1641,202,4,800.0
1643,1642,223,4,900.0
1644,1642,227,3,1800.0
1645,1642,218,4,3500.0
1646,1642,211,4,1500.0
1647,1643,203,1,1500.0
1648,1643,209,1,2499.0
1649,1643,224,4,3500.0
1650,1644,212,3,12500.0
1651,1644,202,2,800.0
1652,1644,213,1,2200.0
1653,1644,223,2,900.0
1654,1645,222,4,1800.0
1655,1645,225,1,3000.0
1656,1646,218,1,3500.0
1657,1646,216,4,1800.0
1658,1646,222,2,1800.0
1659,1646,204,4,2500.0
1660,1647,215,1,18000.0
1661,1648,208,4,1499.0
1662,1648,214,1,28000.0
1663,1648,216,3,1800.0
1664,1649,205,1,999.0
1665,1649,227,1,1800.0
1666,1650,215,2,18000.0
1667,1650,230,2,4800.0
1668,1651,207,2,2999.0
1669,1651,214,3,28000.0
1670,1651,211,2,1500.0
1671,1651,225,4,3000.0
1672,1652,224,2,3500.0
1673,1653,210,3,25000.0
1674,1653,230,1,4800.0
1675,1654,222,1,1800.0
1676,1654,221,4,5500.0
1677,1654,217,2,500.0
1678,1655,223,2,900.0
1679,1655,208,1,1499.0
1680,1656,205,4,999.0
1681,1657,224,2,3500.0
1682,1657,213,4,2200.0
1683,1657,216,1,1800.0
1684,1657,207,2,2999.0
1685,1658,226,1,900.0
1686,1658,219,4,8500.0
1687,1658,204,3,2500.0
1688,1659,204,4,2500.0
1689,1659,219,2,8500.0
1690,1660,220,3,7000.0
1691,1660,214,2,28000.0
1692,1660,207,1,2999.0
1693,1660,202,3,800.0
1694,1661,202,3,800.0
1695,1661,205,1,999.0
1696,1661,201,4,55000.0
1697,1662,213,4,2200.0
1698,1663,211,4,1500.0
1699,1663,219,2,8500.0
1700,1664,221,1,5500.0
1701,1664,215,3,18000.0
1702,1665,203,3,1500.0
1703,1666,222,1,1800.0
1704,1666,216,2,1800.0
1705,1667,228,2,3200.0
1706,1667,215,1,18000.0
1707,1667,208,4,1499.0
1708,1667,226,4,900.0
1709,1668,213,4,2200.0
1710,1669,205,1,999.0
1711,1669,220,1,7000.0
1712,1669,224,3,3500.0
1713,1670,229,4,6500.0
1714,1671,212,3,12500.0
1715,1671,229,3,6500.0
1716,1671,230,2,4800.0
1717,1671,210,1,25000.0
1718,1672,216,3,1800.0
1719,1672,228,1,3200.0
1720,1672,225,2,3000.0
1721,1673,216,4,1800.0
1722,1673,213,4,2200.0
1723,1674,204,2,2500.0
1724,1674,219,2,8500.0
1725,1675,221,3,5500.0
1726,1675,220,3,7000.0
1727,1675,219,1,8500.0
1728,1675,228,4,3200.0
1729,1676,217,4,500.0
1730,1676,216,3,1800.0
1731,1676,206,2,1999.0
1732,1677,221,3,5500.0
1733,1677,226,1,900.0
1734,1677,223,4,900.0
1735,1677,213,4,2200.0
1736,1678,229,4,6500.0
1737,1678,220,3,7000.0
1738,1678,218,1,3500.0
1739,1679,211,4,1500.0
1740,1679,222,3,1800.0
1741,1679,202,1,800.0
1742,1680,222,3,1800.0
1743,1680,208,3,1499.0
1744,1680,220,3,7000.0
1745,1681,206,2,1999.0
1746,1681,208,4,1499.0
1747,1681,213,2,2200.0
1748,1682,218,3,3500.0
1749,1682,219,1,8500.0
1750,1682,209,2,2499.0
1751,1683,201,4,55000.0
1752,1683,227,2,1800.0
1753,1683,221,3,5500.0
1754,1683,219,3,8500.0
1755,1684,217,3,500.0
1756,1684,218,1,3500.0
1757,1685,212,4,12500.0
1758,1685,225,3,3000.0
1759,1686,204,4,2500.0
1760,1686,209,2,2499.0
1761,1687,224,1,3500.0
1762,1688,225,1,3000.0
1763,1688,221,4,5500.0
1764,1688,224,4,3500.0
1765,1689,208,2,1499.0
1766,1689,218,1,3500.0
1767,1689,204,3,2500.0
1768,1689,227,2,1800.0
1769,1690,228,3,3200.0
1770,1690,215,1,18000.0
1771,1691,226,3,900.0
1772,1691,202,2,800.0
1773,1692,208,2,1499.0
1774,1692,225,2,3000.0
1775,1692,223,3,900.0
1776,1692,203,1,1500.0
1777,1693,213,3,2200.0
1778,1693,205,3,999.0
1779,1693,225,4,3000.0
1780,1693,204,4,2500.0
1781,1694,214,2,28000.0
1782,1694,221,2,5500.0
1783,1694,208,1,1499.0
1784,1695,210,3,25000.0
1785,1695,204,3,2500.0
1786,1695,201,2,55000.0
1787,1696,205,4,999.0
1788,1696,208,4,1499.0
1789,1696,228,4,3200.0
1790,1697,217,2,500.0
1791,1697,222,4,1800.0
1792,1697,208,1,1499.0
1793,1697,225,3,3000.0
1794,1698,211,4,1500.0
1795,1698,202,2,800.0
1796,1698,207,4,2999.0
1797,1698,209,4,2499.0
1798,1699,209,2,2499.0
1799,1699,224,4,3500.0
1800,1699,214,3,28000.0
1801,1700,221,3,5500.0
1802,1700,212,1,12500.0
1803,1701,228,3,3200.0
1804,1701,219,1,8500.0
1805,1701,201,4,55000.0
1806,1701,205,3,999.0
1807,1702,230,1,4800.0
1808,1702,217,1,500.0
1809,1703,220,2,7000.0
1810,1703,229,4,6500.0
1811,1703,201,1,55000.0
1812,1704,203,1,1500.0
1813,1705,201,2,55000.0
1814,1705,222,2,1800.0
1815,1705,214,1,28000.0
1816,1706,222,3,1800.0
1817,1706,228,3,3200.0
1818,1706,223,2,900.0
1819,1707,222,1,1800.0
1820,1708,228,3,3200.0
1821,1708,214,2,28000.0
1822,1708,202,2,800.0
1823,1709,213,2,2200.0
1824,1710,229,1,6500.0
1825,1711,228,3,3200.0
1826,1711,209,1,2499.0
1827,1712,212,4,12500.0
1828,1712,221,1,5500.0
1829,1712,214,1,28000.0
1830,1713,221,2,5500.0
1831,1713,210,1,25000.0
1832,1714,221,3,5500.0
1833,1715,211,4,1500.0
1834,1715,210,3,25000.0
1835,1715,213,2,2200.0
1836,1715,218,4,3500.0
1837,1716,227,4,1800.0
1838,1716,204,1,2500.0
1839,1717,230,2,4800.0
1840,1717,218,1,3500.0
1841,1718,217,2,500.0
1842,1718,225,3,3000.0
1843,1718,201,4,55000.0
1844,1719,217,3,500.0
1845,1719,213,4,2200.0
1846,1719,224,3,3500.0
1847,1720,209,1,2499.0
1848,1721,205,4,999.0
1849,1721,229,4,6500.0
1850,1721,203,4,1500.0
1851,1722,228,1,3200.0
1852,1722,216,3,1800.0
1853,1722,206,1,1999.0
1854,1722,227,1,1800.0
1855,1723,227,3,1800.0
1856,1723,204,2,2500.0
1857,1723,220,2,7000.0
1858,1723,224,2,3500.0
1859,1724,218,3,3500.0
1860,1725,204,3,2500.0
1861,1725,217,1,500.0
1862,1725,223,3,900.0
1863,1725,219,3,8500.0
1864,1726,219,3,8500.0
1865,1726,216,4,1800.0
1866,1727,217,3,500.0
1867,1727,203,4,1500.0
1868,1727,206,2,1999.0
1869,1727,216,1,1800.0
1870,1728,218,3,3500.0
1871,1728,205,3,999.0
1872,1728,209,1,2499.0
1873,1729,205,4,999.0
1874,1729,215,2,18000.0
1875,1729,207,1,2999.0
1876,1729,209,2,2499.0
1877,1730,216,1,1800.0
1878,1730,226,4,900.0
1879,1730,213,4,2200.0
1880,1730,206,1,1999.0
1881,1731,202,2,800.0
1882,1731,222,2,1800.0
1883,1732,226,3,900.0
1884,1732,208,3,1499.0
1885,1733,201,3,55000.0
1886,1733,207,2,2999.0
1887,1733,202,1,800.0
1888,1734,211,4,1500.0
1889,1734,206,3,1999.0
1890,1735,230,1,4800.0
1891,1735,213,3,2200.0
1892,1735,215,3,18000.0
1893,1735,202,3,800.0
1894,1736,201,4,55000.0
1895,1736,207,2,2999.0
1896,1736,203,3,1500.0
1897,1737,214,4,28000.0
1898,1737,219,2,8500.0
1899,1738,230,4,4800.0
1900,1739,211,1,1500.0
1901,1740,206,2,1999.0
1902,1740,229,2,6500.0
1903,1740,201,2,55000.0
1904,1741,213,4,2200.0
1905,1741,203,2,1500.0
1906,1741,227,2,1800.0
1907,1742,228,2,3200.0
1908,1742,227,4,1800.0
1909,1742,206,2,1999.0
1910,1743,222,4,1800.0
1911,1744,223,2,900.0
1912,1744,202,2,800.0
1913,1744,209,3,2499.0
1914,1744,214,1,28000.0
1915,1745,224,2,3500.0
1916,1745,213,4,2200.0
1917,1745,205,1,999.0
1918,1745,218,1,3500.0
1919,1746,226,2,900.0
1920,1746,205,2,999.0
1921,1747,228,3,3200.0
1922,1748,213,1,2200.0
1923,1748,202,3,800.0
1924,1748,206,4,1999.0
1925,1749,210,2,25000.0
1926,1750,228,4,3200.0
1927,1750,224,3,3500.0
1928,1751,226,1,900.0
1929,1751,224,1,3500.0
1930,1752,214,1,28000.0
1931,1752,220,1,7000.0
1932,1752,211,3,1500.0
1933,1753,223,1,900.0
1934,1753,210,1,25000.0
1935,1753,224,2,3500.0
1936,1753,206,1,1999.0
1937,1754,228,3,3200.0
1938,1754,218,3,3500.0
1939,1754,202,1,800.0
1940,1754,220,2,7000.0
1941,1755,208,3,1499.0
1942,1756,201,1,55000.0
1943,1756,218,3,3500.0
1944,1756,205,1,999.0
1945,1756,211,4,1500.0
1946,1757,214,2,28000.0
1947,1757,213,4,2200.0
1948,1758,211,2,1500.0
1949,1758,219,2,8500.0
1950,1758,212,3,12500.0
1951,1759,217,2,500.0
1952,1760,211,4,1500.0
1953,1760,224,2,3500.0
1954,1760,228,1,3200.0
1955,1761,211,1,1500.0
1956,1762,229,3,6500.0
1957,1762,220,4,7000.0
1958,1762,224,3,3500.0
1959,1763,220,4,7000.0
1960,1764,212,3,12500.0
1961,1764,223,2,900.0
1962,1765,208,1,1499.0
1963,1765,223,1,900.0
1964,1766,225,3,3000.0
1965,1767,218,3,3500.0
1966,1767,212,3,12500.0
1967,1767,206,2,1999.0
1968,1767,213,3,2200.0
1969,1768,215,3,18000.0
1970,1768,224,2,3500.0
1971,1769,211,1,1500.0
1972,1769,221,3,5500.0
1973,1769,222,1,1800.0
1974,1769,207,4,2999.0
1975,1770,223,4,900.0
1976,1771,205,3,999.0
1977,1772,227,4,1800.0
1978,1772,204,2,2500.0
1979,1773,218,4,3500.0
1980,1773,206,3,1999.0
1981,1773,203,3,1500.0
1982,1773,221,1,5500.0
1983,1774,204,3,2500.0
1984,1774,214,4,28000.0
1985,1774,227,4,1800.0
1986,1774,219,3,8500.0
1987,1775,203,1,1500.0
1988,1776,225,1,3000.0
1989,1776,226,3,900.0
1990,1777,204,3,2500.0
1991,1778,205,3,999.0
1992,1779,229,1,6500.0
1993,1779,202,3,800.0
1994,1779,215,3,18000.0
1995,1779,230,2,4800.0
1996,1780,220,4,7000.0
1997,1780,209,3,2499.0
1998,1781,224,1,3500.0
1999,1781,219,4,8500.0
2000,1782,216,4,1800.0
2001,1782,225,1,3000.0
2002,1782,223,4,900.0
2003,1782,226,1,900.0
2004,1783,229,1,6500.0
2005,1783,209,4,2499.0
2006,1783,221,3,5500.0
2007,1784,223,2,900.0
2008,1784,222,4,1800.0
2009,1784,202,1,800.0
2010,1784,229,1,6500.0
2011,1785,222,1,1800.0
2012,1785,211,3,1500.0
2013,1786,213,2,2200.0
2014,1786,211,2,1500.0
2015,1786,208,2,1499.0
2016,1786,215,2,18000.0
2017,1787,220,3,7000.0
2018,1787,223,1,900.0
2019,1788,214,2,28000.0
2020,1789,201,4,55000.0
2021,1789,204,3,2500.0
2022,1790,215,4,18000.0
2023,1790,218,4,3500.0
2024,1791,207,2,2999.0
2025,1791,205,3,999.0
2026,1791,216,1,1800.0
2027,1792,225,1,3000.0
2028,1792,220,3,7000.0
2029,1793,204,3,2500.0
2030,1793,209,2,2499.0
2031,1793,218,1,3500.0
2032,1794,224,1,3500.0
2033,1794,201,2,55000.0
2034,1795,217,2,500.0
2035,1796,220,3,7000.0
2036,1797,228,2,3200.0
2037,1797,210,4,25000.0
2038,1797,205,2,999.0
2039,1797,213,2,2200.0
2040,1798,212,4,12500.0
2041,1799,228,3,3200.0
2042,1799,209,4,2499.0
2043,1800,209,1,2499.0
2044,1801,225,1,3000.0
2045,1801,226,4,900.0
2046,1802,206,4,1999.0
2047,1802,204,2,2500.0
2048,1803,229,2,6500.0
2049,1804,223,2,900.0
2050,1804,212,4,12500.0
2051,1804,216,1,1800.0
2052,1805,215,3,18000.0
2053,1805,225,4,3000.0
2054,1805,218,4,3500.0
2055,1806,206,2,1999.0
2056,1806,219,4,8500.0
2057,1806,226,1,900.0
2058,1807,213,3,2200.0
2059,1808,201,3,55000.0
2060,1808,223,3,900.0
2061,1808,218,1,3500.0
2062,1808,216,1,1800.0
2063,1809,227,1,1800.0
2064,1809,217,4,500.0
2065,1809,205,3,999.0
2066,1810,205,2,999.0
2067,1811,222,4,1800.0
2068,1812,206,4,1999.0
2069,1812,201,3,55000.0
2070,1812,221,4,5500.0
2071,1812,202,3,800.0
2072,1813,205,3,999.0
2073,1813,226,2,900.0
2074,1813,215,3,18000.0
2075,1814,224,3,3500.0
2076,1814,217,4,500.0
2077,1815,206,4,1999.0
2078,1815,223,4,900.0
2079,1816,217,4,500.0
2080,1816,229,1,6500.0
2081,1816,211,1,1500.0
2082,1816,214,3,28000.0
2083,1817,202,2,800.0
2084,1817,230,4,4800.0
2085,1817,208,3,1499.0
2086,1817,220,1,7000.0
2087,1818,220,1,7000.0
2088,1818,226,2,900.0
2089,1818,215,2,18000.0
2090,1818,206,4,1999.0
2091,1819,230,1,4800.0
2092,1819,201,4,55000.0
2093,1820,204,1,2500.0
2094,1820,205,3,999.0
2095,1820,207,2,2999.0
2096,1820,215,4,18000.0
2097,1821,223,4,900.0
2098,1822,222,3,1800.0
2099,1822,226,2,900.0
2100,1822,224,4,3500.0
2101,1822,227,2,1800.0
2102,1823,209,2,2499.0
2103,1823,216,1,1800.0
2104,1824,227,3,1800.0
2105,1824,219,3,8500.0
2106,1825,212,2,12500.0
2107,1825,225,1,3000.0
2108,1825,219,4,8500.0
2109,1825,223,2,900.0
2110,1826,202,2,800.0
2111,1827,210,4,25000.0
2112,1827,216,3,1800.0
2113,1827,211,4,1500.0
2114,1828,203,4,1500.0
2115,1828,204,1,2500.0
2116,1828,218,2,3500.0
2117,1828,207,1,2999.0
2118,1829,219,2,8500.0
2119,1829,226,4,900.0
2120,1830,201,3,55000.0
2121,1830,218,1,3500.0
2122,1830,217,3,500.0
2123,1831,226,1,900.0
2124,1832,229,4,6500.0
2125,1832,217,2,500.0
2126,1832,220,1,7000.0
2127,1832,226,2,900.0
2128,1833,229,1,6500.0
2129,1833,220,1,7000.0
2130,1833,207,2,2999.0
2131,1833,208,1,1499.0
2132,1834,212,3,12500.0
2133,1834,225,2,3000.0
2134,1834,229,1,6500.0
2135,1834,224,4,3500.0
2136,1835,211,1,1500.0
2137,1836,207,4,2999.0
2138,1836,224,4,3500.0
2139,1836,229,3,6500.0
2140,1836,223,3,900.0
2141,1837,224,2,3500.0
2142,1838,215,1,18000.0
2143,1838,204,1,2500.0
2144,1839,212,4,12500.0
2145,1839,205,3,999.0
2146,1839,210,2,25000.0
2147,1840,228,4,3200.0
2148,1840,213,2,2200.0
2149,1841,229,3,6500.0
2150,1841,222,4,1800.0
2151,1842,209,1,2499.0
2152,1842,207,3,2999.0
2153,1842,208,2,1499.0
2154,1843,210,3,25000.0
2155,1843,211,2,1500.0
2156,1843,205,2,999.0
2157,1844,209,4,2499.0
2158,1844,208,4,1499.0
2159,1844,223,1,900.0
2160,1845,229,1,6500.0
2161,1845,210,3,25000.0
2162,1845,215,1,18000.0
2163,1846,229,2,6500.0
2164,1846,219,2,8500.0
2165,1847,206,4,1999.0
2166,1847,222,4,1800.0
2167,1847,211,4,1500.0
2168,1848,202,4,800.0
2169,1849,216,3,1800.0
2170,1849,213,1,2200.0
2171,1849,205,3,999.0
2172,1850,213,2,2200.0
2173,1851,214,4,28000.0
2174,1852,201,4,55000.0
2175,1853,218,1,3500.0
2176,1854,213,4,2200.0
2177,1854,211,3,1500.0
2178,1854,215,1,18000.0
2179,1854,208,3,1499.0
2180,1855,206,1,1999.0
2181,1855,221,4,5500.0
2182,1855,224,3,3500.0
2183,1855,201,3,55000.0
2184,1856,225,1,3000.0
2185,1856,215,1,18000.0
2186,1856,201,2,55000.0
2187,1857,209,1,2499.0
2188,1857,226,1,900.0
2189,1857,220,3,7000.0
2190,1857,203,3,1500.0
2191,1858,209,3,2499.0
2192,1858,218,3,3500.0
2193,1858,207,2,2999.0
2194,1858,222,2,1800.0
2195,1859,221,1,5500.0
2196,1859,208,2,1499.0
2197,1860,210,2,25000.0
2198,1861,217,4,500.0
2199,1861,228,4,3200.0
2200,1862,214,2,28000.0
2201,1862,211,2,1500.0
2202,1862,203,4,1500.0
2203,1862,210,4,25000.0
2204,1863,208,2,1499.0
2205,1863,204,3,2500.0
2206,1863,218,4,3500.0
2207,1863,220,3,7000.0
2208,1864,210,3,25000.0
2209,1864,206,1,1999.0
2210,1865,210,2,25000.0
2211,1865,225,4,3000.0
2212,1865,201,3,55000.0
2213,1865,202,2,800.0
2214,1866,209,1,2499.0
2215,1866,203,4,1500.0
2216,1866,217,4,500.0
2217,1867,204,4,2500.0
2218,1867,221,2,5500.0
2219,1868,221,4,5500.0
2220,1868,222,3,1800.0
2221,1869,205,2,999.0
2222,1869,218,4,3500.0
2223,1870,204,2,2500.0
2224,1870,212,3,12500.0
2225,1871,212,3,12500.0
2226,1872,212,2,12500.0
2227,1872,229,4,6500.0
2228,1873,220,1,7000.0
2229,1873,227,1,1800.0
2230,1874,209,4,2499.0
2231,1874,229,1,6500.0
2232,1874,216,1,1800.0
2233,1875,207,2,2999.0
2234,1875,230,4,4800.0
2235,1875,227,3,1800.0
2236,1875,214,2,28000.0
2237,1876,214,3,28000.0
2238,1876,226,4,900.0
2239,1876,227,2,1800.0
2240,1876,211,3,1500.0
2241,1877,211,3,1500.0
2242,1878,203,4,1500.0
2243,1878,211,3,1500.0
2244,1878,221,4,5500.0
2245,1878,210,2,25000.0
2246,1879,217,2,500.0
2247,1879,226,1,900.0
2248,1879,230,4,4800.0
2249,1880,223,1,900.0
2250,1880,217,2,500.0
2251,1880,203,4,1500.0
2252,1880,230,1,4800.0
2253,1881,221,4,5500.0
2254,1882,203,2,1500.0
2255,1882,216,2,1800.0
2256,1882,222,2,1800.0
2257,1883,226,2,900.0
2258,1883,217,3,500.0
2259,1884,207,1,2999.0
2260,1884,223,3,900.0
2261,1885,220,2,7000.0
2262,1885,214,1,28000.0
2263,1885,230,4,4800.0
2264,1886,209,1,2499.0
2265,1887,209,2,2499.0
2266,1887,216,1,1800.0
2267,1887,227,4,1800.0
2268,1888,208,4,1499.0
2269,1888,223,2,900.0
2270,1888,210,3,25000.0
2271,1889,212,3,12500.0
2272,1890,205,1,999.0
2273,1890,228,1,3200.0
2274,1891,201,1,55000.0
2275,1891,230,4,4800.0
2276,1892,224,3,3500.0
2277,1892,225,1,3000.0
2278,1893,225,1,3000.0
2279,1894,221,1,5500.0
2280,1895,212,2,12500.0
2281,1895,207,4,2999.0
2282,1895,218,3,3500.0
2283,1896,219,3,8500.0
2284,1896,227,2,1800.0
2285,1896,217,4,500.0
2286,1896,228,4,3200.0
2287,1897,229,4,6500.0
2288,1897,219,2,8500.0
2289,1897,209,2,2499.0
2290,1898,213,2,2200.0
2291,1899,210,2,25000.0
2292,1900,205,2,999.0
2293,1901,215,4,18000.0
2294,1901,219,3,8500.0
2295,1901,222,3,1800.0
2296,1901,208,1,1499.0
2297,1902,205,2,999.0
2298,1902,225,1,3000.0
2299,1902,217,2,500.0
2300,1903,201,3,55000.0
2301,1904,206,4,1999.0
2302,1904,218,1,3500.0
2303,1905,221,4,5500.0
2304,1906,229,2,6500.0
2305,1906,209,1,2499.0
2306,1906,220,2,7000.0
2307,1906,221,4,5500.0
2308,1907,206,4,1999.0
2309,1907,225,4,3000.0
2310,1908,205,3,999.0
2311,1909,209,3,2499.0
2312,1909,225,1,3000.0
2313,1909,226,3,900.0
2314,1910,201,3,55000.0
2315,1910,222,4,1800.0
2316,1911,203,4,1500.0
2317,1911,201,1,55000.0
2318,1911,215,1,18000.0
2319,1911,221,3,5500.0
2320,1912,222,2,1800.0
2321,1912,215,3,18000.0
2322,1913,217,4,500.0
2323,1913,206,4,1999.0
2324,1914,212,4,12500.0
2325,1914,227,2,1800.0
2326,1915,226,3,900.0
2327,1915,215,1,18000.0
2328,1916,221,3,5500.0
2329,1916,203,4,1500.0
2330,1916,209,1,2499.0
2331,1916,224,2,3500.0
2332,1917,227,1,1800.0
2333,1917,215,3,18000.0
2334,1917,224,1,3500.0
2335,1917,225,2,3000.0
2336,1918,226,2,900.0
2337,1919,211,4,1500.0
2338,1919,225,2,3000.0
2339,1920,215,1,18000.0
2340,1920,209,1,2499.0
2341,1921,216,4,1800.0
2342,1921,213,4,2200.0
2343,1921,201,3,55000.0
2344,1922,218,2,3500.0
2345,1922,217,4,500.0
2346,1923,217,4,500.0
2347,1923,227,2,1800.0
2348,1923,206,3,1999.0
2349,1924,215,3,18000.0
2350,1925,223,1,900.0
2351,1925,205,1,999.0
2352,1925,211,3,1500.0
2353,1925,207,1,2999.0
2354,1926,225,1,3000.0
2355,1926,227,4,1800.0
2356,1927,203,3,1500.0
2357,1928,223,1,900.0
2358,1928,209,4,2499.0
2359,1928,203,1,1500.0
2360,1929,221,4,5500.0
2361,1930,206,3,1999.0
2362,1931,221,4,5500.0
2363,1932,226,1,900.0
2364,1932,201,4,55000.0
2365,1933,224,2,3500.0
2366,1933,222,3,1800.0
2367,1934,205,1,999.0
2368,1935,204,4,2500.0
2369,1935,220,2,7000.0
2370,1935,202,2,800.0
2371,1936,202,1,800.0
2372,1937,212,4,12500.0
2373,1938,220,3,7000.0
2374,1938,214,1,28000.0
2375,1939,210,3,25000.0
2376,1940,209,2,2499.0
2377,1940,225,2,3000.0
2378,1940,230,4,4800.0
2379,1941,224,2,3500.0
2380,1942,222,4,1800.0
2381,1942,220,4,7000.0
2382,1942,228,1,3200.0
2383,1942,201,2,55000.0
2384,1943,219,1,8500.0
2385,1944,201,2,55000.0
2386,1944,221,4,5500.0
2387,1944,209,1,2499.0
2388,1944,223,2,900.0
2389,1945,207,2,2999.0
2390,1946,201,4,55000.0
2391,1947,202,2,800.0
2392,1948,202,1,800.0
2393,1948,224,3,3500.0
2394,1949,206,4,1999.0
2395,1950,206,3,1999.0
2396,1951,214,1,28000.0
2397,1951,217,1,500.0
2398,1952,227,1,1800.0
2399,1953,222,2,1800.0
2400,1953,201,1,55000.0
2401,1953,226,3,900.0
2402,1954,203,3,1500.0
2403,1954,216,3,1800.0
2404,1954,224,1,3500.0
2405,1954,218,4,3500.0
2406,1955,206,3,1999.0
2407,1955,215,2,18000.0
2408,1955,223,1,900.0
2409,1956,215,4,18000.0
2410,1956,226,1,900.0
2411,1956,229,4,6500.0
2412,1957,220,3,7000.0
2413,1957,210,2,25000.0
2414,1957,224,2,3500.0
2415,1957,202,1,800.0
2416,1958,213,4,2200.0
2417,1958,214,2,28000.0
2418,1958,204,3,2500.0
2419,1959,218,1,3500.0
2420,1959,223,4,900.0
2421,1959,202,3,800.0
2422,1960,225,2,3000.0
2423,1960,201,4,55000.0
2424,1961,224,1,3500.0
2425,1961,230,4,4800.0
2426,1961,215,4,18000.0
2427,1961,225,4,3000.0
2428,1962,227,3,1800.0
2429,1962,212,2,12500.0
2430,1963,218,2,3500.0
2431,1963,215,2,18000.0
2432,1964,204,2,2500.0
2433,1964,202,1,800.0
2434,1964,206,2,1999.0
2435,1965,203,3,1500.0
2436,1966,206,2,1999.0
2437,1966,214,1,28000.0
2438,1966,207,3,2999.0
2439,1967,208,3,1499.0
2440,1968,224,1,3500.0
2441,1969,222,4,1800.0
2442,1969,213,4,2200.0
2443,1970,220,4,7000.0
2444,1970,225,3,3000.0
2445,1971,227,3,1800.0
2446,1971,211,3,1500.0
2447,1972,204,4,2500.0
2448,1972,221,4,5500.0
2449,1972,220,4,7000.0
2450,1973,227,4,1800.0
2451,1973,223,1,900.0
2452,1974,224,2,3500.0
2453,1974,215,3,18000.0
2454,1974,210,2,25000.0
2455,1974,216,4,1800.0
2456,1975,207,4,2999.0
2457,1975,220,3,7000.0
2458,1976,220,4,7000.0
2459,1976,225,4,3000.0
2460,1976,222,3,1800.0
2461,1976,223,4,900.0
2462,1977,219,4,8500.0
2463,1977,229,2,6500.0
2464,1977,204,3,2500.0
2465,1978,224,1,3500.0
2466,1979,208,1,1499.0
2467,1980,210,4,25000.0
2468,1980,219,1,8500.0
2469,1980,229,4,6500.0
2470,1980,220,2,7000.0
2471,1981,219,3,8500.0
2472,1981,222,1,1800.0
2473,1981,217,4,500.0
2474,1982,216,3,1800.0
2475,1982,213,3,2200.0
2476,1982,207,4,2999.0
2477,1982,228,1,3200.0
2478,1983,216,4,1800.0
2479,1984,217,3,500.0
2480,1984,211,2,1500.0
2481,1984,207,2,2999.0
2482,1985,208,1,1499.0
2483,1985,210,4,25000.0
2484,1985,217,4,500.0
2485,1985,218,2,3500.0
2486,1986,223,1,900.0
2487,1987,205,3,999.0
2488,1988,222,2,1800.0
2489,1988,214,2,28000.0
2490,1988,221,1,5500.0
2491,1988,224,1,3500.0
2492,1989,221,2,5500.0
2493,1989,204,4,2500.0
2494,1989,208,3,1499.0
2495,1989,229,3,6500.0
2496,1990,217,3,500.0
2497,1990,230,4,4800.0
2498,1990,206,1,1999.0
2499,1990,205,3,999.0
2500,1991,222,3,1800.0
2501,1991,214,1,28000.0
2502,1991,225,4,3000.0
2503,1991,205,2,999.0
2504,1992,201,3,55000.0
2505,1992,230,4,4800.0
2506,1992,207,3,2999.0
2507,1992,205,1,999.0
2508,1993,226,2,900.0
2509,1993,217,3,500.0
2510,1993,204,1,2500.0
2511,1993,225,2,3000.0
2512,1994,215,4,18000.0
2513,1994,225,2,3000.0
2514,1995,201,2,55000.0
2515,1996,229,4,6500.0
2516,1996,222,1,1800.0
2517,1996,224,1,3500.0
2518,1997,217,1,500.0
2519,1997,218,3,3500.0
2520,1997,209,2,2499.0
2521,1997,215,2,18000.0
2522,1998,226,3,900.0
2523,1998,228,1,3200.0
2524,1998,202,1,800.0
2525,1998,217,4,500.0
2526,1999,215,2,18000.0
2527,1999,209,2,2499.0
2528,2000,203,3,1500.0
2529,2000,210,1,25000.0
2530,2000,225,4,3000.0
2531,2001,224,4,3500.0
2532,2001,201,3,55000.0
2533,2001,206,4,1999.0
2534,2002,229,2,6500.0
2535,2002,214,2,28000.0
2536,2002,202,4,800.0
2537,2003,211,2,1500.0
2538,2003,225,3,3000.0
2539,2003,203,4,1500.0
2540,2003,226,2,900.0
2541,2004,223,1,900.0
2542,2004,218,3,3500.0
2543,2005,228,3,3200.0
2544,2006,230,4,4800.0
2545,2006,205,2,999.0
2546,2007,212,4,12500.0
2547,2007,216,3,1800.0
2548,2008,230,4,4800.0
2549,2008,222,1,1800.0
2550,2008,211,3,1500.0
2551,2008,203,1,1500.0
2552,2009,207,2,2999.0
2553,2009,226,3,900.0
2554,2009,209,1,2499.0
2555,2010,226,3,900.0
2556,2011,214,2,28000.0
2557,2011,204,4,2500.0
2558,2011,228,4,3200.0
2559,2012,226,3,900.0
2560,2013,230,4,4800.0
2561,2013,204,3,2500.0
2562,2013,228,1,3200.0
2563,2014,210,4,25000.0
2564,2014,224,1,3500.0
2565,2014,225,3,3000.0
2566,2014,212,1,12500.0
2567,2015,214,2,28000.0
2568,2016,204,3,2500.0
2569,2017,229,2,6500.0
2570,2017,225,1,3000.0
2571,2017,211,1,1500.0
2572,2018,205,3,999.0
2573,2018,204,3,2500.0
2574,2018,227,3,1800.0
2575,2019,205,1,999.0
2576,2019,206,2,1999.0
2577,2019,217,1,500.0
2578,2020,219,1,8500.0
2579,2021,201,4,55000.0
2580,2021,228,4,3200.0
2581,2021,218,4,3500.0
2582,2022,218,1,3500.0
2583,2022,205,2,999.0
2584,2022,211,2,1500.0
2585,2022,202,4,800.0
2586,2023,208,4,1499.0
2587,2024,209,2,2499.0
2588,2024,227,2,1800.0
2589,2024,217,3,500.0
2590,2025,229,4,6500.0
2591,2025,213,1,2200.0
2592,2026,205,2,999.0
2593,2026,218,3,3500.0
2594,2026,227,2,1800.0
2595,2026,206,3,1999.0
2596,2027,220,2,7000.0
2597,2027,230,1,4800.0
2598,2027,227,2,1800.0
2599,2027,219,1,8500.0
2600,2028,215,1,18000.0
2601,2028,230,2,4800.0
2602,2028,221,4,5500.0
2603,2028,226,2,900.0
2604,2029,213,1,2200.0
2605,2029,208,1,1499.0
2606,2030,213,2,2200.0
2607,2030,229,4,6500.0
2608,2030,206,2,1999.0
2609,2031,210,1,25000.0
2610,2031,219,1,8500.0
2611,2031,205,2,999.0
2612,2032,215,2,18000.0
2613,2032,229,3,6500.0
2614,2033,219,2,8500.0
2615,2033,225,3,3000.0
2616,2033,222,1,1800.0
2617,2033,206,3,1999.0
2618,2034,203,2,1500.0
2619,2034,228,4,3200.0
2620,2034,212,1,12500.0
2621,2034,226,4,900.0
2622,2035,212,2,12500.0
2623,2035,223,3,900.0
2624,2036,217,2,500.0
2625,2036,229,1,6500.0
2626,2036,219,3,8500.0
2627,2037,201,3,55000.0
2628,2037,214,2,28000.0
2629,2038,229,2,6500.0
2630,2039,207,4,2999.0
2631,2039,228,3,3200.0
2632,2040,217,3,500.0
2633,2040,210,1,25000.0
2634,2040,215,3,18000.0
2635,2041,224,1,3500.0
2636,2041,225,3,3000.0
2637,2042,209,4,2499.0
2638,2043,205,1,999.0
2639,2043,219,3,8500.0
2640,2043,209,2,2499.0
2641,2043,212,3,12500.0
2642,2044,211,2,1500.0
2643,2044,213,2,2200.0
2644,2044,226,4,900.0
2645,2045,205,1,999.0
2646,2046,226,3,900.0
2647,2046,212,1,12500.0
2648,2047,218,2,3500.0
2649,2047,222,3,1800.0
2650,2047,225,1,3000.0
2651,2047,224,4,3500.0
2652,2048,212,3,12500.0
2653,2049,221,1,5500.0
2654,2049,203,3,1500.0
2655,2049,228,3,3200.0
2656,2050,203,3,1500.0
2657,2050,222,4,1800.0
2658,2051,228,3,3200.0
2659,2052,230,2,4800.0
2660,2053,218,4,3500.0
2661,2053,209,4,2499.0
2662,2053,222,2,1800.0
2663,2053,214,2,28000.0
2664,2054,216,4,1800.0
2665,2054,201,4,55000.0
2666,2055,220,1,7000.0
2667,2055,219,2,8500.0
2668,2055,221,3,5500.0
2669,2056,227,2,1800.0
2670,2056,209,3,2499.0
2671,2056,226,3,900.0
2672,2057,207,2,2999.0
2673,2057,204,3,2500.0
2674,2058,225,1,3000.0
2675,2058,208,3,1499.0
2676,2058,229,3,6500.0
2677,2058,221,4,5500.0
2678,2059,203,4,1500.0
2679,2059,226,2,900.0
2680,2059,210,1,25000.0
2681,2060,220,3,7000.0
2682,2060,212,1,12500.0
2683,2060,205,3,999.0
2684,2060,225,2,3000.0
2685,2061,215,4,18000.0
2686,2061,228,2,3200.0
2687,2061,213,2,2200.0
2688,2061,219,1,8500.0
2689,2062,225,1,3000.0
2690,2063,227,4,1800.0
2691,2064,217,4,500.0
2692,2064,229,4,6500.0
2693,2065,230,4,4800.0
2694,2066,211,1,1500.0
2695,2066,221,3,5500.0
2696,2067,202,4,800.0
2697,2067,211,4,1500.0
2698,2067,201,2,55000.0
2699,2068,211,3,1500.0
2700,2068,207,4,2999.0
2701,2068,203,3,1500.0
2702,2069,221,4,5500.0
2703,2069,219,3,8500.0
2704,2069,222,4,1800.0
2705,2070,222,1,1800.0
2706,2070,205,3,999.0
2707,2071,220,3,7000.0
2708,2071,221,3,5500.0
2709,2072,217,4,500.0
2710,2072,213,3,2200.0
2711,2072,206,1,1999.0
2712,2073,221,1,5500.0
2713,2074,230,1,4800.0
2714,2074,215,4,18000.0
2715,2074,217,1,500.0
2716,2074,213,1,2200.0
2717,2075,201,2,55000.0
2718,2075,207,2,2999.0
2719,2076,208,2,1499.0
2720,2077,226,2,900.0
2721,2077,228,4,3200.0
2722,2077,209,2,2499.0
2723,2077,219,2,8500.0
2724,2078,210,4,25000.0
2725,2078,205,2,999.0
2726,2079,226,4,900.0
2727,2079,224,3,3500.0
2728,2079,205,1,999.0
2729,2080,202,3,800.0
2730,2080,219,4,8500.0
2731,2081,214,2,28000.0
2732,2081,224,3,3500.0
2733,2081,201,3,55000.0
2734,2081,220,3,7000.0
2735,2082,219,4,8500.0
2736,2082,210,4,25000.0
2737,2083,227,3,1800.0
2738,2084,212,4,12500.0
2739,2084,227,2,1800.0
2740,2084,205,3,999.0
2741,2084,213,2,2200.0
2742,2085,201,4,55000.0
2743,2085,204,4,2500.0
2744,2085,208,2,1499.0
2745,2085,227,2,1800.0
2746,2086,227,4,1800.0
2747,2086,220,4,7000.0
2748,2086,218,2,3500.0
2749,2087,226,1,900.0
2750,2087,213,4,2200.0
2751,2087,202,4,800.0
2752,2088,205,1,999.0
2753,2088,202,3,800.0
2754,2088,207,1,2999.0
2755,2089,230,3,4800.0
2756,2089,207,4,2999.0
2757,2089,201,2,55000.0
2758,2089,229,4,6500.0
2759,2090,219,4,8500.0
2760,2090,220,4,7000.0
2761,2090,224,1,3500.0
2762,2090,210,2,25000.0
2763,2091,223,4,900.0
2764,2091,203,2,1500.0
2765,2091,222,2,1800.0
2766,2091,204,2,2500.0
2767,2092,215,3,18000.0
2768,2092,202,3,800.0
2769,2093,221,4,5500.0
2770,2093,216,1,1800.0
2771,2093,224,2,3500.0
2772,2093,228,2,3200.0
2773,2094,204,4,2500.0
2774,2094,211,1,1500.0
2775,2095,220,3,7000.0
2776,2095,221,2,5500.0
2777,2096,209,1,2499.0
2778,2096,214,4,28000.0
2779,2096,206,3,1999.0
2780,2096,220,3,7000.0
2781,2097,228,1,3200.0
2782,2097,227,3,1800.0
2783,2097,212,4,12500.0
2784,2098,218,2,3500.0
2785,2098,227,1,1800.0
2786,2098,202,4,800.0
2787,2098,229,4,6500.0
2788,2099,213,4,2200.0
2789,2100,217,1,500.0
2790,2100,214,3,28000.0
2791,2100,228,4,3200.0
2792,2100,211,4,1500.0
2793,2101,203,1,1500.0
2794,2101,230,3,4800.0
2795,2101,206,2,1999.0
2796,2102,212,4,12500.0
2797,2102,204,2,2500.0
2798,2103,208,4,1499.0
2799,2103,210,3,25000.0
2800,2104,222,1,1800.0
2801,2104,216,2,1800.0
2802,2104,230,4,4800.0
2803,2104,212,1,12500.0
2804,2105,202,1,800.0
2805,2106,224,2,3500.0
2806,2106,223,4,900.0
2807,2106,222,2,1800.0
2808,2106,230,3,4800.0
2809,2107,227,4,1800.0
2810,2108,222,1,1800.0
2811,2108,226,4,900.0
2812,2108,227,1,1800.0
2813,2108,213,3,2200.0
2814,2109,216,4,1800.0
2815,2109,211,4,1500.0
2816,2109,229,3,6500.0
2817,2110,222,2,1800.0
2818,2110,223,4,900.0
2819,2110,214,1,28000.0
2820,2111,220,2,7000.0
2821,2111,207,2,2999.0
2822,2112,221,4,5500.0
2823,2112,219,4,8500.0
2824,2112,202,4,800.0
2825,2113,207,2,2999.0
2826,2113,203,2,1500.0
2827,2113,205,2,999.0
2828,2113,228,4,3200.0
2829,2114,228,4,3200.0
2830,2114,204,1,2500.0
2831,2114,209,4,2499.0
2832,2115,202,2,800.0
2833,2115,204,4,2500.0
2834,2116,220,3,7000.0
2835,2117,218,4,3500.0
2836,2117,217,2,500.0
2837,2117,216,2,1800.0
2838,2117,222,3,1800.0
2839,2118,225,3,3000.0
2840,2118,216,3,1800.0
2841,2118,202,1,800.0
2842,2119,217,3,500.0
2843,2120,228,3,3200.0
2844,2121,204,3,2500.0
2845,2122,228,2,3200.0
2846,2123,230,4,4800.0
2847,2123,225,4,3000.0
2848,2123,207,1,2999.0
2849,2124,202,1,800.0
2850,2124,218,3,3500.0
2851,2124,227,4,1800.0
2852,2125,214,4,28000.0
2853,2125,217,1,500.0
2854,2125,223,2,900.0
2855,2126,220,4,7000.0
2856,2126,224,1,3500.0
2857,2127,223,4,900.0
2858,2127,204,2,2500.0
2859,2127,217,3,500.0
2860,2128,209,1,2499.0
2861,2129,215,3,18000.0
2862,2129,227,4,1800.0
2863,2129,226,4,900.0
2864,2130,221,4,5500.0
2865,2130,227,1,1800.0
2866,2130,203,4,1500.0
2867,2131,212,4,12500.0
2868,2131,210,4,25000.0
2869,2131,217,2,500.0
2870,2132,229,1,6500.0
2871,2132,203,1,1500.0
2872,2132,222,4,1800.0
2873,2133,210,2,25000.0
2874,2134,206,4,1999.0
2875,2134,209,3,2499.0
2876,2134,213,4,2200.0
2877,2135,225,2,3000.0
2878,2136,202,3,800.0
2879,2137,214,3,28000.0
2880,2137,223,3,900.0
2881,2138,226,3,900.0
2882,2138,222,1,1800.0
2883,2139,203,3,1500.0
2884,2139,229,4,6500.0
2885,2140,202,3,800.0
2886,2140,221,3,5500.0
2887,2141,223,3,900.0
2888,2141,215,3,18000.0
2889,2141,224,3,3500.0
2890,2141,205,2,999.0
2891,2142,223,2,900.0
2892,2142,215,3,18000.0
2893,2142,211,4,1500.0
2894,2142,222,1,1800.0
2895,2143,216,1,1800.0
2896,2143,221,2,5500.0
2897,2144,211,2,1500.0
2898,2144,203,4,1500.0
2899,2145,221,1,5500.0
2900,2145,220,4,7000.0
2901,2145,206,4,1999.0
2902,2145,216,4,1800.0
2903,2146,220,1,7000.0
2904,2146,219,2,8500.0
2905,2146,226,3,900.0
2906,2146,213,2,2200.0
2907,2147,207,3,2999.0
2908,2147,219,3,8500.0
2909,2147,210,3,25000.0
2910,2147,222,3,1800.0
2911,2148,217,1,500.0
2912,2148,210,4,25000.0
2913,2148,220,3,7000.0
2914,2149,225,2,3000.0
2915,2149,204,3,2500.0
2916,2149,215,4,18000.0
2917,2149,206,4,1999.0
2918,2150,219,3,8500.0
2919,2150,206,4,1999.0
2920,2150,212,3,12500.0
2921,2150,211,1,1500.0
2922,2151,201,1,55000.0
2923,2151,209,4,2499.0
2924,2151,210,4,25000.0
2925,2151,219,4,8500.0
2926,2152,208,4,1499.0
2927,2152,201,4,55000.0
2928,2153,228,4,3200.0
2929,2153,218,3,3500.0
2930,2154,210,3,25000.0
2931,2154,206,4,1999.0
2932,2154,227,4,1800.0
2933,2154,202,4,800.0
2934,2155,211,2,1500.0
2935,2155,212,4,12500.0
2936,2155,205,4,999.0
2937,2155,223,4,900.0
2938,2156,204,3,2500.0
2939,2156,224,3,3500.0
2940,2156,210,4,25000.0
2941,2157,208,4,1499.0
2942,2157,212,1,12500.0
2943,2157,230,1,4800.0
2944,2158,227,3,1800.0
2945,2159,223,2,900.0
2946,2159,209,2,2499.0
2947,2159,214,3,28000.0
2948,2159,225,2,3000.0
2949,2160,210,4,25000.0
2950,2160,228,1,3200.0
2951,2160,206,2,1999.0
2952,2161,229,4,6500.0
2953,2161,218,3,3500.0
2954,2161,216,2,1800.0
2955,2161,215,2,18000.0
2956,2162,215,4,18000.0
2957,2163,201,1,55000.0
2958,2164,217,4,500.0
2959,2165,223,3,900.0
2960,2165,220,1,7000.0
2961,2165,205,4,999.0
2962,2166,218,3,3500.0
2963,2166,205,1,999.0
2964,2166,229,3,6500.0
2965,2167,212,1,12500.0
2966,2168,220,3,7000.0
2967,2169,222,4,1800.0
2968,2169,206,1,1999.0
2969,2169,210,1,25000.0
2970,2170,214,1,28000.0
2971,2170,228,1,3200.0
2972,2170,227,3,1800.0
2973,2170,219,1,8500.0
2974,2171,223,2,900.0
2975,2171,228,1,3200.0
2976,2171,211,2,1500.0
2977,2172,217,2,500.0
2978,2173,220,2,7000.0
2979,2174,208,3,1499.0
2980,2174,211,3,1500.0
2981,2174,212,4,12500.0
2982,2174,230,3,4800.0
2983,2175,228,2,3200.0
2984,2176,228,1,3200.0
2985,2177,220,2,7000.0
2986,2177,207,3,2999.0
2987,2177,214,4,28000.0
2988,2177,210,3,25000.0
2989,2178,203,4,1500.0
2990,2178,222,2,1800.0
2991,2178,220,2,7000.0
2992,2178,201,2,55000.0
2993,2179,206,3,1999.0
2994,2179,228,2,3200.0
2995,2179,225,2,3000.0
2996,2180,226,1,900.0
2997,2181,221,1,5500.0
2998,2182,223,4,900.0
2999,2182,204,3,2500.0
3000,2182,212,1,12500.0
3001,2183,204,4,2500.0
3002,2183,215,3,18000.0
3003,2183,211,2,1500.0
3004,2184,213,4,2200.0
3005,2185,226,4,900.0
3006,2185,217,4,500.0
3007,2185,222,3,1800.0
3008,2186,223,1,900.0
3009,2186,208,4,1499.0
3010,2186,222,4,1800.0
3011,2186,215,2,18000.0
3012,2187,224,1,3500.0
3013,2187,203,2,1500.0
3014,2188,222,3,1800.0
3015,2188,203,1,1500.0
3016,2189,213,4,2200.0
3017,2190,219,2,8500.0
3018,2191,214,1,28000.0
3019,2191,215,3,18000.0
3020,2192,226,4,900.0
3021,2192,203,4,1500.0
3022,2192,224,2,3500.0
3023,2193,228,4,3200.0
3024,2193,211,3,1500.0
3025,2193,229,3,6500.0
3026,2193,222,2,1800.0
3027,2194,228,4,3200.0
3028,2194,210,2,25000.0
3029,2194,217,3,500.0
3030,2195,209,2,2499.0
3031,2196,213,3,2200.0
3032,2197,222,3,1800.0
3033,2197,210,1,25000.0
3034,2197,202,3,800.0
3035,2197,201,3,55000.0
3036,2198,219,2,8500.0
3037,2199,216,3,1800.0
3038,2199,221,3,5500.0
3039,2199,204,1,2500.0
3040,2199,205,2,999.0
3041,2200,202,4,800.0
3042,2200,221,2,5500.0
3043,2200,215,3,18000.0
3044,2200,208,2,1499.0
3045,2201,225,4,3000.0
3046,2201,227,2,1800.0
3047,2201,206,1,1999.0
3048,2202,216,1,1800.0
3049,2203,227,3,1800.0
3050,2203,211,1,1500.0
3051,2204,230,4,4800.0
3052,2204,224,3,3500.0
3053,2204,226,1,900.0
3054,2205,204,4,2500.0
3055,2205,218,1,3500.0
3056,2205,230,4,4800.0
3057,2205,224,3,3500.0
3058,2206,222,3,1800.0
3059,2206,203,1,1500.0
3060,2207,228,4,3200.0
3061,2207,209,4,2499.0
3062,2208,201,3,55000.0
3063,2208,225,3,3000.0
3064,2208,211,2,1500.0
3065,2209,225,3,3000.0
3066,2209,223,3,900.0
3067,2210,226,2,900.0
3068,2210,222,1,1800.0
3069,2210,227,4,1800.0
3070,2210,211,1,1500.0
3071,2211,208,4,1499.0
3072,2212,227,1,1800.0
3073,2212,213,1,2200.0
3074,2212,214,1,28000.0
3075,2213,220,1,7000.0
3076,2214,227,1,1800.0
3077,2214,205,3,999.0
3078,2214,222,4,1800.0
3079,2215,207,1,2999.0
3080,2216,217,4,500.0
3081,2216,204,3,2500.0
3082,2216,225,4,3000.0
3083,2217,228,4,3200.0
3084,2217,208,2,1499.0
3085,2218,212,3,12500.0
3086,2218,218,3,3500.0
3087,2218,215,2,18000.0
3088,2218,228,3,3200.0
3089,2219,207,3,2999.0
3090,2220,209,4,2499.0
3091,2220,210,1,25000.0
3092,2220,212,4,12500.0
3093,2220,202,3,800.0
3094,2221,227,4,1800.0
3095,2221,204,2,2500.0
3096,2222,213,1,2200.0
3097,2222,216,2,1800.0
3098,2222,223,3,900.0
3099,2223,215,4,18000.0
3100,2223,226,4,900.0
3101,2223,224,1,3500.0
3102,2224,205,1,999.0
3103,2224,202,4,800.0
3104,2224,221,2,5500.0
3105,2224,204,1,2500.0
3106,2225,226,2,900.0
3107,2225,213,4,2200.0
3108,2225,224,4,3500.0
3109,2226,207,2,2999.0
3110,2226,215,3,18000.0
3111,2226,225,2,3000.0
3112,2226,211,4,1500.0
3113,2227,222,2,1800.0
3114,2227,215,2,18000.0
3115,2227,204,3,2500.0
3116,2227,205,2,999.0
3117,2228,209,4,2499.0
3118,2228,220,1,7000.0
3119,2229,219,4,8500.0
3120,2230,230,4,4800.0
3121,2230,228,1,3200.0
3122,2230,224,1,3500.0
3123,2230,210,2,25000.0
3124,2231,229,4,6500.0
3125,2232,222,1,1800.0
3126,2232,224,2,3500.0
3127,2232,218,4,3500.0
3128,2232,227,3,1800.0
3129,2233,215,2,18000.0
3130,2233,227,4,1800.0
3131,2233,230,4,4800.0
3132,2233,216,3,1800.0
3133,2234,227,2,1800.0
3134,2234,217,1,500.0
3135,2234,230,3,4800.0
3136,2234,214,3,28000.0
3137,2235,208,3,1499.0
3138,2236,207,3,2999.0
3139,2237,230,3,4800.0
3140,2237,217,1,500.0
3141,2238,202,4,800.0
3142,2238,229,2,6500.0
3143,2239,211,4,1500.0
3144,2239,223,2,900.0
3145,2239,214,3,28000.0
3146,2240,205,2,999.0
3147,2240,214,3,28000.0
3148,2241,216,1,1800.0
3149,2241,228,3,3200.0
3150,2241,217,4,500.0
3151,2242,213,1,2200.0
3152,2242,228,3,3200.0
3153,2242,229,1,6500.0
3154,2242,207,4,2999.0
3155,2243,228,4,3200.0
3156,2243,227,3,1800.0
3157,2243,218,2,3500.0
3158,2243,209,3,2499.0
3159,2244,222,1,1800.0
3160,2244,205,1,999.0
3161,2245,208,3,1499.0
3162,2245,212,4,12500.0
3163,2245,215,1,18000.0
3164,2245,206,1,1999.0
3165,2246,215,4,18000.0
3166,2246,221,3,5500.0
3167,2246,217,4,500.0
3168,2246,222,2,1800.0
3169,2247,224,4,3500.0
3170,2247,203,1,1500.0
3171,2247,217,2,500.0
3172,2248,228,4,3200.0
3173,2249,209,3,2499.0
3174,2249,218,4,3500.0
3175,2249,227,1,1800.0
3176,2250,207,3,2999.0
3177,2250,223,3,900.0
3178,2250,208,3,1499.0
3179,2251,216,1,1800.0
3180,2251,226,3,900.0
3181,2251,228,3,3200.0
3182,2251,202,4,800.0
3183,2252,221,2,5500.0
3184,2253,223,4,900.0
3185,2253,217,4,500.0
3186,2254,224,4,3500.0
3187,2254,229,1,6500.0
3188,2255,225,3,3000.0
3189,2255,227,4,1800.0
3190,2255,224,2,3500.0
3191,2255,223,4,900.0
3192,2256,229,2,6500.0
3193,2257,222,2,1800.0
3194,2257,206,3,1999.0
3195,2258,216,3,1800.0
3196,2258,212,1,12500.0
3197,2258,202,4,800.0
3198,2259,204,4,2500.0
3199,2259,205,3,999.0
3200,2260,219,3,8500.0
3201,2260,225,2,3000.0
3202,2260,221,3,5500.0
3203,2260,206,1,1999.0
3204,2261,209,2,2499.0
3205,2261,206,3,1999.0
3206,2261,221,1,5500.0
3207,2261,227,1,1800.0
3208,2262,211,4,1500.0
3209,2262,215,4,18000.0
3210,2262,212,3,12500.0
3211,2262,213,2,2200.0
3212,2263,211,2,1500.0
3213,2264,226,2,900.0
3214,2264,211,4,1500.0
3215,2264,209,2,2499.0
3216,2264,202,3,800.0
3217,2265,209,1,2499.0
3218,2265,217,2,500.0
3219,2266,207,1,2999.0
3220,2266,224,1,3500.0
3221,2266,210,4,25000.0
3222,2267,204,2,2500.0
3223,2267,220,4,7000.0
3224,2267,228,2,3200.0
3225,2267,215,3,18000.0
3226,2268,211,3,1500.0
3227,2269,215,1,18000.0
3228,2269,229,4,6500.0
3229,2269,220,2,7000.0
3230,2270,205,2,999.0
3231,2270,203,4,1500.0
3232,2271,230,1,4800.0
3233,2272,222,2,1800.0
3234,2272,221,2,5500.0
3235,2273,201,4,55000.0
3236,2274,208,4,1499.0
3237,2275,203,3,1500.0
3238,2276,208,4,1499.0
3239,2277,226,2,900.0
3240,2278,214,4,28000.0
3241,2278,207,1,2999.0
3242,2278,204,1,2500.0
3243,2279,222,2,1800.0
3244,2279,215,1,18000.0
3245,2279,224,2,3500.0
3246,2279,230,2,4800.0
3247,2280,206,2,1999.0
3248,2280,208,4,1499.0
3249,2281,227,1,1800.0
3250,2281,228,3,3200.0
3251,2282,213,4,2200.0
3252,2282,204,1,2500.0
3253,2282,227,3,1800.0
3254,2283,219,4,8500.0
3255,2283,209,4,2499.0
3256,2284,208,4,1499.0
3257,2285,203,2,1500.0
3258,2285,211,3,1500.0
3259,2285,206,2,1999.0
3260,2285,208,3,1499.0
3261,2286,226,4,900.0
3262,2286,207,1,2999.0
3263,2286,212,4,12500.0
3264,2287,214,3,28000.0
3265,2288,225,3,3000.0
3266,2288,229,3,6500.0
3267,2288,213,2,2200.0
3268,2289,225,1,3000.0
3269,2289,221,1,5500.0
3270,2290,214,1,28000.0
3271,2290,207,2,2999.0
3272,2290,221,2,5500.0
3273,2291,219,1,8500.0
3274,2291,205,2,999.0
3275,2291,216,4,1800.0
3276,2291,214,3,28000.0
3277,2292,213,4,2200.0
3278,2293,214,2,28000.0
3279,2294,215,3,18000.0
3280,2295,230,1,4800.0
3281,2296,207,4,2999.0
3282,2296,204,4,2500.0
3283,2296,217,4,500.0
3284,2297,221,1,5500.0
3285,2297,227,2,1800.0
3286,2298,205,4,999.0
3287,2298,216,4,1800.0
3288,2298,227,2,1800.0
3289,2298,220,2,7000.0
3290,2299,206,3,1999.0
3291,2299,213,3,2200.0
3292,2300,201,2,55000.0
3293,2300,222,4,1800.0
3294,2300,226,1,900.0
3295,2301,225,2,3000.0
3296,2301,224,3,3500.0
3297,2302,228,3,3200.0
3298,2302,211,4,1500.0
3299,2302,224,1,3500.0
3300,2302,226,4,900.0
3301,2303,227,1,1800.0
3302,2304,202,2,800.0
3303,2304,221,2,5500.0
3304,2305,219,2,8500.0
3305,2305,222,2,1800.0
3306,2305,206,1,1999.0
3307,2305,227,1,1800.0
3308,2306,208,1,1499.0
3309,2306,212,1,12500.0
3310,2307,217,4,500.0
3311,2307,219,1,8500.0
3312,2307,216,3,1800.0
3313,2307,214,4,28000.0
3314,2308,224,4,3500.0
3315,2308,210,4,25000.0
3316,2309,212,3,12500.0
3317,2309,205,4,999.0
3318,2309,222,3,1800.0
3319,2310,204,3,2500.0
3320,2310,207,1,2999.0
3321,2311,222,1,1800.0
3322,2311,208,4,1499.0
3323,2312,224,2,3500.0
3324,2312,228,1,3200.0
3325,2312,215,4,18000.0
3326,2313,221,3,5500.0
3327,2313,204,4,2500.0
3328,2313,203,3,1500.0
3329,2314,202,1,800.0
3330,2314,215,2,18000.0
3331,2315,204,2,2500.0
3332,2315,214,1,28000.0
3333,2315,228,2,3200.0
3334,2316,219,1,8500.0
3335,2317,204,4,2500.0
3336,2318,217,4,500.0
3337,2318,219,3,8500.0
3338,2319,227,3,1800.0
3339,2319,217,4,500.0
3340,2319,209,4,2499.0
3341,2320,212,3,12500.0
3342,2320,203,2,1500.0
3343,2321,228,4,3200.0
3344,2321,226,4,900.0
3345,2321,203,4,1500.0
3346,2321,207,4,2999.0
3347,2322,206,1,1999.0
3348,2322,229,2,6500.0
3349,2323,211,1,1500.0
3350,2324,219,4,8500.0
3351,2324,218,1,3500.0
3352,2324,220,3,7000.0
3353,2325,210,1,25000.0
3354,2325,223,3,900.0
3355,2326,224,3,3500.0
3356,2326,229,2,6500.0
3357,2326,212,2,12500.0
3358,2327,228,1,3200.0
3359,2328,222,1,1800.0
3360,2328,223,1,900.0
3361,2328,213,4,2200.0
3362,2328,226,2,900.0
3363,2329,217,3,500.0
3364,2329,215,3,18000.0
3365,2330,203,2,1500.0
3366,2331,213,1,2200.0
3367,2332,223,1,900.0
3368,2333,219,1,8500.0
3369,2333,227,4,1800.0
3370,2334,211,2,1500.0
3371,2334,209,3,2499.0
3372,2334,210,1,25000.0
3373,2335,210,3,25000.0
3374,2336,229,4,6500.0
3375,2336,202,3,800.0
3376,2337,211,4,1500.0
3377,2337,203,1,1500.0
3378,2337,201,1,55000.0
3379,2337,214,3,28000.0
3380,2338,202,2,800.0
3381,2338,212,4,12500.0
3382,2338,206,1,1999.0
3383,2339,206,1,1999.0
3384,2340,219,4,8500.0
3385,2341,216,1,1800.0
3386,2341,212,1,12500.0
3387,2341,207,4,2999.0
3388,2342,206,3,1999.0
3389,2343,217,3,500.0
3390,2344,222,1,1800.0
3391,2344,226,2,900.0
3392,2345,225,1,3000.0
3393,2345,217,3,500.0
3394,2346,220,1,7000.0
3395,2347,229,3,6500.0
3396,2347,224,2,3500.0
3397,2348,213,1,2200.0
3398,2348,224,1,3500.0
3399,2348,219,1,8500.0
3400,2348,208,3,1499.0
3401,2349,227,2,1800.0
3402,2349,208,4,1499.0
3403,2349,221,1,5500.0
3404,2349,206,2,1999.0
3405,2350,224,1,3500.0
3406,2350,219,4,8500.0
3407,2350,203,4,1500.0
3408,2350,210,4,25000.0
3409,2351,202,1,800.0
3410,2351,219,3,8500.0
3411,2352,209,1,2499.0
3412,2353,203,2,1500.0
3413,2353,224,2,3500.0
3414,2353,226,3,900.0
3415,2354,219,2,8500.0
3416,2354,207,4,2999.0
3417,2355,203,2,1500.0
3418,2355,221,3,5500.0
3419,2356,219,1,8500.0
3420,2356,204,4,2500.0
3421,2357,214,3,28000.0
3422,2357,217,1,500.0
3423,2358,218,4,3500.0
3424,2358,212,4,12500.0
3425,2358,204,1,2500.0
3426,2358,207,1,2999.0
3427,2359,219,4,8500.0
3428,2359,230,3,4800.0
3429,2359,205,4,999.0
3430,2359,217,4,500.0
3431,2360,201,4,55000.0
3432,2360,227,4,1800.0
3433,2360,215,3,18000.0
3434,2361,211,4,1500.0
3435,2361,226,1,900.0
3436,2362,203,2,1500.0
3437,2362,226,3,900.0
3438,2363,227,4,1800.0
3439,2363,202,3,800.0
3440,2363,207,4,2999.0
3441,2364,223,4,900.0
3442,2364,222,4,1800.0
3443,2364,201,1,55000.0
3444,2364,205,3,999.0
3445,2365,204,4,2500.0
3446,2365,212,1,12500.0
3447,2365,206,3,1999.0
3448,2366,202,1,800.0
3449,2366,226,4,900.0
3450,2367,202,1,800.0
3451,2367,213,3,2200.0
3452,2367,217,1,500.0
3453,2368,201,2,55000.0
3454,2368,225,4,3000.0
3455,2369,204,1,2500.0
3456,2369,226,4,900.0
3457,2370,227,4,1800.0
3458,2370,213,4,2200.0
3459,2370,207,3,2999.0
3460,2371,215,4,18000.0
3461,2372,229,3,6500.0
3462,2372,230,3,4800.0
3463,2373,230,1,4800.0
3464,2374,209,1,2499.0
3465,2375,215,2,18000.0
3466,2375,218,4,3500.0
3467,2375,230,3,4800.0
3468,2376,218,3,3500.0
3469,2377,202,4,800.0
3470,2378,216,1,1800.0
3471,2378,225,3,3000.0
3472,2378,223,3,900.0
3473,2379,224,2,3500.0
3474,2379,223,1,900.0
3475,2380,219,2,8500.0
3476,2381,220,3,7000.0
3477,2382,219,1,8500.0
3478,2382,202,4,800.0
3479,2382,221,2,5500.0
3480,2382,216,4,1800.0
3481,2383,224,4,3500.0
3482,2383,214,3,28000.0
3483,2384,201,3,55000.0
3484,2384,223,3,900.0
3485,2384,209,1,2499.0
3486,2384,220,4,7000.0
3487,2385,215,4,18000.0
3488,2385,213,3,2200.0
3489,2385,218,4,3500.0
3490,2385,229,2,6500.0
3491,2386,213,4,2200.0
3492,2387,204,1,2500.0
3493,2387,217,3,500.0
3494,2387,211,2,1500.0
3495,2388,226,3,900.0
3496,2388,227,4,1800.0
3497,2389,207,1,2999.0
3498,2389,203,2,1500.0
3499,2389,214,3,28000.0
3500,2389,206,3,1999.0
3501,2390,219,1,8500.0
3502,2390,223,3,900.0
3503,2391,220,3,7000.0
3504,2391,228,3,3200.0
3505,2392,224,2,3500.0
3506,2393,211,3,1500.0
3507,2393,217,1,500.0
3508,2394,207,2,2999.0
3509,2395,208,2,1499.0
3510,2395,203,1,1500.0
3511,2395,216,2,1800.0
3512,2395,229,2,6500.0
3513,2396,215,1,18000.0
3514,2396,229,2,6500.0
3515,2396,230,2,4800.0
3516,2397,216,2,1800.0
3517,2397,217,1,500.0
3518,2397,225,2,3000.0
3519,2398,230,3,4800.0
3520,2398,224,1,3500.0
3521,2399,210,3,25000.0
3522,2399,213,4,2200.0
3523,2399,211,2,1500.0
3524,2399,215,3,18000.0
3525,2400,213,4,2200.0
3526,2400,219,3,8500.0
3527,2400,216,3,1800.0
3528,2400,224,4,3500.0
3529,2401,227,3,1800.0
3530,2402,202,4,800.0
3531,2402,209,2,2499.0
3532,2402,228,2,3200.0
3533,2403,227,1,1800.0
3534,2403,217,2,500.0
3535,2403,215,2,18000.0
3536,2404,218,3,3500.0
3537,2405,222,1,1800.0
3538,2405,218,1,3500.0
3539,2406,203,2,1500.0
3540,2406,207,4,2999.0
3541,2406,223,2,900.0
3542,2407,201,2,55000.0
3543,2408,223,3,900.0
3544,2408,224,3,3500.0
3545,2409,209,2,2499.0
3546,2409,221,4,5500.0
3547,2410,213,1,2200.0
3548,2410,221,4,5500.0
3549,2410,215,2,18000.0
3550,2411,230,2,4800.0
3551,2412,201,4,55000.0
3552,2412,227,2,1800.0
3553,2413,226,1,900.0
3554,2414,212,3,12500.0
3555,2414,216,3,1800.0
3556,2415,207,2,2999.0
3557,2415,202,3,800.0
3558,2415,204,1,2500.0
3559,2416,225,2,3000.0
3560,2416,207,4,2999.0
3561,2416,229,1,6500.0
3562,2416,211,2,1500.0
3563,2417,206,1,1999.0
3564,2417,221,4,5500.0
3565,2417,227,2,1800.0
3566,2418,209,2,2499.0
3567,2418,229,2,6500.0
3568,2419,224,4,3500.0
3569,2420,211,2,1500.0
3570,2420,205,3,999.0
3571,2420,226,2,900.0
3572,2421,220,2,7000.0
3573,2421,225,4,3000.0
3574,2421,223,3,900.0
3575,2422,209,3,2499.0
3576,2422,212,4,12500.0
3577,2422,230,1,4800.0
3578,2423,220,3,7000.0
3579,2423,201,2,55000.0
3580,2424,223,4,900.0
3581,2424,216,1,1800.0
3582,2424,206,2,1999.0
3583,2425,202,2,800.0
3584,2426,222,1,1800.0
3585,2427,211,3,1500.0
3586,2427,216,3,1800.0
3587,2428,205,3,999.0
3588,2428,215,1,18000.0
3589,2429,211,2,1500.0
3590,2429,212,3,12500.0
3591,2430,213,4,2200.0
3592,2430,222,4,1800.0
3593,2431,204,4,2500.0
3594,2432,213,3,2200.0
3595,2432,212,3,12500.0
3596,2433,211,4,1500.0
3597,2433,210,3,25000.0
3598,2433,223,1,900.0
3599,2434,216,2,1800.0
3600,2434,220,2,7000.0
3601,2435,227,3,1800.0
3602,2435,223,4,900.0
3603,2435,224,3,3500.0
3604,2435,213,1,2200.0
3605,2436,214,3,28000.0
3606,2436,212,2,12500.0
3607,2437,201,2,55000.0
3608,2437,209,4,2499.0
3609,2438,203,3,1500.0
3610,2438,219,3,8500.0
3611,2438,229,2,6500.0
3612,2438,211,4,1500.0
3613,2439,220,2,7000.0
3614,2439,203,3,1500.0
3615,2439,212,4,12500.0
3616,2439,211,3,1500.0
3617,2440,213,3,2200.0
3618,2440,203,1,1500.0
3619,2440,222,2,1800.0
3620,2441,211,3,1500.0
3621,2442,227,4,1800.0
3622,2442,221,2,5500.0
3623,2443,204,3,2500.0
3624,2443,214,4,28000.0
3625,2443,209,2,2499.0
3626,2444,206,1,1999.0
3627,2444,229,4,6500.0
3628,2444,204,1,2500.0
3629,2445,205,1,999.0
3630,2445,221,3,5500.0
3631,2445,207,4,2999.0
3632,2445,213,3,2200.0
3633,2446,211,2,1500.0
3634,2446,224,4,3500.0
3635,2446,212,3,12500.0
3636,2447,220,1,7000.0
3637,2447,226,3,900.0
3638,2447,204,2,2500.0
3639,2448,208,2,1499.0
3640,2449,205,2,999.0
3641,2449,221,4,5500.0
3642,2449,211,2,1500.0
3643,2449,210,2,25000.0
3644,2450,226,2,900.0
3645,2450,203,1,1500.0
3646,2451,202,2,800.0
3647,2451,212,1,12500.0
3648,2451,220,4,7000.0
3649,2452,205,2,999.0
3650,2452,219,1,8500.0
3651,2452,208,3,1499.0
3652,2452,215,3,18000.0
3653,2453,204,2,2500.0
3654,2454,224,1,3500.0
3655,2455,222,2,1800.0
3656,2455,221,4,5500.0
3657,2455,205,2,999.0
3658,2455,201,3,55000.0
3659,2456,220,2,7000.0
3660,2456,218,2,3500.0
3661,2457,218,3,3500.0
3662,2458,205,1,999.0
3663,2458,220,3,7000.0
3664,2458,222,4,1800.0
3665,2458,219,4,8500.0
3666,2459,220,3,7000.0
3667,2459,208,2,1499.0
3668,2459,214,2,28000.0
3669,2460,211,2,1500.0
3670,2461,223,1,900.0
3671,2461,219,3,8500.0
3672,2462,219,1,8500.0
3673,2462,205,1,999.0
3674,2463,222,4,1800.0
3675,2463,218,2,3500.0
3676,2463,216,4,1800.0
3677,2464,203,3,1500.0
3678,2464,209,2,2499.0
3679,2464,207,3,2999.0
3680,2464,220,3,7000.0
3681,2465,224,2,3500.0
3682,2465,202,1,800.0
3683,2465,205,3,999.0
3684,2465,229,4,6500.0
3685,2466,227,2,1800.0
3686,2467,219,1,8500.0
3687,2467,223,1,900.0
3688,2468,218,4,3500.0
3689,2468,229,2,6500.0
3690,2468,230,1,4800.0
3691,2468,220,1,7000.0
3692,2469,228,4,3200.0
3693,2469,213,4,2200.0
3694,2469,211,1,1500.0
3695,2469,222,4,1800.0
3696,2470,219,3,8500.0
3697,2470,201,1,55000.0
3698,2470,215,2,18000.0
3699,2470,229,2,6500.0
3700,2471,213,3,2200.0
3701,2472,230,4,4800.0
3702,2472,216,4,1800.0
3703,2472,228,1,3200.0
3704,2472,212,4,12500.0
3705,2473,201,3,55000.0
3706,2473,203,2,1500.0
3707,2473,207,4,2999.0
3708,2473,217,2,500.0
3709,2474,203,4,1500.0
3710,2474,211,4,1500.0
3711,2474,224,2,3500.0
3712,2475,215,2,18000.0
3713,2476,224,1,3500.0
3714,2476,226,3,900.0
3715,2476,205,3,999.0
3716,2477,230,2,4800.0
3717,2477,216,3,1800.0
3718,2477,225,1,3000.0
3719,2477,202,1,800.0
3720,2478,214,2,28000.0
3721,2478,213,3,2200.0
3722,2479,219,2,8500.0
3723,2479,225,2,3000.0
3724,2479,212,4,12500.0
3725,2479,220,4,7000.0
3726,2480,209,4,2499.0
3727,2480,222,2,1800.0
3728,2480,205,1,999.0
3729,2480,221,2,5500.0
3730,2481,206,1,1999.0
3731,2482,201,2,55000.0
3732,2482,215,2,18000.0
3733,2483,227,1,1800.0
3734,2483,214,1,28000.0
3735,2483,220,1,7000.0
3736,2483,215,1,18000.0
3737,2484,227,3,1800.0
3738,2485,209,4,2499.0
3739,2485,201,1,55000.0
3740,2485,221,3,5500.0
3741,2486,222,2,1800.0
3742,2486,205,2,999.0
3743,2486,223,4,900.0
3744,2487,227,3,1800.0
3745,2487,210,4,25000.0
3746,2487,223,3,900.0
3747,2488,227,4,1800.0
3748,2488,202,3,800.0
3749,2489,207,1,2999.0
3750,2489,226,3,900.0
3751,2489,224,1,3500.0
3752,2489,216,4,1800.0
3753,2490,201,1,55000.0
3754,2491,217,3,500.0
3755,2492,228,1,3200.0
3756,2492,217,4,500.0
3757,2492,210,1,25000.0
3758,2493,227,4,1800.0
3759,2493,230,1,4800.0
3760,2493,217,1,500.0
3761,2493,218,4,3500.0
3762,2494,230,2,4800.0
3763,2494,228,3,3200.0
3764,2495,213,1,2200.0
3765,2495,226,1,900.0
3766,2495,208,3,1499.0
3767,2495,210,2,25000.0
3768,2496,203,1,1500.0
3769,2497,225,2,3000.0
3770,2498,204,4,2500.0
3771,2498,217,3,500.0
3772,2498,227,2,1800.0
3773,2499,230,2,4800.0
3774,2500,224,4,3500.0
3775,2500,212,1,12500.0
3776,2501,227,1,1800.0
3777,2502,214,3,28000.0
3778,2502,201,3,55000.0
3779,2502,211,2,1500.0
3780,2503,213,2,2200.0
3781,2503,215,2,18000.0
3782,2504,214,4,28000.0
3783,2504,219,3,8500.0
3784,2505,213,3,2200.0
3785,2505,229,4,6500.0
3786,2505,221,1,5500.0
3787,2506,229,3,6500.0
3788,2506,218,1,3500.0
3789,2507,229,2,6500.0
3790,2507,221,1,5500.0
3791,2508,229,2,6500.0
3792,2508,211,1,1500.0
3793,2508,203,2,1500.0
3794,2508,216,2,1800.0
3795,2509,219,2,8500.0
3796,2509,224,2,3500.0
3797,2509,202,1,800.0
3798,2509,223,1,900.0
3799,2510,204,2,2500.0
3800,2510,214,3,28000.0
3801,2511,204,3,2500.0
3802,2512,206,4,1999.0
3803,2512,208,2,1499.0
3804,2512,226,3,900.0
3805,2512,213,2,2200.0
3806,2513,209,3,2499.0
3807,2514,224,3,3500.0
3808,2514,223,4,900.0
3809,2514,213,4,2200.0
3810,2514,226,3,900.0
3811,2515,216,2,1800.0
3812,2516,205,2,999.0
3813,2517,223,2,900.0
3814,2518,201,2,55000.0
3815,2518,229,2,6500.0
3816,2518,227,2,1800.0
3817,2518,226,3,900.0
3818,2519,217,2,500.0
3819,2519,226,3,900.0
3820,2519,220,2,7000.0
3821,2520,229,3,6500.0
3822,2520,222,3,1800.0
3823,2521,219,1,8500.0
3824,2521,218,4,3500.0
3825,2521,215,1,18000.0
3826,2522,205,1,999.0
3827,2522,210,3,25000.0
3828,2522,220,4,7000.0
3829,2523,229,2,6500.0
3830,2523,218,3,3500.0
3831,2524,204,2,2500.0
3832,2524,218,3,3500.0
3833,2524,227,2,1800.0
3834,2524,221,3,5500.0
3835,2525,230,4,4800.0
3836,2525,204,3,2500.0
3837,2526,211,1,1500.0
3838,2526,216,4,1800.0
3839,2527,221,2,5500.0
3840,2528,207,3,2999.0
3841,2528,212,4,12500.0
3842,2529,224,1,3500.0
3843,2530,204,4,2500.0
3844,2530,202,4,800.0
3845,2531,220,2,7000.0
3846,2532,213,3,2200.0
3847,2532,218,4,3500.0
3848,2532,227,4,1800.0
3849,2533,223,3,900.0
3850,2533,210,3,25000.0
3851,2534,213,2,2200.0
3852,2535,217,3,500.0
3853,2535,201,3,55000.0
3854,2535,203,3,1500.0
3855,2536,229,2,6500.0
3856,2536,206,3,1999.0
3857,2537,205,1,999.0
3858,2538,217,1,500.0
3859,2538,212,3,12500.0
3860,2539,212,3,12500.0
3861,2539,210,4,25000.0
3862,2540,210,1,25000.0
3863,2540,206,1,1999.0
3864,2540,211,3,1500.0
3865,2540,201,3,55000.0
3866,2541,210,1,25000.0
3867,2541,202,3,800.0
3868,2541,203,1,1500.0
3869,2542,213,4,2200.0
3870,2543,223,4,900.0
3871,2543,202,1,800.0
3872,2544,224,1,3500.0
3873,2544,218,3,3500.0
3874,2544,213,2,2200.0
3875,2545,201,2,55000.0
3876,2545,210,3,25000.0
3877,2546,212,3,12500.0
3878,2546,226,4,900.0
3879,2546,203,3,1500.0
3880,2547,223,4,900.0
3881,2547,220,1,7000.0
3882,2547,215,3,18000.0
3883,2548,230,3,4800.0
3884,2549,218,3,3500.0
3885,2549,229,1,6500.0
3886,2549,213,1,2200.0
3887,2549,202,3,800.0
3888,2550,230,4,4800.0
3889,2550,205,3,999.0
3890,2551,227,4,1800.0
3891,2552,230,1,4800.0
3892,2552,208,3,1499.0
3893,2552,225,3,3000.0
3894,2553,227,2,1800.0
3895,2553,229,3,6500.0
3896,2553,215,2,18000.0
3897,2553,208,2,1499.0
3898,2554,210,3,25000.0
3899,2554,226,4,900.0
3900,2554,213,3,2200.0
3901,2554,212,1,12500.0
3902,2555,210,4,25000.0
3903,2555,208,1,1499.0
3904,2555,218,4,3500.0
3905,2556,206,2,1999.0
3906,2556,201,1,55000.0
3907,2556,219,2,8500.0
3908,2557,217,4,500.0
3909,2557,218,2,3500.0
3910,2558,213,3,2200.0
3911,2558,221,1,5500.0
3912,2558,229,3,6500.0
3913,2559,201,1,55000.0
3914,2559,226,2,900.0
3915,2560,230,2,4800.0
3916,2560,218,4,3500.0
3917,2561,212,4,12500.0
3918,2561,230,4,4800.0
3919,2561,222,3,1800.0
3920,2561,221,3,5500.0
3921,2562,224,4,3500.0
3922,2562,206,1,1999.0
3923,2562,213,2,2200.0
3924,2563,208,1,1499.0
3925,2563,225,2,3000.0
3926,2563,229,4,6500.0
3927,2564,207,3,2999.0
3928,2564,204,1,2500.0
3929,2564,208,3,1499.0
3930,2564,225,3,3000.0
3931,2565,213,2,2200.0
3932,2565,219,1,8500.0
3933,2566,206,1,1999.0
3934,2566,207,4,2999.0
3935,2567,206,4,1999.0
3936,2567,212,4,12500.0
3937,2568,208,1,1499.0
3938,2568,212,2,12500.0
3939,2569,217,2,500.0
3940,2570,221,3,5500.0
3941,2570,212,4,12500.0
3942,2570,220,1,7000.0
3943,2571,229,3,6500.0
3944,2571,226,3,900.0
3945,2571,223,3,900.0
3946,2572,202,2,800.0
3947,2572,216,2,1800.0
3948,2572,217,3,500.0
3949,2573,209,4,2499.0
3950,2574,224,4,3500.0
3951,2574,212,1,12500.0
3952,2575,223,2,900.0
3953,2576,211,4,1500.0
3954,2577,228,1,3200.0
3955,2577,203,4,1500.0
3956,2577,221,1,5500.0
3957,2578,209,3,2499.0
3958,2579,226,4,900.0
3959,2579,208,2,1499.0
3960,2579,217,1,500.0
3961,2579,201,1,55000.0
3962,2580,208,3,1499.0
3963,2580,219,3,8500.0
3964,2580,224,2,3500.0
3965,2580,212,1,12500.0
3966,2581,202,3,800.0
3967,2582,226,1,900.0
3968,2582,206,2,1999.0
3969,2582,218,4,3500.0
3970,2582,207,1,2999.0
3971,2583,214,1,28000.0
3972,2584,207,1,2999.0
3973,2584,213,4,2200.0
3974,2585,209,3,2499.0
3975,2585,216,1,1800.0
3976,2585,223,1,900.0
3977,2585,227,4,1800.0
3978,2586,207,2,2999.0
3979,2586,211,3,1500.0
3980,2586,215,3,18000.0
3981,2586,201,2,55000.0
3982,2587,217,4,500.0
3983,2588,224,3,3500.0
3984,2589,210,2,25000.0
3985,2590,218,4,3500.0
3986,2590,222,4,1800.0
3987,2590,216,2,1800.0
3988,2590,202,3,800.0
3989,2591,201,2,55000.0
3990,2591,213,3,2200.0
3991,2592,228,1,3200.0
3992,2593,221,1,5500.0
3993,2593,204,3,2500.0
3994,2594,228,2,3200.0
3995,2594,215,2,18000.0
3996,2594,222,3,1800.0
3997,2595,212,2,12500.0
3998,2595,210,2,25000.0
3999,2595,226,4,900.0
4000,2595,221,4,5500.0
4001,2596,207,1,2999.0
4002,2596,221,3,5500.0
4003,2596,202,3,800.0
4004,2596,227,3,1800.0
4005,2597,224,1,3500.0
4006,2597,215,2,18000.0
4007,2597,206,2,1999.0
4008,2597,209,2,2499.0
4009,2598,215,4,18000.0
4010,2598,203,3,1500.0
4011,2598,207,4,2999.0
4012,2599,221,1,5500.0
4013,2600,208,1,1499.0
4014,2600,214,4,28000.0
4015,2601,227,1,1800.0
4016,2601,219,4,8500.0
4017,2601,228,3,3200.0
4018,2601,212,1,12500.0
4019,2602,221,3,5500.0
4020,2602,207,2,2999.0
4021,2602,223,2,900.0
4022,2602,209,3,2499.0
4023,2603,210,4,25000.0
4024,2603,204,4,2500.0
4025,2603,223,3,900.0
4026,2603,202,3,800.0
4027,2604,213,2,2200.0
4028,2604,210,1,25000.0
4029,2604,219,4,8500.0
4030,2605,203,2,1500.0
4031,2605,229,4,6500.0
4032,2606,212,4,12500.0
4033,2607,211,4,1500.0
4034,2608,223,4,900.0
4035,2609,219,3,8500.0
4036,2609,215,3,18000.0
4037,2609,221,2,5500.0
4038,2610,204,2,2500.0
4039,2610,210,3,25000.0
4040,2611,208,1,1499.0
4041,2611,201,3,55000.0
4042,2611,219,3,8500.0
4043,2612,202,2,800.0
4044,2613,212,4,12500.0
4045,2614,209,4,2499.0
4046,2614,204,4,2500.0
4047,2614,219,3,8500.0
4048,2615,206,2,1999.0
4049,2615,213,4,2200.0
4050,2615,215,3,18000.0
4051,2616,219,2,8500.0
4052,2616,227,1,1800.0
4053,2617,217,3,500.0
4054,2617,206,4,1999.0
4055,2618,227,2,1800.0
4056,2618,201,2,55000.0
4057,2619,225,1,3000.0
4058,2619,222,1,1800.0
4059,2619,224,2,3500.0
4060,2619,217,4,500.0
4061,2620,214,4,28000.0
4062,2621,219,3,8500.0
4063,2621,209,3,2499.0
4064,2622,209,2,2499.0
4065,2622,215,1,18000.0
4066,2623,219,2,8500.0
4067,2623,203,2,1500.0
4068,2623,228,4,3200.0
4069,2624,213,3,2200.0
4070,2625,211,4,1500.0
4071,2625,219,4,8500.0
4072,2626,227,4,1800.0
4073,2626,220,2,7000.0
4074,2626,215,2,18000.0
4075,2626,210,3,25000.0
4076,2627,210,3,25000.0
4077,2627,225,2,3000.0
4078,2627,203,2,1500.0
4079,2627,213,2,2200.0
4080,2628,208,1,1499.0
4081,2628,227,2,1800.0
4082,2628,229,3,6500.0
4083,2628,214,1,28000.0
4084,2629,214,3,28000.0
4085,2630,223,3,900.0
4086,2630,218,1,3500.0
4087,2631,203,1,1500.0
4088,2632,213,4,2200.0
4089,2632,219,1,8500.0
4090,2633,223,1,900.0
4091,2633,220,1,7000.0
4092,2634,221,2,5500.0
4093,2635,210,4,25000.0
4094,2635,214,1,28000.0
4095,2635,221,2,5500.0
4096,2636,216,4,1800.0
4097,2636,217,3,500.0
4098,2637,213,1,2200.0
4099,2638,216,3,1800.0
4100,2638,208,2,1499.0
4101,2638,224,3,3500.0
4102,2639,227,1,1800.0
4103,2639,216,1,1800.0
4104,2639,230,3,4800.0
4105,2639,214,2,28000.0
4106,2640,205,1,999.0
4107,2641,226,4,900.0
4108,2641,218,4,3500.0
4109,2641,225,2,3000.0
4110,2642,210,4,25000.0
4111,2642,222,2,1800.0
4112,2643,217,3,500.0
4113,2643,201,4,55000.0
4114,2643,221,1,5500.0
4115,2644,227,2,1800.0
4116,2645,208,4,1499.0
4117,2645,213,2,2200.0
4118,2645,218,2,3500.0
4119,2645,202,2,800.0
4120,2646,226,1,900.0
4121,2646,228,3,3200.0
4122,2646,221,1,5500.0
4123,2647,223,3,900.0
4124,2647,227,1,1800.0
4125,2647,213,4,2200.0
4126,2647,219,2,8500.0
4127,2648,213,4,2200.0
4128,2648,203,4,1500.0
4129,2648,214,1,28000.0
4130,2648,229,4,6500.0
4131,2649,203,4,1500.0
4132,2649,225,4,3000.0
4133,2650,221,3,5500.0
4134,2650,229,4,6500.0
4135,2650,224,2,3500.0
4136,2651,208,3,1499.0
4137,2651,222,1,1800.0
4138,2652,218,3,3500.0
4139,2652,226,1,900.0
4140,2653,217,3,500.0
4141,2653,210,1,25000.0
4142,2653,209,1,2499.0
4143,2654,217,1,500.0
4144,2655,208,2,1499.0
4145,2655,205,3,999.0
4146,2655,224,2,3500.0
4147,2655,202,1,800.0
4148,2656,204,1,2500.0
4149,2657,230,1,4800.0
4150,2657,207,2,2999.0
4151,2657,211,4,1500.0
4152,2657,204,1,2500.0
4153,2658,206,2,1999.0
4154,2658,230,3,4800.0
4155,2659,213,3,2200.0
4156,2660,216,4,1800.0
4157,2661,229,1,6500.0
4158,2661,207,3,2999.0
4159,2661,219,2,8500.0
4160,2661,210,2,25000.0
4161,2662,218,1,3500.0
4162,2663,229,3,6500.0
4163,2664,210,1,25000.0
4164,2664,228,3,3200.0
4165,2665,213,1,2200.0
4166,2666,207,3,2999.0
4167,2666,206,3,1999.0
4168,2666,226,1,900.0
4169,2666,223,2,900.0
4170,2667,216,3,1800.0
4171,2668,206,3,1999.0
4172,2668,211,2,1500.0
4173,2668,226,4,900.0
4174,2669,212,4,12500.0
4175,2669,206,1,1999.0
4176,2670,225,1,3000.0
4177,2670,219,4,8500.0
4178,2670,210,2,25000.0
4179,2670,207,2,2999.0
4180,2671,222,2,1800.0
4181,2671,203,4,1500.0
4182,2671,225,2,3000.0
4183,2672,225,4,3000.0
4184,2672,209,1,2499.0
4185,2673,201,3,55000.0
4186,2674,230,3,4800.0
4187,2674,229,1,6500.0
4188,2675,205,4,999.0
4189,2676,229,1,6500.0
4190,2676,212,2,12500.0
4191,2676,215,4,18000.0
4192,2676,211,3,1500.0
4193,2677,213,3,2200.0
4194,2677,202,4,800.0
4195,2678,201,1,55000.0
4196,2679,226,4,900.0
4197,2679,219,4,8500.0
4198,2679,217,1,500.0
4199,2680,210,4,25000.0
4200,2680,201,1,55000.0
4201,2681,224,3,3500.0
4202,2681,217,3,500.0
4203,2681,213,3,2200.0
4204,2681,219,1,8500.0
4205,2682,211,3,1500.0
4206,2682,221,3,5500.0
4207,2682,226,3,900.0
4208,2683,204,3,2500.0
4209,2683,215,4,18000.0
4210,2684,207,3,2999.0
4211,2684,206,4,1999.0
4212,2684,224,3,3500.0
4213,2684,218,3,3500.0
4214,2685,209,3,2499.0
4215,2685,204,4,2500.0
4216,2686,225,2,3000.0
4217,2687,210,3,25000.0
4218,2687,212,1,12500.0
4219,2687,225,3,3000.0
4220,2688,208,1,1499.0
4221,2688,205,3,999.0
4222,2688,209,1,2499.0
4223,2688,207,1,2999.0
4224,2689,227,3,1800.0
4225,2689,218,2,3500.0
4226,2689,215,4,18000.0
4227,2690,205,3,999.0
4228,2691,220,2,7000.0
4229,2691,215,1,18000.0
4230,2691,226,4,900.0
4231,2692,204,3,2500.0
4232,2692,229,1,6500.0
4233,2693,215,1,18000.0
4234,2693,217,4,500.0
4235,2693,224,4,3500.0
4236,2694,224,1,3500.0
4237,2694,230,4,4800.0
4238,2694,218,3,3500.0
4239,2694,202,2,800.0
4240,2695,220,2,7000.0
4241,2695,208,1,1499.0
4242,2696,210,2,25000.0
4243,2696,214,4,28000.0
4244,2696,226,1,900.0
4245,2697,229,2,6500.0
4246,2697,224,4,3500.0
4247,2697,217,3,500.0
4248,2698,223,3,900.0
4249,2699,216,3,1800.0
4250,2699,202,2,800.0
4251,2699,207,4,2999.0
4252,2699,204,2,2500.0
4253,2700,220,4,7000.0
4254,2700,205,2,999.0
4255,2700,229,4,6500.0
4256,2700,215,3,18000.0
4257,2701,227,4,1800.0
4258,2702,211,3,1500.0
4259,2703,216,4,1800.0
4260,2703,204,3,2500.0
4261,2704,223,4,900.0
4262,2704,218,2,3500.0
4263,2704,211,2,1500.0
4264,2705,219,2,8500.0
4265,2705,204,2,2500.0
4266,2706,220,4,7000.0
4267,2707,224,2,3500.0
4268,2707,223,3,900.0
4269,2707,214,2,28000.0
4270,2707,208,3,1499.0
4271,2708,218,3,3500.0
4272,2708,223,1,900.0
4273,2709,226,4,900.0
4274,2709,209,2,2499.0
4275,2710,201,2,55000.0
4276,2710,213,4,2200.0
4277,2710,210,4,25000.0
4278,2710,204,3,2500.0
4279,2711,217,4,500.0
4280,2712,224,3,3500.0
4281,2712,215,1,18000.0
4282,2712,210,1,25000.0
4283,2713,219,3,8500.0
4284,2713,204,3,2500.0
4285,2714,207,2,2999.0
4286,2715,211,3,1500.0
4287,2715,228,3,3200.0
4288,2715,201,4,55000.0
4289,2716,216,2,1800.0
4290,2716,228,1,3200.0
4291,2716,221,4,5500.0
4292,2716,206,2,1999.0
4293,2717,219,4,8500.0
4294,2717,229,3,6500.0
4295,2717,217,2,500.0
4296,2717,228,1,3200.0
4297,2718,211,1,1500.0
4298,2719,221,3,5500.0
4299,2719,212,3,12500.0
4300,2719,216,3,1800.0
4301,2719,229,4,6500.0
4302,2720,227,4,1800.0
4303,2720,225,3,3000.0
4304,2721,203,1,1500.0
4305,2721,213,3,2200.0
4306,2721,204,1,2500.0
4307,2722,211,4,1500.0
4308,2723,204,4,2500.0
4309,2724,205,3,999.0
4310,2725,229,2,6500.0
4311,2726,205,4,999.0
4312,2727,219,3,8500.0
4313,2727,210,2,25000.0
4314,2727,202,1,800.0
4315,2727,222,3,1800.0
4316,2728,213,1,2200.0
4317,2728,209,4,2499.0
4318,2728,219,4,8500.0
4319,2728,226,3,900.0
4320,2729,215,2,18000.0
4321,2729,208,4,1499.0
4322,2729,222,4,1800.0
4323,2729,206,2,1999.0
4324,2730,213,2,2200.0
4325,2731,208,2,1499.0
4326,2731,222,2,1800.0
4327,2732,228,1,3200.0
4328,2732,223,4,900.0
4329,2733,204,2,2500.0
4330,2734,206,1,1999.0
4331,2734,216,2,1800.0
4332,2735,223,3,900.0
4333,2735,220,3,7000.0
4334,2735,205,4,999.0
4335,2735,208,1,1499.0
4336,2736,224,2,3500.0
4337,2736,201,1,55000.0
4338,2736,212,4,12500.0
4339,2737,227,4,1800.0
4340,2737,213,3,2200.0
4341,2737,225,2,3000.0
4342,2738,225,3,3000.0
4343,2738,217,1,500.0
4344,2738,215,2,18000.0
4345,2738,227,4,1800.0
4346,2739,224,4,3500.0
4347,2739,212,2,12500.0
4348,2739,218,4,3500.0
4349,2740,229,1,6500.0
4350,2741,207,2,2999.0
4351,2742,230,4,4800.0
4352,2742,211,1,1500.0
4353,2742,210,2,25000.0
4354,2742,209,2,2499.0
4355,2743,224,2,3500.0
4356,2743,217,4,500.0
4357,2743,204,3,2500.0
4358,2744,229,3,6500.0
4359,2745,208,1,1499.0
4360,2745,205,1,999.0
4361,2745,214,2,28000.0
4362,2745,226,4,900.0
4363,2746,205,3,999.0
4364,2747,210,2,25000.0
4365,2748,201,4,55000.0
4366,2749,220,3,7000.0
4367,2749,226,4,900.0
4368,2749,228,1,3200.0
4369,2750,212,3,12500.0
4370,2750,229,2,6500.0
4371,2751,206,4,1999.0
4372,2752,210,3,25000.0
4373,2753,206,1,1999.0
4374,2753,208,1,1499.0
4375,2753,221,3,5500.0
4376,2753,201,1,55000.0
4377,2754,225,3,3000.0
4378,2754,226,4,900.0
4379,2755,208,4,1499.0
4380,2756,208,1,1499.0
4381,2757,218,1,3500.0
4382,2757,222,2,1800.0
4383,2757,203,2,1500.0
4384,2758,212,4,12500.0
4385,2758,208,1,1499.0
4386,2758,225,2,3000.0
4387,2759,220,4,7000.0
4388,2759,217,4,500.0
4389,2760,218,1,3500.0
4390,2760,217,3,500.0
4391,2760,227,2,1800.0
4392,2760,215,1,18000.0
4393,2761,226,3,900.0
4394,2761,204,3,2500.0
4395,2762,211,1,1500.0
4396,2762,223,3,900.0
4397,2762,221,4,5500.0
4398,2762,225,4,3000.0
4399,2763,211,2,1500.0
4400,2763,229,2,6500.0
4401,2763,204,4,2500.0
4402,2763,219,3,8500.0
4403,2764,207,2,2999.0
4404,2764,214,1,28000.0
4405,2765,221,4,5500.0
4406,2766,230,3,4800.0
4407,2766,215,3,18000.0
4408,2766,212,3,12500.0
4409,2767,229,3,6500.0
4410,2767,205,3,999.0
4411,2767,220,2,7000.0
4412,2768,212,1,12500.0
4413,2768,224,3,3500.0
4414,2769,220,4,7000.0
4415,2770,226,2,900.0
4416,2771,208,3,1499.0
4417,2772,211,2,1500.0
4418,2772,208,1,1499.0
4419,2772,209,4,2499.0
4420,2772,201,2,55000.0
4421,2773,211,2,1500.0
4422,2773,218,1,3500.0
4423,2774,222,3,1800.0
4424,2774,219,1,8500.0
4425,2774,223,3,900.0
4426,2775,214,4,28000.0
4427,2775,201,4,55000.0
4428,2776,208,2,1499.0
4429,2776,218,2,3500.0
4430,2777,214,2,28000.0
4431,2777,229,2,6500.0
4432,2777,219,3,8500.0
4433,2777,221,3,5500.0
4434,2778,203,1,1500.0
4435,2778,214,1,28000.0
4436,2779,221,3,5500.0
4437,2779,202,2,800.0
4438,2779,203,1,1500.0
4439,2779,204,4,2500.0
4440,2780,215,1,18000.0
4441,2781,226,4,900.0
4442,2781,228,1,3200.0
4443,2781,218,3,3500.0
4444,2782,225,2,3000.0
4445,2782,224,1,3500.0
4446,2783,203,2,1500.0
4447,2784,216,3,1800.0
4448,2784,213,4,2200.0
4449,2784,223,1,900.0
4450,2784,225,3,3000.0
4451,2785,226,4,900.0
4452,2786,216,2,1800.0
4453,2787,227,4,1800.0
4454,2787,203,4,1500.0
4455,2788,216,2,1800.0
4456,2788,201,4,55000.0
4457,2788,225,4,3000.0
4458,2788,215,2,18000.0
4459,2789,210,4,25000.0
4460,2789,211,2,1500.0
4461,2789,213,1,2200.0
4462,2789,220,3,7000.0
4463,2790,230,3,4800.0
4464,2791,229,1,6500.0
4465,2791,215,2,18000.0
4466,2791,216,3,1800.0
4467,2792,210,1,25000.0
4468,2793,209,4,2499.0
4469,2793,228,4,3200.0
4470,2794,215,3,18000.0
4471,2794,220,2,7000.0
4472,2794,211,3,1500.0
4473,2795,212,1,12500.0
4474,2795,225,2,3000.0
4475,2795,217,2,500.0
4476,2795,218,2,3500.0
4477,2796,218,3,3500.0
4478,2796,211,2,1500.0
4479,2796,224,1,3500.0
4480,2797,214,1,28000.0
4481,2797,215,4,18000.0
4482,2798,213,1,2200.0
4483,2798,228,3,3200.0
4484,2798,210,2,25000.0
4485,2798,203,4,1500.0
4486,2799,225,4,3000.0
4487,2799,217,1,500.0
4488,2800,219,3,8500.0
4489,2800,221,1,5500.0
4490,2800,208,2,1499.0
4491,2800,227,3,1800.0
4492,2801,202,4,800.0
4493,2801,212,1,12500.0
4494,2801,204,1,2500.0
4495,2801,226,1,900.0
4496,2802,227,4,1800.0
4497,2803,221,2,5500.0
4498,2803,207,3,2999.0
4499,2803,219,1,8500.0
4500,2804,208,2,1499.0
4501,2804,203,3,1500.0
4502,2805,220,3,7000.0
4503,2805,223,2,900.0
4504,2805,217,2,500.0
4505,2805,218,4,3500.0
4506,2806,206,4,1999.0
4507,2807,206,3,1999.0
4508,2807,209,4,2499.0
4509,2807,215,4,18000.0
4510,2807,216,4,1800.0
4511,2808,217,2,500.0
4512,2808,225,4,3000.0
4513,2808,207,1,2999.0
4514,2809,229,2,6500.0
4515,2809,219,4,8500.0
4516,2810,207,4,2999.0
4517,2810,206,4,1999.0
4518,2810,215,1,18000.0
4519,2811,213,3,2200.0
4520,2812,220,3,7000.0
4521,2812,215,4,18000.0
4522,2813,205,3,999.0
4523,2814,208,3,1499.0
4524,2814,204,3,2500.0
4525,2814,228,1,3200.0
4526,2815,209,4,2499.0
4527,2815,210,1,25000.0
4528,2815,222,3,1800.0
4529,2815,223,2,900.0
4530,2816,224,3,3500.0
4531,2816,225,2,3000.0
4532,2817,215,4,18000.0
4533,2817,202,1,800.0
4534,2817,209,2,2499.0
4535,2818,208,4,1499.0
4536,2818,211,2,1500.0
4537,2818,210,2,25000.0
4538,2819,217,2,500.0
4539,2819,224,2,3500.0
4540,2819,201,3,55000.0
4541,2820,220,1,7000.0
4542,2821,227,3,1800.0
4543,2821,206,3,1999.0
4544,2822,228,3,3200.0
4545,2822,226,3,900.0
4546,2822,207,1,2999.0
4547,2822,217,3,500.0
4548,2823,206,2,1999.0
4549,2823,226,1,900.0
4550,2824,205,1,999.0
4551,2824,223,4,900.0
4552,2825,211,3,1500.0
4553,2825,224,2,3500.0
4554,2825,225,4,3000.0
4555,2826,212,3,12500.0
4556,2826,206,3,1999.0
4557,2826,225,2,3000.0
4558,2826,214,2,28000.0
4559,2827,224,1,3500.0
4560,2828,206,1,1999.0
4561,2828,204,1,2500.0
4562,2829,230,2,4800.0
4563,2829,223,4,900.0
4564,2829,222,1,1800.0
4565,2829,215,1,18000.0
4566,2830,209,4,2499.0
4567,2830,221,3,5500.0
4568,2831,228,1,3200.0
4569,2831,221,1,5500.0
4570,2831,218,1,3500.0
4571,2831,209,4,2499.0
4572,2832,227,2,1800.0
4573,2832,221,2,5500.0
4574,2832,206,1,1999.0
4575,2833,220,2,7000.0
4576,2833,227,2,1800.0
4577,2834,224,2,3500.0
4578,2834,230,1,4800.0
4579,2834,215,3,18000.0
4580,2835,220,4,7000.0
4581,2836,218,2,3500.0
4582,2836,220,4,7000.0
4583,2836,205,2,999.0
4584,2836,212,4,12500.0
4585,2837,201,3,55000.0
4586,2838,230,1,4800.0
4587,2839,207,3,2999.0
4588,2839,220,2,7000.0
4589,2839,217,2,500.0
4590,2839,219,1,8500.0
4591,2840,222,4,1800.0
4592,2840,209,1,2499.0
4593,2840,216,3,1800.0
4594,2841,207,4,2999.0
4595,2841,215,1,18000.0
4596,2842,213,2,2200.0
4597,2842,215,3,18000.0
4598,2843,224,4,3500.0
4599,2843,216,2,1800.0
4600,2844,215,1,18000.0
4601,2844,204,1,2500.0
4602,2844,226,4,900.0
4603,2844,222,2,1800.0
4604,2845,227,3,1800.0
4605,2846,222,1,1800.0
4606,2846,223,2,900.0
4607,2846,225,4,3000.0
4608,2847,219,1,8500.0
4609,2848,222,4,1800.0
4610,2849,222,2,1800.0
4611,2849,216,1,1800.0
4612,2850,224,1,3500.0
4613,2850,206,4,1999.0
4614,2850,203,2,1500.0
4615,2850,213,2,2200.0
4616,2851,226,1,900.0
4617,2851,224,3,3500.0
4618,2851,220,3,7000.0
4619,2851,205,3,999.0
4620,2852,211,1,1500.0
4621,2852,227,4,1800.0
4622,2852,218,1,3500.0
4623,2852,214,1,28000.0
4624,2853,202,3,800.0
4625,2853,211,3,1500.0
4626,2853,210,2,25000.0
4627,2853,219,4,8500.0
4628,2854,228,2,3200.0
4629,2854,211,1,1500.0
4630,2855,228,2,3200.0
4631,2855,213,2,2200.0
4632,2855,220,2,7000.0
4633,2856,207,4,2999.0
4634,2856,220,3,7000.0
4635,2856,211,3,1500.0
4636,2857,226,1,900.0
4637,2857,211,3,1500.0
4638,2857,225,3,3000.0
4639,2858,212,1,12500.0
4640,2858,224,2,3500.0
4641,2858,213,1,2200.0
4642,2858,230,4,4800.0
4643,2859,230,4,4800.0
4644,2859,210,2,25000.0
4645,2859,226,4,900.0
4646,2860,221,1,5500.0
4647,2860,202,3,800.0
4648,2861,202,4,800.0
4649,2861,219,2,8500.0
4650,2862,213,3,2200.0
4651,2862,228,1,3200.0
4652,2862,211,4,1500.0
4653,2862,206,3,1999.0
4654,2863,212,1,12500.0
4655,2863,211,4,1500.0
4656,2864,201,1,55000.0
4657,2864,207,3,2999.0
4658,2864,228,4,3200.0
4659,2864,206,3,1999.0
4660,2865,205,1,999.0
4661,2865,225,4,3000.0
4662,2865,224,2,3500.0
4663,2865,229,3,6500.0
4664,2866,206,2,1999.0
4665,2867,216,3,1800.0
4666,2867,227,4,1800.0
4667,2867,229,4,6500.0
4668,2868,205,2,999.0
4669,2869,229,4,6500.0
4670,2869,211,1,1500.0
4671,2870,206,2,1999.0
4672,2870,217,1,500.0
4673,2871,224,2,3500.0
4674,2871,225,2,3000.0
4675,2871,230,2,4800.0
4676,2872,216,4,1800.0
4677,2873,211,1,1500.0
4678,2873,202,4,800.0
4679,2873,224,3,3500.0
4680,2874,223,4,900.0
4681,2874,218,4,3500.0
4682,2874,217,3,500.0
4683,2874,212,1,12500.0
4684,2875,213,2,2200.0
4685,2875,212,2,12500.0
4686,2875,209,3,2499.0
4687,2876,213,1,2200.0
4688,2876,217,2,500.0
4689,2876,223,4,900.0
4690,2876,226,4,900.0
4691,2877,229,1,6500.0
4692,2877,209,1,2499.0
4693,2877,217,4,500.0
4694,2877,221,1,5500.0
4695,2878,220,2,7000.0
4696,2878,209,4,2499.0
4697,2879,225,1,3000.0
4698,2879,215,4,18000.0
4699,2879,201,1,55000.0
4700,2880,228,3,3200.0
4701,2881,210,4,25000.0
4702,2881,203,2,1500.0
4703,2881,220,4,7000.0
4704,2882,207,3,2999.0
4705,2882,222,3,1800.0
4706,2882,211,2,1500.0
4707,2882,213,4,2200.0
4708,2883,204,1,2500.0
4709,2883,201,3,55000.0
4710,2883,219,3,8500.0
4711,2883,225,2,3000.0
4712,2884,208,4,1499.0
4713,2884,205,3,999.0
4714,2884,222,1,1800.0
4715,2884,211,2,1500.0
4716,2885,225,3,3000.0
4717,2886,204,4,2500.0
4718,2887,221,2,5500.0
4719,2888,224,1,3500.0
4720,2888,218,4,3500.0
4721,2888,216,4,1800.0
4722,2889,226,2,900.0
4723,2889,219,1,8500.0
4724,2889,211,1,1500.0
4725,2890,220,4,7000.0
4726,2890,229,2,6500.0
4727,2890,226,1,900.0
4728,2891,209,1,2499.0
4729,2892,228,2,3200.0
4730,2892,215,2,18000.0
4731,2892,210,4,25000.0
4732,2893,204,2,2500.0
4733,2894,206,4,1999.0
4734,2894,223,3,900.0
4735,2895,212,3,12500.0
4736,2895,206,1,1999.0
4737,2895,204,4,2500.0
4738,2896,223,2,900.0
4739,2896,206,2,1999.0
4740,2896,230,1,4800.0
4741,2896,219,2,8500.0
4742,2897,213,1,2200.0
4743,2897,222,2,1800.0
4744,2897,208,3,1499.0
4745,2898,219,2,8500.0
4746,2898,202,4,800.0
4747,2898,228,3,3200.0
4748,2899,224,1,3500.0
4749,2900,227,4,1800.0
4750,2900,213,4,2200.0
4751,2901,227,1,1800.0
4752,2901,218,3,3500.0
4753,2901,226,3,900.0
4754,2901,224,2,3500.0
4755,2902,230,2,4800.0
4756,2902,208,1,1499.0
4757,2902,209,4,2499.0
4758,2902,223,3,900.0
4759,2903,225,2,3000.0
4760,2904,206,3,1999.0
4761,2904,216,1,1800.0
4762,2904,203,4,1500.0
4763,2905,202,1,800.0
4764,2905,228,1,3200.0
4765,2906,201,1,55000.0
4766,2906,209,2,2499.0
4767,2907,201,4,55000.0
4768,2907,202,1,800.0
4769,2907,219,1,8500.0
4770,2908,211,3,1500.0
4771,2909,211,3,1500.0
4772,2909,228,3,3200.0
4773,2909,226,3,900.0
4774,2910,212,2,12500.0
4775,2911,203,4,1500.0
4776,2911,224,4,3500.0
4777,2912,222,3,1800.0
4778,2912,210,2,25000.0
4779,2912,213,2,2200.0
4780,2913,228,4,3200.0
4781,2913,220,4,7000.0
4782,2914,225,2,3000.0
4783,2914,217,1,500.0
4784,2914,221,3,5500.0
4785,2915,201,2,55000.0
4786,2915,222,4,1800.0
4787,2915,219,2,8500.0
4788,2916,224,4,3500.0
4789,2916,208,2,1499.0
4790,2917,221,2,5500.0
4791,2917,203,3,1500.0
4792,2918,209,1,2499.0
4793,2918,212,3,12500.0
4794,2918,213,1,2200.0
4795,2918,224,1,3500.0
4796,2919,224,3,3500.0
4797,2919,218,4,3500.0
4798,2919,229,1,6500.0
4799,2920,230,3,4800.0
4800,2920,220,3,7000.0
4801,2920,212,1,12500.0
4802,2921,211,1,1500.0
4803,2921,228,3,3200.0
4804,2921,201,1,55000.0
4805,2921,210,4,25000.0
4806,2922,217,1,500.0
4807,2922,203,4,1500.0
4808,2922,224,1,3500.0
4809,2923,214,4,28000.0
4810,2923,209,4,2499.0
4811,2923,217,2,500.0
4812,2923,210,1,25000.0
4813,2924,218,1,3500.0
4814,2924,214,4,28000.0
4815,2925,212,2,12500.0
4816,2925,202,2,800.0
4817,2926,229,1,6500.0
4818,2926,203,1,1500.0
4819,2927,230,1,4800.0
4820,2927,201,4,55000.0
4821,2927,202,2,800.0
4822,2928,201,3,55000.0
4823,2929,222,3,1800.0
4824,2929,212,4,12500.0
4825,2929,227,1,1800.0
4826,2930,229,1,6500.0
4827,2930,205,3,999.0
4828,2931,204,3,2500.0
4829,2932,224,2,3500.0
4830,2932,228,3,3200.0
4831,2933,226,3,900.0
4832,2933,223,2,900.0
4833,2933,213,3,2200.0
4834,2933,229,4,6500.0
4835,2934,202,4,800.0
4836,2934,222,1,1800.0
4837,2934,204,4,2500.0
4838,2935,221,4,5500.0
4839,2936,218,3,3500.0
4840,2937,201,2,55000.0
4841,2937,230,3,4800.0
4842,2937,221,2,5500.0
4843,2938,211,4,1500.0
4844,2938,204,4,2500.0
4845,2939,228,4,3200.0
4846,2939,224,4,3500.0
4847,2940,210,3,25000.0
4848,2941,224,2,3500.0
4849,2941,226,3,900.0
4850,2941,202,2,800.0
4851,2942,228,4,3200.0
4852,2943,204,2,2500.0
4853,2943,203,4,1500.0
4854,2944,226,4,900.0
4855,2944,213,1,2200.0
4856,2944,203,2,1500.0
4857,2945,220,3,7000.0
4858,2945,221,2,5500.0
4859,2946,213,1,2200.0
4860,2947,205,3,999.0
4861,2947,223,3,900.0
4862,2947,221,3,5500.0
4863,2948,207,1,2999.0
4864,2948,222,4,1800.0
4865,2948,202,2,800.0
4866,2948,223,2,900.0
4867,2949,215,2,18000.0
4868,2949,223,3,900.0
4869,2949,218,4,3500.0
4870,2949,222,4,1800.0
4871,2950,205,3,999.0
4872,2951,226,2,900.0
4873,2951,203,2,1500.0
4874,2952,219,3,8500.0
4875,2952,211,1,1500.0
4876,2952,202,2,800.0
4877,2952,215,3,18000.0
4878,2953,225,4,3000.0
4879,2953,201,2,55000.0
4880,2953,222,4,1800.0
4881,2954,219,4,8500.0
4882,2954,208,3,1499.0
4883,2954,228,2,3200.0
4884,2955,210,4,25000.0
4885,2956,202,3,800.0
4886,2956,214,2,28000.0
4887,2957,224,1,3500.0
4888,2957,213,3,2200.0
4889,2957,220,3,7000.0
4890,2957,201,2,55000.0
4891,2958,206,2,1999.0
4892,2958,207,1,2999.0
4893,2958,211,3,1500.0
4894,2959,214,3,28000.0
4895,2959,201,2,55000.0
4896,2959,212,1,12500.0
4897,2960,206,2,1999.0
4898,2960,220,2,7000.0
4899,2961,229,3,6500.0
4900,2961,223,3,900.0
4901,2961,216,2,1800.0
4902,2962,225,2,3000.0
4903,2962,226,1,900.0
4904,2962,207,1,2999.0
4905,2962,215,3,18000.0
4906,2963,210,2,25000.0
4907,2963,214,1,28000.0
4908,2963,216,2,1800.0
4909,2963,206,1,1999.0
4910,2964,226,1,900.0
4911,2965,202,2,800.0
4912,2965,223,4,900.0
4913,2966,226,3,900.0
4914,2966,203,4,1500.0
4915,2966,219,1,8500.0
4916,2967,221,4,5500.0
4917,2967,228,1,3200.0
4918,2967,216,2,1800.0
4919,2967,218,3,3500.0
4920,2968,226,2,900.0
4921,2968,227,4,1800.0
4922,2968,208,4,1499.0
4923,2968,214,3,28000.0
4924,2969,205,2,999.0
4925,2969,219,2,8500.0
4926,2969,215,3,18000.0
4927,2969,218,3,3500.0
4928,2970,216,3,1800.0
4929,2970,225,2,3000.0
4930,2970,217,3,500.0
4931,2970,230,3,4800.0
4932,2971,214,4,28000.0
4933,2971,217,3,500.0
4934,2971,228,2,3200.0
4935,2972,226,4,900.0
4936,2972,223,3,900.0
4937,2972,203,4,1500.0
4938,2972,222,2,1800.0
4939,2973,227,3,1800.0
4940,2973,214,3,28000.0
4941,2974,204,2,2500.0
4942,2974,215,4,18000.0
4943,2974,227,1,1800.0
4944,2974,213,3,2200.0
4945,2975,204,2,2500.0
4946,2975,226,2,900.0
4947,2975,230,4,4800.0
4948,2976,214,1,28000.0
4949,2976,210,2,25000.0
4950,2977,214,2,28000.0
4951,2977,203,3,1500.0
4952,2977,220,2,7000.0
4953,2978,210,4,25000.0
4954,2978,230,2,4800.0
4955,2979,215,2,18000.0
4956,2979,228,1,3200.0
4957,2980,209,1,2499.0
4958,2980,223,1,900.0
4959,2980,230,2,4800.0
4960,2981,226,1,900.0
4961,2981,212,1,12500.0
4962,2981,213,2,2200.0
4963,2981,214,2,28000.0
4964,2982,229,4,6500.0
4965,2982,212,4,12500.0
4966,2982,224,2,3500.0
4967,2983,213,4,2200.0
4968,2983,216,2,1800.0
4969,2983,218,4,3500.0
4970,2984,204,3,2500.0
4971,2984,202,2,800.0
4972,2984,217,4,500.0
4973,2985,210,1,25000.0
4974,2986,211,1,1500.0
4975,2987,201,1,55000.0
4976,2987,225,1,3000.0
4977,2988,227,2,1800.0
4978,2988,219,1,8500.0
4979,2989,212,2,12500.0
4980,2989,220,3,7000.0
4981,2989,202,2,800.0
4982,2990,229,1,6500.0
4983,2990,217,4,500.0
4984,2990,221,4,5500.0
4985,2990,224,3,3500.0
4986,2991,212,1,12500.0
4987,2991,227,4,1800.0
4988,2992,220,3,7000.0
4989,2992,230,2,4800.0
4990,2993,201,3,55000.0
4991,2994,219,1,8500.0
4992,2995,202,2,800.0
4993,2995,210,2,25000.0
4994,2995,218,3,3500.0
4995,2996,201,3,55000.0
4996,2996,221,2,5500.0
4997,2996,216,2,1800.0
4998,2997,209,1,2499.0
4999,2997,218,3,3500.0
5000,2998,208,2,1499.0
5001,2998,226,4,900.0
5002,2998,214,2,28000.0
5003,2999,222,3,1800.0
5004,2999,218,4,3500.0
5005,2999,229,2,6500.0
5006,2999,212,1,12500.0
5007,3000,217,4,500.0
5008,3001,209,1,2499.0
5009,3001,228,2,3200.0
5010,3002,222,3,1800.0
5011,3002,211,4,1500.0
5012,3003,221,1,5500.0
5013,3003,201,1,55000.0
5014,3003,204,2,2500.0
5015,3003,225,1,3000.0
5016,3004,227,3,1800.0
5017,3004,218,4,3500.0
5018,3004,213,3,2200.0
5019,3005,209,2,2499.0
5020,3005,220,1,7000.0
5021,3005,227,3,1800.0
5022,3005,217,4,500.0
5023,3006,216,4,1800.0
5024,3006,226,2,900.0
5025,3007,206,3,1999.0
5026,3007,218,2,3500.0
5027,3007,216,2,1800.0
5028,3007,208,3,1499.0
5029,3008,209,3,2499.0
5030,3008,213,4,2200.0
5031,3009,225,4,3000.0
5032,3009,211,4,1500.0
5033,3010,222,1,1800.0
5034,3010,225,3,3000.0
5035,3011,201,4,55000.0
5036,3011,211,3,1500.0
5037,3011,202,2,800.0
5038,3011,205,3,999.0
5039,3012,214,4,28000.0
5040,3013,228,1,3200.0
5041,3014,226,4,900.0
5042,3014,218,3,3500.0
5043,3014,208,2,1499.0
5044,3014,212,3,12500.0
5045,3015,224,3,3500.0
5046,3015,201,2,55000.0
5047,3015,226,4,900.0
5048,3015,213,4,2200.0
5049,3016,201,4,55000.0
5050,3016,211,2,1500.0
5051,3016,204,2,2500.0
5052,3017,224,4,3500.0
5053,3017,223,4,900.0
5054,3017,211,4,1500.0
5055,3017,204,3,2500.0
5056,3018,217,4,500.0
5057,3018,203,4,1500.0
5058,3018,209,2,2499.0
5059,3019,213,2,2200.0
5060,3020,204,4,2500.0
5061,3020,230,4,4800.0
5062,3020,228,1,3200.0
5063,3021,229,1,6500.0
5064,3021,208,4,1499.0
5065,3021,221,3,5500.0
5066,3021,218,1,3500.0
5067,3022,223,4,900.0
5068,3022,227,4,1800.0
5069,3022,205,1,999.0
5070,3023,223,3,900.0
5071,3024,221,2,5500.0
5072,3024,214,3,28000.0
5073,3025,229,3,6500.0
5074,3025,217,2,500.0
5075,3025,221,2,5500.0
5076,3025,225,3,3000.0
5077,3026,221,2,5500.0
5078,3026,209,2,2499.0
5079,3026,215,4,18000.0
5080,3027,201,4,55000.0
5081,3027,212,4,12500.0
5082,3027,230,1,4800.0
5083,3027,220,4,7000.0
5084,3028,205,1,999.0
5085,3029,214,4,28000.0
5086,3029,213,2,2200.0
5087,3029,227,3,1800.0
5088,3030,213,3,2200.0
5089,3030,212,3,12500.0
5090,3030,226,3,900.0
5091,3030,228,2,3200.0
5092,3031,221,3,5500.0
5093,3031,202,3,800.0
5094,3031,216,4,1800.0
5095,3032,208,2,1499.0
5096,3032,218,2,3500.0
5097,3032,217,4,500.0
5098,3033,229,3,6500.0
5099,3033,217,2,500.0
5100,3033,213,1,2200.0
5101,3034,201,4,55000.0
5102,3034,227,1,1800.0
5103,3035,217,2,500.0
5104,3035,201,4,55000.0
5105,3035,205,2,999.0
5106,3036,214,1,28000.0
5107,3036,211,4,1500.0
5108,3036,206,3,1999.0
5109,3037,203,2,1500.0
5110,3037,223,1,900.0
5111,3037,211,2,1500.0
5112,3037,225,3,3000.0
5113,3038,211,2,1500.0
5114,3038,223,2,900.0
5115,3038,220,1,7000.0
5116,3038,202,4,800.0
5117,3039,208,2,1499.0
5118,3039,207,2,2999.0
5119,3040,224,2,3500.0
5120,3040,205,1,999.0
5121,3040,209,2,2499.0
5122,3040,221,2,5500.0
5123,3041,208,4,1499.0
5124,3042,210,3,25000.0
5125,3042,213,4,2200.0
5126,3042,230,2,4800.0
5127,3043,216,1,1800.0
5128,3044,215,1,18000.0
5129,3044,207,3,2999.0
5130,3045,201,3,55000.0
5131,3045,220,3,7000.0
5132,3045,222,1,1800.0
5133,3045,221,3,5500.0
5134,3046,219,4,8500.0
5135,3046,215,3,18000.0
5136,3047,224,4,3500.0
5137,3048,217,2,500.0
5138,3048,209,2,2499.0
5139,3049,226,2,900.0
5140,3049,214,4,28000.0
5141,3049,210,3,25000.0
5142,3050,212,3,12500.0
5143,3050,227,1,1800.0
5144,3050,211,1,1500.0
5145,3051,207,2,2999.0
5146,3051,202,3,800.0
5147,3051,205,1,999.0
5148,3051,213,4,2200.0
5149,3052,204,3,2500.0
5150,3052,227,3,1800.0
5151,3052,210,4,25000.0
5152,3053,218,4,3500.0
5153,3053,205,4,999.0
5154,3053,215,4,18000.0
5155,3053,224,1,3500.0
5156,3054,221,3,5500.0
5157,3054,227,2,1800.0
5158,3055,220,1,7000.0
5159,3055,217,1,500.0
5160,3055,213,1,2200.0
5161,3056,230,3,4800.0
5162,3057,212,1,12500.0
5163,3058,218,2,3500.0
5164,3058,202,3,800.0
5165,3058,216,4,1800.0
5166,3058,224,2,3500.0
5167,3059,212,2,12500.0
5168,3059,210,1,25000.0
5169,3060,228,3,3200.0
5170,3061,202,4,800.0
5171,3061,213,2,2200.0
5172,3061,208,4,1499.0
5173,3061,204,1,2500.0
5174,3062,202,1,800.0
5175,3062,225,2,3000.0
5176,3062,222,3,1800.0
5177,3063,203,4,1500.0
5178,3064,216,4,1800.0
5179,3064,205,4,999.0
5180,3065,210,3,25000.0
5181,3065,230,3,4800.0
5182,3065,224,1,3500.0
5183,3065,211,1,1500.0
5184,3066,208,2,1499.0
5185,3066,224,1,3500.0
5186,3066,216,4,1800.0
5187,3067,212,2,12500.0
5188,3067,220,4,7000.0
5189,3067,205,4,999.0
5190,3067,207,3,2999.0
5191,3068,215,3,18000.0
5192,3068,207,2,2999.0
5193,3069,221,3,5500.0
5194,3069,229,4,6500.0
5195,3070,202,3,800.0
5196,3070,229,1,6500.0
5197,3071,218,4,3500.0
5198,3071,211,3,1500.0
5199,3071,224,1,3500.0
5200,3071,221,2,5500.0
5201,3072,204,3,2500.0
5202,3073,207,3,2999.0
5203,3073,229,1,6500.0
5204,3073,227,4,1800.0
5205,3073,228,2,3200.0
5206,3074,212,4,12500.0
5207,3074,203,1,1500.0
5208,3075,215,3,18000.0
5209,3076,210,4,25000.0
5210,3076,205,4,999.0
5211,3076,228,1,3200.0
5212,3077,228,1,3200.0
5213,3077,205,3,999.0
5214,3077,204,2,2500.0
5215,3078,208,3,1499.0
5216,3078,202,1,800.0
5217,3078,207,3,2999.0
5218,3078,216,4,1800.0
5219,3079,205,1,999.0
5220,3080,203,1,1500.0
5221,3080,226,2,900.0
5222,3080,228,4,3200.0
5223,3081,206,3,1999.0
5224,3081,214,3,28000.0
5225,3082,222,4,1800.0
5226,3082,207,2,2999.0
5227,3083,206,3,1999.0
5228,3083,202,1,800.0
5229,3083,219,3,8500.0
5230,3084,211,1,1500.0
5231,3084,205,4,999.0
5232,3084,227,2,1800.0
5233,3084,214,1,28000.0
5234,3085,225,4,3000.0
5235,3085,203,2,1500.0
5236,3085,201,3,55000.0
5237,3085,209,4,2499.0
5238,3086,229,2,6500.0
5239,3086,210,3,25000.0
5240,3086,215,1,18000.0
5241,3087,205,3,999.0
5242,3087,229,2,6500.0
5243,3088,225,4,3000.0
5244,3088,214,3,28000.0
5245,3088,216,4,1800.0
5246,3088,212,3,12500.0
5247,3089,207,2,2999.0
5248,3089,219,4,8500.0
5249,3089,205,2,999.0
5250,3090,211,1,1500.0
5251,3090,229,1,6500.0
5252,3091,216,3,1800.0
5253,3091,207,4,2999.0
5254,3092,222,3,1800.0
5255,3092,214,4,28000.0
5256,3092,223,2,900.0
5257,3092,220,2,7000.0
5258,3093,217,4,500.0
5259,3093,207,2,2999.0
5260,3093,204,4,2500.0
5261,3093,225,3,3000.0
5262,3094,217,2,500.0
5263,3094,213,1,2200.0
5264,3094,230,3,4800.0
5265,3095,227,2,1800.0
5266,3095,219,2,8500.0
5267,3095,208,4,1499.0
5268,3095,229,3,6500.0
5269,3096,222,2,1800.0
5270,3097,218,4,3500.0
5271,3097,206,4,1999.0
5272,3097,219,3,8500.0
5273,3097,205,1,999.0
5274,3098,202,3,800.0
5275,3098,228,3,3200.0
5276,3099,203,3,1500.0
5277,3099,217,1,500.0
5278,3099,227,4,1800.0
5279,3100,210,1,25000.0
5280,3100,228,3,3200.0
5281,3100,224,2,3500.0
5282,3101,205,3,999.0
5283,3101,207,2,2999.0
5284,3101,228,1,3200.0
5285,3101,208,4,1499.0
5286,3102,228,1,3200.0
5287,3103,211,1,1500.0
5288,3103,212,2,12500.0
5289,3104,228,1,3200.0
5290,3104,229,4,6500.0
5291,3104,214,1,28000.0
5292,3105,205,1,999.0
5293,3105,210,3,25000.0
5294,3105,209,2,2499.0
5295,3106,212,1,12500.0
5296,3106,224,2,3500.0
5297,3107,210,4,25000.0
5298,3108,227,2,1800.0
5299,3109,203,3,1500.0
5300,3109,222,2,1800.0
5301,3109,216,4,1800.0
5302,3110,214,1,28000.0
5303,3111,203,3,1500.0
5304,3111,209,4,2499.0
5305,3111,217,2,500.0
5306,3111,207,3,2999.0
5307,3112,229,1,6500.0
5308,3112,211,1,1500.0
5309,3112,207,4,2999.0
5310,3113,224,3,3500.0
5311,3113,209,4,2499.0
5312,3113,217,2,500.0
5313,3114,210,4,25000.0
5314,3115,201,2,55000.0
5315,3115,219,2,8500.0
5316,3115,220,2,7000.0
5317,3116,213,3,2200.0
5318,3116,218,2,3500.0
5319,3117,203,4,1500.0
5320,3117,227,2,1800.0
5321,3117,214,2,28000.0
5322,3118,206,4,1999.0
5323,3118,228,2,3200.0
5324,3118,207,3,2999.0
5325,3119,230,2,4800.0
5326,3119,225,1,3000.0
5327,3119,213,2,2200.0
5328,3120,204,3,2500.0
5329,3120,224,2,3500.0
5330,3120,218,2,3500.0
5331,3121,227,1,1800.0
5332,3121,228,2,3200.0
5333,3121,230,1,4800.0
5334,3122,202,2,800.0
5335,3122,214,2,28000.0
5336,3122,216,4,1800.0
5337,3122,217,4,500.0
5338,3123,220,3,7000.0
5339,3123,213,4,2200.0
5340,3124,204,1,2500.0
5341,3125,215,2,18000.0
5342,3126,223,4,900.0
5343,3126,201,1,55000.0
5344,3126,211,3,1500.0
5345,3126,217,2,500.0
5346,3127,205,3,999.0
5347,3127,222,2,1800.0
5348,3127,226,3,900.0
5349,3128,215,4,18000.0
5350,3129,218,4,3500.0
5351,3130,213,1,2200.0
5352,3130,203,4,1500.0
5353,3130,219,1,8500.0
5354,3131,203,4,1500.0
5355,3131,213,3,2200.0
5356,3132,202,4,800.0
5357,3133,216,2,1800.0
5358,3134,216,4,1800.0
5359,3134,204,3,2500.0
5360,3135,218,4,3500.0
5361,3135,213,2,2200.0
5362,3136,224,1,3500.0
5363,3136,226,4,900.0
5364,3136,223,2,900.0
5365,3137,229,3,6500.0
5366,3137,215,1,18000.0
5367,3137,226,1,900.0
5368,3137,222,4,1800.0
5369,3138,213,2,2200.0
5370,3138,224,1,3500.0
5371,3139,220,4,7000.0
5372,3139,219,1,8500.0
5373,3140,221,2,5500.0
5374,3140,204,1,2500.0
5375,3141,208,2,1499.0
5376,3142,203,1,1500.0
5377,3142,210,2,25000.0
5378,3142,214,4,28000.0
5379,3143,207,3,2999.0
5380,3143,230,4,4800.0
5381,3143,217,2,500.0
5382,3144,213,2,2200.0
5383,3144,206,1,1999.0
5384,3144,214,2,28000.0
5385,3144,203,4,1500.0
5386,3145,224,4,3500.0
5387,3145,227,2,1800.0
5388,3145,218,2,3500.0
5389,3145,201,1,55000.0
5390,3146,221,3,5500.0
5391,3147,230,4,4800.0
5392,3147,206,4,1999.0
5393,3147,212,3,12500.0
5394,3147,211,1,1500.0
5395,3148,203,4,1500.0
5396,3148,225,1,3000.0
5397,3149,214,3,28000.0
5398,3149,206,4,1999.0
5399,3150,229,2,6500.0
5400,3151,206,2,1999.0
5401,3151,201,2,55000.0
5402,3151,227,1,1800.0
5403,3151,202,2,800.0
5404,3152,212,4,12500.0
5405,3152,229,4,6500.0
5406,3152,230,3,4800.0
5407,3153,213,2,2200.0
5408,3154,208,2,1499.0
5409,3155,226,2,900.0
5410,3155,227,2,1800.0
5411,3156,219,1,8500.0
5412,3156,222,1,1800.0
5413,3157,220,3,7000.0
5414,3157,210,1,25000.0
5415,3158,225,2,3000.0
5416,3158,222,1,1800.0
5417,3158,202,1,800.0
5418,3158,207,1,2999.0
5419,3159,201,1,55000.0
5420,3160,227,2,1800.0
5421,3160,213,4,2200.0
5422,3160,224,2,3500.0
5423,3161,218,3,3500.0
5424,3161,227,2,1800.0
5425,3162,220,1,7000.0
5426,3162,205,1,999.0
5427,3162,229,1,6500.0
5428,3163,225,2,3000.0
5429,3163,204,3,2500.0
5430,3163,211,3,1500.0
5431,3164,211,4,1500.0
5432,3164,225,1,3000.0
5433,3165,209,4,2499.0
5434,3165,222,2,1800.0
5435,3166,229,2,6500.0
5436,3167,201,2,55000.0
5437,3168,216,2,1800.0
5438,3169,225,1,3000.0
5439,3170,203,2,1500.0
5440,3170,216,4,1800.0
5441,3171,205,4,999.0
5442,3171,208,4,1499.0
5443,3171,217,4,500.0
5444,3172,217,3,500.0
5445,3172,223,4,900.0
5446,3172,201,2,55000.0
5447,3173,206,4,1999.0
5448,3174,203,2,1500.0
5449,3175,214,3,28000.0
5450,3175,202,4,800.0
5451,3176,230,3,4800.0
5452,3177,212,1,12500.0
5453,3177,222,3,1800.0
5454,3177,201,2,55000.0
5455,3178,212,4,12500.0
5456,3178,204,1,2500.0
5457,3179,212,1,12500.0
5458,3179,223,2,900.0
5459,3179,213,4,2200.0
5460,3179,206,1,1999.0
5461,3180,202,2,800.0
5462,3180,226,1,900.0
5463,3180,213,4,2200.0
5464,3181,201,1,55000.0
5465,3182,217,4,500.0
5466,3183,228,1,3200.0
5467,3183,222,1,1800.0
5468,3184,219,3,8500.0
5469,3184,213,2,2200.0
5470,3185,208,3,1499.0
5471,3186,230,4,4800.0
5472,3186,219,4,8500.0
5473,3186,228,1,3200.0
5474,3186,225,1,3000.0
5475,3187,206,2,1999.0
5476,3188,205,2,999.0
5477,3189,230,2,4800.0
5478,3189,210,3,25000.0
5479,3190,222,4,1800.0
5480,3190,219,1,8500.0
5481,3191,222,1,1800.0
5482,3191,216,3,1800.0
5483,3191,209,4,2499.0
5484,3191,214,4,28000.0
5485,3192,203,4,1500.0
5486,3192,230,4,4800.0
5487,3192,207,4,2999.0
5488,3192,214,3,28000.0
5489,3193,228,4,3200.0
5490,3194,209,1,2499.0
5491,3194,202,3,800.0
5492,3194,222,3,1800.0
5493,3195,219,2,8500.0
5494,3195,228,3,3200.0
5495,3196,229,3,6500.0
5496,3196,215,3,18000.0
5497,3197,205,2,999.0
5498,3197,223,1,900.0
5499,3197,203,3,1500.0
5500,3197,216,3,1800.0
5501,3198,205,4,999.0
5502,3198,224,4,3500.0
5503,3198,203,4,1500.0
5504,3198,221,4,5500.0
5505,3199,223,4,900.0
5506,3200,219,1,8500.0
5507,3200,229,3,6500.0
5508,3200,221,1,5500.0
5509,3200,212,2,12500.0
5510,3201,206,3,1999.0
5511,3201,226,1,900.0
5512,3202,204,3,2500.0
5513,3202,202,2,800.0
5514,3202,211,4,1500.0
5515,3202,228,2,3200.0
5516,3203,214,1,28000.0
5517,3203,202,4,800.0
5518,3204,230,4,4800.0
5519,3204,224,1,3500.0
5520,3205,218,3,3500.0
5521,3205,208,2,1499.0
5522,3206,226,3,900.0
5523,3206,211,2,1500.0
5524,3206,230,3,4800.0
5525,3207,202,1,800.0
5526,3208,209,1,2499.0
5527,3208,218,2,3500.0
5528,3208,221,1,5500.0
5529,3208,228,3,3200.0
5530,3209,220,3,7000.0
5531,3209,201,1,55000.0
5532,3210,207,3,2999.0
5533,3210,203,2,1500.0
5534,3211,208,3,1499.0
5535,3211,207,2,2999.0
5536,3211,221,3,5500.0
5537,3211,226,4,900.0
5538,3212,214,2,28000.0
5539,3213,204,4,2500.0
5540,3213,230,1,4800.0
5541,3213,202,2,800.0
5542,3213,201,3,55000.0
5543,3214,223,4,900.0
5544,3214,209,2,2499.0
5545,3215,218,4,3500.0
5546,3215,214,3,28000.0
5547,3215,222,3,1800.0
5548,3215,226,3,900.0
5549,3216,217,4,500.0
5550,3216,210,1,25000.0
5551,3216,203,4,1500.0
5552,3217,209,3,2499.0
5553,3217,230,2,4800.0
5554,3217,201,3,55000.0
5555,3217,214,3,28000.0
5556,3218,210,2,25000.0
5557,3218,214,3,28000.0
5558,3219,226,2,900.0
5559,3219,211,4,1500.0
5560,3219,217,2,500.0
5561,3219,219,4,8500.0
5562,3220,225,4,3000.0
5563,3221,206,3,1999.0
5564,3221,201,1,55000.0
5565,3221,221,1,5500.0
5566,3222,206,2,1999.0
5567,3222,210,4,25000.0
5568,3222,223,4,900.0
5569,3222,225,2,3000.0
5570,3223,208,2,1499.0
5571,3223,221,2,5500.0
5572,3223,206,1,1999.0
5573,3223,216,3,1800.0
5574,3224,208,3,1499.0
5575,3224,205,3,999.0
5576,3224,220,1,7000.0
5577,3225,212,3,12500.0
5578,3225,223,2,900.0
5579,3225,206,3,1999.0
5580,3226,210,1,25000.0
5581,3226,225,3,3000.0
5582,3227,212,1,12500.0
5583,3227,220,3,7000.0
5584,3228,214,2,28000.0
5585,3228,229,2,6500.0
5586,3228,224,1,3500.0
5587,3228,223,3,900.0
5588,3229,205,4,999.0
5589,3229,230,4,4800.0
5590,3229,223,1,900.0
5591,3229,226,2,900.0
5592,3230,210,3,25000.0
5593,3231,202,3,800.0
5594,3232,220,2,7000.0
5595,3232,204,1,2500.0
5596,3232,219,3,8500.0
5597,3233,221,4,5500.0
5598,3233,202,4,800.0
5599,3234,227,3,1800.0
5600,3234,222,3,1800.0
5601,3234,215,1,18000.0
5602,3235,203,3,1500.0
5603,3235,224,4,3500.0
5604,3235,219,3,8500.0
5605,3235,214,1,28000.0
5606,3236,225,2,3000.0
5607,3237,229,4,6500.0
5608,3237,208,4,1499.0
5609,3237,204,1,2500.0
5610,3237,217,1,500.0
5611,3238,211,2,1500.0
5612,3239,229,1,6500.0
5613,3239,208,4,1499.0
5614,3240,225,4,3000.0
5615,3240,205,4,999.0
5616,3240,214,4,28000.0
5617,3240,215,2,18000.0
5618,3241,218,3,3500.0
5619,3241,205,4,999.0
5620,3242,209,2,2499.0
5621,3242,201,2,55000.0
5622,3242,205,3,999.0
5623,3243,228,2,3200.0
5624,3243,205,1,999.0
5625,3243,230,2,4800.0
5626,3244,201,4,55000.0
5627,3244,206,4,1999.0
5628,3245,224,4,3500.0
5629,3245,230,1,4800.0
5630,3246,228,4,3200.0
5631,3247,213,2,2200.0
5632,3248,213,2,2200.0
5633,3248,214,3,28000.0
5634,3249,208,2,1499.0
5635,3249,214,3,28000.0
5636,3250,213,4,2200.0
5637,3250,221,4,5500.0
5638,3250,223,4,900.0
5639,3251,211,1,1500.0
5640,3251,220,4,7000.0
5641,3251,218,3,3500.0
5642,3252,221,4,5500.0
5643,3252,210,2,25000.0
5644,3252,214,3,28000.0
5645,3253,215,3,18000.0
5646,3253,220,2,7000.0
5647,3253,225,1,3000.0
5648,3253,226,3,900.0
5649,3254,204,4,2500.0
5650,3254,228,1,3200.0
5651,3254,217,2,500.0
5652,3254,225,2,3000.0
5653,3255,213,4,2200.0
5654,3256,226,4,900.0
5655,3256,224,4,3500.0
5656,3256,216,2,1800.0
5657,3256,221,1,5500.0
5658,3257,212,1,12500.0
5659,3257,215,1,18000.0
5660,3257,220,1,7000.0
5661,3258,225,2,3000.0
5662,3258,203,2,1500.0
5663,3259,225,2,3000.0
5664,3259,220,3,7000.0
5665,3260,219,1,8500.0
5666,3260,205,2,999.0
5667,3261,213,1,2200.0
5668,3261,215,4,18000.0
5669,3261,206,4,1999.0
5670,3262,220,2,7000.0
5671,3263,228,1,3200.0
5672,3264,218,4,3500.0
5673,3264,211,3,1500.0
5674,3264,221,1,5500.0
5675,3265,229,1,6500.0
5676,3266,222,2,1800.0
5677,3266,228,2,3200.0
5678,3267,213,1,2200.0
5679,3267,221,2,5500.0
5680,3267,208,2,1499.0
5681,3268,202,2,800.0
5682,3268,221,2,5500.0
5683,3269,210,2,25000.0
5684,3269,221,3,5500.0
5685,3270,209,1,2499.0
5686,3270,224,3,3500.0
5687,3270,218,2,3500.0
5688,3271,225,2,3000.0
5689,3272,206,3,1999.0
5690,3272,201,4,55000.0
5691,3273,230,2,4800.0
5692,3274,205,3,999.0
5693,3274,219,4,8500.0
5694,3274,224,4,3500.0
5695,3275,201,1,55000.0
5696,3275,227,3,1800.0
5697,3275,212,2,12500.0
5698,3276,207,2,2999.0
5699,3277,213,2,2200.0
5700,3278,215,3,18000.0
5701,3278,230,1,4800.0
5702,3279,216,1,1800.0
5703,3279,212,3,12500.0
5704,3280,220,2,7000.0
5705,3281,206,4,1999.0
5706,3281,223,3,900.0
5707,3282,224,3,3500.0
5708,3283,210,4,25000.0
5709,3283,206,1,1999.0
5710,3284,221,3,5500.0
5711,3285,212,2,12500.0
5712,3285,222,2,1800.0
5713,3285,207,1,2999.0
5714,3286,223,4,900.0
5715,3286,213,3,2200.0
5716,3286,202,3,800.0
5717,3286,201,1,55000.0
5718,3287,216,4,1800.0
5719,3288,228,4,3200.0
5720,3289,230,2,4800.0
5721,3289,225,1,3000.0
5722,3289,201,3,55000.0
5723,3290,222,3,1800.0
5724,3291,227,3,1800.0
5725,3291,202,3,800.0
5726,3292,202,3,800.0
5727,3293,223,3,900.0
5728,3294,220,3,7000.0
5729,3294,213,4,2200.0
5730,3295,214,3,28000.0
5731,3295,210,4,25000.0
5732,3295,228,1,3200.0
5733,3295,206,3,1999.0
5734,3296,212,1,12500.0
5735,3296,205,3,999.0
5736,3296,230,2,4800.0
5737,3296,220,4,7000.0
5738,3297,216,2,1800.0
5739,3297,226,3,900.0
5740,3297,214,1,28000.0
5741,3298,220,1,7000.0
5742,3298,219,4,8500.0
5743,3298,207,1,2999.0
5744,3299,226,2,900.0
5745,3299,204,3,2500.0
5746,3300,227,2,1800.0
5747,3301,207,4,2999.0
5748,3301,224,2,3500.0
5749,3301,204,1,2500.0
5750,3302,205,2,999.0
5751,3302,218,2,3500.0
5752,3302,224,4,3500.0
5753,3302,220,4,7000.0
5754,3303,220,4,7000.0
5755,3303,224,3,3500.0
5756,3304,201,1,55000.0
5757,3304,216,1,1800.0
5758,3304,219,2,8500.0
5759,3304,230,3,4800.0
5760,3305,209,1,2499.0
5761,3306,213,3,2200.0
5762,3306,205,3,999.0
5763,3306,219,1,8500.0
5764,3307,204,2,2500.0
5765,3307,214,3,28000.0
5766,3307,223,4,900.0
5767,3307,222,3,1800.0
5768,3308,206,4,1999.0
5769,3308,228,3,3200.0
5770,3308,217,2,500.0
5771,3308,205,2,999.0
5772,3309,208,1,1499.0
5773,3309,205,4,999.0
5774,3309,210,3,25000.0
5775,3309,206,4,1999.0
5776,3310,230,3,4800.0
5777,3310,202,1,800.0
5778,3310,215,2,18000.0
5779,3310,225,1,3000.0
5780,3311,213,4,2200.0
5781,3312,226,1,900.0
5782,3312,216,4,1800.0
5783,3312,227,3,1800.0
5784,3313,202,2,800.0
5785,3314,217,4,500.0
5786,3315,210,3,25000.0
5787,3315,205,1,999.0
5788,3315,216,4,1800.0
5789,3316,221,1,5500.0
5790,3316,210,2,25000.0
5791,3317,210,2,25000.0
5792,3318,229,3,6500.0
5793,3318,212,2,12500.0
5794,3319,206,4,1999.0
5795,3320,223,4,900.0
5796,3320,215,1,18000.0
5797,3320,216,1,1800.0
5798,3321,222,2,1800.0
5799,3321,217,2,500.0
5800,3322,227,3,1800.0
5801,3322,230,2,4800.0
5802,3322,201,4,55000.0
5803,3322,206,1,1999.0
5804,3323,210,4,25000.0
5805,3323,218,2,3500.0
5806,3324,212,1,12500.0
5807,3325,230,4,4800.0
5808,3325,219,4,8500.0
5809,3325,201,4,55000.0
5810,3326,225,1,3000.0
5811,3326,220,2,7000.0
5812,3326,227,3,1800.0
5813,3327,213,4,2200.0
5814,3327,214,4,28000.0
5815,3327,223,1,900.0
5816,3327,228,4,3200.0
5817,3328,204,1,2500.0
5818,3328,225,2,3000.0
5819,3328,218,3,3500.0
5820,3329,216,3,1800.0
5821,3330,206,2,1999.0
5822,3330,215,1,18000.0
5823,3330,221,1,5500.0
5824,3330,201,1,55000.0
5825,3331,227,2,1800.0
5826,3331,216,3,1800.0
5827,3331,206,4,1999.0
5828,3332,211,4,1500.0
5829,3332,224,1,3500.0
5830,3332,227,4,1800.0
5831,3333,220,1,7000.0
5832,3333,223,3,900.0
5833,3334,216,3,1800.0
5834,3335,226,4,900.0
5835,3335,220,4,7000.0
5836,3335,216,3,1800.0
5837,3336,229,3,6500.0
5838,3336,204,4,2500.0
5839,3337,226,4,900.0
5840,3337,227,3,1800.0
5841,3337,225,4,3000.0
5842,3337,206,2,1999.0
5843,3338,215,1,18000.0
5844,3338,210,2,25000.0
5845,3338,209,3,2499.0
5846,3339,223,2,900.0
5847,3339,220,3,7000.0
5848,3339,212,1,12500.0
5849,3339,214,3,28000.0
5850,3340,203,2,1500.0
5851,3340,226,1,900.0
5852,3340,218,3,3500.0
5853,3341,225,4,3000.0
5854,3341,224,1,3500.0
5855,3341,214,4,28000.0
5856,3341,226,3,900.0
5857,3342,222,1,1800.0
5858,3342,204,1,2500.0
5859,3342,229,3,6500.0
5860,3343,229,2,6500.0
5861,3343,224,3,3500.0
5862,3344,213,1,2200.0
5863,3345,202,2,800.0
5864,3346,213,4,2200.0
5865,3347,206,3,1999.0
5866,3348,208,2,1499.0
5867,3348,214,4,28000.0
5868,3348,221,4,5500.0
5869,3349,217,4,500.0
5870,3349,204,1,2500.0
5871,3349,208,1,1499.0
5872,3349,223,2,900.0
5873,3350,205,4,999.0
5874,3350,218,4,3500.0
5875,3351,207,4,2999.0
5876,3351,223,3,900.0
5877,3352,221,1,5500.0
5878,3352,218,4,3500.0
5879,3352,208,1,1499.0
5880,3352,223,3,900.0
5881,3353,223,2,900.0
5882,3353,202,4,800.0
5883,3353,206,2,1999.0
5884,3354,225,2,3000.0
5885,3354,230,2,4800.0
5886,3355,214,2,28000.0
5887,3355,229,3,6500.0
5888,3355,201,2,55000.0
5889,3355,212,2,12500.0
5890,3356,227,2,1800.0
5891,3357,218,3,3500.0
5892,3358,219,3,8500.0
5893,3358,228,1,3200.0
5894,3358,223,1,900.0
5895,3358,222,4,1800.0
5896,3359,226,3,900.0
5897,3359,220,4,7000.0
5898,3359,219,1,8500.0
5899,3359,205,4,999.0
5900,3360,224,3,3500.0
5901,3360,203,4,1500.0
5902,3360,216,2,1800.0
5903,3360,225,4,3000.0
5904,3361,220,3,7000.0
5905,3362,212,1,12500.0
5906,3362,226,1,900.0
5907,3362,216,1,1800.0
5908,3363,228,2,3200.0
5909,3363,218,2,3500.0
5910,3363,217,2,500.0
5911,3364,213,2,2200.0
5912,3364,224,2,3500.0
5913,3365,225,3,3000.0
5914,3365,211,3,1500.0
5915,3365,214,2,28000.0
5916,3366,208,1,1499.0
5917,3367,228,1,3200.0
5918,3367,219,4,8500.0
5919,3368,222,3,1800.0
5920,3368,225,3,3000.0
5921,3368,215,1,18000.0
5922,3368,221,3,5500.0
5923,3369,224,4,3500.0
5924,3370,209,4,2499.0
5925,3371,216,4,1800.0
5926,3372,218,3,3500.0
5927,3372,223,1,900.0
5928,3372,220,2,7000.0
5929,3373,230,4,4800.0
5930,3373,214,4,28000.0
5931,3374,219,4,8500.0
5932,3374,221,2,5500.0
5933,3374,227,1,1800.0
5934,3375,226,3,900.0
5935,3375,224,2,3500.0
5936,3375,229,4,6500.0
5937,3376,205,4,999.0
5938,3376,222,1,1800.0
5939,3376,212,4,12500.0
5940,3377,223,2,900.0
5941,3377,202,3,800.0
5942,3378,208,3,1499.0
5943,3378,212,2,12500.0
5944,3378,217,2,500.0
5945,3379,225,1,3000.0
5946,3379,213,3,2200.0
5947,3379,205,2,999.0
5948,3379,214,1,28000.0
5949,3380,216,1,1800.0
5950,3381,222,3,1800.0
5951,3381,220,2,7000.0
5952,3381,212,2,12500.0
5953,3382,203,3,1500.0
5954,3383,202,2,800.0
5955,3383,213,3,2200.0
5956,3383,211,2,1500.0
5957,3384,215,1,18000.0
5958,3385,227,3,1800.0
5959,3385,212,2,12500.0
5960,3385,221,1,5500.0
5961,3386,210,1,25000.0
5962,3386,209,2,2499.0
5963,3386,201,2,55000.0
5964,3386,225,1,3000.0
5965,3387,205,2,999.0
5966,3387,201,4,55000.0
5967,3388,201,2,55000.0
5968,3388,218,1,3500.0
5969,3389,210,4,25000.0
5970,3390,225,3,3000.0
5971,3390,226,3,900.0
5972,3391,212,3,12500.0
5973,3392,228,3,3200.0
5974,3392,213,1,2200.0
5975,3392,220,4,7000.0
5976,3393,226,2,900.0
5977,3393,224,2,3500.0
5978,3393,229,4,6500.0
5979,3393,228,2,3200.0
5980,3394,204,2,2500.0
5981,3394,201,4,55000.0
5982,3394,223,4,900.0
5983,3394,217,4,500.0
5984,3395,227,3,1800.0
5985,3395,201,1,55000.0
5986,3395,226,1,900.0
5987,3395,229,4,6500.0
5988,3396,222,1,1800.0
5989,3397,203,4,1500.0
5990,3397,226,1,900.0
5991,3397,208,1,1499.0
5992,3397,217,3,500.0
5993,3398,206,1,1999.0
5994,3398,208,3,1499.0
5995,3399,216,2,1800.0
5996,3399,204,2,2500.0
5997,3399,222,3,1800.0
5998,3399,224,1,3500.0
5999,3400,212,3,12500.0
6000,3400,207,1,2999.0
6001,3400,210,4,25000.0
6002,3401,229,1,6500.0
6003,3401,220,2,7000.0
6004,3401,219,2,8500.0
6005,3401,230,1,4800.0
6006,3402,208,3,1499.0
6007,3403,211,4,1500.0
6008,3403,207,3,2999.0
6009,3403,214,1,28000.0
6010,3403,210,1,25000.0
6011,3404,223,2,900.0
6012,3405,207,1,2999.0
6013,3405,223,2,900.0
6014,3405,212,2,12500.0
6015,3405,218,3,3500.0
6016,3406,217,1,500.0
6017,3406,229,4,6500.0
6018,3406,227,4,1800.0
6019,3406,225,1,3000.0
6020,3407,222,3,1800.0
6021,3407,213,3,2200.0
6022,3407,209,2,2499.0
6023,3407,223,3,900.0
6024,3408,229,3,6500.0
6025,3408,204,4,2500.0
6026,3409,219,2,8500.0
6027,3410,220,3,7000.0
6028,3410,227,2,1800.0
6029,3410,225,1,3000.0
6030,3411,205,3,999.0
6031,3411,224,3,3500.0
6032,3412,230,2,4800.0
6033,3413,215,2,18000.0
6034,3413,205,2,999.0
6035,3413,219,2,8500.0
6036,3413,207,4,2999.0
6037,3414,230,3,4800.0
6038,3414,203,3,1500.0
6039,3414,215,3,18000.0
6040,3414,216,2,1800.0
6041,3415,207,2,2999.0
6042,3415,203,2,1500.0
6043,3416,216,4,1800.0
6044,3416,221,4,5500.0
6045,3416,210,2,25000.0
6046,3416,219,4,8500.0
6047,3417,208,1,1499.0
6048,3417,217,3,500.0
6049,3418,220,4,7000.0
6050,3419,212,2,12500.0
6051,3420,230,1,4800.0
6052,3421,219,1,8500.0
6053,3421,214,4,28000.0
6054,3421,202,3,800.0
6055,3421,217,4,500.0
6056,3422,202,3,800.0
6057,3422,226,4,900.0
6058,3423,221,2,5500.0
6059,3423,227,4,1800.0
6060,3424,219,4,8500.0
6061,3424,209,1,2499.0
6062,3424,230,2,4800.0
6063,3425,213,3,2200.0
6064,3425,208,2,1499.0
6065,3425,201,3,55000.0
6066,3426,220,2,7000.0
6067,3426,207,4,2999.0
6068,3426,204,2,2500.0
6069,3427,224,4,3500.0
6070,3427,221,2,5500.0
6071,3428,224,1,3500.0
6072,3428,229,1,6500.0
6073,3428,218,3,3500.0
6074,3428,216,4,1800.0
6075,3429,207,4,2999.0
6076,3430,228,2,3200.0
6077,3430,216,4,1800.0
6078,3430,201,3,55000.0
6079,3431,215,2,18000.0
6080,3432,212,1,12500.0
6081,3433,230,3,4800.0
6082,3433,228,4,3200.0
6083,3433,227,1,1800.0
6084,3434,213,4,2200.0
6085,3435,225,1,3000.0
6086,3435,201,4,55000.0
6087,3436,215,2,18000.0
6088,3436,206,4,1999.0
6089,3436,207,3,2999.0
6090,3437,206,4,1999.0
6091,3437,224,2,3500.0
6092,3437,205,2,999.0
6093,3437,216,2,1800.0
6094,3438,213,3,2200.0
6095,3438,205,3,999.0
6096,3438,204,4,2500.0
6097,3439,206,3,1999.0
6098,3439,228,4,3200.0
6099,3439,216,3,1800.0
6100,3440,226,3,900.0
6101,3440,223,4,900.0
6102,3440,218,4,3500.0
6103,3440,214,4,28000.0
6104,3441,205,3,999.0
6105,3441,212,4,12500.0
6106,3441,221,3,5500.0
6107,3441,203,3,1500.0
6108,3442,222,4,1800.0
6109,3442,221,2,5500.0
6110,3442,226,2,900.0
6111,3443,208,1,1499.0
6112,3443,218,3,3500.0
6113,3444,222,4,1800.0
6114,3444,228,2,3200.0
6115,3445,225,2,3000.0
6116,3445,205,3,999.0
6117,3445,207,1,2999.0
6118,3446,214,2,28000.0
6119,3446,216,3,1800.0
6120,3446,201,2,55000.0
6121,3447,212,2,12500.0
6122,3447,228,2,3200.0
6123,3448,223,4,900.0
6124,3449,216,2,1800.0
6125,3449,204,2,2500.0
6126,3450,201,3,55000.0
6127,3450,228,1,3200.0
6128,3450,206,3,1999.0
6129,3451,221,2,5500.0
6130,3451,208,3,1499.0
6131,3451,204,4,2500.0
6132,3452,222,1,1800.0
6133,3452,206,4,1999.0
6134,3452,203,1,1500.0
6135,3453,218,1,3500.0
6136,3453,221,3,5500.0
6137,3454,217,4,500.0
6138,3454,223,1,900.0
6139,3455,207,2,2999.0
6140,3455,224,2,3500.0
6141,3456,206,4,1999.0
6142,3456,221,4,5500.0
6143,3456,215,1,18000.0
6144,3457,202,2,800.0
6145,3457,230,3,4800.0
6146,3458,203,3,1500.0
6147,3458,205,1,999.0
6148,3459,210,4,25000.0
6149,3460,205,1,999.0
6150,3460,230,3,4800.0
6151,3460,206,3,1999.0
6152,3461,230,1,4800.0
6153,3461,204,2,2500.0
6154,3461,214,4,28000.0
6155,3462,220,1,7000.0
6156,3462,206,3,1999.0
6157,3462,227,2,1800.0
6158,3463,221,4,5500.0
6159,3463,214,3,28000.0
6160,3464,209,1,2499.0
6161,3464,215,1,18000.0
6162,3464,220,3,7000.0
6163,3465,214,1,28000.0
6164,3465,208,2,1499.0
6165,3466,209,4,2499.0
6166,3467,201,3,55000.0
6167,3467,213,2,2200.0
6168,3467,229,4,6500.0
6169,3467,224,2,3500.0
6170,3468,204,4,2500.0
6171,3468,230,4,4800.0
6172,3468,228,3,3200.0
6173,3469,219,3,8500.0
6174,3469,211,2,1500.0
6175,3469,217,4,500.0
6176,3469,218,4,3500.0
6177,3470,213,3,2200.0
6178,3470,212,1,12500.0
6179,3471,229,4,6500.0
6180,3471,211,4,1500.0
6181,3471,216,4,1800.0
6182,3472,206,3,1999.0
6183,3472,217,4,500.0
6184,3472,211,4,1500.0
6185,3473,206,1,1999.0
6186,3473,227,2,1800.0
6187,3473,223,1,900.0
6188,3473,202,2,800.0
6189,3474,208,3,1499.0
6190,3474,229,4,6500.0
6191,3474,223,4,900.0
6192,3474,220,2,7000.0
6193,3475,210,3,25000.0
6194,3475,226,3,900.0
6195,3475,228,1,3200.0
6196,3475,201,4,55000.0
6197,3476,230,2,4800.0
6198,3476,215,4,18000.0
6199,3476,218,1,3500.0
6200,3477,208,2,1499.0
6201,3477,227,2,1800.0
6202,3478,218,3,3500.0
6203,3478,221,1,5500.0
6204,3479,212,2,12500.0
6205,3480,218,2,3500.0
6206,3480,222,2,1800.0
6207,3480,212,2,12500.0
6208,3481,216,1,1800.0
6209,3481,220,1,7000.0
6210,3481,205,2,999.0
6211,3482,205,1,999.0
6212,3482,215,4,18000.0
6213,3482,223,3,900.0
6214,3483,204,2,2500.0
6215,3484,203,1,1500.0
6216,3484,228,1,3200.0
6217,3484,211,3,1500.0
6218,3485,202,3,800.0
6219,3485,226,1,900.0
6220,3485,209,4,2499.0
6221,3486,210,4,25000.0
6222,3486,208,2,1499.0
6223,3486,221,3,5500.0
6224,3486,216,2,1800.0
6225,3487,213,1,2200.0
6226,3488,209,1,2499.0
6227,3488,202,1,800.0
6228,3488,201,2,55000.0
6229,3488,230,4,4800.0
6230,3489,217,1,500.0
6231,3489,203,2,1500.0
6232,3490,206,3,1999.0
6233,3490,202,3,800.0
6234,3491,226,4,900.0
6235,3491,229,4,6500.0
6236,3491,219,2,8500.0
6237,3491,228,3,3200.0
6238,3492,202,4,800.0
6239,3492,207,4,2999.0
6240,3493,201,2,55000.0
6241,3494,209,1,2499.0
6242,3494,222,4,1800.0
6243,3495,222,1,1800.0
6244,3495,224,2,3500.0
6245,3495,219,4,8500.0
6246,3495,201,2,55000.0
6247,3496,226,2,900.0
6248,3496,224,4,3500.0
6249,3497,222,3,1800.0
6250,3498,207,1,2999.0
6251,3498,213,3,2200.0
6252,3499,205,2,999.0
6253,3499,224,4,3500.0
6254,3499,201,1,55000.0
6255,3499,221,3,5500.0
6256,3500,217,2,500.0
6257,3500,221,3,5500.0
6258,3500,208,3,1499.0
6259,3500,206,1,1999.0
6260,3501,204,4,2500.0
6261,3501,214,1,28000.0
6262,3502,228,3,3200.0
6263,3502,213,3,2200.0
6264,3502,201,3,55000.0
6265,3502,219,1,8500.0
6266,3503,217,2,500.0
6267,3504,229,1,6500.0
6268,3504,227,3,1800.0
6269,3505,224,1,3500.0
6270,3505,221,4,5500.0
6271,3506,212,1,12500.0
6272,3506,221,2,5500.0
6273,3506,202,4,800.0
6274,3507,225,2,3000.0
6275,3508,213,1,2200.0
6276,3508,203,4,1500.0
6277,3509,210,1,25000.0
6278,3509,213,2,2200.0
6279,3509,219,3,8500.0
6280,3510,226,4,900.0
6281,3510,223,4,900.0
6282,3510,201,2,55000.0
6283,3510,202,3,800.0
6284,3511,223,3,900.0
6285,3511,204,1,2500.0
6286,3511,216,2,1800.0
6287,3511,205,2,999.0
6288,3512,208,3,1499.0
6289,3513,201,3,55000.0
6290,3513,229,4,6500.0
6291,3513,209,4,2499.0
6292,3513,219,3,8500.0
6293,3514,203,4,1500.0
6294,3514,206,4,1999.0
6295,3514,209,3,2499.0
6296,3515,226,1,900.0
6297,3515,211,4,1500.0
6298,3515,210,3,25000.0
6299,3515,215,3,18000.0
6300,3516,230,4,4800.0
6301,3516,206,2,1999.0
6302,3516,224,2,3500.0
6303,3517,223,2,900.0
6304,3518,212,3,12500.0
6305,3518,216,4,1800.0
6306,3518,207,1,2999.0
6307,3518,204,4,2500.0
6308,3519,203,1,1500.0
6309,3519,201,2,55000.0
6310,3520,218,3,3500.0
6311,3520,220,3,7000.0
6312,3521,207,2,2999.0
6313,3521,216,4,1800.0
6314,3522,210,4,25000.0
6315,3522,207,1,2999.0
6316,3522,228,1,3200.0
6317,3523,209,1,2499.0
6318,3523,229,2,6500.0
6319,3523,212,2,12500.0
6320,3523,215,1,18000.0
6321,3524,226,4,900.0
6322,3524,222,1,1800.0
6323,3524,203,3,1500.0
6324,3524,214,4,28000.0
6325,3525,214,3,28000.0
6326,3526,226,3,900.0
6327,3526,208,4,1499.0
6328,3527,218,2,3500.0
6329,3528,221,2,5500.0
6330,3528,230,3,4800.0
6331,3528,201,3,55000.0
6332,3529,204,2,2500.0
6333,3529,221,2,5500.0
6334,3529,203,2,1500.0
6335,3530,228,2,3200.0
6336,3530,206,4,1999.0
6337,3530,211,2,1500.0
6338,3530,205,1,999.0
6339,3531,215,2,18000.0
6340,3531,222,1,1800.0
6341,3532,223,3,900.0
6342,3532,218,3,3500.0
6343,3532,202,4,800.0
6344,3533,212,3,12500.0
6345,3533,218,4,3500.0
6346,3533,229,3,6500.0
6347,3533,203,3,1500.0
6348,3534,217,3,500.0
6349,3534,209,2,2499.0
6350,3535,217,4,500.0
6351,3535,229,4,6500.0
6352,3535,206,3,1999.0
6353,3536,214,1,28000.0
6354,3536,219,4,8500.0
6355,3536,227,2,1800.0
6356,3537,230,3,4800.0
6357,3537,209,2,2499.0
6358,3537,203,2,1500.0
6359,3537,206,2,1999.0
6360,3538,217,1,500.0
6361,3538,223,2,900.0
6362,3538,214,2,28000.0
6363,3538,226,3,900.0
6364,3539,220,3,7000.0
6365,3539,207,1,2999.0
6366,3539,218,2,3500.0
6367,3539,224,3,3500.0
6368,3540,211,1,1500.0
6369,3540,217,2,500.0
6370,3540,205,1,999.0
6371,3540,224,4,3500.0
6372,3541,210,2,25000.0
6373,3541,202,2,800.0
6374,3541,201,4,55000.0
6375,3541,214,2,28000.0
6376,3542,215,2,18000.0
6377,3543,213,4,2200.0
6378,3543,212,1,12500.0
6379,3543,205,1,999.0
6380,3544,214,4,28000.0
6381,3544,215,4,18000.0
6382,3544,225,1,3000.0
6383,3545,221,1,5500.0
6384,3545,222,2,1800.0
6385,3546,220,4,7000.0
6386,3546,207,1,2999.0
6387,3547,211,3,1500.0
6388,3548,226,2,900.0
6389,3549,203,4,1500.0
6390,3550,210,4,25000.0
6391,3550,202,4,800.0
6392,3550,225,4,3000.0
6393,3550,224,2,3500.0
6394,3551,210,3,25000.0
6395,3551,209,2,2499.0
6396,3551,203,4,1500.0
6397,3552,216,1,1800.0
6398,3552,207,4,2999.0
6399,3552,225,1,3000.0
6400,3552,212,2,12500.0
6401,3553,226,1,900.0
6402,3553,228,1,3200.0
6403,3553,217,3,500.0
6404,3554,210,4,25000.0
6405,3555,230,3,4800.0
6406,3555,224,2,3500.0
6407,3555,211,2,1500.0
6408,3556,230,4,4800.0
6409,3556,223,4,900.0
6410,3557,209,2,2499.0
6411,3557,219,4,8500.0
6412,3557,211,3,1500.0
6413,3558,227,2,1800.0
6414,3558,222,1,1800.0
6415,3559,214,4,28000.0
6416,3559,218,2,3500.0
6417,3559,207,1,2999.0
6418,3560,202,1,800.0
6419,3561,214,2,28000.0
6420,3561,219,4,8500.0
6421,3561,217,3,500.0
6422,3561,228,4,3200.0
6423,3562,218,1,3500.0
6424,3562,205,4,999.0
6425,3563,227,2,1800.0
6426,3564,203,1,1500.0
6427,3564,204,4,2500.0
6428,3564,206,2,1999.0
6429,3565,222,4,1800.0
6430,3565,201,4,55000.0
6431,3565,211,1,1500.0
6432,3566,211,3,1500.0
6433,3566,227,2,1800.0
6434,3566,208,4,1499.0
6435,3567,201,1,55000.0
6436,3567,205,2,999.0
6437,3567,209,1,2499.0
6438,3568,215,2,18000.0
6439,3568,211,1,1500.0
6440,3568,221,3,5500.0
6441,3569,212,2,12500.0
6442,3569,203,2,1500.0
6443,3570,202,3,800.0
6444,3570,203,1,1500.0
6445,3570,223,4,900.0
6446,3571,205,2,999.0
6447,3572,212,3,12500.0
6448,3572,227,4,1800.0
6449,3572,218,4,3500.0
6450,3573,215,3,18000.0
6451,3573,222,1,1800.0
6452,3574,222,1,1800.0
6453,3574,218,3,3500.0
6454,3575,207,1,2999.0
6455,3575,206,3,1999.0
6456,3575,222,3,1800.0
6457,3576,223,1,900.0
6458,3576,217,1,500.0
6459,3576,201,1,55000.0
6460,3577,217,4,500.0
6461,3577,216,2,1800.0
6462,3578,206,1,1999.0
6463,3578,214,2,28000.0
6464,3578,230,2,4800.0
6465,3578,225,1,3000.0
6466,3579,206,3,1999.0
6467,3580,211,4,1500.0
6468,3581,205,3,999.0
6469,3581,230,2,4800.0
6470,3581,213,3,2200.0
6471,3582,213,3,2200.0
6472,3582,223,2,900.0
6473,3583,230,3,4800.0
6474,3583,217,3,500.0
6475,3583,226,1,900.0
6476,3584,208,1,1499.0
6477,3584,211,1,1500.0
6478,3585,220,2,7000.0
6479,3585,228,4,3200.0
6480,3586,229,2,6500.0
6481,3586,211,2,1500.0
6482,3586,209,2,2499.0
6483,3587,209,1,2499.0
6484,3588,213,4,2200.0
6485,3588,227,2,1800.0
6486,3588,209,1,2499.0
6487,3589,205,1,999.0
6488,3589,225,1,3000.0
6489,3589,222,1,1800.0
6490,3590,221,3,5500.0
6491,3590,229,1,6500.0
6492,3590,204,4,2500.0
6493,3591,212,2,12500.0
6494,3591,224,1,3500.0
6495,3591,229,2,6500.0
6496,3592,221,2,5500.0
6497,3592,216,4,1800.0
6498,3592,213,4,2200.0
6499,3593,204,4,2500.0
6500,3593,226,1,900.0
6501,3593,212,4,12500.0
6502,3593,201,3,55000.0
6503,3594,204,4,2500.0
6504,3594,206,4,1999.0
6505,3595,215,4,18000.0
6506,3596,217,4,500.0
6507,3596,205,3,999.0
6508,3596,225,4,3000.0
6509,3596,224,3,3500.0
6510,3597,207,2,2999.0
6511,3598,229,1,6500.0
6512,3599,201,1,55000.0
6513,3599,204,1,2500.0
6514,3599,225,1,3000.0
6515,3599,211,1,1500.0
6516,3600,230,1,4800.0
6517,3601,205,1,999.0
6518,3601,222,1,1800.0
6519,3601,210,3,25000.0
6520,3602,230,1,4800.0
6521,3602,228,1,3200.0
6522,3602,215,2,18000.0
6523,3602,220,4,7000.0
6524,3603,211,1,1500.0
6525,3603,219,1,8500.0
6526,3603,206,1,1999.0
6527,3604,220,3,7000.0
6528,3604,228,2,3200.0
6529,3604,230,2,4800.0
6530,3604,218,2,3500.0
6531,3605,230,1,4800.0
6532,3606,206,1,1999.0
6533,3606,223,3,900.0
6534,3606,211,3,1500.0
6535,3607,228,3,3200.0
6536,3608,219,1,8500.0
6537,3608,230,4,4800.0
6538,3608,228,3,3200.0
6539,3608,207,2,2999.0
6540,3609,219,2,8500.0
6541,3609,214,3,28000.0
6542,3610,212,2,12500.0
6543,3610,216,1,1800.0
6544,3611,206,2,1999.0
6545,3612,226,3,900.0
6546,3612,203,3,1500.0
6547,3613,205,3,999.0
6548,3614,222,1,1800.0
6549,3615,203,2,1500.0
6550,3616,202,4,800.0
6551,3616,211,1,1500.0
6552,3617,229,3,6500.0
6553,3618,201,2,55000.0
6554,3618,210,2,25000.0
6555,3618,224,1,3500.0
6556,3619,230,4,4800.0
6557,3619,204,3,2500.0
6558,3619,227,4,1800.0
6559,3620,204,1,2500.0
6560,3620,226,3,900.0
6561,3621,228,3,3200.0
6562,3621,222,1,1800.0
6563,3621,226,4,900.0
6564,3621,219,1,8500.0
6565,3622,221,3,5500.0
6566,3622,203,4,1500.0
6567,3622,218,4,3500.0
6568,3622,216,1,1800.0
6569,3623,209,2,2499.0
6570,3624,224,3,3500.0
6571,3624,207,3,2999.0
6572,3624,203,2,1500.0
6573,3625,201,4,55000.0
6574,3626,210,4,25000.0
6575,3627,205,2,999.0
6576,3627,230,3,4800.0
6577,3627,228,2,3200.0
6578,3627,207,1,2999.0
6579,3628,224,1,3500.0
6580,3628,229,3,6500.0
6581,3628,223,2,900.0
6582,3628,213,2,2200.0
6583,3629,226,1,900.0
6584,3630,207,2,2999.0
6585,3630,210,1,25000.0
6586,3631,224,4,3500.0
6587,3632,224,3,3500.0
6588,3633,209,3,2499.0
6589,3633,223,1,900.0
6590,3633,227,2,1800.0
6591,3634,217,2,500.0
6592,3635,227,4,1800.0
6593,3635,218,4,3500.0
6594,3635,214,3,28000.0
6595,3636,204,3,2500.0
6596,3636,222,2,1800.0
6597,3636,206,4,1999.0
6598,3636,215,1,18000.0
6599,3637,227,3,1800.0
6600,3637,214,1,28000.0
6601,3637,221,3,5500.0
6602,3638,214,3,28000.0
6603,3638,221,1,5500.0
6604,3639,222,2,1800.0
6605,3639,224,3,3500.0
6606,3639,221,4,5500.0
6607,3640,215,4,18000.0
6608,3640,219,3,8500.0
6609,3640,204,1,2500.0
6610,3640,216,1,1800.0
6611,3641,230,3,4800.0
6612,3641,220,2,7000.0
6613,3641,226,2,900.0
6614,3641,221,4,5500.0
6615,3642,222,1,1800.0
6616,3643,208,3,1499.0
6617,3643,219,4,8500.0
6618,3643,225,4,3000.0
6619,3644,201,3,55000.0
6620,3644,205,2,999.0
6621,3644,215,2,18000.0
6622,3645,225,2,3000.0
6623,3645,209,1,2499.0
6624,3646,219,1,8500.0
6625,3646,205,3,999.0
6626,3646,230,3,4800.0
6627,3646,220,2,7000.0
6628,3647,218,2,3500.0
6629,3648,205,4,999.0
6630,3648,204,4,2500.0
6631,3648,212,2,12500.0
6632,3648,223,3,900.0
6633,3649,215,3,18000.0
6634,3649,214,3,28000.0
6635,3649,226,4,900.0
6636,3650,226,4,900.0
6637,3650,206,2,1999.0
6638,3650,214,4,28000.0
6639,3651,229,3,6500.0
6640,3651,201,3,55000.0
6641,3652,224,4,3500.0
6642,3652,205,1,999.0
6643,3653,226,2,900.0
6644,3653,204,3,2500.0
6645,3654,205,1,999.0
6646,3654,209,4,2499.0
6647,3655,223,1,900.0
6648,3655,205,2,999.0
6649,3655,211,1,1500.0
6650,3656,228,4,3200.0
6651,3656,211,3,1500.0
6652,3657,223,3,900.0
6653,3658,209,2,2499.0
6654,3658,203,2,1500.0
6655,3658,230,3,4800.0
6656,3659,204,3,2500.0
6657,3659,221,2,5500.0
6658,3659,205,3,999.0
6659,3659,206,2,1999.0
6660,3660,206,1,1999.0
6661,3660,203,2,1500.0
6662,3660,219,2,8500.0
6663,3660,213,3,2200.0
6664,3661,228,2,3200.0
6665,3662,208,1,1499.0
6666,3662,218,2,3500.0
6667,3662,203,3,1500.0
6668,3662,226,2,900.0
6669,3663,212,4,12500.0
6670,3664,217,2,500.0
6671,3664,211,1,1500.0
6672,3665,201,4,55000.0
6673,3666,221,4,5500.0
6674,3666,223,3,900.0
6675,3666,230,4,4800.0
6676,3666,202,1,800.0
6677,3667,222,4,1800.0
6678,3667,204,3,2500.0
6679,3667,206,3,1999.0
6680,3668,212,4,12500.0
6681,3668,229,3,6500.0
6682,3668,210,1,25000.0
6683,3669,213,1,2200.0
6684,3669,224,1,3500.0
6685,3669,230,2,4800.0
6686,3670,212,2,12500.0
6687,3670,224,3,3500.0
6688,3670,213,1,2200.0
6689,3671,229,4,6500.0
6690,3671,205,1,999.0
6691,3672,220,1,7000.0
6692,3673,202,3,800.0
6693,3673,208,2,1499.0
6694,3674,221,4,5500.0
6695,3675,207,2,2999.0
6696,3675,201,3,55000.0
6697,3675,215,3,18000.0
6698,3676,207,1,2999.0
6699,3676,213,3,2200.0
6700,3676,219,2,8500.0
6701,3677,204,1,2500.0
6702,3678,208,2,1499.0
6703,3679,217,3,500.0
6704,3679,226,4,900.0
6705,3680,209,2,2499.0
6706,3680,225,3,3000.0
6707,3680,215,1,18000.0
6708,3681,212,3,12500.0
6709,3681,226,4,900.0
6710,3681,219,4,8500.0
6711,3681,217,1,500.0
6712,3682,225,4,3000.0
6713,3683,202,4,800.0
6714,3683,215,4,18000.0
6715,3683,214,1,28000.0
6716,3683,212,2,12500.0
6717,3684,202,1,800.0
6718,3684,218,2,3500.0
6719,3684,219,2,8500.0
6720,3685,223,1,900.0
6721,3685,227,1,1800.0
6722,3685,212,1,12500.0
6723,3686,209,3,2499.0
6724,3686,223,1,900.0
6725,3687,203,3,1500.0
6726,3687,222,2,1800.0
6727,3688,213,1,2200.0
6728,3689,228,3,3200.0
6729,3689,203,2,1500.0
6730,3690,202,2,800.0
6731,3690,203,4,1500.0
6732,3691,215,2,18000.0
6733,3691,217,4,500.0
6734,3691,212,2,12500.0
6735,3691,204,2,2500.0
6736,3692,222,2,1800.0
6737,3692,211,2,1500.0
6738,3693,214,3,28000.0
6739,3693,221,2,5500.0
6740,3693,208,1,1499.0
6741,3694,221,4,5500.0
6742,3695,207,3,2999.0
6743,3695,224,1,3500.0
6744,3696,202,3,800.0
6745,3696,218,4,3500.0
6746,3696,227,4,1800.0
6747,3697,224,4,3500.0
6748,3697,212,2,12500.0
6749,3697,204,3,2500.0
6750,3697,205,4,999.0
6751,3698,221,3,5500.0
6752,3698,212,2,12500.0
6753,3699,222,1,1800.0
6754,3699,215,2,18000.0
6755,3699,221,4,5500.0
6756,3699,205,1,999.0
6757,3700,202,1,800.0
6758,3700,222,1,1800.0
6759,3700,216,1,1800.0
6760,3701,222,4,1800.0
6761,3701,212,4,12500.0
6762,3701,213,2,2200.0
6763,3701,203,4,1500.0
6764,3702,204,1,2500.0
6765,3703,212,1,12500.0
6766,3703,211,3,1500.0
6767,3704,221,1,5500.0
6768,3704,224,1,3500.0
6769,3704,215,2,18000.0
6770,3705,216,4,1800.0
6771,3705,217,3,500.0
6772,3705,205,2,999.0
6773,3705,211,4,1500.0
6774,3706,207,4,2999.0
6775,3706,205,3,999.0
6776,3707,223,3,900.0
6777,3707,228,4,3200.0
6778,3707,204,3,2500.0
6779,3707,207,1,2999.0
6780,3708,210,3,25000.0
6781,3708,226,4,900.0
6782,3708,215,4,18000.0
6783,3709,212,2,12500.0
6784,3709,210,2,25000.0
6785,3709,216,4,1800.0
6786,3710,204,2,2500.0
6787,3710,201,4,55000.0
6788,3710,209,2,2499.0
6789,3711,222,3,1800.0
6790,3712,213,1,2200.0
6791,3712,209,1,2499.0
6792,3712,217,2,500.0
6793,3713,228,1,3200.0
6794,3713,216,3,1800.0
6795,3714,207,3,2999.0
6796,3714,202,1,800.0
6797,3715,224,2,3500.0
6798,3715,213,3,2200.0
6799,3715,212,3,12500.0
6800,3716,222,2,1800.0
6801,3716,218,4,3500.0
6802,3717,205,2,999.0
6803,3718,208,1,1499.0
6804,3718,218,2,3500.0
6805,3719,216,2,1800.0
6806,3719,225,1,3000.0
6807,3719,226,3,900.0
6808,3720,211,1,1500.0
6809,3720,221,1,5500.0
6810,3720,203,2,1500.0
6811,3721,210,3,25000.0
6812,3721,218,3,3500.0
6813,3722,210,3,25000.0
6814,3723,202,3,800.0
6815,3723,219,2,8500.0
6816,3723,216,1,1800.0
6817,3724,204,4,2500.0
6818,3724,212,3,12500.0
6819,3724,207,3,2999.0
6820,3724,226,4,900.0
6821,3725,218,3,3500.0
6822,3726,211,3,1500.0
6823,3726,220,1,7000.0
6824,3726,227,1,1800.0
6825,3726,214,4,28000.0
6826,3727,201,2,55000.0
6827,3727,202,3,800.0
6828,3727,222,3,1800.0
6829,3727,206,4,1999.0
6830,3728,225,2,3000.0
6831,3728,205,1,999.0
6832,3728,208,2,1499.0
6833,3728,204,1,2500.0
6834,3729,215,3,18000.0
6835,3729,223,3,900.0
6836,3729,206,3,1999.0
6837,3730,206,2,1999.0
6838,3730,217,2,500.0
6839,3731,216,3,1800.0
6840,3731,214,1,28000.0
6841,3731,218,4,3500.0
6842,3732,212,3,12500.0
6843,3732,220,3,7000.0
6844,3733,226,4,900.0
6845,3733,230,1,4800.0
6846,3733,221,2,5500.0
6847,3734,228,1,3200.0
6848,3734,223,4,900.0
6849,3734,213,1,2200.0
6850,3734,204,3,2500.0
6851,3735,206,3,1999.0
6852,3736,228,4,3200.0
6853,3736,216,3,1800.0
6854,3737,224,1,3500.0
6855,3737,205,1,999.0
6856,3737,212,4,12500.0
6857,3738,218,2,3500.0
6858,3738,207,3,2999.0
6859,3739,226,4,900.0
6860,3739,225,2,3000.0
6861,3739,217,1,500.0
6862,3740,215,1,18000.0
6863,3740,226,4,900.0
6864,3741,222,3,1800.0
6865,3741,221,4,5500.0
6866,3742,213,1,2200.0
6867,3742,215,1,18000.0
6868,3742,206,3,1999.0
6869,3742,227,3,1800.0
6870,3743,218,3,3500.0
6871,3743,201,2,55000.0
6872,3744,216,1,1800.0
6873,3745,228,4,3200.0
6874,3745,216,2,1800.0
6875,3745,210,1,25000.0
6876,3745,204,1,2500.0
6877,3746,205,4,999.0
6878,3746,226,2,900.0
6879,3746,218,2,3500.0
6880,3746,229,2,6500.0
6881,3747,230,2,4800.0
6882,3747,229,3,6500.0
6883,3747,201,4,55000.0
6884,3748,224,4,3500.0
6885,3748,219,2,8500.0
6886,3748,216,4,1800.0
6887,3748,214,4,28000.0
6888,3749,203,4,1500.0
6889,3749,227,4,1800.0
6890,3750,218,3,3500.0
6891,3750,212,3,12500.0
6892,3750,207,4,2999.0
6893,3750,221,3,5500.0
6894,3751,221,3,5500.0
6895,3751,216,3,1800.0
6896,3752,207,2,2999.0
6897,3753,202,4,800.0
6898,3753,218,1,3500.0
6899,3754,202,2,800.0
6900,3755,209,2,2499.0
6901,3755,206,2,1999.0
6902,3755,212,4,12500.0
6903,3756,228,4,3200.0
6904,3756,226,3,900.0
6905,3756,201,1,55000.0
6906,3757,225,1,3000.0
6907,3757,213,2,2200.0
6908,3757,219,1,8500.0
6909,3757,226,3,900.0
6910,3758,229,1,6500.0
6911,3759,218,1,3500.0
6912,3759,201,3,55000.0
6913,3760,209,4,2499.0
6914,3760,216,3,1800.0
6915,3761,207,2,2999.0
6916,3761,222,3,1800.0
6917,3761,216,2,1800.0
6918,3761,229,2,6500.0
6919,3762,215,1,18000.0
6920,3762,218,3,3500.0
6921,3762,205,4,999.0
6922,3762,227,3,1800.0
6923,3763,211,2,1500.0
6924,3763,217,3,500.0
6925,3763,222,1,1800.0
6926,3764,224,4,3500.0
6927,3764,213,4,2200.0
6928,3764,215,4,18000.0
6929,3765,202,4,800.0
6930,3766,203,1,1500.0
6931,3766,202,3,800.0
6932,3766,225,1,3000.0
6933,3767,230,2,4800.0
6934,3768,207,4,2999.0
6935,3769,219,4,8500.0
6936,3769,229,4,6500.0
6937,3769,216,3,1800.0
6938,3770,211,2,1500.0
6939,3771,203,1,1500.0
6940,3771,216,3,1800.0
6941,3772,223,4,900.0
6942,3772,222,3,1800.0
6943,3772,212,3,12500.0
6944,3773,202,2,800.0
6945,3773,210,1,25000.0
6946,3773,215,4,18000.0
6947,3773,201,3,55000.0
6948,3774,204,3,2500.0
6949,3774,218,2,3500.0
6950,3774,208,3,1499.0
6951,3775,216,2,1800.0
6952,3775,208,3,1499.0
6953,3776,220,2,7000.0
6954,3777,225,4,3000.0
6955,3777,222,2,1800.0
6956,3778,203,2,1500.0
6957,3779,230,4,4800.0
6958,3780,201,3,55000.0
6959,3780,204,4,2500.0
6960,3780,219,1,8500.0
6961,3781,209,1,2499.0
6962,3781,217,3,500.0
6963,3782,209,2,2499.0
6964,3782,204,3,2500.0
6965,3782,212,2,12500.0
6966,3783,228,3,3200.0
6967,3784,211,1,1500.0
6968,3785,201,1,55000.0
6969,3786,216,1,1800.0
6970,3786,218,4,3500.0
6971,3786,229,1,6500.0
6972,3786,201,4,55000.0
6973,3787,210,3,25000.0
6974,3788,229,2,6500.0
6975,3788,203,3,1500.0
6976,3788,201,3,55000.0
6977,3788,206,4,1999.0
6978,3789,227,1,1800.0
6979,3789,218,2,3500.0
6980,3789,230,2,4800.0
6981,3789,223,1,900.0
6982,3790,212,4,12500.0
6983,3790,224,4,3500.0
6984,3790,215,2,18000.0
6985,3790,202,2,800.0
6986,3791,203,1,1500.0
6987,3791,202,4,800.0
6988,3791,216,3,1800.0
6989,3792,204,1,2500.0
6990,3792,215,1,18000.0
6991,3792,210,3,25000.0
6992,3793,206,1,1999.0
6993,3794,202,2,800.0
6994,3794,201,1,55000.0
6995,3794,212,3,12500.0
6996,3795,217,3,500.0
6997,3796,215,3,18000.0
6998,3796,227,3,1800.0
6999,3797,206,3,1999.0
7000,3797,230,2,4800.0
7001,3798,217,4,500.0
7002,3798,204,2,2500.0
7003,3798,222,2,1800.0
7004,3799,217,2,500.0
7005,3799,207,2,2999.0
7006,3800,226,4,900.0
7007,3800,211,3,1500.0
7008,3801,224,3,3500.0
7009,3802,207,4,2999.0
7010,3803,226,2,900.0
7011,3803,203,3,1500.0
7012,3804,210,3,25000.0
7013,3805,230,1,4800.0
7014,3805,204,3,2500.0
7015,3805,206,1,1999.0
7016,3805,205,3,999.0
7017,3806,212,1,12500.0
7018,3807,219,1,8500.0
7019,3808,222,2,1800.0
7020,3808,225,3,3000.0
7021,3808,207,4,2999.0
7022,3808,206,2,1999.0
7023,3809,217,3,500.0
7024,3809,201,4,55000.0
7025,3809,222,4,1800.0
7026,3810,206,1,1999.0
7027,3810,219,1,8500.0
7028,3811,210,3,25000.0
7029,3811,209,2,2499.0
7030,3811,203,3,1500.0
7031,3811,225,2,3000.0
7032,3812,229,1,6500.0
7033,3812,205,2,999.0
7034,3813,222,1,1800.0
7035,3813,224,3,3500.0
7036,3814,218,4,3500.0
7037,3815,217,2,500.0
7038,3815,203,3,1500.0
7039,3816,208,1,1499.0
7040,3816,216,3,1800.0
7041,3816,217,4,500.0
7042,3816,227,4,1800.0
7043,3817,219,4,8500.0
7044,3817,212,3,12500.0
7045,3817,205,1,999.0
7046,3818,223,1,900.0
7047,3818,209,2,2499.0
7048,3818,226,4,900.0
7049,3818,221,3,5500.0
7050,3819,207,3,2999.0
7051,3820,210,4,25000.0
7052,3821,225,3,3000.0
7053,3821,224,4,3500.0
7054,3822,205,1,999.0
7055,3822,209,4,2499.0
7056,3822,215,3,18000.0
7057,3822,226,1,900.0
7058,3823,203,2,1500.0
7059,3823,210,3,25000.0
7060,3824,214,2,28000.0
7061,3824,209,4,2499.0
7062,3825,207,2,2999.0
7063,3825,225,3,3000.0
7064,3825,215,3,18000.0
7065,3825,202,2,800.0
7066,3826,229,3,6500.0
7067,3827,228,1,3200.0
7068,3827,204,3,2500.0
7069,3827,212,1,12500.0
7070,3827,217,2,500.0
7071,3828,210,1,25000.0
7072,3828,202,3,800.0
7073,3829,201,4,55000.0
7074,3830,225,1,3000.0
7075,3831,222,1,1800.0
7076,3831,225,2,3000.0
7077,3831,209,2,2499.0
7078,3831,219,3,8500.0
7079,3832,207,3,2999.0
7080,3833,210,1,25000.0
7081,3833,220,2,7000.0
7082,3833,224,4,3500.0
7083,3833,214,3,28000.0
7084,3834,224,3,3500.0
7085,3834,226,2,900.0
7086,3834,228,1,3200.0
7087,3835,205,3,999.0
7088,3835,224,4,3500.0
7089,3836,209,1,2499.0
7090,3837,204,1,2500.0
7091,3838,227,4,1800.0
7092,3838,202,2,800.0
7093,3838,226,3,900.0
7094,3838,213,1,2200.0
7095,3839,225,1,3000.0
7096,3839,227,1,1800.0
7097,3839,205,2,999.0
7098,3840,218,2,3500.0
7099,3840,208,2,1499.0
7100,3840,230,1,4800.0
7101,3840,217,4,500.0
7102,3841,213,1,2200.0
7103,3842,202,2,800.0
7104,3842,201,3,55000.0
7105,3842,218,4,3500.0
7106,3843,203,4,1500.0
7107,3843,214,4,28000.0
7108,3843,207,4,2999.0
7109,3843,212,3,12500.0
7110,3844,206,4,1999.0
7111,3844,220,2,7000.0
7112,3845,221,3,5500.0
7113,3845,213,4,2200.0
7114,3845,211,1,1500.0
7115,3845,202,2,800.0
7116,3846,212,1,12500.0
7117,3847,216,2,1800.0
7118,3847,219,3,8500.0
7119,3847,224,2,3500.0
7120,3847,201,2,55000.0
7121,3848,201,4,55000.0
7122,3848,226,2,900.0
7123,3848,219,4,8500.0
7124,3848,218,1,3500.0
7125,3849,223,3,900.0
7126,3849,204,3,2500.0
7127,3850,219,3,8500.0
7128,3850,208,1,1499.0
7129,3850,230,3,4800.0
7130,3850,207,2,2999.0
7131,3851,219,2,8500.0
7132,3851,203,3,1500.0
7133,3852,206,1,1999.0
7134,3852,220,1,7000.0
7135,3852,228,3,3200.0
7136,3853,209,1,2499.0
7137,3853,222,1,1800.0
7138,3853,216,2,1800.0
7139,3853,213,1,2200.0
7140,3854,215,2,18000.0
7141,3855,221,3,5500.0
7142,3856,213,3,2200.0
7143,3856,201,1,55000.0
7144,3856,209,2,2499.0
7145,3856,227,1,1800.0
7146,3857,215,1,18000.0
7147,3857,209,3,2499.0
7148,3858,201,4,55000.0
7149,3858,222,1,1800.0
7150,3858,227,2,1800.0
7151,3858,206,4,1999.0
7152,3859,211,4,1500.0
7153,3859,212,4,12500.0
7154,3859,203,1,1500.0
7155,3859,224,2,3500.0
7156,3860,220,3,7000.0
7157,3860,227,1,1800.0
7158,3860,208,2,1499.0
7159,3861,222,3,1800.0
7160,3861,204,2,2500.0
7161,3861,205,2,999.0
7162,3861,215,2,18000.0
7163,3862,226,1,900.0
7164,3862,228,1,3200.0
7165,3863,227,1,1800.0
7166,3863,202,1,800.0
7167,3864,209,1,2499.0
7168,3864,225,2,3000.0
7169,3864,229,3,6500.0
7170,3865,203,3,1500.0
7171,3865,228,2,3200.0
7172,3865,230,3,4800.0
7173,3866,226,1,900.0
7174,3866,202,4,800.0
7175,3867,202,4,800.0
7176,3868,221,2,5500.0
7177,3869,207,1,2999.0
7178,3869,222,3,1800.0
7179,3870,227,3,1800.0
7180,3870,218,4,3500.0
7181,3870,221,1,5500.0
7182,3870,219,2,8500.0
7183,3871,224,4,3500.0
7184,3871,213,2,2200.0
7185,3871,209,4,2499.0
7186,3871,215,2,18000.0
7187,3872,209,3,2499.0
7188,3872,207,2,2999.0
7189,3873,217,3,500.0
7190,3874,214,4,28000.0
7191,3874,216,3,1800.0
7192,3874,215,4,18000.0
7193,3874,217,3,500.0
7194,3875,215,1,18000.0
7195,3875,226,3,900.0
7196,3875,225,1,3000.0
7197,3875,201,3,55000.0
7198,3876,228,2,3200.0
7199,3876,220,3,7000.0
7200,3876,226,2,900.0
7201,3877,204,1,2500.0
7202,3878,215,1,18000.0
7203,3878,211,3,1500.0
7204,3878,230,3,4800.0
7205,3878,223,4,900.0
7206,3879,221,3,5500.0
7207,3880,207,2,2999.0
7208,3880,212,3,12500.0
7209,3880,217,1,500.0
7210,3880,229,1,6500.0
7211,3881,220,4,7000.0
7212,3882,202,4,800.0
7213,3882,227,1,1800.0
7214,3883,216,1,1800.0
7215,3883,207,1,2999.0
7216,3883,203,3,1500.0
7217,3884,203,4,1500.0
7218,3885,204,2,2500.0
7219,3885,227,1,1800.0
7220,3886,206,3,1999.0
7221,3886,205,2,999.0
7222,3886,227,2,1800.0
7223,3886,228,3,3200.0
7224,3887,219,3,8500.0
7225,3887,222,1,1800.0
7226,3887,202,1,800.0
7227,3887,209,3,2499.0
7228,3888,208,2,1499.0
7229,3888,229,3,6500.0
7230,3888,220,1,7000.0
7231,3888,204,4,2500.0
7232,3889,214,1,28000.0
7233,3890,224,3,3500.0
7234,3890,215,1,18000.0
7235,3890,204,3,2500.0
7236,3891,213,1,2200.0
7237,3892,230,4,4800.0
7238,3892,221,3,5500.0
7239,3892,213,4,2200.0
7240,3893,212,4,12500.0
7241,3893,204,1,2500.0
7242,3894,226,1,900.0
7243,3894,217,2,500.0
7244,3894,213,3,2200.0
7245,3894,216,3,1800.0
7246,3895,203,1,1500.0
7247,3895,210,3,25000.0
7248,3896,218,2,3500.0
7249,3897,218,1,3500.0
7250,3897,226,2,900.0
7251,3898,230,1,4800.0
7252,3898,220,2,7000.0
7253,3898,206,2,1999.0
7254,3899,220,2,7000.0
7255,3899,218,4,3500.0
7256,3899,210,1,25000.0
7257,3900,214,2,28000.0
7258,3900,204,4,2500.0
7259,3901,215,3,18000.0
7260,3902,205,2,999.0
7261,3902,209,4,2499.0
7262,3903,222,1,1800.0
7263,3904,221,3,5500.0
7264,3904,226,3,900.0
7265,3905,213,4,2200.0
7266,3905,230,4,4800.0
7267,3905,227,4,1800.0
7268,3905,215,3,18000.0
7269,3906,219,2,8500.0
7270,3906,229,4,6500.0
7271,3907,209,1,2499.0
7272,3907,213,2,2200.0
7273,3907,218,2,3500.0
7274,3907,230,3,4800.0
7275,3908,203,4,1500.0
7276,3909,228,2,3200.0
7277,3909,222,2,1800.0
7278,3910,224,3,3500.0
7279,3910,207,3,2999.0
7280,3911,220,1,7000.0
7281,3911,219,3,8500.0
7282,3911,227,3,1800.0
7283,3912,227,3,1800.0
7284,3912,220,1,7000.0
7285,3912,221,2,5500.0
7286,3912,210,3,25000.0
7287,3913,209,3,2499.0
7288,3913,202,2,800.0
7289,3913,218,3,3500.0
7290,3914,205,3,999.0
7291,3914,225,2,3000.0
7292,3914,228,4,3200.0
7293,3915,209,2,2499.0
7294,3915,228,2,3200.0
7295,3915,219,1,8500.0
7296,3916,225,4,3000.0
7297,3916,230,2,4800.0
7298,3916,223,4,900.0
7299,3916,204,2,2500.0
7300,3917,205,3,999.0
7301,3917,211,1,1500.0
7302,3917,224,2,3500.0
7303,3917,208,3,1499.0
7304,3918,222,3,1800.0
7305,3918,225,2,3000.0
7306,3918,215,4,18000.0
7307,3919,221,1,5500.0
7308,3919,223,3,900.0
7309,3919,207,4,2999.0
7310,3919,206,1,1999.0
7311,3920,220,2,7000.0
7312,3921,222,3,1800.0
7313,3922,214,1,28000.0
7314,3922,207,4,2999.0
7315,3922,210,3,25000.0
7316,3922,215,3,18000.0
7317,3923,222,4,1800.0
7318,3924,210,3,25000.0
7319,3924,229,2,6500.0
7320,3924,207,3,2999.0
7321,3924,204,2,2500.0
7322,3925,230,2,4800.0
7323,3925,220,3,7000.0
7324,3925,209,4,2499.0
7325,3925,229,4,6500.0
7326,3926,216,3,1800.0
7327,3927,214,4,28000.0
7328,3927,209,4,2499.0
7329,3927,221,2,5500.0
7330,3928,209,4,2499.0
7331,3928,220,1,7000.0
7332,3928,228,2,3200.0
7333,3929,212,1,12500.0
7334,3929,227,3,1800.0
7335,3929,208,1,1499.0
7336,3929,213,4,2200.0
7337,3930,209,4,2499.0
7338,3930,210,2,25000.0
7339,3930,229,3,6500.0
7340,3930,212,1,12500.0
7341,3931,211,1,1500.0
7342,3931,220,2,7000.0
7343,3931,217,3,500.0
7344,3932,220,1,7000.0
7345,3932,227,2,1800.0
7346,3933,205,4,999.0
7347,3933,219,1,8500.0
7348,3934,209,1,2499.0
7349,3935,226,3,900.0
7350,3935,219,1,8500.0
7351,3935,228,1,3200.0
7352,3936,214,4,28000.0
7353,3937,229,4,6500.0
7354,3937,219,1,8500.0
7355,3937,205,3,999.0
7356,3937,208,3,1499.0
7357,3938,208,1,1499.0
7358,3939,211,1,1500.0
7359,3939,216,3,1800.0
7360,3939,210,4,25000.0
7361,3940,227,1,1800.0
7362,3941,216,1,1800.0
7363,3941,206,4,1999.0
7364,3941,214,4,28000.0
7365,3942,205,4,999.0
7366,3943,226,4,900.0
7367,3944,209,2,2499.0
7368,3944,229,2,6500.0
7369,3945,228,1,3200.0
7370,3945,201,3,55000.0
7371,3946,215,2,18000.0
7372,3946,217,2,500.0
7373,3947,219,3,8500.0
7374,3947,223,3,900.0
7375,3947,218,4,3500.0
7376,3947,217,3,500.0
7377,3948,228,4,3200.0
7378,3948,223,2,900.0
7379,3948,216,3,1800.0
7380,3948,201,2,55000.0
7381,3949,211,4,1500.0
7382,3950,205,4,999.0
7383,3950,209,2,2499.0
7384,3950,217,2,500.0
7385,3950,213,3,2200.0
7386,3951,227,2,1800.0
7387,3952,230,1,4800.0
7388,3952,212,2,12500.0
7389,3953,208,4,1499.0
7390,3953,211,1,1500.0
7391,3953,202,3,800.0
7392,3954,222,3,1800.0
7393,3954,229,1,6500.0
7394,3954,230,3,4800.0
7395,3954,210,2,25000.0
7396,3955,227,1,1800.0
7397,3955,229,1,6500.0
7398,3955,222,2,1800.0
7399,3956,212,1,12500.0
7400,3956,226,2,900.0
7401,3956,222,1,1800.0
7402,3957,202,2,800.0
7403,3957,218,1,3500.0
7404,3958,217,1,500.0
7405,3959,223,1,900.0
7406,3959,202,1,800.0
7407,3959,211,2,1500.0
7408,3960,213,2,2200.0
7409,3960,230,3,4800.0
7410,3960,202,4,800.0
7411,3960,220,2,7000.0
7412,3961,204,4,2500.0
7413,3961,201,4,55000.0
7414,3961,205,2,999.0
7415,3961,225,3,3000.0
7416,3962,205,2,999.0
7417,3962,216,3,1800.0
7418,3962,223,4,900.0
7419,3962,211,3,1500.0
7420,3963,213,4,2200.0
7421,3963,216,4,1800.0
7422,3963,215,4,18000.0
7423,3963,223,1,900.0
7424,3964,207,4,2999.0
7425,3964,221,2,5500.0
7426,3964,216,3,1800.0
7427,3964,210,2,25000.0
7428,3965,224,2,3500.0
7429,3965,221,3,5500.0
7430,3965,203,2,1500.0
7431,3965,202,4,800.0
7432,3966,204,3,2500.0
7433,3966,223,3,900.0
7434,3966,205,1,999.0
7435,3967,208,3,1499.0
7436,3967,227,3,1800.0
7437,3967,219,4,8500.0
7438,3967,228,4,3200.0
7439,3968,207,4,2999.0
7440,3969,219,4,8500.0
7441,3969,203,1,1500.0
7442,3969,227,4,1800.0
7443,3969,206,1,1999.0
7444,3970,204,4,2500.0
7445,3970,214,1,28000.0
7446,3970,221,1,5500.0
7447,3970,222,2,1800.0
7448,3971,211,2,1500.0
7449,3971,214,2,28000.0
7450,3972,215,2,18000.0
7451,3972,206,1,1999.0
7452,3972,218,2,3500.0
7453,3972,211,3,1500.0
7454,3973,207,4,2999.0
7455,3974,201,2,55000.0
7456,3974,223,1,900.0
7457,3975,216,1,1800.0
7458,3975,227,1,1800.0
7459,3975,222,4,1800.0
7460,3975,204,2,2500.0
7461,3976,228,1,3200.0
7462,3976,227,1,1800.0
7463,3977,228,4,3200.0
7464,3978,228,4,3200.0
7465,3978,213,1,2200.0
7466,3978,216,4,1800.0
7467,3979,220,4,7000.0
7468,3979,205,1,999.0
7469,3979,223,3,900.0
7470,3980,201,3,55000.0
7471,3980,204,1,2500.0
7472,3980,219,3,8500.0
7473,3981,216,2,1800.0
7474,3981,227,2,1800.0
7475,3982,207,4,2999.0
7476,3983,221,4,5500.0
7477,3984,209,3,2499.0
7478,3984,215,4,18000.0
7479,3985,212,4,12500.0
7480,3985,201,4,55000.0
7481,3985,215,1,18000.0
7482,3985,226,4,900.0
7483,3986,226,3,900.0
7484,3986,202,1,800.0
7485,3986,208,4,1499.0
7486,3987,202,3,800.0
7487,3987,211,1,1500.0
7488,3987,213,4,2200.0
7489,3987,210,2,25000.0
7490,3988,224,3,3500.0
7491,3988,211,1,1500.0
7492,3988,210,3,25000.0
7493,3988,228,4,3200.0
7494,3989,215,2,18000.0
7495,3989,223,3,900.0
7496,3990,208,2,1499.0
7497,3990,229,3,6500.0
7498,3990,218,4,3500.0
7499,3991,216,4,1800.0
7500,3991,205,1,999.0
7501,3991,215,2,18000.0
7502,3991,217,4,500.0
7503,3992,230,1,4800.0
7504,3992,203,3,1500.0
7505,3993,218,2,3500.0
7506,3993,212,2,12500.0
7507,3993,227,4,1800.0
7508,3993,225,3,3000.0
7509,3994,228,3,3200.0
7510,3994,220,3,7000.0
7511,3994,209,3,2499.0
7512,3994,221,3,5500.0
7513,3995,227,4,1800.0
7514,3995,230,2,4800.0
7515,3995,215,1,18000.0
7516,3996,211,1,1500.0
7517,3997,224,3,3500.0
7518,3998,224,3,3500.0
7519,3998,226,4,900.0
7520,3999,212,2,12500.0
7521,3999,206,2,1999.0
7522,3999,207,2,2999.0
7523,3999,219,2,8500.0
7524,4000,211,4,1500.0
7525,4000,213,2,2200.0
7526,4000,223,1,900.0
7527,4000,204,1,2500.0
7528,4001,226,1,900.0
7529,4002,211,1,1500.0
7530,4002,219,1,8500.0
7531,4002,227,3,1800.0
7532,4002,209,3,2499.0
7533,4003,221,2,5500.0
7534,4003,228,1,3200.0
7535,4003,204,3,2500.0
7536,4003,215,1,18000.0
7537,4004,226,2,900.0
7538,4004,208,1,1499.0
7539,4004,205,1,999.0
7540,4004,206,2,1999.0
7541,4005,228,2,3200.0
7542,4005,204,4,2500.0
7543,4005,229,3,6500.0
7544,4006,211,2,1500.0
7545,4007,209,4,2499.0
7546,4008,226,2,900.0
7547,4008,223,4,900.0
7548,4008,221,4,5500.0
7549,4009,229,1,6500.0
7550,4009,204,1,2500.0
7551,4010,227,2,1800.0
7552,4011,202,1,800.0
7553,4012,219,1,8500.0
7554,4012,227,4,1800.0
7555,4013,222,4,1800.0
7556,4013,219,4,8500.0
7557,4013,220,3,7000.0
7558,4014,206,3,1999.0
7559,4015,223,1,900.0
7560,4015,228,2,3200.0
7561,4015,224,3,3500.0
7562,4015,204,4,2500.0
7563,4016,214,2,28000.0
7564,4016,224,2,3500.0
7565,4017,220,4,7000.0
7566,4017,226,4,900.0
7567,4017,208,1,1499.0
7568,4017,203,4,1500.0
7569,4018,217,4,500.0
7570,4018,222,2,1800.0
7571,4019,227,2,1800.0
7572,4019,208,2,1499.0
7573,4020,227,1,1800.0
7574,4020,205,1,999.0
7575,4020,215,2,18000.0
7576,4021,216,4,1800.0
7577,4022,215,2,18000.0
7578,4023,213,2,2200.0
7579,4024,212,3,12500.0
7580,4024,215,2,18000.0
7581,4024,203,3,1500.0
7582,4025,217,2,500.0
7583,4026,222,2,1800.0
7584,4026,212,4,12500.0
7585,4026,225,1,3000.0
7586,4027,219,2,8500.0
7587,4027,203,2,1500.0
7588,4027,229,1,6500.0
7589,4028,208,2,1499.0
7590,4029,201,2,55000.0
7591,4029,214,1,28000.0
7592,4029,207,4,2999.0
7593,4029,208,4,1499.0
7594,4030,224,1,3500.0
7595,4030,212,1,12500.0
7596,4031,206,4,1999.0
7597,4031,225,3,3000.0
7598,4031,224,1,3500.0
7599,4032,221,1,5500.0
7600,4032,210,1,25000.0
7601,4033,201,2,55000.0
7602,4033,216,2,1800.0
7603,4034,207,4,2999.0
7604,4034,219,3,8500.0
7605,4034,213,2,2200.0
7606,4034,205,4,999.0
7607,4035,205,1,999.0
7608,4035,219,3,8500.0
7609,4035,225,2,3000.0
7610,4036,225,3,3000.0
7611,4036,219,2,8500.0
7612,4036,212,4,12500.0
7613,4036,208,4,1499.0
7614,4037,210,1,25000.0
7615,4037,229,1,6500.0
7616,4037,212,1,12500.0
7617,4038,207,4,2999.0
7618,4038,224,4,3500.0
7619,4038,221,4,5500.0
7620,4038,214,3,28000.0
7621,4039,204,4,2500.0
7622,4039,214,3,28000.0
7623,4039,203,3,1500.0
7624,4039,217,3,500.0
7625,4040,218,2,3500.0
7626,4040,228,4,3200.0
7627,4041,227,4,1800.0
7628,4042,203,4,1500.0
7629,4042,226,3,900.0
7630,4042,202,1,800.0
7631,4042,208,4,1499.0
7632,4043,218,2,3500.0
7633,4043,228,2,3200.0
7634,4043,230,3,4800.0
7635,4043,223,3,900.0
7636,4044,225,3,3000.0
7637,4044,222,3,1800.0
7638,4044,208,2,1499.0
7639,4044,230,3,4800.0
7640,4045,203,4,1500.0
7641,4045,222,3,1800.0
7642,4045,202,2,800.0
7643,4045,230,3,4800.0
7644,4046,220,1,7000.0
7645,4046,213,1,2200.0
7646,4046,223,4,900.0
7647,4047,203,1,1500.0
7648,4048,202,1,800.0
7649,4048,212,1,12500.0
7650,4048,205,2,999.0
7651,4048,209,1,2499.0
7652,4049,217,2,500.0
7653,4049,207,1,2999.0
7654,4050,203,2,1500.0
7655,4050,224,1,3500.0
7656,4050,201,4,55000.0
7657,4050,228,3,3200.0
7658,4051,214,3,28000.0
7659,4051,205,4,999.0
7660,4051,229,2,6500.0
7661,4052,202,2,800.0
7662,4052,228,3,3200.0
7663,4053,217,3,500.0
7664,4053,205,1,999.0
7665,4054,222,2,1800.0
7666,4054,216,3,1800.0
7667,4055,219,1,8500.0
7668,4055,213,4,2200.0
7669,4055,228,3,3200.0
7670,4055,201,2,55000.0
7671,4056,203,4,1500.0
7672,4057,225,3,3000.0
7673,4057,210,3,25000.0
7674,4058,221,1,5500.0
7675,4058,205,3,999.0
7676,4058,229,4,6500.0
7677,4058,210,4,25000.0
7678,4059,210,1,25000.0
7679,4059,230,4,4800.0
7680,4060,216,2,1800.0
7681,4060,206,1,1999.0
7682,4060,225,3,3000.0
7683,4060,207,3,2999.0
7684,4061,224,2,3500.0
7685,4061,221,4,5500.0
7686,4062,204,2,2500.0
7687,4062,213,1,2200.0
7688,4062,218,3,3500.0
7689,4063,203,3,1500.0
7690,4063,224,2,3500.0
7691,4063,210,4,25000.0
7692,4063,212,1,12500.0
7693,4064,218,1,3500.0
7694,4064,203,4,1500.0
7695,4064,217,2,500.0
7696,4065,222,1,1800.0
7697,4065,215,2,18000.0
7698,4065,205,1,999.0
7699,4065,225,4,3000.0
7700,4066,215,1,18000.0
7701,4066,216,1,1800.0
7702,4066,201,1,55000.0
7703,4067,215,2,18000.0
7704,4067,217,3,500.0
7705,4068,209,4,2499.0
7706,4069,220,2,7000.0
7707,4069,206,4,1999.0
7708,4069,221,4,5500.0
7709,4070,217,2,500.0
7710,4070,208,1,1499.0
7711,4071,222,4,1800.0
7712,4071,219,2,8500.0
7713,4072,219,1,8500.0
7714,4073,222,3,1800.0
7715,4073,226,3,900.0
7716,4073,204,2,2500.0
7717,4073,207,3,2999.0
7718,4074,211,1,1500.0
7719,4074,225,3,3000.0
7720,4075,202,2,800.0
7721,4076,217,4,500.0
7722,4076,205,4,999.0
7723,4076,206,3,1999.0
7724,4077,203,4,1500.0
7725,4078,208,1,1499.0
7726,4078,225,3,3000.0
7727,4078,228,4,3200.0
7728,4079,213,2,2200.0
7729,4079,203,2,1500.0
7730,4079,209,1,2499.0
7731,4079,221,3,5500.0
7732,4080,221,4,5500.0
7733,4081,209,3,2499.0
7734,4081,220,2,7000.0
7735,4082,221,4,5500.0
7736,4082,220,4,7000.0
7737,4082,202,1,800.0
7738,4082,227,3,1800.0
7739,4083,216,3,1800.0
7740,4083,202,2,800.0
7741,4083,228,1,3200.0
7742,4083,217,3,500.0
7743,4084,210,1,25000.0
7744,4084,203,3,1500.0
7745,4084,225,3,3000.0
7746,4084,211,2,1500.0
7747,4085,203,4,1500.0
7748,4085,213,2,2200.0
7749,4086,212,3,12500.0
7750,4086,219,4,8500.0
7751,4087,214,2,28000.0
7752,4087,208,4,1499.0
7753,4087,213,2,2200.0
7754,4088,215,2,18000.0
7755,4088,218,4,3500.0
7756,4089,204,3,2500.0
7757,4089,214,2,28000.0
7758,4089,201,4,55000.0
7759,4089,211,1,1500.0
7760,4090,215,4,18000.0
7761,4090,219,4,8500.0
7762,4090,217,3,500.0
7763,4091,215,3,18000.0
7764,4091,209,1,2499.0
7765,4092,228,4,3200.0
7766,4092,204,2,2500.0
7767,4093,221,2,5500.0
7768,4093,213,3,2200.0
7769,4094,228,1,3200.0
7770,4094,221,1,5500.0
7771,4095,227,1,1800.0
7772,4095,217,2,500.0
7773,4095,207,1,2999.0
7774,4095,230,4,4800.0
7775,4096,202,1,800.0
7776,4096,223,4,900.0
7777,4097,217,3,500.0
7778,4098,215,2,18000.0
7779,4098,211,2,1500.0
7780,4099,215,4,18000.0
7781,4099,230,1,4800.0
7782,4099,226,4,900.0
7783,4100,214,4,28000.0
7784,4100,208,3,1499.0
7785,4100,221,4,5500.0
7786,4100,227,1,1800.0
7787,4101,220,2,7000.0
7788,4101,204,2,2500.0
7789,4102,223,1,900.0
7790,4102,203,4,1500.0
7791,4102,209,4,2499.0
7792,4102,218,2,3500.0
7793,4103,229,2,6500.0
7794,4103,212,4,12500.0
7795,4104,207,1,2999.0
7796,4104,220,4,7000.0
7797,4105,225,3,3000.0
7798,4105,217,1,500.0
7799,4106,222,3,1800.0
7800,4107,213,2,2200.0
7801,4107,203,4,1500.0
7802,4107,220,4,7000.0
7803,4108,207,2,2999.0
7804,4108,216,3,1800.0
7805,4108,227,2,1800.0
7806,4109,204,1,2500.0
7807,4109,205,3,999.0
7808,4110,220,1,7000.0
7809,4110,216,4,1800.0
7810,4110,223,3,900.0
7811,4111,210,3,25000.0
7812,4111,220,2,7000.0
7813,4112,228,1,3200.0
7814,4112,213,1,2200.0
7815,4112,214,2,28000.0
7816,4112,209,1,2499.0
7817,4113,224,2,3500.0
7818,4113,212,4,12500.0
7819,4113,218,4,3500.0
7820,4114,220,3,7000.0
7821,4114,223,1,900.0
7822,4114,229,4,6500.0
7823,4114,210,4,25000.0
7824,4115,228,4,3200.0
7825,4116,204,2,2500.0
7826,4116,212,3,12500.0
7827,4117,210,2,25000.0
7828,4117,205,3,999.0
7829,4117,226,4,900.0
7830,4118,217,2,500.0
7831,4118,213,4,2200.0
7832,4119,212,1,12500.0
7833,4119,205,1,999.0
7834,4120,218,1,3500.0
7835,4121,211,1,1500.0
7836,4122,228,4,3200.0
7837,4123,222,3,1800.0
7838,4123,225,1,3000.0
7839,4123,206,4,1999.0
7840,4124,212,1,12500.0
7841,4125,213,4,2200.0
7842,4126,205,1,999.0
7843,4126,224,1,3500.0
7844,4126,213,2,2200.0
7845,4127,208,1,1499.0
7846,4127,225,4,3000.0
7847,4127,224,3,3500.0
7848,4127,230,4,4800.0
7849,4128,218,1,3500.0
7850,4128,202,4,800.0
7851,4128,221,3,5500.0
7852,4128,210,4,25000.0
7853,4129,221,2,5500.0
7854,4129,223,3,900.0
7855,4129,211,1,1500.0
7856,4129,213,2,2200.0
7857,4130,212,1,12500.0
7858,4130,227,3,1800.0
7859,4130,214,4,28000.0
7860,4131,217,3,500.0
7861,4131,216,1,1800.0
7862,4132,212,2,12500.0
7863,4132,225,4,3000.0
7864,4132,220,1,7000.0
7865,4132,226,2,900.0
7866,4133,207,2,2999.0
7867,4134,225,1,3000.0
7868,4134,214,2,28000.0
7869,4134,228,1,3200.0
7870,4134,201,2,55000.0
7871,4135,218,2,3500.0
7872,4136,205,2,999.0
7873,4136,209,2,2499.0
7874,4136,218,3,3500.0
7875,4137,223,1,900.0
7876,4137,225,4,3000.0
7877,4137,222,1,1800.0
7878,4138,222,1,1800.0
7879,4139,213,3,2200.0
7880,4139,227,3,1800.0
7881,4140,229,3,6500.0
7882,4141,204,4,2500.0
7883,4141,226,1,900.0
7884,4141,210,4,25000.0
7885,4142,208,4,1499.0
7886,4142,210,3,25000.0
7887,4142,209,2,2499.0
7888,4143,202,1,800.0
7889,4144,223,2,900.0
7890,4145,230,4,4800.0
7891,4145,212,1,12500.0
7892,4145,227,1,1800.0
7893,4145,214,2,28000.0
7894,4146,212,2,12500.0
7895,4146,211,2,1500.0
7896,4146,215,3,18000.0
7897,4146,218,1,3500.0
7898,4147,223,3,900.0
7899,4147,227,1,1800.0
7900,4147,216,3,1800.0
7901,4148,227,3,1800.0
7902,4148,222,4,1800.0
7903,4148,225,3,3000.0
7904,4148,204,3,2500.0
7905,4149,210,3,25000.0
7906,4149,230,3,4800.0
7907,4149,211,4,1500.0
7908,4150,204,3,2500.0
7909,4150,224,3,3500.0
7910,4150,227,2,1800.0
7911,4150,229,1,6500.0
7912,4151,228,4,3200.0
7913,4151,220,1,7000.0
7914,4152,209,2,2499.0
7915,4153,207,2,2999.0
7916,4153,227,1,1800.0
7917,4153,210,3,25000.0
7918,4154,205,4,999.0
7919,4155,204,2,2500.0
7920,4155,228,3,3200.0
7921,4155,224,3,3500.0
7922,4156,210,2,25000.0
7923,4157,216,1,1800.0
7924,4158,224,1,3500.0
7925,4159,204,3,2500.0
7926,4159,214,1,28000.0
7927,4159,210,4,25000.0
7928,4160,203,1,1500.0
7929,4160,206,4,1999.0
7930,4160,215,4,18000.0
7931,4160,218,2,3500.0
7932,4161,210,1,25000.0
7933,4161,216,4,1800.0
7934,4162,217,2,500.0
7935,4162,223,2,900.0
7936,4162,228,1,3200.0
7937,4163,206,2,1999.0
7938,4163,210,1,25000.0
7939,4164,220,2,7000.0
7940,4164,228,1,3200.0
7941,4164,207,3,2999.0
7942,4165,227,4,1800.0
7943,4165,224,3,3500.0
7944,4165,225,2,3000.0
7945,4166,216,4,1800.0
7946,4167,213,3,2200.0
7947,4167,210,3,25000.0
7948,4168,228,2,3200.0
7949,4169,217,4,500.0
7950,4169,230,1,4800.0
7951,4169,225,3,3000.0
7952,4169,216,3,1800.0
7953,4170,201,2,55000.0
7954,4171,214,4,28000.0
7955,4172,211,4,1500.0
7956,4172,209,1,2499.0
7957,4172,204,4,2500.0
7958,4173,221,2,5500.0
7959,4173,230,1,4800.0
7960,4173,208,2,1499.0
7961,4173,224,1,3500.0
7962,4174,230,2,4800.0
7963,4175,203,1,1500.0
7964,4176,223,4,900.0
7965,4176,230,1,4800.0
7966,4176,229,3,6500.0
7967,4177,223,3,900.0
7968,4177,206,1,1999.0
7969,4177,224,4,3500.0
7970,4177,227,3,1800.0
7971,4178,230,4,4800.0
7972,4178,217,1,500.0
7973,4178,221,1,5500.0
7974,4179,221,4,5500.0
7975,4179,217,3,500.0
7976,4180,221,3,5500.0
7977,4181,214,1,28000.0
7978,4181,218,2,3500.0
7979,4181,226,3,900.0
7980,4181,205,3,999.0
7981,4182,222,1,1800.0
7982,4182,202,1,800.0
7983,4183,229,2,6500.0
7984,4183,202,1,800.0
7985,4183,203,2,1500.0
7986,4184,218,3,3500.0
7987,4184,226,4,900.0
7988,4184,212,3,12500.0
7989,4184,203,1,1500.0
7990,4185,208,3,1499.0
7991,4185,203,4,1500.0
7992,4185,213,4,2200.0
7993,4185,227,3,1800.0
7994,4186,223,4,900.0
7995,4186,217,1,500.0
7996,4186,203,4,1500.0
7997,4187,205,4,999.0
7998,4188,211,1,1500.0
7999,4188,209,2,2499.0
8000,4189,220,2,7000.0
8001,4189,203,1,1500.0
8002,4189,210,1,25000.0
8003,4190,218,2,3500.0
8004,4191,205,4,999.0
8005,4191,206,3,1999.0
8006,4192,222,3,1800.0
8007,4193,225,2,3000.0
8008,4193,214,4,28000.0
8009,4193,220,4,7000.0
8010,4194,213,3,2200.0
8011,4194,214,1,28000.0
8012,4195,204,2,2500.0
8013,4195,223,2,900.0
8014,4196,218,3,3500.0
8015,4196,201,4,55000.0
8016,4196,229,3,6500.0
8017,4196,223,4,900.0
8018,4197,213,1,2200.0
8019,4197,223,3,900.0
8020,4197,203,2,1500.0
8021,4198,214,1,28000.0
8022,4198,206,3,1999.0
8023,4199,208,3,1499.0
8024,4199,227,2,1800.0
8025,4200,221,2,5500.0
8026,4200,210,1,25000.0
8027,4200,225,3,3000.0
8028,4200,216,4,1800.0
8029,4201,220,3,7000.0
8030,4201,230,3,4800.0
8031,4201,216,2,1800.0
8032,4201,219,1,8500.0
8033,4202,222,2,1800.0
8034,4203,227,1,1800.0
8035,4203,225,3,3000.0
8036,4203,210,2,25000.0
8037,4204,212,4,12500.0
8038,4205,217,1,500.0
8039,4205,212,1,12500.0
8040,4205,206,4,1999.0
8041,4206,227,2,1800.0
8042,4206,219,4,8500.0
8043,4206,222,1,1800.0
8044,4207,213,4,2200.0
8045,4207,210,4,25000.0
8046,4207,201,1,55000.0
8047,4207,215,3,18000.0
8048,4208,204,3,2500.0
8049,4208,212,1,12500.0
8050,4208,211,1,1500.0
8051,4209,210,4,25000.0
8052,4209,219,1,8500.0
8053,4210,201,4,55000.0
8054,4210,221,3,5500.0
8055,4211,223,3,900.0
8056,4211,205,4,999.0
8057,4211,220,1,7000.0
8058,4212,228,2,3200.0
8059,4212,211,4,1500.0
8060,4212,227,2,1800.0
8061,4212,212,2,12500.0
8062,4213,214,2,28000.0
8063,4214,208,1,1499.0
8064,4214,211,3,1500.0
8065,4214,210,1,25000.0
8066,4214,212,2,12500.0
8067,4215,206,1,1999.0
8068,4216,223,4,900.0
8069,4216,214,2,28000.0
8070,4217,219,2,8500.0
8071,4217,201,3,55000.0
8072,4218,204,1,2500.0
8073,4219,212,2,12500.0
8074,4220,220,1,7000.0
8075,4220,219,2,8500.0
8076,4220,227,2,1800.0
8077,4220,206,3,1999.0
8078,4221,221,1,5500.0
8079,4221,204,1,2500.0
8080,4221,228,2,3200.0
8081,4222,211,1,1500.0
8082,4222,218,4,3500.0
8083,4222,221,1,5500.0
8084,4222,224,3,3500.0
8085,4223,214,2,28000.0
8086,4223,216,3,1800.0
8087,4223,205,4,999.0
8088,4223,219,3,8500.0
8089,4224,215,3,18000.0
8090,4225,219,1,8500.0
8091,4226,224,2,3500.0
8092,4226,215,3,18000.0
8093,4226,201,4,55000.0
8094,4227,224,2,3500.0
8095,4227,219,3,8500.0
8096,4227,221,2,5500.0
8097,4227,230,3,4800.0
8098,4228,228,3,3200.0
8099,4228,216,1,1800.0
8100,4229,227,2,1800.0
8101,4229,221,3,5500.0
8102,4229,223,3,900.0
8103,4230,203,2,1500.0
8104,4230,222,3,1800.0
8105,4230,225,3,3000.0
8106,4230,229,4,6500.0
8107,4231,224,2,3500.0
8108,4232,230,1,4800.0
8109,4233,225,2,3000.0
8110,4233,208,3,1499.0
8111,4233,226,1,900.0
8112,4234,201,3,55000.0
8113,4234,219,1,8500.0
8114,4234,204,2,2500.0
8115,4235,227,4,1800.0
8116,4235,212,2,12500.0
8117,4235,220,4,7000.0
8118,4236,218,2,3500.0
8119,4237,218,4,3500.0
8120,4237,224,4,3500.0
8121,4237,214,3,28000.0
8122,4238,218,2,3500.0
8123,4238,214,4,28000.0
8124,4239,207,2,2999.0
8125,4239,209,4,2499.0
8126,4239,218,3,3500.0
8127,4240,230,4,4800.0
8128,4240,224,3,3500.0
8129,4240,217,2,500.0
8130,4240,219,3,8500.0
8131,4241,229,1,6500.0
8132,4241,216,3,1800.0
8133,4241,214,2,28000.0
8134,4241,227,3,1800.0
8135,4242,218,3,3500.0
8136,4243,221,1,5500.0
8137,4243,208,4,1499.0
8138,4243,216,3,1800.0
8139,4243,222,1,1800.0
8140,4244,225,2,3000.0
8141,4244,215,4,18000.0
8142,4245,216,4,1800.0
8143,4245,227,4,1800.0
8144,4245,213,1,2200.0
8145,4246,207,2,2999.0
8146,4247,221,3,5500.0
8147,4247,210,1,25000.0
8148,4248,223,2,900.0
8149,4249,220,1,7000.0
8150,4250,203,4,1500.0
8151,4251,217,4,500.0
8152,4251,205,1,999.0
8153,4251,211,4,1500.0
8154,4251,225,4,3000.0
8155,4252,215,2,18000.0
8156,4253,211,4,1500.0
8157,4253,217,2,500.0
8158,4253,227,1,1800.0
8159,4253,222,4,1800.0
8160,4254,206,4,1999.0
8161,4255,229,3,6500.0
8162,4255,207,4,2999.0
8163,4256,207,2,2999.0
8164,4256,203,2,1500.0
8165,4256,223,2,900.0
8166,4257,207,1,2999.0
8167,4258,212,2,12500.0
8168,4258,222,4,1800.0
8169,4258,218,4,3500.0
8170,4258,227,2,1800.0
8171,4259,216,2,1800.0
8172,4259,207,4,2999.0
8173,4259,211,4,1500.0
8174,4259,212,1,12500.0
8175,4260,212,3,12500.0
8176,4260,222,1,1800.0
8177,4260,229,2,6500.0
8178,4260,204,1,2500.0
8179,4261,221,2,5500.0
8180,4261,206,3,1999.0
8181,4262,224,3,3500.0
8182,4262,211,1,1500.0
8183,4262,212,3,12500.0
8184,4262,228,2,3200.0
8185,4263,230,2,4800.0
8186,4264,230,3,4800.0
8187,4265,216,3,1800.0
8188,4265,209,4,2499.0
8189,4266,204,1,2500.0
8190,4266,230,4,4800.0
8191,4266,208,3,1499.0
8192,4267,208,2,1499.0
8193,4267,204,1,2500.0
8194,4267,224,4,3500.0
8195,4267,228,1,3200.0
8196,4268,208,3,1499.0
8197,4268,201,4,55000.0
8198,4268,225,2,3000.0
8199,4269,204,1,2500.0
8200,4269,215,4,18000.0
8201,4269,217,1,500.0
8202,4269,220,4,7000.0
8203,4270,212,4,12500.0
8204,4271,211,3,1500.0
8205,4271,205,2,999.0
8206,4272,228,1,3200.0
8207,4272,230,1,4800.0
8208,4273,224,3,3500.0
8209,4273,226,1,900.0
8210,4273,220,3,7000.0
8211,4273,209,2,2499.0
8212,4274,222,3,1800.0
8213,4274,212,4,12500.0
8214,4274,213,2,2200.0
8215,4275,210,2,25000.0
8216,4275,213,4,2200.0
8217,4275,218,3,3500.0
8218,4275,222,4,1800.0
8219,4276,225,4,3000.0
8220,4276,211,2,1500.0
8221,4276,218,1,3500.0
8222,4277,205,3,999.0
8223,4277,208,2,1499.0
8224,4277,224,2,3500.0
8225,4277,203,3,1500.0
8226,4278,205,1,999.0
8227,4278,216,3,1800.0
8228,4278,215,2,18000.0
8229,4279,204,1,2500.0
8230,4279,211,2,1500.0
8231,4279,225,1,3000.0
8232,4280,209,3,2499.0
8233,4280,222,2,1800.0
8234,4281,223,2,900.0
8235,4281,203,4,1500.0
8236,4281,209,4,2499.0
8237,4281,219,2,8500.0
8238,4282,225,4,3000.0
8239,4282,216,1,1800.0
8240,4283,214,3,28000.0
8241,4284,215,1,18000.0
8242,4285,228,4,3200.0
8243,4286,227,3,1800.0
8244,4286,210,2,25000.0
8245,4286,201,3,55000.0
8246,4286,215,1,18000.0
8247,4287,229,4,6500.0
8248,4287,201,1,55000.0
8249,4287,223,1,900.0
8250,4287,214,1,28000.0
8251,4288,227,3,1800.0
8252,4289,219,4,8500.0
8253,4289,221,2,5500.0
8254,4290,215,4,18000.0
8255,4290,216,1,1800.0
8256,4290,217,1,500.0
8257,4290,212,3,12500.0
8258,4291,207,3,2999.0
8259,4291,204,2,2500.0
8260,4292,217,1,500.0
8261,4292,202,4,800.0
8262,4292,214,2,28000.0
8263,4292,205,1,999.0
8264,4293,230,3,4800.0
8265,4293,228,2,3200.0
8266,4294,225,1,3000.0
8267,4294,220,1,7000.0
8268,4294,218,1,3500.0
8269,4294,214,3,28000.0
8270,4295,208,4,1499.0
8271,4295,215,3,18000.0
8272,4295,212,4,12500.0
8273,4296,201,1,55000.0
8274,4296,214,3,28000.0
8275,4296,216,4,1800.0
8276,4297,217,2,500.0
8277,4297,212,1,12500.0
8278,4297,216,3,1800.0
8279,4298,214,2,28000.0
8280,4298,207,4,2999.0
8281,4298,228,1,3200.0
8282,4299,215,2,18000.0
8283,4299,214,4,28000.0
8284,4299,204,4,2500.0
8285,4300,203,4,1500.0
8286,4300,210,1,25000.0
8287,4300,204,4,2500.0
8288,4301,210,1,25000.0
8289,4301,218,4,3500.0
8290,4302,218,4,3500.0
8291,4302,207,3,2999.0
8292,4303,211,4,1500.0
8293,4303,218,3,3500.0
8294,4303,210,3,25000.0
8295,4303,215,2,18000.0
8296,4304,201,2,55000.0
8297,4304,222,4,1800.0
8298,4305,215,1,18000.0
8299,4306,204,1,2500.0
8300,4306,218,3,3500.0
8301,4306,225,2,3000.0
8302,4306,226,2,900.0
8303,4307,223,4,900.0
8304,4307,216,2,1800.0
8305,4308,213,2,2200.0
8306,4308,209,4,2499.0
8307,4308,221,1,5500.0
8308,4308,211,4,1500.0
8309,4309,213,2,2200.0
8310,4309,208,3,1499.0
8311,4309,203,1,1500.0
8312,4309,229,4,6500.0
8313,4310,204,3,2500.0
8314,4311,212,2,12500.0
8315,4311,221,4,5500.0
8316,4312,230,3,4800.0
8317,4312,218,2,3500.0
8318,4312,209,4,2499.0
8319,4313,227,4,1800.0
8320,4313,220,4,7000.0
8321,4314,223,4,900.0
8322,4314,222,2,1800.0
8323,4314,221,3,5500.0
8324,4314,216,1,1800.0
8325,4315,217,4,500.0
8326,4316,223,4,900.0
8327,4316,206,4,1999.0
8328,4316,210,4,25000.0
8329,4317,215,1,18000.0
8330,4317,226,4,900.0
8331,4317,201,3,55000.0
8332,4317,217,2,500.0
8333,4318,203,2,1500.0
8334,4318,222,2,1800.0
8335,4318,230,2,4800.0
8336,4318,214,2,28000.0
8337,4319,225,1,3000.0
8338,4319,211,1,1500.0
8339,4319,210,4,25000.0
8340,4319,221,1,5500.0
8341,4320,216,1,1800.0
8342,4321,209,2,2499.0
8343,4321,216,4,1800.0
8344,4321,224,4,3500.0
8345,4322,223,4,900.0
8346,4323,210,4,25000.0
8347,4324,209,1,2499.0
8348,4325,227,4,1800.0
8349,4325,216,3,1800.0
8350,4325,225,4,3000.0
8351,4326,210,3,25000.0
8352,4326,201,4,55000.0
8353,4327,220,2,7000.0
8354,4328,212,4,12500.0
8355,4329,213,3,2200.0
8356,4329,214,2,28000.0
8357,4330,207,2,2999.0
8358,4330,206,1,1999.0
8359,4331,219,1,8500.0
8360,4332,225,1,3000.0
8361,4332,201,4,55000.0
8362,4332,221,3,5500.0
8363,4333,201,2,55000.0
8364,4333,230,4,4800.0
8365,4333,228,2,3200.0
8366,4334,224,3,3500.0
8367,4335,201,4,55000.0
8368,4335,225,3,3000.0
8369,4336,211,3,1500.0
8370,4337,212,4,12500.0
8371,4337,225,1,3000.0
8372,4337,213,2,2200.0
8373,4337,219,2,8500.0
8374,4338,218,4,3500.0
8375,4338,205,1,999.0
8376,4338,215,2,18000.0
8377,4339,207,4,2999.0
8378,4339,217,2,500.0
8379,4339,227,3,1800.0
8380,4339,205,1,999.0
8381,4340,223,1,900.0
8382,4340,218,1,3500.0
8383,4340,202,2,800.0
8384,4341,201,4,55000.0
8385,4341,208,1,1499.0
8386,4342,229,1,6500.0
8387,4342,209,3,2499.0
8388,4342,219,2,8500.0
8389,4342,208,1,1499.0
8390,4343,224,3,3500.0
8391,4343,228,4,3200.0
8392,4343,211,3,1500.0
8393,4344,207,1,2999.0
8394,4344,222,4,1800.0
8395,4344,210,3,25000.0
8396,4344,216,1,1800.0
8397,4345,210,4,25000.0
8398,4346,201,4,55000.0
8399,4347,201,4,55000.0
8400,4348,228,2,3200.0
8401,4349,217,4,500.0
8402,4349,202,4,800.0
8403,4349,215,4,18000.0
8404,4349,220,4,7000.0
8405,4350,222,1,1800.0
8406,4350,229,3,6500.0
8407,4351,205,3,999.0
8408,4352,230,4,4800.0
8409,4352,224,4,3500.0
8410,4353,230,2,4800.0
8411,4354,219,1,8500.0
8412,4354,202,2,800.0
8413,4354,205,4,999.0
8414,4354,225,3,3000.0
8415,4355,224,1,3500.0
8416,4355,228,3,3200.0
8417,4355,209,2,2499.0
8418,4356,209,2,2499.0
8419,4356,230,2,4800.0
8420,4356,224,3,3500.0
8421,4357,226,1,900.0
8422,4357,210,4,25000.0
8423,4357,225,2,3000.0
8424,4357,203,4,1500.0
8425,4358,201,2,55000.0
8426,4359,225,1,3000.0
8427,4359,221,4,5500.0
8428,4360,207,4,2999.0
8429,4360,230,2,4800.0
8430,4361,222,4,1800.0
8431,4362,203,3,1500.0
8432,4363,218,2,3500.0
8433,4363,211,4,1500.0
8434,4363,210,4,25000.0
8435,4364,208,4,1499.0
8436,4364,205,4,999.0
8437,4365,210,2,25000.0
8438,4365,225,2,3000.0
8439,4365,214,3,28000.0
8440,4365,217,4,500.0
8441,4366,224,4,3500.0
8442,4366,223,2,900.0
8443,4367,201,3,55000.0
8444,4367,212,3,12500.0
8445,4367,202,3,800.0
8446,4367,206,1,1999.0
8447,4368,203,2,1500.0
8448,4368,230,2,4800.0
8449,4368,205,1,999.0
8450,4368,210,4,25000.0
8451,4369,227,4,1800.0
8452,4369,208,4,1499.0
8453,4369,223,1,900.0
8454,4369,216,2,1800.0
8455,4370,212,1,12500.0
8456,4370,219,1,8500.0
8457,4370,226,3,900.0
8458,4370,227,1,1800.0
8459,4371,213,2,2200.0
8460,4371,215,3,18000.0
8461,4372,203,3,1500.0
8462,4372,211,1,1500.0
8463,4373,206,4,1999.0
8464,4373,208,4,1499.0
8465,4373,213,3,2200.0
8466,4374,215,4,18000.0
8467,4375,221,4,5500.0
8468,4375,210,1,25000.0
8469,4375,225,1,3000.0
8470,4376,206,4,1999.0
8471,4376,227,3,1800.0
8472,4376,204,1,2500.0
8473,4377,214,1,28000.0
8474,4378,219,1,8500.0
8475,4379,217,3,500.0
8476,4379,216,4,1800.0
8477,4379,214,1,28000.0
8478,4380,216,3,1800.0
8479,4380,228,2,3200.0
8480,4380,204,3,2500.0
8481,4381,218,1,3500.0
8482,4381,208,4,1499.0
8483,4381,211,1,1500.0
8484,4382,204,2,2500.0
8485,4382,217,1,500.0
8486,4382,211,4,1500.0
8487,4383,210,2,25000.0
8488,4383,213,4,2200.0
8489,4383,212,4,12500.0
8490,4383,216,3,1800.0
8491,4384,226,1,900.0
8492,4384,208,3,1499.0
8493,4384,221,3,5500.0
8494,4385,215,2,18000.0
8495,4386,223,2,900.0
8496,4387,208,3,1499.0
8497,4387,226,4,900.0
8498,4387,225,3,3000.0
8499,4388,226,4,900.0
8500,4388,202,1,800.0
8501,4388,206,1,1999.0
8502,4388,204,2,2500.0
8503,4389,202,1,800.0
8504,4390,229,3,6500.0
8505,4390,207,3,2999.0
8506,4390,217,3,500.0
8507,4391,227,3,1800.0
8508,4391,201,1,55000.0
8509,4392,223,1,900.0
8510,4392,230,2,4800.0
8511,4392,225,4,3000.0
8512,4393,204,1,2500.0
8513,4394,206,1,1999.0
8514,4394,201,3,55000.0
8515,4394,218,1,3500.0
8516,4395,222,3,1800.0
8517,4395,208,1,1499.0
8518,4395,210,1,25000.0
8519,4395,216,1,1800.0
8520,4396,230,3,4800.0
8521,4397,203,1,1500.0
8522,4397,227,2,1800.0
8523,4398,219,4,8500.0
8524,4398,212,2,12500.0
8525,4398,223,2,900.0
8526,4398,207,3,2999.0
8527,4399,207,3,2999.0
8528,4400,220,4,7000.0
8529,4400,206,4,1999.0
8530,4401,214,3,28000.0
8531,4401,207,3,2999.0
8532,4401,209,4,2499.0
8533,4401,213,3,2200.0
8534,4402,222,3,1800.0
8535,4402,227,3,1800.0
8536,4402,226,3,900.0
8537,4402,202,3,800.0
8538,4403,224,3,3500.0
8539,4404,227,2,1800.0
8540,4404,215,1,18000.0
8541,4404,216,3,1800.0
8542,4404,209,2,2499.0
8543,4405,201,2,55000.0
8544,4405,216,1,1800.0
8545,4405,212,4,12500.0
8546,4405,225,3,3000.0
8547,4406,214,2,28000.0
8548,4406,211,3,1500.0
8549,4407,225,1,3000.0
8550,4407,221,3,5500.0
8551,4408,205,4,999.0
8552,4409,212,1,12500.0
8553,4409,211,2,1500.0
8554,4409,221,2,5500.0
8555,4410,219,4,8500.0
8556,4410,230,2,4800.0
8557,4411,228,2,3200.0
8558,4411,210,2,25000.0
8559,4412,228,4,3200.0
8560,4412,209,2,2499.0
8561,4412,213,4,2200.0
8562,4413,215,1,18000.0
8563,4413,212,4,12500.0
8564,4414,209,1,2499.0
8565,4414,214,4,28000.0
8566,4414,230,4,4800.0
8567,4414,218,3,3500.0
8568,4415,204,3,2500.0
8569,4415,205,4,999.0
8570,4415,208,4,1499.0
8571,4415,224,1,3500.0
8572,4416,223,3,900.0
8573,4417,201,1,55000.0
8574,4417,202,1,800.0
8575,4418,224,3,3500.0
8576,4418,223,4,900.0
8577,4418,226,1,900.0
8578,4419,204,1,2500.0
8579,4419,227,4,1800.0
8580,4419,226,3,900.0
8581,4419,220,2,7000.0
8582,4420,208,3,1499.0
8583,4420,221,3,5500.0
8584,4420,226,2,900.0
8585,4420,229,2,6500.0
8586,4421,203,3,1500.0
8587,4421,207,2,2999.0
8588,4422,215,4,18000.0
8589,4422,207,2,2999.0
8590,4423,219,3,8500.0
8591,4423,229,2,6500.0
8592,4424,214,3,28000.0
8593,4424,207,2,2999.0
8594,4424,216,4,1800.0
8595,4424,204,1,2500.0
8596,4425,210,4,25000.0
8597,4425,205,4,999.0
8598,4425,203,1,1500.0
8599,4426,217,1,500.0
8600,4426,226,1,900.0
8601,4426,215,1,18000.0
8602,4427,202,1,800.0
8603,4427,206,3,1999.0
8604,4427,230,4,4800.0
8605,4427,222,2,1800.0
8606,4428,204,4,2500.0
8607,4428,214,2,28000.0
8608,4428,206,2,1999.0
8609,4429,226,4,900.0
8610,4429,201,4,55000.0
8611,4429,221,4,5500.0
8612,4429,229,2,6500.0
8613,4430,219,1,8500.0
8614,4430,212,4,12500.0
8615,4431,212,3,12500.0
8616,4431,221,4,5500.0
8617,4431,201,3,55000.0
8618,4431,227,1,1800.0
8619,4432,212,2,12500.0
8620,4432,203,1,1500.0
8621,4433,203,2,1500.0
8622,4433,227,4,1800.0
8623,4434,208,4,1499.0
8624,4434,225,2,3000.0
8625,4434,224,2,3500.0
8626,4434,214,2,28000.0
8627,4435,214,4,28000.0
8628,4436,216,3,1800.0
8629,4436,204,1,2500.0
8630,4436,227,2,1800.0
8631,4437,204,2,2500.0
8632,4437,210,3,25000.0
8633,4437,211,1,1500.0
8634,4438,230,4,4800.0
8635,4438,216,1,1800.0
8636,4438,217,1,500.0
8637,4439,227,4,1800.0
8638,4439,207,1,2999.0
8639,4439,226,2,900.0
8640,4439,230,1,4800.0
8641,4440,212,3,12500.0
8642,4441,228,4,3200.0
8643,4441,216,1,1800.0
8644,4441,230,2,4800.0
8645,4441,215,2,18000.0
8646,4442,217,4,500.0
8647,4443,201,3,55000.0
8648,4443,208,2,1499.0
8649,4443,226,3,900.0
8650,4444,211,3,1500.0
8651,4444,214,1,28000.0
8652,4445,212,1,12500.0
8653,4445,210,4,25000.0
8654,4445,204,4,2500.0
8655,4445,227,4,1800.0
8656,4446,220,4,7000.0
8657,4446,230,3,4800.0
8658,4447,217,4,500.0
8659,4447,210,4,25000.0
8660,4448,223,2,900.0
8661,4448,201,4,55000.0
8662,4448,204,3,2500.0
8663,4448,221,4,5500.0
8664,4449,225,3,3000.0
8665,4449,216,1,1800.0
8666,4449,218,4,3500.0
8667,4449,205,1,999.0
8668,4450,213,2,2200.0
8669,4450,201,1,55000.0
8670,4451,205,4,999.0
8671,4452,225,2,3000.0
8672,4452,214,4,28000.0
8673,4452,204,1,2500.0
8674,4453,202,2,800.0
8675,4453,209,2,2499.0
8676,4453,221,4,5500.0
8677,4454,215,2,18000.0
8678,4454,229,4,6500.0
8679,4454,222,4,1800.0
8680,4455,226,4,900.0
8681,4455,205,2,999.0
8682,4455,209,2,2499.0
8683,4455,215,2,18000.0
8684,4456,210,1,25000.0
8685,4456,229,3,6500.0
8686,4456,201,1,55000.0
8687,4457,202,3,800.0
8688,4458,225,2,3000.0
8689,4458,229,3,6500.0
8690,4458,221,3,5500.0
8691,4458,202,3,800.0
8692,4459,230,1,4800.0
8693,4459,217,4,500.0
8694,4459,209,1,2499.0
8695,4460,217,3,500.0
8696,4460,204,2,2500.0
8697,4460,221,4,5500.0
8698,4460,223,3,900.0
8699,4461,207,1,2999.0
8700,4461,222,2,1800.0
8701,4462,223,2,900.0
8702,4462,212,4,12500.0
8703,4462,211,1,1500.0
8704,4462,208,4,1499.0
8705,4463,212,4,12500.0
8706,4463,228,4,3200.0
8707,4463,226,4,900.0
8708,4463,213,2,2200.0
8709,4464,208,4,1499.0
8710,4464,214,2,28000.0
8711,4465,223,1,900.0
8712,4465,217,1,500.0
8713,4465,202,3,800.0
8714,4465,230,4,4800.0
8715,4466,210,2,25000.0
8716,4466,208,1,1499.0
8717,4466,209,2,2499.0
8718,4467,205,2,999.0
8719,4467,225,1,3000.0
8720,4468,219,3,8500.0
8721,4469,218,1,3500.0
8722,4470,222,3,1800.0
8723,4470,229,4,6500.0
8724,4470,218,1,3500.0
8725,4471,216,3,1800.0
8726,4472,206,4,1999.0
8727,4473,225,4,3000.0
8728,4473,224,4,3500.0
8729,4474,230,1,4800.0
8730,4474,221,4,5500.0
8731,4475,228,2,3200.0
8732,4475,230,4,4800.0
8733,4475,205,3,999.0
8734,4475,212,2,12500.0
8735,4476,209,4,2499.0
8736,4476,224,3,3500.0
8737,4477,224,4,3500.0
8738,4478,216,1,1800.0
8739,4478,210,2,25000.0
8740,4478,230,1,4800.0
8741,4479,209,1,2499.0
8742,4479,212,1,12500.0
8743,4479,223,4,900.0
8744,4479,225,2,3000.0
8745,4480,229,2,6500.0
8746,4481,215,1,18000.0
8747,4481,216,1,1800.0
8748,4481,225,1,3000.0
8749,4481,208,4,1499.0
8750,4482,201,2,55000.0
8751,4482,202,4,800.0
8752,4483,205,2,999.0
8753,4483,207,1,2999.0
8754,4484,207,4,2999.0
8755,4484,224,1,3500.0
8756,4485,230,1,4800.0
8757,4485,217,2,500.0
8758,4485,213,2,2200.0
8759,4485,203,3,1500.0
8760,4486,208,4,1499.0
8761,4486,225,2,3000.0
8762,4486,221,1,5500.0
8763,4487,226,1,900.0
8764,4487,227,2,1800.0
8765,4487,208,3,1499.0
8766,4487,222,3,1800.0
8767,4488,223,2,900.0
8768,4488,230,3,4800.0
8769,4488,219,4,8500.0
8770,4489,219,3,8500.0
8771,4490,201,4,55000.0
8772,4490,218,4,3500.0
8773,4491,225,3,3000.0
8774,4491,229,2,6500.0
8775,4491,206,2,1999.0
8776,4492,209,4,2499.0
8777,4492,227,1,1800.0
8778,4492,223,1,900.0
8779,4492,212,2,12500.0
8780,4493,227,4,1800.0
8781,4494,218,4,3500.0
8782,4494,207,1,2999.0
8783,4494,206,3,1999.0
8784,4494,222,2,1800.0
8785,4495,208,3,1499.0
8786,4496,220,3,7000.0
8787,4496,204,1,2500.0
8788,4496,208,4,1499.0
8789,4496,224,1,3500.0
8790,4497,219,3,8500.0
8791,4497,206,4,1999.0
8792,4497,214,4,28000.0
8793,4498,219,2,8500.0
8794,4499,224,2,3500.0
8795,4499,203,4,1500.0
8796,4500,214,2,28000.0
8797,4501,226,2,900.0
8798,4501,217,2,500.0
8799,4501,222,2,1800.0
8800,4502,207,1,2999.0
8801,4503,227,2,1800.0
8802,4503,206,4,1999.0
8803,4503,205,3,999.0
8804,4503,223,2,900.0
8805,4504,212,4,12500.0
8806,4505,202,4,800.0
8807,4505,218,4,3500.0
8808,4505,209,1,2499.0
8809,4506,206,1,1999.0
8810,4506,211,1,1500.0
8811,4507,226,4,900.0
8812,4507,208,1,1499.0
8813,4507,224,3,3500.0
8814,4507,229,2,6500.0
8815,4508,230,4,4800.0
8816,4508,204,4,2500.0
8817,4508,211,1,1500.0
8818,4509,210,4,25000.0
8819,4510,219,2,8500.0
8820,4510,215,4,18000.0
8821,4510,230,2,4800.0
8822,4511,204,2,2500.0
8823,4511,222,1,1800.0
8824,4511,227,4,1800.0
8825,4512,224,3,3500.0
8826,4513,207,1,2999.0
8827,4514,202,1,800.0
8828,4515,201,1,55000.0
8829,4516,219,4,8500.0
8830,4517,226,3,900.0
8831,4517,225,3,3000.0
8832,4518,226,1,900.0
8833,4519,210,1,25000.0
8834,4519,209,3,2499.0
8835,4519,223,2,900.0
8836,4519,222,3,1800.0
8837,4520,209,2,2499.0
8838,4521,227,4,1800.0
8839,4521,207,2,2999.0
8840,4521,201,3,55000.0
8841,4521,219,3,8500.0
8842,4522,224,2,3500.0
8843,4522,210,2,25000.0
8844,4522,203,4,1500.0
8845,4523,210,4,25000.0
8846,4523,206,3,1999.0
8847,4523,220,3,7000.0
8848,4523,202,1,800.0
8849,4524,230,4,4800.0
8850,4525,204,4,2500.0
8851,4525,226,3,900.0
8852,4525,212,1,12500.0
8853,4526,215,4,18000.0
8854,4526,204,4,2500.0
8855,4527,211,3,1500.0
8856,4527,227,1,1800.0
8857,4527,209,3,2499.0
8858,4528,219,3,8500.0
8859,4528,215,1,18000.0
8860,4528,211,2,1500.0
8861,4529,218,2,3500.0
8862,4529,213,2,2200.0
8863,4529,206,1,1999.0
8864,4530,205,2,999.0
8865,4530,209,4,2499.0
8866,4530,207,3,2999.0
8867,4530,229,3,6500.0
8868,4531,220,3,7000.0
8869,4532,201,4,55000.0
8870,4532,210,1,25000.0
8871,4533,222,2,1800.0
8872,4533,217,4,500.0
8873,4533,211,3,1500.0
8874,4534,214,2,28000.0
8875,4534,206,3,1999.0
8876,4534,201,2,55000.0
8877,4535,221,4,5500.0
8878,4536,226,1,900.0
8879,4536,224,4,3500.0
8880,4536,221,4,5500.0
8881,4537,224,4,3500.0
8882,4537,229,4,6500.0
8883,4537,206,3,1999.0
8884,4538,227,2,1800.0
8885,4538,217,3,500.0
8886,4539,213,2,2200.0
8887,4540,201,3,55000.0
8888,4540,219,4,8500.0
8889,4540,211,1,1500.0
8890,4541,208,4,1499.0
8891,4541,203,1,1500.0
8892,4541,209,3,2499.0
8893,4541,225,3,3000.0
8894,4542,212,2,12500.0
8895,4543,226,3,900.0
8896,4543,211,1,1500.0
8897,4544,205,4,999.0
8898,4545,223,1,900.0
8899,4546,216,4,1800.0
8900,4546,220,3,7000.0
8901,4547,217,4,500.0
8902,4547,208,1,1499.0
8903,4547,202,1,800.0
8904,4547,203,3,1500.0
8905,4548,204,2,2500.0
8906,4548,226,3,900.0
8907,4548,216,2,1800.0
8908,4548,201,3,55000.0
8909,4549,217,1,500.0
8910,4550,218,3,3500.0
8911,4550,217,4,500.0
8912,4551,225,1,3000.0
8913,4551,213,4,2200.0
8914,4551,221,3,5500.0
8915,4551,219,3,8500.0
8916,4552,221,2,5500.0
8917,4552,211,3,1500.0
8918,4552,213,3,2200.0
8919,4553,204,4,2500.0
8920,4553,215,4,18000.0
8921,4553,227,1,1800.0
8922,4554,211,1,1500.0
8923,4555,207,4,2999.0
8924,4555,206,2,1999.0
8925,4555,210,4,25000.0
8926,4555,211,2,1500.0
8927,4556,210,2,25000.0
8928,4556,227,2,1800.0
8929,4556,225,3,3000.0
8930,4556,220,1,7000.0
8931,4557,212,2,12500.0
8932,4557,205,4,999.0
8933,4557,214,2,28000.0
8934,4557,208,3,1499.0
8935,4558,202,3,800.0
8936,4559,209,1,2499.0
8937,4560,228,1,3200.0
8938,4560,209,1,2499.0
8939,4561,217,3,500.0
8940,4562,202,2,800.0
8941,4562,203,3,1500.0
8942,4562,213,3,2200.0
8943,4562,209,2,2499.0
8944,4563,225,2,3000.0
8945,4563,206,4,1999.0
8946,4564,213,4,2200.0
8947,4565,210,3,25000.0
8948,4566,217,2,500.0
8949,4566,229,3,6500.0
8950,4567,226,1,900.0
8951,4567,224,3,3500.0
8952,4568,205,1,999.0
8953,4569,213,1,2200.0
8954,4569,203,2,1500.0
8955,4569,224,1,3500.0
8956,4570,229,4,6500.0
8957,4570,216,1,1800.0
8958,4570,206,3,1999.0
8959,4570,217,4,500.0
8960,4571,209,4,2499.0
8961,4571,220,4,7000.0
8962,4572,210,1,25000.0
8963,4572,219,3,8500.0
8964,4572,204,3,2500.0
8965,4572,213,3,2200.0
8966,4573,216,2,1800.0
8967,4573,212,1,12500.0
8968,4573,220,3,7000.0
8969,4574,204,1,2500.0
8970,4575,226,4,900.0
8971,4576,203,3,1500.0
8972,4576,219,2,8500.0
8973,4577,222,3,1800.0
8974,4577,209,1,2499.0
8975,4577,223,1,900.0
8976,4578,206,4,1999.0
8977,4578,224,3,3500.0
8978,4579,201,1,55000.0
8979,4580,217,2,500.0
8980,4580,203,4,1500.0
8981,4580,216,4,1800.0
8982,4581,210,1,25000.0
8983,4581,226,1,900.0
8984,4582,208,4,1499.0
8985,4583,218,2,3500.0
8986,4584,216,4,1800.0
8987,4584,221,4,5500.0
8988,4584,219,4,8500.0
8989,4584,222,4,1800.0
8990,4585,205,2,999.0
8991,4585,222,2,1800.0
8992,4585,203,2,1500.0
8993,4585,219,2,8500.0
8994,4586,213,1,2200.0
8995,4587,211,4,1500.0
8996,4587,214,4,28000.0
8997,4588,212,4,12500.0
8998,4588,207,1,2999.0
8999,4588,227,2,1800.0
9000,4589,205,2,999.0
9001,4590,221,3,5500.0
9002,4590,209,2,2499.0
9003,4590,204,3,2500.0
9004,4590,220,1,7000.0
9005,4591,220,2,7000.0
9006,4591,208,4,1499.0
9007,4591,210,4,25000.0
9008,4592,220,1,7000.0
9009,4593,215,4,18000.0
9010,4594,215,1,18000.0
9011,4595,230,1,4800.0
9012,4595,208,3,1499.0
9013,4595,213,2,2200.0
9014,4595,211,3,1500.0
9015,4596,227,3,1800.0
9016,4596,225,3,3000.0
9017,4597,202,2,800.0
9018,4598,219,2,8500.0
9019,4598,211,4,1500.0
9020,4598,202,2,800.0
9021,4599,211,1,1500.0
9022,4599,212,3,12500.0
9023,4599,215,2,18000.0
9024,4599,204,4,2500.0
9025,4600,224,4,3500.0
9026,4600,210,3,25000.0
9027,4600,207,1,2999.0
9028,4601,201,1,55000.0
9029,4601,224,1,3500.0
9030,4602,202,3,800.0
9031,4602,225,2,3000.0
9032,4603,230,3,4800.0
9033,4604,224,1,3500.0
9034,4604,226,2,900.0
9035,4604,204,3,2500.0
9036,4604,220,4,7000.0
9037,4605,212,3,12500.0
9038,4605,216,3,1800.0
9039,4605,206,3,1999.0
9040,4606,207,1,2999.0
9041,4606,210,3,25000.0
9042,4606,201,2,55000.0
9043,4607,205,2,999.0
9044,4607,223,3,900.0
9045,4607,209,2,2499.0
9046,4607,210,4,25000.0
9047,4608,224,4,3500.0
9048,4608,220,4,7000.0
9049,4608,210,4,25000.0
9050,4609,206,2,1999.0
9051,4609,201,3,55000.0
9052,4609,226,1,900.0
9053,4609,225,3,3000.0
9054,4610,217,3,500.0
9055,4610,224,2,3500.0
9056,4610,211,4,1500.0
9057,4610,225,2,3000.0
9058,4611,203,2,1500.0
9059,4611,201,4,55000.0
9060,4611,214,3,28000.0
9061,4611,228,3,3200.0
9062,4612,219,3,8500.0
9063,4612,227,3,1800.0
9064,4613,219,4,8500.0
9065,4613,230,4,4800.0
9066,4613,210,2,25000.0
9067,4613,213,4,2200.0
9068,4614,213,4,2200.0
9069,4614,226,1,900.0
9070,4614,229,2,6500.0
9071,4614,227,1,1800.0
9072,4615,201,4,55000.0
9073,4616,204,1,2500.0
9074,4616,209,3,2499.0
9075,4617,213,4,2200.0
9076,4617,229,2,6500.0
9077,4618,212,4,12500.0
9078,4618,211,2,1500.0
9079,4618,215,4,18000.0
9080,4618,204,2,2500.0
9081,4619,230,4,4800.0
9082,4620,222,4,1800.0
9083,4620,211,4,1500.0
9084,4621,211,4,1500.0
9085,4622,204,2,2500.0
9086,4622,207,4,2999.0
9087,4623,219,4,8500.0
9088,4623,229,2,6500.0
9089,4624,206,2,1999.0
9090,4625,203,4,1500.0
9091,4625,218,4,3500.0
9092,4625,212,4,12500.0
9093,4626,225,2,3000.0
9094,4626,219,4,8500.0
9095,4626,229,3,6500.0
9096,4626,226,2,900.0
9097,4627,205,2,999.0
9098,4627,210,4,25000.0
9099,4627,221,1,5500.0
9100,4627,224,4,3500.0
9101,4628,228,3,3200.0
9102,4629,219,2,8500.0
9103,4629,216,3,1800.0
9104,4629,224,3,3500.0
9105,4629,205,4,999.0
9106,4630,208,3,1499.0
9107,4630,225,3,3000.0
9108,4631,206,4,1999.0
9109,4631,220,1,7000.0
9110,4632,230,4,4800.0
9111,4632,225,1,3000.0
9112,4632,201,3,55000.0
9113,4633,213,2,2200.0
9114,4633,208,4,1499.0
9115,4633,222,3,1800.0
9116,4633,218,3,3500.0
9117,4634,202,2,800.0
9118,4634,221,4,5500.0
9119,4635,221,3,5500.0
9120,4635,222,4,1800.0
9121,4635,226,2,900.0
9122,4635,220,2,7000.0
9123,4636,211,3,1500.0
9124,4636,222,2,1800.0
9125,4636,210,2,25000.0
9126,4637,218,4,3500.0
9127,4637,208,3,1499.0
9128,4637,205,3,999.0
9129,4637,223,1,900.0
9130,4638,213,2,2200.0
9131,4638,215,2,18000.0
9132,4638,217,2,500.0
9133,4639,210,4,25000.0
9134,4639,201,1,55000.0
9135,4639,214,4,28000.0
9136,4639,217,3,500.0
9137,4640,204,3,2500.0
9138,4641,207,4,2999.0
9139,4641,216,4,1800.0
9140,4641,204,1,2500.0
9141,4641,210,4,25000.0
9142,4642,222,2,1800.0
9143,4642,212,4,12500.0
9144,4642,224,2,3500.0
9145,4642,230,4,4800.0
9146,4643,221,4,5500.0
9147,4643,220,2,7000.0
9148,4643,214,1,28000.0
9149,4644,226,2,900.0
9150,4644,221,1,5500.0
9151,4644,206,1,1999.0
9152,4644,223,1,900.0
9153,4645,203,1,1500.0
9154,4645,205,2,999.0
9155,4646,220,4,7000.0
9156,4646,207,4,2999.0
9157,4646,216,3,1800.0
9158,4647,204,1,2500.0
9159,4648,218,4,3500.0
9160,4649,208,1,1499.0
9161,4649,219,4,8500.0
9162,4650,222,4,1800.0
9163,4650,209,1,2499.0
9164,4650,203,3,1500.0
9165,4651,202,2,800.0
9166,4652,212,2,12500.0
9167,4653,215,1,18000.0
9168,4653,209,3,2499.0
9169,4653,204,3,2500.0
9170,4654,203,3,1500.0
9171,4654,211,1,1500.0
9172,4654,228,2,3200.0
9173,4655,201,4,55000.0
9174,4655,219,2,8500.0
9175,4655,226,3,900.0
9176,4655,210,1,25000.0
9177,4656,227,3,1800.0
9178,4656,219,4,8500.0
9179,4656,201,3,55000.0
9180,4656,221,3,5500.0
9181,4657,215,3,18000.0
9182,4657,227,2,1800.0
9183,4657,224,1,3500.0
9184,4658,221,3,5500.0
9185,4658,219,3,8500.0
9186,4659,214,2,28000.0
9187,4659,224,1,3500.0
9188,4659,202,3,800.0
9189,4660,219,1,8500.0
9190,4661,223,4,900.0
9191,4662,230,4,4800.0
9192,4662,204,2,2500.0
9193,4662,224,3,3500.0
9194,4662,203,3,1500.0
9195,4663,211,1,1500.0
9196,4663,224,1,3500.0
9197,4663,210,4,25000.0
9198,4664,217,2,500.0
9199,4664,212,2,12500.0
9200,4664,227,3,1800.0
9201,4665,206,4,1999.0
9202,4666,230,1,4800.0
9203,4666,221,4,5500.0
9204,4667,217,3,500.0
9205,4667,211,3,1500.0
9206,4667,223,4,900.0
9207,4668,202,2,800.0
9208,4668,219,4,8500.0
9209,4669,228,1,3200.0
9210,4670,224,1,3500.0
9211,4670,213,4,2200.0
9212,4671,209,1,2499.0
9213,4671,223,1,900.0
9214,4672,227,4,1800.0
9215,4673,211,3,1500.0
9216,4673,213,1,2200.0
9217,4674,220,2,7000.0
9218,4674,214,2,28000.0
9219,4674,215,2,18000.0
9220,4674,204,3,2500.0
9221,4675,220,1,7000.0
9222,4675,210,3,25000.0
9223,4675,205,4,999.0
9224,4675,202,1,800.0
9225,4676,227,3,1800.0
9226,4676,221,4,5500.0
9227,4676,219,1,8500.0
9228,4676,208,1,1499.0
9229,4677,219,1,8500.0
9230,4677,205,4,999.0
9231,4677,230,2,4800.0
9232,4677,215,4,18000.0
9233,4678,227,4,1800.0
9234,4678,213,3,2200.0
9235,4678,223,3,900.0
9236,4678,207,4,2999.0
9237,4679,203,2,1500.0
9238,4680,219,3,8500.0
9239,4680,226,3,900.0
9240,4680,202,2,800.0
9241,4681,217,2,500.0
9242,4681,218,4,3500.0
9243,4681,227,3,1800.0
9244,4682,208,3,1499.0
9245,4682,212,3,12500.0
9246,4682,225,4,3000.0
9247,4682,205,4,999.0
9248,4683,213,3,2200.0
9249,4684,210,1,25000.0
9250,4684,207,1,2999.0
9251,4685,206,3,1999.0
9252,4685,221,1,5500.0
9253,4685,202,1,800.0
9254,4685,214,3,28000.0
9255,4686,228,3,3200.0
9256,4686,208,1,1499.0
9257,4687,216,3,1800.0
9258,4687,205,1,999.0
9259,4687,230,4,4800.0
9260,4688,201,3,55000.0
9261,4688,224,3,3500.0
9262,4689,227,4,1800.0
9263,4690,207,2,2999.0
9264,4691,220,1,7000.0
9265,4691,224,1,3500.0
9266,4691,202,1,800.0
9267,4692,214,4,28000.0
9268,4692,223,3,900.0
9269,4692,218,4,3500.0
9270,4692,227,3,1800.0
9271,4693,223,2,900.0
9272,4694,224,3,3500.0
9273,4694,218,1,3500.0
9274,4694,207,4,2999.0
9275,4695,202,1,800.0
9276,4695,211,3,1500.0
9277,4696,225,2,3000.0
9278,4696,208,3,1499.0
9279,4696,224,1,3500.0
9280,4697,224,2,3500.0
9281,4697,216,2,1800.0
9282,4697,222,3,1800.0
9283,4697,206,4,1999.0
9284,4698,211,4,1500.0
9285,4698,202,2,800.0
9286,4698,230,3,4800.0
9287,4699,212,3,12500.0
9288,4699,230,1,4800.0
9289,4699,226,2,900.0
9290,4700,213,1,2200.0
9291,4700,227,2,1800.0
9292,4700,215,2,18000.0
9293,4700,207,2,2999.0
9294,4701,206,3,1999.0
9295,4702,220,2,7000.0
9296,4702,205,2,999.0
9297,4702,208,3,1499.0
9298,4703,206,3,1999.0
9299,4703,226,4,900.0
9300,4703,211,1,1500.0
9301,4704,211,3,1500.0
9302,4704,213,1,2200.0
9303,4704,221,2,5500.0
9304,4705,217,3,500.0
9305,4706,221,4,5500.0
9306,4707,220,2,7000.0
9307,4707,227,2,1800.0
9308,4707,228,3,3200.0
9309,4707,214,1,28000.0
9310,4708,223,3,900.0
9311,4708,226,3,900.0
9312,4708,225,4,3000.0
9313,4708,201,1,55000.0
9314,4709,202,3,800.0
9315,4709,203,3,1500.0
9316,4710,224,4,3500.0
9317,4710,203,4,1500.0
9318,4711,227,2,1800.0
9319,4712,212,1,12500.0
9320,4712,205,1,999.0
9321,4713,212,1,12500.0
9322,4714,203,1,1500.0
9323,4715,212,1,12500.0
9324,4715,201,2,55000.0
9325,4715,215,2,18000.0
9326,4715,227,3,1800.0
9327,4716,202,1,800.0
9328,4716,207,2,2999.0
9329,4716,224,4,3500.0
9330,4716,216,4,1800.0
9331,4717,206,2,1999.0
9332,4717,230,1,4800.0
9333,4717,223,3,900.0
9334,4718,221,4,5500.0
9335,4718,217,2,500.0
9336,4718,210,1,25000.0
9337,4718,209,3,2499.0
9338,4719,211,2,1500.0
9339,4719,214,1,28000.0
9340,4720,224,2,3500.0
9341,4721,217,3,500.0
9342,4721,212,3,12500.0
9343,4721,206,4,1999.0
9344,4722,219,1,8500.0
9345,4722,214,3,28000.0
9346,4722,224,3,3500.0
9347,4723,230,1,4800.0
9348,4723,216,4,1800.0
9349,4724,207,2,2999.0
9350,4724,225,4,3000.0
9351,4725,220,4,7000.0
9352,4725,206,1,1999.0
9353,4725,216,1,1800.0
9354,4726,228,2,3200.0
9355,4727,222,3,1800.0
9356,4727,204,3,2500.0
9357,4727,228,4,3200.0
9358,4728,205,3,999.0
9359,4728,202,2,800.0
9360,4728,209,1,2499.0
9361,4728,204,3,2500.0
9362,4729,224,1,3500.0
9363,4729,229,1,6500.0
9364,4729,219,2,8500.0
9365,4730,206,3,1999.0
9366,4730,218,1,3500.0
9367,4731,210,4,25000.0
9368,4731,222,1,1800.0
9369,4732,202,2,800.0
9370,4732,221,4,5500.0
9371,4733,223,3,900.0
9372,4733,228,4,3200.0
9373,4733,203,2,1500.0
9374,4734,215,3,18000.0
9375,4734,218,2,3500.0
9376,4734,209,2,2499.0
9377,4735,226,4,900.0
9378,4735,202,4,800.0
9379,4735,221,4,5500.0
9380,4735,227,3,1800.0
9381,4736,222,2,1800.0
9382,4736,201,4,55000.0
9383,4736,211,4,1500.0
9384,4736,207,1,2999.0
9385,4737,222,4,1800.0
9386,4737,226,1,900.0
9387,4737,210,4,25000.0
9388,4737,211,4,1500.0
9389,4738,216,1,1800.0
9390,4738,202,3,800.0
9391,4738,225,3,3000.0
9392,4739,220,4,7000.0
9393,4739,209,3,2499.0
9394,4739,219,4,8500.0
9395,4740,210,3,25000.0
9396,4741,213,1,2200.0
9397,4741,209,4,2499.0
9398,4741,225,1,3000.0
9399,4741,229,2,6500.0
9400,4742,203,3,1500.0
9401,4743,206,3,1999.0
9402,4743,207,1,2999.0
9403,4743,201,1,55000.0
9404,4744,230,1,4800.0
9405,4744,205,2,999.0
9406,4745,222,3,1800.0
9407,4745,211,4,1500.0
9408,4746,220,2,7000.0
9409,4746,207,3,2999.0
9410,4746,206,3,1999.0
9411,4747,207,2,2999.0
9412,4748,215,2,18000.0
9413,4748,204,4,2500.0
9414,4748,222,1,1800.0
9415,4749,208,1,1499.0
9416,4750,206,4,1999.0
9417,4750,211,1,1500.0
9418,4750,224,1,3500.0
9419,4751,220,2,7000.0
9420,4751,210,4,25000.0
9421,4751,211,2,1500.0
9422,4751,227,4,1800.0
9423,4752,226,3,900.0
9424,4752,211,1,1500.0
9425,4752,213,1,2200.0
9426,4753,202,3,800.0
9427,4753,229,1,6500.0
9428,4754,215,1,18000.0
9429,4754,206,4,1999.0
9430,4755,225,1,3000.0
9431,4755,219,2,8500.0
9432,4755,226,3,900.0
9433,4756,214,2,28000.0
9434,4756,207,3,2999.0
9435,4756,209,4,2499.0
9436,4756,211,3,1500.0
9437,4757,225,2,3000.0
9438,4758,215,4,18000.0
9439,4758,211,2,1500.0
9440,4758,202,2,800.0
9441,4758,230,4,4800.0
9442,4759,229,3,6500.0
9443,4760,201,2,55000.0
9444,4760,225,3,3000.0
9445,4761,205,4,999.0
9446,4762,201,1,55000.0
9447,4762,228,3,3200.0
9448,4762,214,2,28000.0
9449,4762,230,3,4800.0
9450,4763,226,2,900.0
9451,4763,228,1,3200.0
9452,4764,203,1,1500.0
9453,4764,215,3,18000.0
9454,4764,208,1,1499.0
9455,4764,223,4,900.0
9456,4765,210,3,25000.0
9457,4766,203,3,1500.0
9458,4766,220,4,7000.0
9459,4767,211,4,1500.0
9460,4767,206,2,1999.0
9461,4767,219,4,8500.0
9462,4768,217,1,500.0
9463,4769,219,3,8500.0
9464,4769,227,1,1800.0
9465,4769,230,2,4800.0
9466,4770,224,4,3500.0
9467,4771,225,3,3000.0
9468,4771,209,1,2499.0
9469,4771,205,3,999.0
9470,4771,221,1,5500.0
9471,4772,230,4,4800.0
9472,4772,225,2,3000.0
9473,4773,211,1,1500.0
9474,4774,217,2,500.0
9475,4774,225,3,3000.0
9476,4774,228,2,3200.0
9477,4775,218,4,3500.0
9478,4776,228,3,3200.0
9479,4776,216,1,1800.0
9480,4776,219,1,8500.0
9481,4777,228,2,3200.0
9482,4778,205,1,999.0
9483,4778,221,1,5500.0
9484,4778,222,4,1800.0
9485,4779,208,2,1499.0
9486,4779,220,1,7000.0
9487,4779,205,3,999.0
9488,4779,217,1,500.0
9489,4780,222,4,1800.0
9490,4780,225,3,3000.0
9491,4781,217,4,500.0
9492,4781,205,1,999.0
9493,4781,221,3,5500.0
9494,4782,227,3,1800.0
9495,4782,221,4,5500.0
9496,4783,218,1,3500.0
9497,4783,226,2,900.0
9498,4783,205,3,999.0
9499,4783,210,4,25000.0
9500,4784,228,3,3200.0
9501,4784,207,3,2999.0
9502,4785,203,1,1500.0
9503,4785,208,4,1499.0
9504,4786,211,1,1500.0
9505,4786,223,1,900.0
9506,4786,202,2,800.0
9507,4786,230,2,4800.0
9508,4787,204,3,2500.0
9509,4787,209,3,2499.0
9510,4788,203,4,1500.0
9511,4789,211,2,1500.0
9512,4790,209,4,2499.0
9513,4790,213,4,2200.0
9514,4791,209,1,2499.0
9515,4792,226,2,900.0
9516,4792,209,4,2499.0
9517,4792,210,3,25000.0
9518,4792,214,1,28000.0
9519,4793,224,1,3500.0
9520,4793,215,3,18000.0
9521,4794,218,1,3500.0
9522,4794,204,2,2500.0
9523,4794,202,1,800.0
9524,4795,219,4,8500.0
9525,4796,212,4,12500.0
9526,4796,204,2,2500.0
9527,4797,229,3,6500.0
9528,4797,230,2,4800.0
9529,4797,210,3,25000.0
9530,4798,206,4,1999.0
9531,4798,223,4,900.0
9532,4799,204,3,2500.0
9533,4799,219,3,8500.0
9534,4799,224,4,3500.0
9535,4799,230,4,4800.0
9536,4800,201,4,55000.0
9537,4800,204,3,2500.0
9538,4800,202,2,800.0
9539,4801,207,2,2999.0
9540,4802,205,4,999.0
9541,4802,207,4,2999.0
9542,4802,221,4,5500.0
9543,4802,201,2,55000.0
9544,4803,228,2,3200.0
9545,4804,203,3,1500.0
9546,4805,215,4,18000.0
9547,4805,230,1,4800.0
9548,4805,228,1,3200.0
9549,4805,212,1,12500.0
9550,4806,203,3,1500.0
9551,4806,221,4,5500.0
9552,4806,210,3,25000.0
9553,4807,201,2,55000.0
9554,4807,226,1,900.0
9555,4808,224,3,3500.0
9556,4808,221,3,5500.0
9557,4808,204,3,2500.0
9558,4809,204,1,2500.0
9559,4810,201,4,55000.0
9560,4811,212,4,12500.0
9561,4811,214,2,28000.0
9562,4811,227,1,1800.0
9563,4812,229,2,6500.0
9564,4813,225,3,3000.0
9565,4813,209,3,2499.0
9566,4813,206,3,1999.0
9567,4814,206,4,1999.0
9568,4815,216,2,1800.0
9569,4815,201,3,55000.0
9570,4816,228,2,3200.0
9571,4817,202,3,800.0
9572,4817,224,3,3500.0
9573,4817,203,3,1500.0
9574,4818,214,2,28000.0
9575,4819,206,1,1999.0
9576,4820,213,1,2200.0
9577,4820,217,2,500.0
9578,4820,221,4,5500.0
9579,4821,208,1,1499.0
9580,4821,209,1,2499.0
9581,4821,227,3,1800.0
9582,4821,216,1,1800.0
9583,4822,209,1,2499.0
9584,4822,201,1,55000.0
9585,4823,218,3,3500.0
9586,4823,229,4,6500.0
9587,4823,204,1,2500.0
9588,4824,225,2,3000.0
9589,4824,201,4,55000.0
9590,4824,206,1,1999.0
9591,4825,228,2,3200.0
9592,4825,212,3,12500.0
9593,4826,213,4,2200.0
9594,4826,216,1,1800.0
9595,4826,210,4,25000.0
9596,4826,218,4,3500.0
9597,4827,228,1,3200.0
9598,4828,217,3,500.0
9599,4828,203,3,1500.0
9600,4829,227,4,1800.0
9601,4830,221,2,5500.0
9602,4830,230,1,4800.0
9603,4830,227,3,1800.0
9604,4831,230,4,4800.0
9605,4831,222,1,1800.0
9606,4832,213,2,2200.0
9607,4832,230,1,4800.0
9608,4833,204,1,2500.0
9609,4833,222,1,1800.0
9610,4833,221,4,5500.0
9611,4834,201,1,55000.0
9612,4834,220,1,7000.0
9613,4834,215,2,18000.0
9614,4835,205,4,999.0
9615,4835,217,1,500.0
9616,4835,230,2,4800.0
9617,4835,222,2,1800.0
9618,4836,230,2,4800.0
9619,4836,228,1,3200.0
9620,4836,218,2,3500.0
9621,4836,213,3,2200.0
9622,4837,229,2,6500.0
9623,4838,207,3,2999.0
9624,4838,212,2,12500.0
9625,4839,226,1,900.0
9626,4840,201,1,55000.0
9627,4840,222,4,1800.0
9628,4840,216,2,1800.0
9629,4841,223,1,900.0
9630,4841,212,2,12500.0
9631,4841,221,2,5500.0
9632,4841,208,3,1499.0
9633,4842,227,4,1800.0
9634,4842,208,3,1499.0
9635,4842,219,4,8500.0
9636,4842,209,2,2499.0
9637,4843,204,2,2500.0
9638,4844,207,3,2999.0
9639,4844,217,4,500.0
9640,4844,215,2,18000.0
9641,4844,203,3,1500.0
9642,4845,211,3,1500.0
9643,4845,227,2,1800.0
9644,4846,211,2,1500.0
9645,4846,221,1,5500.0
9646,4847,202,1,800.0
9647,4848,218,4,3500.0
9648,4849,220,1,7000.0
9649,4849,219,1,8500.0
9650,4849,214,3,28000.0
9651,4850,211,2,1500.0
9652,4851,209,4,2499.0
9653,4851,207,3,2999.0
9654,4851,206,4,1999.0
9655,4852,213,2,2200.0
9656,4853,201,3,55000.0
9657,4853,214,3,28000.0
9658,4853,209,3,2499.0
9659,4854,228,3,3200.0
9660,4854,214,4,28000.0
9661,4855,220,3,7000.0
9662,4855,202,1,800.0
9663,4855,211,1,1500.0
9664,4856,217,1,500.0
9665,4856,224,4,3500.0
9666,4856,205,2,999.0
9667,4857,223,3,900.0
9668,4857,216,3,1800.0
9669,4857,207,3,2999.0
9670,4858,208,1,1499.0
9671,4858,228,4,3200.0
9672,4858,226,2,900.0
9673,4859,206,2,1999.0
9674,4860,204,2,2500.0
9675,4861,214,4,28000.0
9676,4861,223,4,900.0
9677,4862,202,1,800.0
9678,4863,217,3,500.0
9679,4863,213,3,2200.0
9680,4864,230,4,4800.0
9681,4864,209,2,2499.0
9682,4864,224,2,3500.0
9683,4865,213,1,2200.0
9684,4866,219,2,8500.0
9685,4866,202,4,800.0
9686,4866,229,3,6500.0
9687,4866,217,3,500.0
9688,4867,204,3,2500.0
9689,4867,214,2,28000.0
9690,4867,201,4,55000.0
9691,4867,228,4,3200.0
9692,4868,208,2,1499.0
9693,4868,206,1,1999.0
9694,4868,216,1,1800.0
9695,4869,201,4,55000.0
9696,4869,223,2,900.0
9697,4869,210,4,25000.0
9698,4870,228,4,3200.0
9699,4870,213,3,2200.0
9700,4871,228,4,3200.0
9701,4871,222,3,1800.0
9702,4871,210,4,25000.0
9703,4872,229,3,6500.0
9704,4872,221,4,5500.0
9705,4872,219,2,8500.0
9706,4873,209,4,2499.0
9707,4873,219,3,8500.0
9708,4873,201,2,55000.0
9709,4873,208,2,1499.0
9710,4874,220,3,7000.0
9711,4874,208,1,1499.0
9712,4874,206,2,1999.0
9713,4874,202,4,800.0
9714,4875,227,2,1800.0
9715,4876,220,3,7000.0
9716,4876,208,1,1499.0
9717,4876,207,1,2999.0
9718,4876,230,4,4800.0
9719,4877,226,3,900.0
9720,4878,205,3,999.0
9721,4879,216,4,1800.0
9722,4880,211,3,1500.0
9723,4880,210,4,25000.0
9724,4881,209,1,2499.0
9725,4881,220,2,7000.0
9726,4881,210,2,25000.0
9727,4881,205,4,999.0
9728,4882,226,3,900.0
9729,4882,207,4,2999.0
9730,4882,216,1,1800.0
9731,4882,225,2,3000.0
9732,4883,216,2,1800.0
9733,4883,203,4,1500.0
9734,4883,204,4,2500.0
9735,4883,211,4,1500.0
9736,4884,221,3,5500.0
9737,4884,228,1,3200.0
9738,4885,230,4,4800.0
9739,4885,210,2,25000.0
9740,4885,221,4,5500.0
9741,4886,222,2,1800.0
9742,4886,216,4,1800.0
9743,4887,206,4,1999.0
9744,4888,219,2,8500.0
9745,4889,224,1,3500.0
9746,4890,201,4,55000.0
9747,4891,222,4,1800.0
9748,4891,223,3,900.0
9749,4891,229,3,6500.0
9750,4891,219,2,8500.0
9751,4892,203,1,1500.0
9752,4892,202,2,800.0
9753,4892,215,1,18000.0
9754,4892,230,1,4800.0
9755,4893,208,4,1499.0
9756,4893,202,1,800.0
9757,4894,222,1,1800.0
9758,4894,211,1,1500.0
9759,4894,202,3,800.0
9760,4894,214,3,28000.0
9761,4895,221,1,5500.0
9762,4895,215,2,18000.0
9763,4895,209,2,2499.0
9764,4895,211,3,1500.0
9765,4896,201,4,55000.0
9766,4896,215,1,18000.0
9767,4896,202,3,800.0
9768,4896,222,3,1800.0
9769,4897,221,3,5500.0
9770,4897,214,4,28000.0
9771,4898,203,3,1500.0
9772,4898,207,2,2999.0
9773,4898,222,2,1800.0
9774,4899,208,4,1499.0
9775,4899,214,2,28000.0
9776,4899,218,3,3500.0
9777,4900,221,3,5500.0
9778,4900,220,3,7000.0
9779,4901,205,1,999.0
9780,4902,224,4,3500.0
9781,4902,225,3,3000.0
9782,4902,201,2,55000.0
9783,4903,223,2,900.0
9784,4903,227,1,1800.0
9785,4903,229,3,6500.0
9786,4904,216,3,1800.0
9787,4904,204,2,2500.0
9788,4905,207,4,2999.0
9789,4905,209,4,2499.0
9790,4905,216,4,1800.0
9791,4905,210,2,25000.0
9792,4906,223,4,900.0
9793,4906,217,3,500.0
9794,4906,203,2,1500.0
9795,4906,209,1,2499.0
9796,4907,216,4,1800.0
9797,4907,208,4,1499.0
9798,4907,212,2,12500.0
9799,4907,218,3,3500.0
9800,4908,229,2,6500.0
9801,4908,205,2,999.0
9802,4909,219,1,8500.0
9803,4909,214,4,28000.0
9804,4909,227,1,1800.0
9805,4910,212,4,12500.0
9806,4910,208,3,1499.0
9807,4911,209,2,2499.0
9808,4911,227,3,1800.0
9809,4912,223,4,900.0
9810,4913,204,4,2500.0
9811,4913,215,3,18000.0
9812,4914,202,1,800.0
9813,4914,217,2,500.0
9814,4915,224,1,3500.0
9815,4915,222,4,1800.0
9816,4915,206,2,1999.0
9817,4916,209,2,2499.0
9818,4916,224,3,3500.0
9819,4917,206,3,1999.0
9820,4917,210,4,25000.0
9821,4918,216,4,1800.0
9822,4918,204,4,2500.0
9823,4919,202,4,800.0
9824,4919,217,1,500.0
9825,4919,226,1,900.0
9826,4920,217,2,500.0
9827,4920,223,4,900.0
9828,4920,207,1,2999.0
9829,4920,226,2,900.0
9830,4921,217,4,500.0
9831,4921,227,3,1800.0
9832,4921,230,2,4800.0
9833,4922,225,3,3000.0
9834,4923,215,4,18000.0
9835,4923,230,1,4800.0
9836,4924,209,4,2499.0
9837,4924,222,1,1800.0
9838,4924,203,3,1500.0
9839,4925,204,1,2500.0
9840,4926,226,4,900.0
9841,4926,211,2,1500.0
9842,4926,227,4,1800.0
9843,4926,212,2,12500.0
9844,4927,210,3,25000.0
9845,4927,209,2,2499.0
9846,4928,212,3,12500.0
9847,4928,223,3,900.0
9848,4928,218,1,3500.0
9849,4929,228,1,3200.0
9850,4929,204,3,2500.0
9851,4929,217,2,500.0
9852,4930,226,2,900.0
9853,4930,210,4,25000.0
9854,4930,214,1,28000.0
9855,4930,229,2,6500.0
9856,4931,201,2,55000.0
9857,4931,205,3,999.0
9858,4931,217,3,500.0
9859,4931,203,2,1500.0
9860,4932,215,1,18000.0
9861,4932,201,1,55000.0
9862,4932,224,3,3500.0
9863,4933,205,3,999.0
9864,4933,208,1,1499.0
9865,4933,219,1,8500.0
9866,4933,207,1,2999.0
9867,4934,211,2,1500.0
9868,4935,220,4,7000.0
9869,4935,224,2,3500.0
9870,4935,229,1,6500.0
9871,4936,221,3,5500.0
9872,4937,209,1,2499.0
9873,4938,218,1,3500.0
9874,4938,220,3,7000.0
9875,4938,205,3,999.0
9876,4939,213,3,2200.0
9877,4939,210,2,25000.0
9878,4940,222,1,1800.0
9879,4940,225,1,3000.0
9880,4940,205,3,999.0
9881,4941,203,3,1500.0
9882,4941,208,2,1499.0
9883,4941,215,1,18000.0
9884,4942,228,1,3200.0
9885,4942,203,4,1500.0
9886,4942,213,2,2200.0
9887,4943,222,2,1800.0
9888,4944,201,4,55000.0
9889,4944,224,2,3500.0
9890,4944,206,2,1999.0
9891,4945,224,3,3500.0
9892,4945,225,4,3000.0
9893,4945,217,2,500.0
9894,4946,201,1,55000.0
9895,4946,206,2,1999.0
9896,4946,220,1,7000.0
9897,4947,208,4,1499.0
9898,4947,229,1,6500.0
9899,4948,201,1,55000.0
9900,4948,202,3,800.0
9901,4948,222,3,1800.0
9902,4948,223,3,900.0
9903,4949,206,2,1999.0
9904,4949,213,1,2200.0
9905,4949,215,4,18000.0
9906,4949,202,4,800.0
9907,4950,206,3,1999.0
9908,4950,201,4,55000.0
9909,4950,216,1,1800.0
9910,4951,227,3,1800.0
9911,4951,203,3,1500.0
9912,4952,208,1,1499.0
9913,4952,228,2,3200.0
9914,4952,225,2,3000.0
9915,4953,208,1,1499.0
9916,4953,210,4,25000.0
9917,4954,230,1,4800.0
9918,4954,211,4,1500.0
9919,4954,221,2,5500.0
9920,4954,229,4,6500.0
9921,4955,211,4,1500.0
9922,4955,203,2,1500.0
9923,4956,225,2,3000.0
9924,4957,228,2,3200.0
9925,4957,221,2,5500.0
9926,4958,227,2,1800.0
9927,4958,216,2,1800.0
9928,4958,211,3,1500.0
9929,4958,201,2,55000.0
9930,4959,229,1,6500.0
9931,4959,211,1,1500.0
9932,4959,226,4,900.0
9933,4960,229,2,6500.0
9934,4960,222,3,1800.0
9935,4960,226,1,900.0
9936,4961,223,2,900.0
9937,4961,210,1,25000.0
9938,4962,225,3,3000.0
9939,4962,224,1,3500.0
9940,4962,211,1,1500.0
9941,4963,222,2,1800.0
9942,4963,226,2,900.0
9943,4964,214,4,28000.0
9944,4964,223,2,900.0
9945,4965,230,3,4800.0
9946,4965,217,1,500.0
9947,4965,227,4,1800.0
9948,4966,204,2,2500.0
9949,4966,230,2,4800.0
9950,4966,223,3,900.0
9951,4966,212,1,12500.0
9952,4967,224,2,3500.0
9953,4967,226,4,900.0
9954,4967,209,2,2499.0
9955,4968,217,1,500.0
9956,4968,218,2,3500.0
9957,4969,224,3,3500.0
9958,4969,205,3,999.0
9959,4969,215,2,18000.0
9960,4969,221,1,5500.0
9961,4970,219,4,8500.0
9962,4970,216,1,1800.0
9963,4970,209,1,2499.0
9964,4971,230,3,4800.0
9965,4971,206,3,1999.0
9966,4972,214,2,28000.0
9967,4973,208,1,1499.0
9968,4973,210,2,25000.0
9969,4974,229,4,6500.0
9970,4975,207,4,2999.0
9971,4975,204,3,2500.0
9972,4976,224,4,3500.0
9973,4976,211,3,1500.0
9974,4976,226,2,900.0
9975,4976,222,1,1800.0
9976,4977,204,2,2500.0
9977,4977,201,1,55000.0
9978,4977,219,3,8500.0
9979,4977,213,4,2200.0
9980,4978,226,3,900.0
9981,4978,221,4,5500.0
9982,4978,215,3,18000.0
9983,4979,229,2,6500.0
9984,4979,213,2,2200.0
9985,4979,205,4,999.0
9986,4979,209,4,2499.0
9987,4980,215,3,18000.0
9988,4980,218,2,3500.0
9989,4981,222,1,1800.0
9990,4981,211,1,1500.0
9991,4981,212,1,12500.0
9992,4981,221,3,5500.0
9993,4982,230,1,4800.0
9994,4983,217,2,500.0
9995,4983,201,1,55000.0
9996,4983,208,3,1499.0
9997,4983,213,2,2200.0
9998,4984,208,3,1499.0
9999,4984,214,3,28000.0
10000,4984,228,3,3200.0
10001,4985,213,2,2200.0
10002,4985,205,2,999.0
10003,4985,202,2,800.0
10004,4985,206,1,1999.0
10005,4986,222,2,1800.0
10006,4986,205,4,999.0
10007,4987,217,1,500.0
10008,4987,218,2,3500.0
10009,4987,229,2,6500.0
10010,4988,214,3,28000.0
10011,4988,220,3,7000.0
10012,4988,201,4,55000.0
10013,4989,205,4,999.0
10014,4989,225,4,3000.0
10015,4990,212,1,12500.0
10016,4990,218,4,3500.0
10017,4990,230,1,4800.0
10018,4991,202,2,800.0
10019,4992,215,3,18000.0
10020,4993,213,4,2200.0
10021,4994,228,2,3200.0
10022,4995,215,1,18000.0
10023,4995,208,4,1499.0
10024,4995,225,4,3000.0
10025,4995,222,4,1800.0
10026,4996,214,1,28000.0
10027,4996,207,2,2999.0
10028,4996,213,3,2200.0
10029,4997,202,2,800.0
10030,4997,218,4,3500.0
10031,4997,201,3,55000.0
10032,4998,220,4,7000.0
10033,4998,227,3,1800.0
10034,4998,226,1,900.0
10035,4999,217,4,500.0
10036,4999,230,4,4800.0
10037,4999,211,2,1500.0
10038,4999,205,3,999.0
10039,5000,201,4,55000.0
10040,5000,224,1,3500.0
10041,5000,215,3,18000.0
10042,5001,202,1,800.0
10043,5002,217,3,500.0
10044,5002,207,1,2999.0
10045,5003,205,1,999.0
10046,5003,217,4,500.0
10047,5003,212,1,12500.0
10048,5003,203,3,1500.0
10049,5004,204,2,2500.0
10050,5004,207,1,2999.0
10051,5004,230,3,4800.0
10052,5005,213,2,2200.0
10053,5005,206,2,1999.0
10054,5005,203,3,1500.0
10055,5006,203,4,1500.0
10056,5007,214,2,28000.0
10057,5007,227,1,1800.0
10058,5007,224,3,3500.0
10059,5007,222,1,1800.0
10060,5008,210,3,25000.0
10061,5008,203,3,1500.0
10062,5009,213,4,2200.0
10063,5010,205,4,999.0
10064,5011,222,2,1800.0
10065,5011,213,2,2200.0
10066,5012,203,3,1500.0
10067,5012,228,4,3200.0
10068,5013,203,3,1500.0
10069,5013,229,4,6500.0
10070,5013,223,1,900.0
10071,5014,210,3,25000.0
10072,5015,203,2,1500.0
10073,5015,229,4,6500.0
10074,5016,226,3,900.0
10075,5017,213,4,2200.0
10076,5017,208,4,1499.0
10077,5017,207,2,2999.0
10078,5017,220,3,7000.0
10079,5018,218,4,3500.0
10080,5018,202,3,800.0
10081,5019,218,3,3500.0
10082,5020,218,3,3500.0
10083,5020,227,3,1800.0
10084,5021,218,2,3500.0
10085,5021,214,4,28000.0
10086,5021,215,3,18000.0
10087,5021,208,2,1499.0
10088,5022,202,1,800.0
10089,5022,201,3,55000.0
10090,5022,207,4,2999.0
10091,5022,225,1,3000.0
10092,5023,216,1,1800.0
10093,5023,204,1,2500.0
10094,5024,224,3,3500.0
10095,5025,227,3,1800.0
10096,5025,214,2,28000.0
10097,5025,225,4,3000.0
10098,5026,204,1,2500.0
10099,5026,201,4,55000.0
10100,5027,230,1,4800.0
10101,5027,202,1,800.0
10102,5028,221,4,5500.0
10103,5029,209,1,2499.0
10104,5029,211,3,1500.0
10105,5029,220,3,7000.0
10106,5029,216,4,1800.0
10107,5030,201,3,55000.0
10108,5030,229,2,6500.0
10109,5031,217,1,500.0
10110,5031,208,1,1499.0
10111,5031,220,4,7000.0
10112,5031,216,2,1800.0
10113,5032,218,4,3500.0
10114,5033,230,3,4800.0
10115,5033,225,4,3000.0
10116,5033,209,3,2499.0
10117,5033,206,1,1999.0
10118,5034,203,3,1500.0
10119,5034,214,4,28000.0
10120,5035,215,1,18000.0
10121,5036,211,4,1500.0
10122,5036,226,3,900.0
10123,5036,217,2,500.0
10124,5037,226,1,900.0
10125,5037,217,1,500.0
10126,5037,228,1,3200.0
10127,5037,225,2,3000.0
10128,5038,226,1,900.0
10129,5038,201,1,55000.0
10130,5038,213,2,2200.0
10131,5038,228,1,3200.0
10132,5039,202,3,800.0
10133,5039,229,4,6500.0
10134,5039,226,4,900.0
10135,5040,218,3,3500.0
10136,5040,205,2,999.0
10137,5041,203,4,1500.0
10138,5041,230,3,4800.0
10139,5041,205,4,999.0
10140,5042,211,3,1500.0
10141,5042,225,4,3000.0
10142,5042,221,4,5500.0
10143,5043,212,1,12500.0
10144,5043,204,1,2500.0
10145,5044,217,2,500.0
10146,5045,208,1,1499.0
10147,5046,212,1,12500.0
10148,5046,217,1,500.0
10149,5046,219,4,8500.0
10150,5046,222,4,1800.0
10151,5047,204,3,2500.0
10152,5047,205,1,999.0
10153,5047,211,2,1500.0
10154,5048,215,2,18000.0
10155,5048,224,4,3500.0
10156,5048,230,4,4800.0
10157,5048,226,2,900.0
10158,5049,203,3,1500.0
10159,5049,219,3,8500.0
10160,5050,218,4,3500.0
10161,5051,222,1,1800.0
10162,5051,215,2,18000.0
10163,5051,203,4,1500.0
10164,5051,228,3,3200.0
10165,5052,210,2,25000.0
10166,5052,221,4,5500.0
10167,5053,208,1,1499.0
10168,5053,209,2,2499.0
10169,5053,223,4,900.0
10170,5053,202,1,800.0
10171,5054,204,2,2500.0
10172,5054,218,1,3500.0
10173,5055,224,3,3500.0
10174,5056,203,2,1500.0
10175,5056,214,4,28000.0
10176,5057,213,4,2200.0
10177,5058,218,4,3500.0
10178,5058,219,1,8500.0
10179,5058,207,1,2999.0
10180,5059,213,1,2200.0
10181,5059,209,2,2499.0
10182,5059,219,3,8500.0
10183,5060,217,2,500.0
10184,5061,222,2,1800.0
10185,5061,201,2,55000.0
10186,5061,202,4,800.0
10187,5061,204,1,2500.0
10188,5062,225,4,3000.0
10189,5062,220,3,7000.0
10190,5062,221,3,5500.0
10191,5062,206,2,1999.0
10192,5063,210,4,25000.0
10193,5063,209,2,2499.0
10194,5063,207,2,2999.0
10195,5064,217,2,500.0
10196,5064,216,3,1800.0
10197,5065,214,4,28000.0
10198,5065,205,3,999.0
10199,5065,222,3,1800.0
10200,5065,224,3,3500.0
10201,5066,214,4,28000.0
10202,5067,218,2,3500.0
10203,5067,217,2,500.0
10204,5067,216,2,1800.0
10205,5068,205,3,999.0
10206,5068,202,1,800.0
10207,5069,217,2,500.0
10208,5069,208,2,1499.0
10209,5070,224,2,3500.0
10210,5070,217,4,500.0
10211,5070,212,3,12500.0
10212,5071,220,3,7000.0
10213,5071,216,4,1800.0
10214,5071,219,3,8500.0
10215,5072,229,2,6500.0
10216,5072,221,2,5500.0
10217,5073,222,4,1800.0
10218,5073,208,4,1499.0
10219,5074,206,4,1999.0
10220,5075,221,3,5500.0
10221,5075,226,2,900.0
10222,5076,204,3,2500.0
10223,5077,212,2,12500.0
10224,5077,219,3,8500.0
10225,5077,214,4,28000.0
10226,5077,201,3,55000.0
10227,5078,228,4,3200.0
10228,5078,225,2,3000.0
10229,5079,217,3,500.0
10230,5079,225,4,3000.0
10231,5079,228,4,3200.0
10232,5080,230,3,4800.0
10233,5080,211,1,1500.0
10234,5080,204,2,2500.0
10235,5080,213,4,2200.0
10236,5081,211,4,1500.0
10237,5081,215,4,18000.0
10238,5081,208,4,1499.0
10239,5081,230,3,4800.0
10240,5082,218,3,3500.0
10241,5083,217,4,500.0
10242,5083,211,3,1500.0
10243,5084,207,4,2999.0
10244,5085,210,2,25000.0
10245,5086,209,1,2499.0
10246,5086,207,4,2999.0
10247,5087,205,3,999.0
10248,5087,223,4,900.0
10249,5087,230,2,4800.0
10250,5088,208,2,1499.0
10251,5088,228,1,3200.0
10252,5088,215,1,18000.0
10253,5088,221,3,5500.0
10254,5089,226,2,900.0
10255,5090,213,2,2200.0
10256,5090,205,1,999.0
10257,5090,204,4,2500.0
10258,5090,211,4,1500.0
10259,5091,228,1,3200.0
10260,5092,221,2,5500.0
10261,5093,224,4,3500.0
10262,5093,207,2,2999.0
10263,5093,204,1,2500.0
10264,5094,210,3,25000.0
10265,5095,223,4,900.0
10266,5095,220,1,7000.0
10267,5096,227,3,1800.0
10268,5096,223,1,900.0
10269,5096,203,4,1500.0
10270,5097,225,2,3000.0
10271,5097,217,3,500.0
10272,5097,206,1,1999.0
10273,5097,220,2,7000.0
10274,5098,227,2,1800.0
10275,5098,216,1,1800.0
10276,5098,217,2,500.0
10277,5098,214,2,28000.0
10278,5099,220,1,7000.0
10279,5099,213,3,2200.0
10280,5099,210,1,25000.0
10281,5100,225,1,3000.0
10282,5100,220,4,7000.0
10283,5100,202,1,800.0
10284,5101,210,4,25000.0
10285,5101,224,4,3500.0
10286,5101,221,4,5500.0
10287,5102,208,4,1499.0
10288,5102,216,2,1800.0
10289,5102,227,4,1800.0
10290,5102,223,1,900.0
10291,5103,226,4,900.0
10292,5104,205,1,999.0
10293,5104,226,4,900.0
10294,5105,217,3,500.0
10295,5105,205,2,999.0
10296,5106,218,4,3500.0
10297,5106,225,1,3000.0
10298,5106,207,1,2999.0
10299,5107,217,2,500.0
10300,5107,210,1,25000.0
10301,5107,223,1,900.0
10302,5108,204,4,2500.0
10303,5108,223,2,900.0
10304,5109,214,2,28000.0
10305,5110,206,3,1999.0
10306,5110,205,2,999.0
10307,5110,216,2,1800.0
10308,5110,230,3,4800.0
10309,5111,214,1,28000.0
10310,5111,230,1,4800.0
10311,5112,219,2,8500.0
10312,5113,216,4,1800.0
10313,5113,224,1,3500.0
10314,5113,226,1,900.0
10315,5114,208,1,1499.0
10316,5114,219,1,8500.0
10317,5114,202,3,800.0
10318,5115,215,3,18000.0
10319,5116,207,1,2999.0
10320,5117,206,4,1999.0
10321,5117,223,2,900.0
10322,5117,211,1,1500.0
10323,5117,214,3,28000.0
10324,5118,212,1,12500.0
10325,5118,215,2,18000.0
10326,5118,223,3,900.0
10327,5119,217,2,500.0
10328,5119,230,4,4800.0
10329,5119,224,4,3500.0
10330,5120,226,1,900.0
10331,5120,207,2,2999.0
10332,5120,224,4,3500.0
10333,5120,211,2,1500.0
10334,5121,223,2,900.0
10335,5121,215,4,18000.0
10336,5121,208,2,1499.0
10337,5121,225,3,3000.0
10338,5122,216,2,1800.0
10339,5123,208,4,1499.0
10340,5123,201,1,55000.0
10341,5123,226,2,900.0
10342,5123,207,4,2999.0
10343,5124,220,4,7000.0
10344,5124,230,1,4800.0
10345,5124,227,4,1800.0
10346,5125,223,3,900.0
10347,5126,227,1,1800.0
10348,5126,214,1,28000.0
10349,5127,202,4,800.0
10350,5127,207,4,2999.0
10351,5127,213,2,2200.0
10352,5127,226,1,900.0
10353,5128,201,4,55000.0
10354,5128,221,2,5500.0
10355,5129,217,4,500.0
10356,5130,205,3,999.0
10357,5130,217,3,500.0
10358,5130,210,1,25000.0
10359,5130,208,1,1499.0
10360,5131,219,1,8500.0
10361,5131,217,1,500.0
10362,5131,223,3,900.0
10363,5132,212,3,12500.0
10364,5132,208,3,1499.0
10365,5132,226,3,900.0
10366,5132,217,4,500.0
10367,5133,215,4,18000.0
10368,5133,217,1,500.0
10369,5133,208,2,1499.0
10370,5133,203,2,1500.0
10371,5134,227,2,1800.0
10372,5134,213,1,2200.0
10373,5135,214,4,28000.0
10374,5135,208,4,1499.0
10375,5135,207,3,2999.0
10376,5136,212,3,12500.0
10377,5136,218,1,3500.0
10378,5137,223,1,900.0
10379,5138,220,4,7000.0
10380,5138,209,4,2499.0
10381,5138,206,1,1999.0
10382,5139,221,1,5500.0
10383,5139,220,4,7000.0
10384,5139,226,2,900.0
10385,5139,224,3,3500.0
10386,5140,202,3,800.0
10387,5141,230,4,4800.0
10388,5142,229,2,6500.0
10389,5143,210,2,25000.0
10390,5143,212,1,12500.0
10391,5143,226,2,900.0
10392,5143,215,3,18000.0
10393,5144,217,1,500.0
10394,5144,209,3,2499.0
10395,5144,211,2,1500.0
10396,5144,202,3,800.0
10397,5145,220,3,7000.0
10398,5145,218,3,3500.0
10399,5145,201,2,55000.0
10400,5146,206,4,1999.0
10401,5146,213,1,2200.0
10402,5146,207,3,2999.0
10403,5147,225,1,3000.0
10404,5147,214,3,28000.0
10405,5148,228,1,3200.0
10406,5148,214,3,28000.0
10407,5149,204,1,2500.0
10408,5149,222,3,1800.0
10409,5149,211,2,1500.0
10410,5149,212,3,12500.0
10411,5150,205,4,999.0
10412,5150,215,2,18000.0
10413,5150,208,3,1499.0
10414,5151,225,2,3000.0
10415,5151,226,4,900.0
10416,5152,213,1,2200.0
10417,5152,227,2,1800.0
10418,5152,212,4,12500.0
10419,5153,220,4,7000.0
10420,5154,226,1,900.0
10421,5155,201,4,55000.0
10422,5155,204,3,2500.0
10423,5155,223,2,900.0
10424,5155,218,3,3500.0
10425,5156,215,1,18000.0
10426,5156,222,3,1800.0
10427,5156,214,2,28000.0
10428,5157,230,3,4800.0
10429,5157,228,4,3200.0
10430,5157,212,4,12500.0
10431,5157,211,2,1500.0
10432,5158,214,3,28000.0
10433,5158,210,3,25000.0
10434,5159,203,4,1500.0
10435,5159,202,1,800.0
10436,5159,220,3,7000.0
10437,5160,206,3,1999.0
10438,5161,222,2,1800.0
10439,5161,217,2,500.0
10440,5162,217,4,500.0
10441,5163,215,1,18000.0
10442,5163,211,2,1500.0
10443,5163,216,2,1800.0
10444,5164,222,4,1800.0
10445,5165,216,1,1800.0
10446,5165,230,3,4800.0
10447,5166,225,1,3000.0
10448,5167,214,3,28000.0
10449,5168,230,3,4800.0
10450,5168,208,3,1499.0
10451,5168,202,3,800.0
10452,5169,213,1,2200.0
10453,5170,225,2,3000.0
10454,5171,224,4,3500.0
10455,5171,217,4,500.0
10456,5172,218,3,3500.0
10457,5173,225,1,3000.0
10458,5173,221,4,5500.0
10459,5173,213,2,2200.0
10460,5173,217,3,500.0
10461,5174,207,2,2999.0
10462,5174,221,1,5500.0
10463,5174,219,3,8500.0
10464,5175,217,2,500.0
10465,5175,229,4,6500.0
10466,5175,226,3,900.0
10467,5175,221,3,5500.0
10468,5176,230,1,4800.0
10469,5177,228,4,3200.0
10470,5177,230,2,4800.0
10471,5178,215,1,18000.0
10472,5178,205,2,999.0
10473,5178,220,2,7000.0
10474,5179,211,1,1500.0
10475,5180,211,2,1500.0
10476,5181,211,2,1500.0
10477,5181,202,2,800.0
10478,5181,220,2,7000.0
10479,5182,224,3,3500.0
10480,5182,218,1,3500.0
10481,5182,230,3,4800.0
10482,5182,206,3,1999.0
10483,5183,201,4,55000.0
10484,5183,215,3,18000.0
10485,5183,213,1,2200.0
10486,5184,213,3,2200.0
10487,5184,228,1,3200.0
10488,5184,223,4,900.0
10489,5185,209,1,2499.0
10490,5186,212,3,12500.0
10491,5187,224,2,3500.0
10492,5187,202,3,800.0
10493,5188,221,3,5500.0
10494,5188,205,1,999.0
10495,5189,227,3,1800.0
10496,5190,205,1,999.0
10497,5190,213,3,2200.0
10498,5190,202,4,800.0
10499,5190,220,1,7000.0
10500,5191,212,3,12500.0
10501,5192,205,4,999.0
10502,5192,211,3,1500.0
10503,5192,210,2,25000.0
10504,5193,206,4,1999.0
10505,5193,212,1,12500.0
10506,5194,211,4,1500.0
10507,5194,224,2,3500.0
10508,5194,206,4,1999.0
10509,5194,220,1,7000.0
10510,5195,210,1,25000.0
10511,5196,222,1,1800.0
10512,5196,218,4,3500.0
10513,5197,216,2,1800.0
10514,5197,209,4,2499.0
10515,5198,212,2,12500.0
10516,5199,224,3,3500.0
10517,5199,206,4,1999.0
10518,5200,204,4,2500.0
10519,5200,211,2,1500.0
10520,5200,223,3,900.0
10521,5200,221,3,5500.0
10522,5201,208,2,1499.0
10523,5202,209,1,2499.0
10524,5203,204,4,2500.0
10525,5203,226,2,900.0
10526,5203,229,4,6500.0
10527,5203,223,4,900.0
10528,5204,221,4,5500.0
10529,5204,208,3,1499.0
10530,5204,205,3,999.0
10531,5204,203,1,1500.0
10532,5205,216,4,1800.0
10533,5205,220,1,7000.0
10534,5205,221,1,5500.0
10535,5205,201,4,55000.0
10536,5206,215,1,18000.0
10537,5206,210,4,25000.0
10538,5206,206,4,1999.0
10539,5206,230,3,4800.0
10540,5207,218,1,3500.0
10541,5207,212,3,12500.0
10542,5207,206,3,1999.0
10543,5207,211,3,1500.0
10544,5208,228,2,3200.0
10545,5208,219,1,8500.0
10546,5208,201,1,55000.0
10547,5208,207,3,2999.0
10548,5209,229,2,6500.0
10549,5209,218,2,3500.0
10550,5209,202,2,800.0
10551,5210,201,1,55000.0
10552,5210,226,1,900.0
10553,5210,225,3,3000.0
10554,5210,222,2,1800.0
10555,5211,225,3,3000.0
10556,5211,215,4,18000.0
10557,5212,221,4,5500.0
10558,5213,229,2,6500.0
10559,5213,215,1,18000.0
10560,5213,219,4,8500.0
10561,5213,223,2,900.0
10562,5214,202,4,800.0
10563,5214,230,2,4800.0
10564,5214,212,4,12500.0
10565,5214,209,4,2499.0
10566,5215,203,1,1500.0
10567,5215,202,4,800.0
10568,5215,226,4,900.0
10569,5216,214,4,28000.0
10570,5216,218,4,3500.0
10571,5216,211,2,1500.0
10572,5217,212,3,12500.0
10573,5217,229,2,6500.0
10574,5217,205,4,999.0
10575,5217,221,2,5500.0
10576,5218,206,3,1999.0
10577,5218,210,3,25000.0
10578,5218,209,3,2499.0
10579,5219,214,3,28000.0
10580,5219,210,4,25000.0
10581,5219,224,4,3500.0
10582,5220,204,1,2500.0
10583,5220,214,2,28000.0
10584,5220,208,2,1499.0
10585,5220,210,1,25000.0
10586,5221,226,1,900.0
10587,5221,224,2,3500.0
10588,5221,223,4,900.0
10589,5222,230,3,4800.0
10590,5222,223,3,900.0
10591,5222,228,2,3200.0
10592,5223,208,1,1499.0
10593,5223,211,3,1500.0
10594,5223,227,4,1800.0
10595,5223,210,1,25000.0
10596,5224,230,3,4800.0
10597,5225,225,4,3000.0
10598,5226,208,4,1499.0
10599,5226,224,2,3500.0
10600,5226,207,4,2999.0
10601,5226,215,3,18000.0
10602,5227,229,2,6500.0
10603,5227,222,3,1800.0
10604,5227,217,4,500.0
10605,5227,224,3,3500.0
10606,5228,205,2,999.0
10607,5228,210,4,25000.0
10608,5229,202,2,800.0
10609,5230,214,4,28000.0
10610,5231,212,3,12500.0
10611,5232,216,3,1800.0
10612,5232,215,1,18000.0
10613,5232,227,2,1800.0
10614,5233,215,3,18000.0
10615,5233,206,4,1999.0
10616,5233,203,4,1500.0
10617,5233,230,3,4800.0
10618,5234,208,3,1499.0
10619,5234,225,3,3000.0
10620,5235,217,4,500.0
10621,5235,228,3,3200.0
10622,5235,221,1,5500.0
10623,5235,208,4,1499.0
10624,5236,228,1,3200.0
10625,5237,211,4,1500.0
10626,5237,229,1,6500.0
10627,5237,224,1,3500.0
10628,5238,208,4,1499.0
10629,5239,224,2,3500.0
10630,5239,230,4,4800.0
10631,5239,222,3,1800.0
10632,5239,202,3,800.0
10633,5240,215,4,18000.0
10634,5241,224,3,3500.0
10635,5241,225,1,3000.0
10636,5241,220,3,7000.0
10637,5241,217,3,500.0
10638,5242,210,2,25000.0
10639,5243,202,1,800.0
10640,5243,212,2,12500.0
10641,5243,215,4,18000.0
10642,5243,223,4,900.0
10643,5244,219,3,8500.0
10644,5244,212,2,12500.0
10645,5245,213,1,2200.0
10646,5245,215,4,18000.0
10647,5246,208,2,1499.0
10648,5246,213,4,2200.0
10649,5247,222,3,1800.0
10650,5247,212,3,12500.0
10651,5247,217,1,500.0
10652,5248,217,3,500.0
10653,5249,206,3,1999.0
10654,5250,216,1,1800.0
10655,5251,220,2,7000.0
10656,5251,223,4,900.0
10657,5251,222,1,1800.0
10658,5251,210,3,25000.0
10659,5252,228,2,3200.0
10660,5252,209,1,2499.0
10661,5252,201,3,55000.0
10662,5252,213,3,2200.0
10663,5253,225,4,3000.0
10664,5254,218,4,3500.0
10665,5255,225,3,3000.0
10666,5255,226,3,900.0
10667,5255,224,1,3500.0
10668,5255,210,4,25000.0
10669,5256,230,1,4800.0
10670,5256,217,2,500.0
10671,5256,228,2,3200.0
10672,5257,216,1,1800.0
10673,5257,224,2,3500.0
10674,5257,225,1,3000.0
10675,5257,218,1,3500.0
10676,5258,211,4,1500.0
10677,5258,213,1,2200.0
10678,5258,216,3,1800.0
10679,5258,218,2,3500.0
10680,5259,221,3,5500.0
10681,5260,218,4,3500.0
10682,5260,213,3,2200.0
10683,5260,201,3,55000.0
10684,5261,202,2,800.0
10685,5261,222,4,1800.0
10686,5261,218,3,3500.0
10687,5261,205,4,999.0
10688,5262,225,1,3000.0
10689,5262,214,1,28000.0
10690,5262,208,2,1499.0
10691,5262,207,2,2999.0
10692,5263,226,3,900.0
10693,5263,211,4,1500.0
10694,5263,228,4,3200.0
10695,5264,216,2,1800.0
10696,5265,210,1,25000.0
10697,5266,213,3,2200.0
10698,5266,208,2,1499.0
10699,5266,229,4,6500.0
10700,5266,222,1,1800.0
10701,5267,217,2,500.0
10702,5267,206,2,1999.0
10703,5267,226,1,900.0
10704,5268,203,1,1500.0
10705,5268,229,1,6500.0
10706,5268,205,3,999.0
10707,5269,214,1,28000.0
10708,5269,202,1,800.0
10709,5269,228,2,3200.0
10710,5269,222,2,1800.0
10711,5270,207,2,2999.0
10712,5270,208,1,1499.0
10713,5270,204,2,2500.0
10714,5270,230,1,4800.0
10715,5271,216,4,1800.0
10716,5271,222,1,1800.0
10717,5271,220,3,7000.0
10718,5272,213,1,2200.0
10719,5272,222,2,1800.0
10720,5273,220,3,7000.0
10721,5273,207,3,2999.0
10722,5274,222,3,1800.0
10723,5275,205,1,999.0
10724,5276,227,3,1800.0
10725,5277,209,3,2499.0
10726,5278,228,2,3200.0
10727,5278,201,2,55000.0
10728,5278,213,1,2200.0
10729,5279,228,1,3200.0
10730,5279,208,1,1499.0
10731,5279,203,4,1500.0
10732,5279,211,1,1500.0
10733,5280,209,2,2499.0
10734,5280,215,1,18000.0
10735,5280,227,4,1800.0
10736,5280,219,3,8500.0
10737,5281,211,1,1500.0
10738,5282,205,1,999.0
10739,5282,227,2,1800.0
10740,5282,204,4,2500.0
10741,5283,201,3,55000.0
10742,5283,227,2,1800.0
10743,5283,223,3,900.0
10744,5284,205,4,999.0
10745,5284,220,2,7000.0
10746,5284,203,2,1500.0
10747,5285,206,3,1999.0
10748,5285,207,3,2999.0
10749,5285,228,4,3200.0
10750,5286,222,3,1800.0
10751,5287,220,1,7000.0
10752,5288,222,1,1800.0
10753,5288,202,1,800.0
10754,5288,210,2,25000.0
10755,5289,210,2,25000.0
10756,5289,218,2,3500.0
10757,5289,207,2,2999.0
10758,5290,211,1,1500.0
10759,5291,216,3,1800.0
10760,5291,203,2,1500.0
10761,5291,206,2,1999.0
10762,5292,226,4,900.0
10763,5292,207,4,2999.0
10764,5292,202,2,800.0
10765,5293,224,1,3500.0
10766,5293,206,4,1999.0
10767,5294,214,4,28000.0
10768,5294,227,1,1800.0
10769,5295,226,2,900.0
10770,5295,223,2,900.0
10771,5295,224,2,3500.0
10772,5295,225,2,3000.0
10773,5296,218,1,3500.0
10774,5296,209,1,2499.0
10775,5297,212,2,12500.0
10776,5297,219,2,8500.0
10777,5297,204,1,2500.0
10778,5297,224,2,3500.0
10779,5298,208,1,1499.0
10780,5298,223,3,900.0
10781,5299,213,1,2200.0
10782,5299,225,1,3000.0
10783,5299,224,4,3500.0
10784,5300,229,4,6500.0
10785,5300,208,3,1499.0
10786,5300,224,3,3500.0
10787,5300,220,2,7000.0
10788,5301,210,2,25000.0
10789,5301,224,2,3500.0
10790,5301,226,1,900.0
10791,5302,227,3,1800.0
10792,5302,209,4,2499.0
10793,5303,214,2,28000.0
10794,5303,217,3,500.0
10795,5304,205,3,999.0
10796,5305,223,4,900.0
10797,5306,224,1,3500.0
10798,5306,221,1,5500.0
10799,5306,225,2,3000.0
10800,5306,227,3,1800.0
10801,5307,226,3,900.0
10802,5307,210,1,25000.0
10803,5307,201,4,55000.0
10804,5308,220,2,7000.0
10805,5309,204,4,2500.0
10806,5310,201,2,55000.0
10807,5310,209,2,2499.0
10808,5310,230,2,4800.0
10809,5311,224,1,3500.0
10810,5311,204,3,2500.0
10811,5312,211,3,1500.0
10812,5312,219,3,8500.0
10813,5312,213,4,2200.0
10814,5313,210,4,25000.0
10815,5314,201,2,55000.0
10816,5314,211,3,1500.0
10817,5314,222,3,1800.0
10818,5314,228,1,3200.0
10819,5315,202,2,800.0
10820,5315,222,1,1800.0
10821,5315,214,4,28000.0
10822,5316,208,2,1499.0
10823,5316,212,4,12500.0
10824,5316,229,4,6500.0
10825,5317,202,2,800.0
10826,5317,221,4,5500.0
10827,5317,213,3,2200.0
10828,5318,226,3,900.0
10829,5318,228,2,3200.0
10830,5319,215,1,18000.0
10831,5319,214,1,28000.0
10832,5320,219,3,8500.0
10833,5321,222,4,1800.0
10834,5321,207,4,2999.0
10835,5321,216,1,1800.0
10836,5322,221,1,5500.0
10837,5322,202,3,800.0
10838,5322,223,4,900.0
10839,5322,222,3,1800.0
10840,5323,205,3,999.0
10841,5323,224,1,3500.0
10842,5324,206,1,1999.0
10843,5324,211,1,1500.0
10844,5324,209,2,2499.0
10845,5325,204,4,2500.0
10846,5325,209,4,2499.0
10847,5325,205,1,999.0
10848,5325,203,4,1500.0
10849,5326,208,1,1499.0
10850,5326,225,3,3000.0
10851,5326,221,2,5500.0
10852,5327,223,1,900.0
10853,5328,215,3,18000.0
10854,5328,203,4,1500.0
10855,5329,229,2,6500.0
10856,5329,210,3,25000.0
10857,5329,221,4,5500.0
10858,5329,206,4,1999.0
10859,5330,215,3,18000.0
10860,5330,230,4,4800.0
10861,5331,207,1,2999.0
10862,5332,218,2,3500.0
10863,5332,204,4,2500.0
10864,5332,201,1,55000.0
10865,5333,230,4,4800.0
10866,5334,217,4,500.0
10867,5334,228,4,3200.0
10868,5334,207,2,2999.0
10869,5334,205,2,999.0
10870,5335,204,2,2500.0
10871,5335,213,4,2200.0
10872,5335,222,3,1800.0
10873,5336,212,1,12500.0
10874,5337,227,1,1800.0
10875,5337,218,1,3500.0
10876,5337,224,4,3500.0
10877,5338,228,4,3200.0
10878,5338,202,2,800.0
10879,5338,220,2,7000.0
10880,5338,205,2,999.0
10881,5339,220,1,7000.0
10882,5340,214,1,28000.0
10883,5341,225,2,3000.0
10884,5341,203,3,1500.0
10885,5341,217,3,500.0
10886,5341,224,4,3500.0
10887,5342,221,4,5500.0
10888,5342,208,3,1499.0
10889,5343,211,4,1500.0
10890,5343,228,2,3200.0
10891,5343,217,2,500.0
10892,5343,219,4,8500.0
10893,5344,227,1,1800.0
10894,5345,209,4,2499.0
10895,5346,203,2,1500.0
10896,5346,217,2,500.0
10897,5347,228,1,3200.0
10898,5347,220,2,7000.0
10899,5347,224,2,3500.0
10900,5348,206,3,1999.0
10901,5348,208,2,1499.0
10902,5348,212,1,12500.0
10903,5348,204,1,2500.0
10904,5349,222,2,1800.0
10905,5349,210,1,25000.0
10906,5349,221,2,5500.0
10907,5350,211,1,1500.0
10908,5350,201,3,55000.0
10909,5350,224,4,3500.0
10910,5350,226,1,900.0
10911,5351,229,3,6500.0
10912,5351,215,4,18000.0
10913,5351,219,3,8500.0
10914,5351,212,2,12500.0
10915,5352,202,1,800.0
10916,5352,201,4,55000.0
10917,5353,221,2,5500.0
10918,5354,206,4,1999.0
10919,5354,224,3,3500.0
10920,5354,219,3,8500.0
10921,5354,208,1,1499.0
10922,5355,223,1,900.0
10923,5355,229,2,6500.0
10924,5356,206,4,1999.0
10925,5356,219,4,8500.0
10926,5357,203,4,1500.0
10927,5357,216,2,1800.0
10928,5358,207,2,2999.0
10929,5358,213,4,2200.0
10930,5359,215,3,18000.0
10931,5359,220,1,7000.0
10932,5359,219,1,8500.0
10933,5360,215,4,18000.0
10934,5360,210,1,25000.0
10935,5361,214,3,28000.0
10936,5361,204,2,2500.0
10937,5361,213,3,2200.0
10938,5362,222,3,1800.0
10939,5363,212,1,12500.0
10940,5363,219,1,8500.0
10941,5363,218,4,3500.0
10942,5363,215,2,18000.0
10943,5364,213,2,2200.0
10944,5364,230,1,4800.0
10945,5365,228,4,3200.0
10946,5365,202,3,800.0
10947,5365,225,2,3000.0
10948,5366,208,3,1499.0
10949,5366,218,3,3500.0
10950,5366,207,1,2999.0
10951,5367,227,1,1800.0
10952,5367,215,4,18000.0
10953,5368,229,1,6500.0
10954,5369,225,1,3000.0
10955,5369,229,4,6500.0
10956,5370,204,2,2500.0
10957,5370,228,3,3200.0
10958,5370,216,3,1800.0
10959,5370,222,2,1800.0
10960,5371,222,4,1800.0
10961,5372,214,2,28000.0
10962,5372,226,2,900.0
10963,5373,227,4,1800.0
10964,5373,215,2,18000.0
10965,5373,202,3,800.0
10966,5373,203,1,1500.0
10967,5374,215,4,18000.0
10968,5374,209,4,2499.0
10969,5374,225,1,3000.0
10970,5374,218,2,3500.0
10971,5375,229,3,6500.0
10972,5376,214,3,28000.0
10973,5376,216,2,1800.0
10974,5376,203,4,1500.0
10975,5376,205,1,999.0
10976,5377,204,1,2500.0
10977,5377,220,1,7000.0
10978,5377,221,3,5500.0
10979,5377,218,3,3500.0
10980,5378,213,3,2200.0
10981,5378,218,3,3500.0
10982,5378,209,1,2499.0
10983,5378,204,2,2500.0
10984,5379,202,4,800.0
10985,5379,217,1,500.0
10986,5379,211,3,1500.0
10987,5380,210,3,25000.0
10988,5380,225,2,3000.0
10989,5380,219,1,8500.0
10990,5380,226,1,900.0
10991,5381,223,2,900.0
10992,5381,212,4,12500.0
10993,5381,217,2,500.0
10994,5382,205,4,999.0
10995,5382,217,2,500.0
10996,5383,202,3,800.0
10997,5383,211,4,1500.0
10998,5383,210,4,25000.0
10999,5383,204,4,2500.0
11000,5384,210,2,25000.0
11001,5384,215,1,18000.0
11002,5384,212,3,12500.0
11003,5384,211,1,1500.0
11004,5385,225,1,3000.0
11005,5386,210,3,25000.0
11006,5386,206,3,1999.0
11007,5386,221,3,5500.0
11008,5387,228,2,3200.0
11009,5387,207,1,2999.0
11010,5387,202,3,800.0
11011,5388,205,4,999.0
11012,5388,227,4,1800.0
11013,5389,230,4,4800.0
11014,5389,217,3,500.0
11015,5389,227,1,1800.0
11016,5389,209,4,2499.0
11017,5390,228,2,3200.0
11018,5391,228,4,3200.0
11019,5391,211,3,1500.0
11020,5391,203,1,1500.0
11021,5391,217,3,500.0
11022,5392,227,1,1800.0
11023,5392,222,4,1800.0
11024,5392,216,2,1800.0
11025,5393,222,1,1800.0
11026,5393,209,4,2499.0
11027,5393,212,3,12500.0
11028,5394,214,2,28000.0
11029,5394,224,1,3500.0
11030,5394,229,1,6500.0
11031,5394,211,3,1500.0
11032,5395,206,4,1999.0
11033,5395,205,3,999.0
11034,5396,226,1,900.0
11035,5397,217,1,500.0
11036,5398,204,3,2500.0
11037,5398,222,3,1800.0
11038,5398,218,1,3500.0
11039,5398,207,3,2999.0
11040,5399,202,2,800.0
11041,5399,206,2,1999.0
11042,5400,212,1,12500.0
11043,5400,219,3,8500.0
11044,5400,201,3,55000.0
11045,5401,212,2,12500.0
11046,5402,214,4,28000.0
11047,5402,209,3,2499.0
11048,5402,224,2,3500.0
11049,5403,205,1,999.0
11050,5403,212,4,12500.0
11051,5403,227,4,1800.0
11052,5404,223,3,900.0
11053,5404,211,4,1500.0
11054,5405,219,1,8500.0
11055,5405,204,1,2500.0
11056,5405,210,3,25000.0
11057,5405,217,2,500.0
11058,5406,201,4,55000.0
11059,5406,222,3,1800.0
11060,5406,206,2,1999.0
11061,5407,224,4,3500.0
11062,5407,211,3,1500.0
11063,5407,230,3,4800.0
11064,5408,203,1,1500.0
11065,5408,230,2,4800.0
11066,5408,219,3,8500.0
11067,5408,227,2,1800.0
11068,5409,215,2,18000.0
11069,5409,207,1,2999.0
11070,5410,217,2,500.0
11071,5410,216,3,1800.0
11072,5410,222,4,1800.0
11073,5410,225,2,3000.0
11074,5411,202,4,800.0
11075,5412,201,4,55000.0
11076,5413,223,2,900.0
11077,5414,212,1,12500.0
11078,5415,201,2,55000.0
11079,5415,205,3,999.0
11080,5415,228,1,3200.0
11081,5415,210,2,25000.0
11082,5416,224,2,3500.0
11083,5417,225,4,3000.0
11084,5418,230,1,4800.0
11085,5418,214,3,28000.0
11086,5419,201,2,55000.0
11087,5420,225,1,3000.0
11088,5420,230,2,4800.0
11089,5421,210,1,25000.0
11090,5421,211,3,1500.0
11091,5422,220,2,7000.0
11092,5423,201,2,55000.0
11093,5423,202,2,800.0
11094,5423,205,3,999.0
11095,5424,217,1,500.0
11096,5425,205,3,999.0
11097,5425,215,1,18000.0
11098,5425,212,4,12500.0
11099,5425,202,2,800.0
11100,5426,225,1,3000.0
11101,5426,211,3,1500.0
11102,5426,216,3,1800.0
11103,5427,222,1,1800.0
11104,5427,206,3,1999.0
11105,5427,220,2,7000.0
11106,5428,218,2,3500.0
11107,5429,230,1,4800.0
11108,5429,221,4,5500.0
11109,5429,216,2,1800.0
11110,5430,228,1,3200.0
11111,5431,218,3,3500.0
11112,5431,211,3,1500.0
11113,5431,216,2,1800.0
11114,5431,220,1,7000.0
11115,5432,204,4,2500.0
11116,5433,205,3,999.0
11117,5433,217,4,500.0
11118,5434,210,2,25000.0
11119,5434,208,2,1499.0
11120,5434,219,1,8500.0
11121,5434,217,3,500.0
11122,5435,214,2,28000.0
11123,5435,202,1,800.0
11124,5435,228,4,3200.0
11125,5436,222,1,1800.0
11126,5436,217,4,500.0
11127,5436,214,4,28000.0
11128,5437,213,2,2200.0
11129,5438,228,1,3200.0
11130,5438,226,1,900.0
11131,5438,221,1,5500.0
11132,5439,206,4,1999.0
11133,5439,216,1,1800.0
11134,5439,210,4,25000.0
11135,5439,229,4,6500.0
11136,5440,202,3,800.0
11137,5440,227,1,1800.0
11138,5441,218,3,3500.0
11139,5442,219,1,8500.0
11140,5443,217,3,500.0
11141,5443,204,3,2500.0
11142,5443,223,1,900.0
11143,5444,213,3,2200.0
11144,5445,226,3,900.0
11145,5445,203,2,1500.0
11146,5445,222,1,1800.0
11147,5446,206,4,1999.0
11148,5446,205,3,999.0
11149,5446,208,3,1499.0
11150,5447,222,2,1800.0
11151,5448,226,3,900.0
11152,5448,220,3,7000.0
11153,5448,205,2,999.0
11154,5449,219,2,8500.0
11155,5449,212,2,12500.0
11156,5450,229,1,6500.0
11157,5450,216,3,1800.0
11158,5451,216,1,1800.0
11159,5451,230,4,4800.0
11160,5451,212,3,12500.0
11161,5452,211,4,1500.0
11162,5453,211,4,1500.0
11163,5453,212,1,12500.0
11164,5454,205,1,999.0
11165,5454,214,1,28000.0
11166,5455,228,1,3200.0
11167,5455,205,1,999.0
11168,5455,225,2,3000.0
11169,5456,202,4,800.0
11170,5456,206,2,1999.0
11171,5456,223,3,900.0
11172,5456,227,1,1800.0
11173,5457,212,2,12500.0
11174,5457,230,1,4800.0
11175,5457,210,1,25000.0
11176,5457,215,2,18000.0
11177,5458,206,4,1999.0
11178,5458,211,3,1500.0
11179,5458,204,3,2500.0
11180,5458,230,1,4800.0
11181,5459,206,1,1999.0
11182,5460,212,3,12500.0
11183,5460,204,1,2500.0
11184,5460,230,3,4800.0
11185,5460,206,4,1999.0
11186,5461,211,1,1500.0
11187,5461,203,3,1500.0
11188,5461,209,3,2499.0
11189,5462,201,2,55000.0
11190,5463,211,4,1500.0
11191,5464,228,1,3200.0
11192,5464,224,4,3500.0
11193,5465,217,1,500.0
11194,5465,203,3,1500.0
11195,5465,224,2,3500.0
11196,5466,213,4,2200.0
11197,5466,217,2,500.0
11198,5467,219,2,8500.0
11199,5467,229,3,6500.0
11200,5467,222,3,1800.0
11201,5467,201,2,55000.0
11202,5468,218,3,3500.0
11203,5469,229,2,6500.0
11204,5469,212,4,12500.0
11205,5469,225,1,3000.0
11206,5469,230,2,4800.0
11207,5470,212,3,12500.0
11208,5470,230,1,4800.0
11209,5470,210,4,25000.0
11210,5471,227,4,1800.0
11211,5471,230,2,4800.0
11212,5471,208,1,1499.0
11213,5472,205,4,999.0
11214,5472,209,1,2499.0
11215,5473,210,3,25000.0
11216,5473,209,1,2499.0
11217,5473,224,3,3500.0
11218,5474,211,3,1500.0
11219,5474,218,2,3500.0
11220,5475,214,2,28000.0
11221,5475,213,1,2200.0
11222,5475,203,1,1500.0
11223,5476,221,4,5500.0
11224,5476,227,3,1800.0
11225,5477,222,3,1800.0
11226,5477,223,2,900.0
11227,5477,220,3,7000.0
11228,5477,205,4,999.0
11229,5478,225,2,3000.0
11230,5478,203,2,1500.0
11231,5478,223,4,900.0
11232,5479,210,1,25000.0
11233,5479,223,3,900.0
11234,5479,203,1,1500.0
11235,5479,211,3,1500.0
11236,5480,228,1,3200.0
11237,5480,208,4,1499.0
11238,5480,226,2,900.0
11239,5481,202,3,800.0
11240,5481,207,4,2999.0
11241,5481,209,4,2499.0
11242,5481,211,3,1500.0
11243,5482,230,1,4800.0
11244,5483,223,4,900.0
11245,5484,202,2,800.0
11246,5485,217,3,500.0
11247,5485,226,2,900.0
11248,5485,209,3,2499.0
11249,5486,213,4,2200.0
11250,5486,215,4,18000.0
11251,5487,212,2,12500.0
11252,5487,210,2,25000.0
11253,5487,218,1,3500.0
11254,5488,207,2,2999.0
11255,5488,201,1,55000.0
11256,5489,226,2,900.0
11257,5489,203,2,1500.0
11258,5489,211,2,1500.0
11259,5490,215,3,18000.0
11260,5490,213,1,2200.0
11261,5491,209,3,2499.0
11262,5491,221,4,5500.0
11263,5492,230,1,4800.0
11264,5492,210,3,25000.0
11265,5493,219,1,8500.0
11266,5494,206,1,1999.0
11267,5494,227,4,1800.0
11268,5494,211,3,1500.0
11269,5494,229,1,6500.0
11270,5495,208,2,1499.0
11271,5495,203,3,1500.0
11272,5495,225,2,3000.0
11273,5495,215,4,18000.0
11274,5496,206,4,1999.0
11275,5496,218,3,3500.0
11276,5497,210,1,25000.0
11277,5497,225,1,3000.0
11278,5497,205,1,999.0
11279,5498,222,3,1800.0
11280,5499,225,1,3000.0
11281,5499,202,1,800.0
11282,5500,222,4,1800.0
11283,5500,216,1,1800.0
11284,5500,228,1,3200.0
11285,5501,220,1,7000.0
11286,5501,213,4,2200.0
11287,5501,212,3,12500.0
11288,5501,225,1,3000.0
11289,5502,207,2,2999.0
11290,5502,226,4,900.0
11291,5502,209,1,2499.0
11292,5502,223,3,900.0
11293,5503,223,2,900.0
11294,5504,227,3,1800.0
11295,5504,207,3,2999.0
11296,5504,215,4,18000.0
11297,5504,221,3,5500.0
11298,5505,217,2,500.0
11299,5506,215,3,18000.0
11300,5506,217,3,500.0
11301,5506,203,3,1500.0
11302,5507,217,3,500.0
11303,5507,223,3,900.0
11304,5507,229,2,6500.0
11305,5508,216,3,1800.0
11306,5508,219,1,8500.0
11307,5508,203,2,1500.0
11308,5508,208,4,1499.0
11309,5509,209,2,2499.0
11310,5509,203,4,1500.0
11311,5509,208,1,1499.0
11312,5509,227,3,1800.0
11313,5510,217,2,500.0
11314,5510,208,1,1499.0
11315,5511,222,2,1800.0
11316,5512,223,2,900.0
11317,5512,213,2,2200.0
11318,5512,218,1,3500.0
11319,5512,209,2,2499.0
11320,5513,210,1,25000.0
11321,5513,203,1,1500.0
11322,5514,211,4,1500.0
11323,5514,228,3,3200.0
11324,5515,221,4,5500.0
11325,5516,228,4,3200.0
11326,5516,221,1,5500.0
11327,5516,213,1,2200.0
11328,5516,229,1,6500.0
11329,5517,222,4,1800.0
11330,5518,211,2,1500.0
11331,5518,219,1,8500.0
11332,5518,229,3,6500.0
11333,5518,214,3,28000.0
11334,5519,225,3,3000.0
11335,5519,219,2,8500.0
11336,5519,229,1,6500.0
11337,5520,226,1,900.0
11338,5520,213,2,2200.0
11339,5520,221,4,5500.0
11340,5520,203,1,1500.0
11341,5521,202,3,800.0
11342,5521,213,1,2200.0
11343,5521,226,1,900.0
11344,5522,215,3,18000.0
11345,5522,229,1,6500.0
11346,5522,228,1,3200.0
11347,5523,218,1,3500.0
11348,5523,208,1,1499.0
11349,5524,207,3,2999.0
11350,5525,214,3,28000.0
11351,5525,216,3,1800.0
11352,5525,226,2,900.0
11353,5525,224,3,3500.0
11354,5526,208,4,1499.0
11355,5526,227,4,1800.0
11356,5526,205,4,999.0
11357,5526,217,2,500.0
11358,5527,209,2,2499.0
11359,5527,230,1,4800.0
11360,5528,205,2,999.0
11361,5528,218,4,3500.0
11362,5529,219,2,8500.0
11363,5529,226,2,900.0
11364,5529,229,1,6500.0
11365,5530,227,4,1800.0
11366,5530,215,1,18000.0
11367,5531,224,4,3500.0
11368,5531,214,1,28000.0
11369,5531,218,4,3500.0
11370,5531,208,2,1499.0
11371,5532,220,2,7000.0
11372,5532,207,1,2999.0
11373,5533,209,2,2499.0
11374,5533,223,2,900.0
11375,5534,212,2,12500.0
11376,5534,202,1,800.0
11377,5535,218,4,3500.0
11378,5536,220,2,7000.0
11379,5536,225,3,3000.0
11380,5536,222,3,1800.0
11381,5537,213,3,2200.0
11382,5537,228,1,3200.0
11383,5537,211,4,1500.0
11384,5538,220,2,7000.0
11385,5539,221,3,5500.0
11386,5539,208,1,1499.0
11387,5540,222,1,1800.0
11388,5540,206,2,1999.0
11389,5541,222,1,1800.0
11390,5541,218,4,3500.0
11391,5542,210,4,25000.0
11392,5542,205,3,999.0
11393,5542,207,2,2999.0
11394,5542,227,4,1800.0
11395,5543,225,4,3000.0
11396,5543,219,1,8500.0
11397,5543,216,2,1800.0
11398,5543,217,3,500.0
11399,5544,216,2,1800.0
11400,5545,204,4,2500.0
11401,5546,215,2,18000.0
11402,5546,224,2,3500.0
11403,5547,215,2,18000.0
11404,5547,207,2,2999.0
11405,5547,221,3,5500.0
11406,5548,224,1,3500.0
11407,5548,223,2,900.0
11408,5549,205,2,999.0
11409,5549,222,2,1800.0
11410,5549,228,2,3200.0
11411,5549,201,2,55000.0
11412,5550,223,3,900.0
11413,5550,221,3,5500.0
11414,5550,228,4,3200.0
11415,5550,217,3,500.0
11416,5551,209,1,2499.0
11417,5551,221,4,5500.0
11418,5551,205,1,999.0
11419,5552,207,2,2999.0
11420,5552,216,3,1800.0
11421,5552,220,3,7000.0
11422,5553,214,4,28000.0
11423,5553,219,4,8500.0
11424,5553,206,4,1999.0
11425,5554,220,3,7000.0
11426,5554,210,2,25000.0
11427,5554,207,2,2999.0
11428,5555,218,2,3500.0
11429,5555,214,3,28000.0
11430,5555,212,2,12500.0
11431,5555,224,3,3500.0
11432,5556,220,3,7000.0
11433,5557,214,1,28000.0
11434,5557,224,4,3500.0
11435,5557,207,3,2999.0
11436,5557,230,4,4800.0
11437,5558,229,1,6500.0
11438,5558,225,1,3000.0
11439,5558,218,4,3500.0
11440,5559,201,3,55000.0
11441,5559,205,2,999.0
11442,5559,204,4,2500.0
11443,5559,227,4,1800.0
11444,5560,216,2,1800.0
11445,5560,223,2,900.0
11446,5560,210,4,25000.0
11447,5561,208,4,1499.0
11448,5561,213,2,2200.0
11449,5562,220,2,7000.0
11450,5563,204,4,2500.0
11451,5564,206,1,1999.0
11452,5565,226,2,900.0
11453,5565,220,3,7000.0
11454,5565,218,3,3500.0
11455,5566,221,4,5500.0
11456,5566,207,2,2999.0
11457,5566,230,2,4800.0
11458,5566,212,3,12500.0
11459,5567,210,3,25000.0
11460,5567,209,1,2499.0
11461,5568,216,1,1800.0
11462,5568,208,4,1499.0
11463,5569,207,2,2999.0
11464,5570,207,4,2999.0
11465,5571,217,2,500.0
11466,5571,204,2,2500.0
11467,5571,210,1,25000.0
11468,5572,212,4,12500.0
11469,5572,210,4,25000.0
11470,5572,203,4,1500.0
11471,5572,224,1,3500.0
11472,5573,226,3,900.0
11473,5573,223,3,900.0
11474,5573,218,1,3500.0
11475,5574,204,4,2500.0
11476,5574,221,4,5500.0
11477,5575,216,3,1800.0
11478,5575,202,1,800.0
11479,5576,225,3,3000.0
11480,5577,221,3,5500.0
11481,5577,215,4,18000.0
11482,5577,219,4,8500.0
11483,5577,223,3,900.0
11484,5578,217,2,500.0
11485,5578,225,1,3000.0
11486,5578,211,4,1500.0
11487,5578,215,2,18000.0
11488,5579,204,3,2500.0
11489,5579,216,2,1800.0
11490,5580,214,2,28000.0
11491,5580,217,3,500.0
11492,5581,221,2,5500.0
11493,5582,221,3,5500.0
11494,5582,208,2,1499.0
11495,5583,222,3,1800.0
11496,5583,221,3,5500.0
11497,5583,225,3,3000.0
11498,5583,224,1,3500.0
11499,5584,220,2,7000.0
11500,5584,228,1,3200.0
11501,5584,207,1,2999.0
11502,5584,202,4,800.0
11503,5585,201,2,55000.0
11504,5585,208,2,1499.0
11505,5586,215,1,18000.0
11506,5586,211,1,1500.0
11507,5586,221,1,5500.0
11508,5587,202,1,800.0
11509,5587,229,1,6500.0
11510,5587,214,1,28000.0
11511,5588,202,2,800.0
11512,5588,203,1,1500.0
11513,5589,224,3,3500.0
11514,5589,227,3,1800.0
11515,5589,212,2,12500.0
11516,5590,228,2,3200.0
11517,5591,208,2,1499.0
11518,5591,215,1,18000.0
11519,5591,228,4,3200.0
11520,5592,201,2,55000.0
11521,5592,218,3,3500.0
11522,5592,203,2,1500.0
11523,5592,223,2,900.0
11524,5593,201,1,55000.0
11525,5593,205,4,999.0
11526,5593,225,1,3000.0
11527,5594,205,3,999.0
11528,5594,223,1,900.0
11529,5594,219,1,8500.0
11530,5595,224,2,3500.0
11531,5595,217,1,500.0
11532,5596,201,4,55000.0
11533,5597,225,2,3000.0
11534,5598,203,4,1500.0
11535,5598,228,1,3200.0
11536,5599,210,2,25000.0
11537,5599,205,2,999.0
11538,5599,207,1,2999.0
11539,5600,228,4,3200.0
11540,5600,223,4,900.0
11541,5600,211,4,1500.0
11542,5600,227,2,1800.0
11543,5601,209,2,2499.0
11544,5601,205,3,999.0
11545,5601,214,1,28000.0
11546,5601,225,3,3000.0
11547,5602,218,1,3500.0
11548,5602,201,3,55000.0
11549,5602,208,1,1499.0
11550,5603,217,3,500.0
11551,5603,216,3,1800.0
11552,5604,220,4,7000.0
11553,5604,201,2,55000.0
11554,5605,228,1,3200.0
11555,5605,224,2,3500.0
11556,5605,229,2,6500.0
11557,5605,202,2,800.0
11558,5606,207,4,2999.0
11559,5606,215,4,18000.0
11560,5606,228,2,3200.0
11561,5606,225,2,3000.0
11562,5607,229,1,6500.0
11563,5607,205,1,999.0
11564,5607,202,2,800.0
11565,5607,206,2,1999.0
11566,5608,219,3,8500.0
11567,5609,209,1,2499.0
11568,5609,227,3,1800.0
11569,5609,225,2,3000.0
11570,5609,215,2,18000.0
11571,5610,219,1,8500.0
11572,5610,204,3,2500.0
11573,5610,218,2,3500.0
11574,5610,211,1,1500.0
11575,5611,210,3,25000.0
11576,5612,218,2,3500.0
11577,5612,222,1,1800.0
11578,5612,230,1,4800.0
11579,5613,212,3,12500.0
11580,5613,226,1,900.0
11581,5613,205,4,999.0
11582,5613,218,2,3500.0
11583,5614,217,2,500.0
11584,5614,219,3,8500.0
11585,5614,228,2,3200.0
11586,5615,210,4,25000.0
11587,5615,228,3,3200.0
11588,5616,227,2,1800.0
11589,5616,216,3,1800.0
11590,5617,229,4,6500.0
11591,5617,201,4,55000.0
11592,5617,219,4,8500.0
11593,5617,224,4,3500.0
11594,5618,201,3,55000.0
11595,5618,205,4,999.0
11596,5618,218,4,3500.0
11597,5618,229,3,6500.0
11598,5619,201,3,55000.0
11599,5619,226,2,900.0
11600,5619,229,4,6500.0
11601,5620,218,2,3500.0
11602,5620,201,2,55000.0
11603,5620,227,2,1800.0
11604,5620,212,3,12500.0
11605,5621,222,1,1800.0
11606,5621,223,1,900.0
11607,5621,211,3,1500.0
11608,5622,209,2,2499.0
11609,5622,214,2,28000.0
11610,5622,226,3,900.0
11611,5623,212,1,12500.0
11612,5623,228,4,3200.0
11613,5623,204,1,2500.0
11614,5623,215,2,18000.0
11615,5624,201,3,55000.0
11616,5624,223,1,900.0
11617,5624,212,1,12500.0
11618,5624,202,3,800.0
11619,5625,214,2,28000.0
11620,5625,217,1,500.0
11621,5626,204,3,2500.0
11622,5626,222,4,1800.0
11623,5627,210,2,25000.0
11624,5627,217,4,500.0
11625,5627,225,3,3000.0
11626,5627,219,4,8500.0
11627,5628,222,2,1800.0
11628,5629,210,2,25000.0
11629,5630,205,4,999.0
11630,5630,215,1,18000.0
11631,5630,222,2,1800.0
11632,5631,209,3,2499.0
11633,5631,230,3,4800.0
11634,5631,204,1,2500.0
11635,5631,225,3,3000.0
11636,5632,221,1,5500.0
11637,5632,206,3,1999.0
11638,5632,224,4,3500.0
11639,5633,215,4,18000.0
11640,5633,228,1,3200.0
11641,5633,226,4,900.0
11642,5634,223,1,900.0
11643,5635,213,4,2200.0
11644,5636,201,3,55000.0
11645,5636,226,1,900.0
11646,5637,202,4,800.0
11647,5638,206,4,1999.0
11648,5638,210,4,25000.0
11649,5638,219,2,8500.0
11650,5639,227,2,1800.0
11651,5640,204,2,2500.0
11652,5640,215,1,18000.0
11653,5640,201,1,55000.0
11654,5640,214,3,28000.0
11655,5641,228,2,3200.0
11656,5641,220,2,7000.0
11657,5641,203,4,1500.0
11658,5641,219,3,8500.0
11659,5642,218,4,3500.0
11660,5642,203,4,1500.0
11661,5643,228,2,3200.0
11662,5644,202,1,800.0
11663,5644,215,4,18000.0
11664,5644,214,1,28000.0
11665,5644,226,2,900.0
11666,5645,206,4,1999.0
11667,5645,229,3,6500.0
11668,5646,224,3,3500.0
11669,5646,223,2,900.0
11670,5646,220,1,7000.0
11671,5647,222,2,1800.0
11672,5647,209,3,2499.0
11673,5647,201,3,55000.0
11674,5647,214,1,28000.0
11675,5648,222,3,1800.0
11676,5648,204,1,2500.0
11677,5648,224,2,3500.0
11678,5648,202,1,800.0
11679,5649,206,4,1999.0
11680,5650,206,2,1999.0
11681,5650,229,2,6500.0
11682,5651,210,3,25000.0
11683,5651,218,3,3500.0
11684,5652,229,4,6500.0
11685,5653,226,3,900.0
11686,5653,223,1,900.0
11687,5653,201,3,55000.0
11688,5653,218,2,3500.0
11689,5654,221,4,5500.0
11690,5655,220,1,7000.0
11691,5655,212,1,12500.0
11692,5655,225,4,3000.0
11693,5656,213,1,2200.0
11694,5656,225,4,3000.0
11695,5657,213,3,2200.0
11696,5658,213,3,2200.0
11697,5658,217,1,500.0
11698,5659,216,2,1800.0
11699,5660,201,2,55000.0
11700,5660,208,3,1499.0
11701,5661,209,1,2499.0
11702,5662,216,2,1800.0
11703,5662,208,3,1499.0
11704,5662,214,1,28000.0
11705,5663,228,2,3200.0
11706,5664,218,1,3500.0
11707,5664,206,1,1999.0
11708,5664,220,4,7000.0
11709,5665,210,1,25000.0
11710,5665,216,3,1800.0
11711,5665,209,2,2499.0
11712,5666,229,3,6500.0
11713,5666,214,4,28000.0
11714,5666,223,3,900.0
11715,5666,205,2,999.0
11716,5667,207,4,2999.0
11717,5667,217,1,500.0
11718,5667,227,4,1800.0
11719,5667,223,2,900.0
11720,5668,222,3,1800.0
11721,5669,211,3,1500.0
11722,5670,217,3,500.0
11723,5670,230,3,4800.0
11724,5671,212,3,12500.0
11725,5671,204,2,2500.0
11726,5671,227,2,1800.0
11727,5671,206,3,1999.0
11728,5672,221,3,5500.0
11729,5672,226,4,900.0
11730,5673,208,2,1499.0
11731,5674,210,3,25000.0
11732,5674,215,2,18000.0
11733,5674,202,4,800.0
11734,5675,230,1,4800.0
11735,5675,224,2,3500.0
11736,5675,225,3,3000.0
11737,5676,204,2,2500.0
11738,5676,224,4,3500.0
11739,5676,221,3,5500.0
11740,5676,217,1,500.0
11741,5677,230,1,4800.0
11742,5678,224,1,3500.0
11743,5679,206,4,1999.0
11744,5679,220,1,7000.0
11745,5679,217,1,500.0
11746,5679,216,4,1800.0
11747,5680,217,1,500.0
11748,5680,216,1,1800.0
11749,5680,202,3,800.0
11750,5680,208,4,1499.0
11751,5681,203,4,1500.0
11752,5681,215,1,18000.0
11753,5682,209,4,2499.0
11754,5683,230,4,4800.0
11755,5683,223,3,900.0
11756,5683,202,4,800.0
11757,5683,211,3,1500.0
11758,5684,201,2,55000.0
11759,5684,205,1,999.0
11760,5685,230,3,4800.0
11761,5686,224,4,3500.0
11762,5686,228,1,3200.0
11763,5686,206,4,1999.0
11764,5686,225,3,3000.0
11765,5687,218,4,3500.0
11766,5687,202,3,800.0
11767,5688,204,4,2500.0
11768,5688,227,3,1800.0
11769,5688,223,3,900.0
11770,5689,215,3,18000.0
11771,5690,218,3,3500.0
11772,5690,211,1,1500.0
11773,5690,223,2,900.0
11774,5690,216,2,1800.0
11775,5691,224,4,3500.0
11776,5691,211,1,1500.0
11777,5692,216,1,1800.0
11778,5693,206,3,1999.0
11779,5693,219,2,8500.0
11780,5693,204,2,2500.0
11781,5694,205,1,999.0
11782,5694,227,3,1800.0
11783,5695,214,4,28000.0
11784,5695,202,4,800.0
11785,5695,227,4,1800.0
11786,5696,223,3,900.0
11787,5696,220,4,7000.0
11788,5696,212,2,12500.0
11789,5696,204,2,2500.0
11790,5697,217,1,500.0
11791,5697,223,3,900.0
11792,5697,219,1,8500.0
11793,5697,224,3,3500.0
11794,5698,217,3,500.0
11795,5698,205,2,999.0
11796,5698,202,1,800.0
11797,5699,218,3,3500.0
11798,5700,218,4,3500.0
11799,5700,230,2,4800.0
11800,5700,227,3,1800.0
11801,5701,218,1,3500.0
11802,5701,227,3,1800.0
11803,5702,202,3,800.0
11804,5702,228,2,3200.0
11805,5702,230,2,4800.0
11806,5703,217,3,500.0
11807,5704,205,3,999.0
11808,5704,226,4,900.0
11809,5705,206,4,1999.0
11810,5706,221,4,5500.0
11811,5706,210,1,25000.0
11812,5706,202,4,800.0
11813,5706,216,2,1800.0
11814,5707,227,2,1800.0
11815,5707,223,3,900.0
11816,5708,226,4,900.0
11817,5708,203,4,1500.0
11818,5708,225,3,3000.0
11819,5708,228,3,3200.0
11820,5709,218,4,3500.0
11821,5709,209,3,2499.0
11822,5709,219,1,8500.0
11823,5709,207,2,2999.0
11824,5710,203,3,1500.0
11825,5710,223,1,900.0
11826,5710,222,1,1800.0
11827,5711,210,1,25000.0
11828,5711,213,4,2200.0
11829,5712,212,3,12500.0
11830,5713,206,1,1999.0
11831,5714,210,1,25000.0
11832,5715,217,2,500.0
11833,5715,210,4,25000.0
11834,5716,213,1,2200.0
11835,5717,201,2,55000.0
11836,5717,223,4,900.0
11837,5717,221,2,5500.0
11838,5718,216,4,1800.0
11839,5718,205,3,999.0
11840,5718,210,1,25000.0
11841,5718,203,3,1500.0
11842,5719,222,2,1800.0
11843,5719,216,3,1800.0
11844,5720,229,3,6500.0
11845,5721,215,3,18000.0
11846,5721,212,4,12500.0
11847,5721,205,1,999.0
11848,5722,217,2,500.0
11849,5722,208,4,1499.0
11850,5723,224,1,3500.0
11851,5723,202,3,800.0
11852,5724,214,1,28000.0
11853,5724,229,2,6500.0
11854,5725,214,2,28000.0
11855,5725,206,4,1999.0
11856,5725,221,4,5500.0
11857,5725,208,2,1499.0
11858,5726,223,4,900.0
11859,5726,216,2,1800.0
11860,5726,224,3,3500.0
11861,5726,217,2,500.0
11862,5727,210,3,25000.0
11863,5727,226,3,900.0
11864,5728,206,1,1999.0
11865,5729,202,4,800.0
11866,5729,218,4,3500.0
11867,5729,215,1,18000.0
11868,5729,222,2,1800.0
11869,5730,219,1,8500.0
11870,5731,227,1,1800.0
11871,5731,211,2,1500.0
11872,5732,206,1,1999.0
11873,5732,203,3,1500.0
11874,5733,217,1,500.0
11875,5733,221,1,5500.0
11876,5734,204,1,2500.0
11877,5734,207,4,2999.0
11878,5735,225,1,3000.0
11879,5735,210,2,25000.0
11880,5735,205,2,999.0
11881,5735,215,3,18000.0
11882,5736,229,4,6500.0
11883,5737,221,3,5500.0
11884,5737,203,2,1500.0
11885,5737,208,2,1499.0
11886,5738,224,3,3500.0
11887,5738,223,4,900.0
11888,5738,206,2,1999.0
11889,5738,225,1,3000.0
11890,5739,218,3,3500.0
11891,5739,212,1,12500.0
11892,5740,210,4,25000.0
11893,5740,228,3,3200.0
11894,5741,219,1,8500.0
11895,5742,215,4,18000.0
11896,5742,211,1,1500.0
11897,5742,219,4,8500.0
11898,5743,207,1,2999.0
11899,5744,227,2,1800.0
11900,5744,204,3,2500.0
11901,5745,209,4,2499.0
11902,5745,206,4,1999.0
11903,5746,225,3,3000.0
11904,5746,213,4,2200.0
11905,5747,201,4,55000.0
11906,5748,218,2,3500.0
11907,5749,210,3,25000.0
11908,5749,209,1,2499.0
11909,5750,214,3,28000.0
11910,5750,207,3,2999.0
11911,5750,224,1,3500.0
11912,5751,216,4,1800.0
11913,5751,212,1,12500.0
11914,5751,230,1,4800.0
11915,5752,225,2,3000.0
11916,5753,214,1,28000.0
11917,5753,222,1,1800.0
11918,5754,201,2,55000.0
11919,5755,225,3,3000.0
11920,5755,208,2,1499.0
11921,5755,202,1,800.0
11922,5756,217,4,500.0
11923,5757,209,3,2499.0
11924,5757,214,4,28000.0
11925,5757,227,2,1800.0
11926,5758,205,1,999.0
11927,5758,218,4,3500.0
11928,5758,209,1,2499.0
11929,5758,227,3,1800.0
11930,5759,206,2,1999.0
11931,5760,230,4,4800.0
11932,5760,218,4,3500.0
11933,5761,211,3,1500.0
11934,5761,202,4,800.0
11935,5762,213,3,2200.0
11936,5762,203,4,1500.0
11937,5762,214,2,28000.0
11938,5763,216,2,1800.0
11939,5764,203,2,1500.0
11940,5764,227,4,1800.0
11941,5764,224,3,3500.0
11942,5764,202,4,800.0
11943,5765,226,4,900.0
11944,5765,206,3,1999.0
11945,5766,210,3,25000.0
11946,5767,227,3,1800.0
11947,5767,206,1,1999.0
11948,5767,205,3,999.0
11949,5767,204,4,2500.0
11950,5768,208,1,1499.0
11951,5769,230,2,4800.0
11952,5769,222,1,1800.0
11953,5769,226,3,900.0
11954,5770,205,3,999.0
11955,5770,221,1,5500.0
11956,5770,225,3,3000.0
11957,5771,201,2,55000.0
11958,5771,216,4,1800.0
11959,5771,206,3,1999.0
11960,5771,223,2,900.0
11961,5772,219,4,8500.0
11962,5772,202,4,800.0
11963,5772,226,1,900.0
11964,5772,227,3,1800.0
11965,5773,202,4,800.0
11966,5774,210,4,25000.0
11967,5774,225,3,3000.0
11968,5775,212,2,12500.0
11969,5776,217,2,500.0
11970,5776,224,3,3500.0
11971,5776,214,2,28000.0
11972,5776,225,3,3000.0
11973,5777,206,3,1999.0
11974,5777,205,3,999.0
11975,5777,230,3,4800.0
11976,5778,225,1,3000.0
11977,5778,210,4,25000.0
11978,5779,227,2,1800.0
11979,5779,202,3,800.0
11980,5780,220,4,7000.0
11981,5781,218,4,3500.0
11982,5781,216,3,1800.0
11983,5781,228,3,3200.0
11984,5781,230,3,4800.0
11985,5782,202,3,800.0
11986,5783,222,2,1800.0
11987,5783,228,4,3200.0
11988,5783,203,4,1500.0
11989,5783,208,4,1499.0
11990,5784,221,2,5500.0
11991,5785,211,1,1500.0
11992,5785,215,2,18000.0
11993,5785,228,3,3200.0
11994,5785,229,1,6500.0
11995,5786,229,1,6500.0
11996,5786,205,4,999.0
11997,5786,223,2,900.0
11998,5787,206,4,1999.0
11999,5787,228,1,3200.0
12000,5788,213,1,2200.0
12001,5789,218,2,3500.0
12002,5790,208,4,1499.0
12003,5790,212,1,12500.0
12004,5790,228,3,3200.0
12005,5790,220,2,7000.0
12006,5791,223,3,900.0
12007,5791,213,4,2200.0
12008,5792,220,1,7000.0
12009,5792,201,1,55000.0
12010,5792,209,3,2499.0
12011,5793,211,2,1500.0
12012,5794,204,4,2500.0
12013,5794,214,4,28000.0
12014,5794,223,1,900.0
12015,5794,229,1,6500.0
12016,5795,229,1,6500.0
12017,5796,218,1,3500.0
12018,5797,210,2,25000.0
12019,5797,202,4,800.0
12020,5797,208,3,1499.0
12021,5797,230,3,4800.0
12022,5798,210,1,25000.0
12023,5798,228,2,3200.0
12024,5798,223,3,900.0
12025,5798,206,4,1999.0
12026,5799,217,1,500.0
12027,5800,229,2,6500.0
12028,5801,205,1,999.0
12029,5802,212,3,12500.0
12030,5802,207,4,2999.0
12031,5802,203,1,1500.0
12032,5802,201,2,55000.0
12033,5803,216,3,1800.0
12034,5803,204,1,2500.0
12035,5804,222,3,1800.0
12036,5804,217,1,500.0
12037,5804,220,4,7000.0
12038,5805,204,4,2500.0
12039,5806,209,1,2499.0
12040,5806,202,3,800.0
12041,5807,216,3,1800.0
12042,5808,217,1,500.0
12043,5808,227,4,1800.0
12044,5808,219,2,8500.0
12045,5809,203,4,1500.0
12046,5809,207,1,2999.0
12047,5809,214,3,28000.0
12048,5810,228,4,3200.0
12049,5811,211,4,1500.0
12050,5812,224,1,3500.0
12051,5813,204,3,2500.0
12052,5814,214,2,28000.0
12053,5814,219,4,8500.0
12054,5814,224,1,3500.0
12055,5814,213,3,2200.0
12056,5815,216,2,1800.0
12057,5815,214,1,28000.0
12058,5815,226,2,900.0
12059,5815,210,2,25000.0
12060,5816,201,2,55000.0
12061,5817,209,2,2499.0
12062,5818,222,2,1800.0
12063,5819,214,3,28000.0
12064,5819,206,2,1999.0
12065,5819,208,4,1499.0
12066,5819,224,3,3500.0
12067,5820,211,2,1500.0
12068,5820,224,1,3500.0
12069,5820,204,3,2500.0
12070,5821,221,2,5500.0
12071,5822,216,3,1800.0
12072,5822,215,1,18000.0
12073,5822,209,4,2499.0
12074,5822,228,4,3200.0
12075,5823,230,2,4800.0
12076,5823,215,1,18000.0
12077,5823,223,3,900.0
12078,5824,217,4,500.0
12079,5824,219,2,8500.0
12080,5825,225,2,3000.0
12081,5825,211,4,1500.0
12082,5825,202,3,800.0
12083,5826,217,2,500.0
12084,5827,210,3,25000.0
12085,5827,215,2,18000.0
12086,5828,217,3,500.0
12087,5828,209,4,2499.0
12088,5828,211,2,1500.0
12089,5829,213,4,2200.0
12090,5829,226,4,900.0
12091,5829,217,3,500.0
12092,5829,223,3,900.0
12093,5830,214,2,28000.0
12094,5830,221,4,5500.0
12095,5831,225,2,3000.0
12096,5832,218,2,3500.0
12097,5832,215,2,18000.0
12098,5833,214,3,28000.0
12099,5834,213,4,2200.0
12100,5834,202,4,800.0
12101,5834,225,4,3000.0
12102,5835,228,3,3200.0
12103,5836,206,3,1999.0
12104,5836,217,1,500.0
12105,5837,219,1,8500.0
12106,5837,225,2,3000.0
12107,5838,228,3,3200.0
12108,5838,227,3,1800.0
12109,5839,205,4,999.0
12110,5839,214,1,28000.0
12111,5839,209,2,2499.0
12112,5839,216,4,1800.0
12113,5840,217,3,500.0
12114,5840,218,3,3500.0
12115,5840,203,1,1500.0
12116,5840,205,4,999.0
12117,5841,215,3,18000.0
12118,5841,223,1,900.0
12119,5841,226,2,900.0
12120,5841,207,3,2999.0
12121,5842,207,4,2999.0
12122,5842,213,2,2200.0
12123,5843,206,2,1999.0
12124,5844,223,2,900.0
12125,5845,211,3,1500.0
12126,5845,217,3,500.0
12127,5845,202,3,800.0
12128,5846,230,4,4800.0
12129,5846,228,1,3200.0
12130,5846,209,3,2499.0
12131,5847,227,3,1800.0
12132,5847,213,2,2200.0
12133,5847,212,3,12500.0
12134,5848,219,1,8500.0
12135,5848,207,1,2999.0
12136,5848,220,4,7000.0
12137,5848,221,4,5500.0
12138,5849,210,4,25000.0
12139,5849,225,2,3000.0
12140,5849,201,1,55000.0
12141,5850,214,1,28000.0
12142,5851,225,3,3000.0
12143,5851,206,1,1999.0
12144,5852,214,3,28000.0
12145,5853,219,3,8500.0
12146,5853,221,3,5500.0
12147,5854,222,1,1800.0
12148,5854,220,1,7000.0
12149,5855,209,2,2499.0
12150,5855,207,1,2999.0
12151,5855,208,4,1499.0
12152,5856,228,3,3200.0
12153,5856,208,3,1499.0
12154,5856,205,3,999.0
12155,5856,216,2,1800.0
12156,5857,207,1,2999.0
12157,5857,228,1,3200.0
12158,5857,219,1,8500.0
12159,5857,224,3,3500.0
12160,5858,220,2,7000.0
12161,5858,212,4,12500.0
12162,5858,221,3,5500.0
12163,5859,207,1,2999.0
12164,5860,221,3,5500.0
12165,5860,223,2,900.0
12166,5860,204,2,2500.0
12167,5861,213,1,2200.0
12168,5861,203,4,1500.0
12169,5862,223,2,900.0
12170,5862,228,2,3200.0
12171,5863,225,1,3000.0
12172,5863,217,3,500.0
12173,5863,219,4,8500.0
12174,5863,218,4,3500.0
12175,5864,223,4,900.0
12176,5864,225,3,3000.0
12177,5864,208,3,1499.0
12178,5864,224,3,3500.0
12179,5865,228,2,3200.0
12180,5865,216,3,1800.0
12181,5865,223,3,900.0
12182,5865,227,2,1800.0
12183,5866,226,4,900.0
12184,5866,216,3,1800.0
12185,5867,224,3,3500.0
12186,5867,228,3,3200.0
12187,5867,226,3,900.0
12188,5867,210,3,25000.0
12189,5868,224,2,3500.0
12190,5869,227,3,1800.0
12191,5869,225,1,3000.0
12192,5869,210,2,25000.0
12193,5870,201,4,55000.0
12194,5871,213,2,2200.0
12195,5871,204,1,2500.0
12196,5872,204,1,2500.0
12197,5872,222,1,1800.0
12198,5873,222,3,1800.0
12199,5873,209,3,2499.0
12200,5874,221,1,5500.0
12201,5874,201,1,55000.0
12202,5874,220,4,7000.0
12203,5874,227,2,1800.0
12204,5875,230,2,4800.0
12205,5876,214,3,28000.0
12206,5876,218,3,3500.0
12207,5876,217,4,500.0
12208,5876,206,1,1999.0
12209,5877,224,1,3500.0
12210,5877,218,3,3500.0
12211,5877,227,1,1800.0
12212,5877,213,4,2200.0
12213,5878,215,4,18000.0
12214,5879,230,1,4800.0
12215,5879,204,1,2500.0
12216,5879,228,4,3200.0
12217,5880,211,1,1500.0
12218,5880,217,1,500.0
12219,5880,205,3,999.0
12220,5880,215,3,18000.0
12221,5881,219,2,8500.0
12222,5881,223,3,900.0
12223,5881,215,2,18000.0
12224,5882,213,3,2200.0
12225,5882,212,3,12500.0
12226,5883,230,3,4800.0
12227,5883,213,2,2200.0
12228,5883,227,3,1800.0
12229,5883,215,1,18000.0
12230,5884,222,2,1800.0
12231,5884,211,1,1500.0
12232,5884,217,2,500.0
12233,5884,204,2,2500.0
12234,5885,223,2,900.0
12235,5885,207,1,2999.0
12236,5885,220,3,7000.0
12237,5885,222,4,1800.0
12238,5886,201,4,55000.0
12239,5886,215,2,18000.0
12240,5887,202,1,800.0
12241,5887,203,4,1500.0
12242,5888,207,4,2999.0
12243,5888,228,1,3200.0
12244,5888,222,3,1800.0
12245,5888,203,4,1500.0
12246,5889,219,1,8500.0
12247,5889,228,1,3200.0
12248,5889,201,4,55000.0
12249,5889,226,2,900.0
12250,5890,216,3,1800.0
12251,5891,211,1,1500.0
12252,5891,220,2,7000.0
12253,5891,214,4,28000.0
12254,5892,215,1,18000.0
12255,5892,204,3,2500.0
12256,5892,219,3,8500.0
12257,5892,216,3,1800.0
12258,5893,228,3,3200.0
12259,5893,230,2,4800.0
12260,5893,212,4,12500.0
12261,5894,207,4,2999.0
12262,5894,228,2,3200.0
12263,5894,225,3,3000.0
12264,5895,224,2,3500.0
12265,5895,201,4,55000.0
12266,5895,211,1,1500.0
12267,5896,201,2,55000.0
12268,5896,206,1,1999.0
12269,5896,209,4,2499.0
12270,5896,215,2,18000.0
12271,5897,226,4,900.0
12272,5897,217,2,500.0
12273,5897,212,3,12500.0
12274,5898,221,3,5500.0
12275,5898,229,4,6500.0
12276,5899,223,1,900.0
12277,5899,201,3,55000.0
12278,5900,208,4,1499.0
12279,5900,221,2,5500.0
12280,5901,202,2,800.0
12281,5902,217,2,500.0
12282,5902,224,3,3500.0
12283,5902,230,3,4800.0
12284,5902,219,2,8500.0
12285,5903,217,1,500.0
12286,5903,207,2,2999.0
12287,5903,219,1,8500.0
12288,5903,204,1,2500.0
12289,5904,220,1,7000.0
12290,5904,218,3,3500.0
12291,5904,228,4,3200.0
12292,5905,204,4,2500.0
12293,5906,209,4,2499.0
12294,5906,202,1,800.0
12295,5907,210,4,25000.0
12296,5908,220,2,7000.0
12297,5909,219,4,8500.0
12298,5910,212,4,12500.0
12299,5910,213,2,2200.0
12300,5910,215,1,18000.0
12301,5910,221,1,5500.0
12302,5911,205,1,999.0
12303,5911,201,3,55000.0
12304,5911,226,2,900.0
12305,5911,225,3,3000.0
12306,5912,213,3,2200.0
12307,5912,214,1,28000.0
12308,5913,213,1,2200.0
12309,5913,211,4,1500.0
12310,5914,230,2,4800.0
12311,5914,208,1,1499.0
12312,5914,219,3,8500.0
12313,5914,218,1,3500.0
12314,5915,227,1,1800.0
12315,5916,218,2,3500.0
12316,5916,204,4,2500.0
12317,5916,205,1,999.0
12318,5916,212,1,12500.0
12319,5917,224,2,3500.0
12320,5917,205,3,999.0
12321,5918,209,2,2499.0
12322,5918,220,1,7000.0
12323,5918,224,3,3500.0
12324,5919,209,4,2499.0
12325,5919,229,2,6500.0
12326,5920,221,2,5500.0
12327,5920,207,2,2999.0
12328,5920,212,1,12500.0
12329,5921,227,4,1800.0
12330,5922,213,3,2200.0
12331,5922,207,3,2999.0
12332,5922,219,2,8500.0
12333,5922,214,4,28000.0
12334,5923,211,2,1500.0
12335,5923,208,4,1499.0
12336,5924,229,1,6500.0
12337,5925,223,3,900.0
12338,5925,203,1,1500.0
12339,5926,219,4,8500.0
12340,5926,222,2,1800.0
12341,5926,202,3,800.0
12342,5927,223,3,900.0
12343,5927,207,3,2999.0
12344,5927,215,1,18000.0
12345,5927,202,3,800.0
12346,5928,226,1,900.0
12347,5928,221,3,5500.0
12348,5928,229,4,6500.0
12349,5928,227,1,1800.0
12350,5929,219,1,8500.0
12351,5929,215,1,18000.0
12352,5929,213,4,2200.0
12353,5929,220,2,7000.0
12354,5930,210,1,25000.0
12355,5930,230,1,4800.0
12356,5930,219,1,8500.0
12357,5931,208,3,1499.0
12358,5931,209,2,2499.0
12359,5931,224,3,3500.0
12360,5931,207,2,2999.0
12361,5932,223,3,900.0
12362,5932,206,2,1999.0
12363,5932,222,2,1800.0
12364,5933,211,4,1500.0
12365,5934,224,1,3500.0
12366,5934,217,1,500.0
12367,5934,220,3,7000.0
12368,5934,230,1,4800.0
12369,5935,207,4,2999.0
12370,5935,211,3,1500.0
12371,5935,225,2,3000.0
12372,5936,225,3,3000.0
12373,5936,228,3,3200.0
12374,5936,226,4,900.0
12375,5936,205,1,999.0
12376,5937,205,4,999.0
12377,5937,206,4,1999.0
12378,5938,207,1,2999.0
12379,5938,209,4,2499.0
12380,5938,215,2,18000.0
12381,5938,230,2,4800.0
12382,5939,230,4,4800.0
12383,5939,228,2,3200.0
12384,5939,214,3,28000.0
12385,5940,222,4,1800.0
12386,5940,218,3,3500.0
12387,5941,227,1,1800.0
12388,5942,219,1,8500.0
12389,5942,224,4,3500.0
12390,5943,225,4,3000.0
12391,5943,202,3,800.0
12392,5943,226,2,900.0
12393,5943,227,3,1800.0
12394,5944,204,1,2500.0
12395,5944,205,2,999.0
12396,5945,207,2,2999.0
12397,5946,205,2,999.0
12398,5946,211,3,1500.0
12399,5946,215,2,18000.0
12400,5947,204,4,2500.0
12401,5947,206,4,1999.0
12402,5948,222,1,1800.0
12403,5948,227,1,1800.0
12404,5949,208,2,1499.0
12405,5949,219,3,8500.0
12406,5949,224,3,3500.0
12407,5949,206,1,1999.0
12408,5950,220,2,7000.0
12409,5951,210,4,25000.0
12410,5952,216,3,1800.0
12411,5953,211,2,1500.0
12412,5953,224,4,3500.0
12413,5954,205,1,999.0
12414,5955,209,2,2499.0
12415,5955,217,4,500.0
12416,5955,201,1,55000.0
12417,5955,207,4,2999.0
12418,5956,230,3,4800.0
12419,5956,202,4,800.0
12420,5956,205,2,999.0
12421,5957,224,1,3500.0
12422,5957,218,4,3500.0
12423,5957,202,1,800.0
12424,5957,229,3,6500.0
12425,5958,202,2,800.0
12426,5958,226,2,900.0
12427,5959,212,2,12500.0
12428,5959,216,1,1800.0
12429,5960,213,4,2200.0
12430,5961,203,2,1500.0
12431,5961,206,1,1999.0
12432,5961,213,2,2200.0
12433,5961,217,4,500.0
12434,5962,205,3,999.0
12435,5963,218,1,3500.0
12436,5963,215,3,18000.0
12437,5963,222,1,1800.0
12438,5963,225,3,3000.0
12439,5964,225,4,3000.0
12440,5964,226,4,900.0
12441,5964,213,2,2200.0
12442,5964,229,1,6500.0
12443,5965,216,2,1800.0
12444,5966,222,2,1800.0
12445,5966,223,2,900.0
12446,5966,216,2,1800.0
12447,5967,219,3,8500.0
12448,5968,228,4,3200.0
12449,5969,212,2,12500.0
12450,5969,225,3,3000.0
12451,5969,208,1,1499.0
12452,5969,215,4,18000.0
12453,5970,227,4,1800.0
12454,5970,224,4,3500.0
12455,5970,208,4,1499.0
12456,5971,211,1,1500.0
12457,5971,226,4,900.0
12458,5971,222,1,1800.0
12459,5972,208,1,1499.0
12460,5973,229,2,6500.0
12461,5973,206,4,1999.0
12462,5974,205,4,999.0
12463,5975,225,4,3000.0
12464,5975,229,1,6500.0
12465,5975,216,2,1800.0
12466,5975,217,4,500.0
12467,5976,212,3,12500.0
12468,5976,202,2,800.0
12469,5976,223,3,900.0
12470,5977,226,3,900.0
12471,5977,202,2,800.0
12472,5977,230,3,4800.0
12473,5978,202,2,800.0
12474,5979,228,4,3200.0
12475,5979,207,1,2999.0
12476,5979,201,3,55000.0
12477,5979,213,3,2200.0
12478,5980,203,2,1500.0
12479,5980,201,4,55000.0
12480,5981,220,3,7000.0
12481,5982,228,3,3200.0
12482,5983,201,4,55000.0
12483,5983,207,1,2999.0
12484,5983,220,3,7000.0
12485,5984,203,1,1500.0
12486,5984,228,4,3200.0
12487,5984,201,3,55000.0
12488,5984,220,2,7000.0
12489,5985,216,4,1800.0
12490,5985,204,4,2500.0
12491,5985,226,3,900.0
12492,5986,225,1,3000.0
12493,5987,229,1,6500.0
12494,5988,203,1,1500.0
12495,5988,227,2,1800.0
12496,5989,207,3,2999.0
12497,5990,219,1,8500.0
12498,5991,226,4,900.0
12499,5991,225,1,3000.0
12500,5991,221,3,5500.0
12501,5992,215,3,18000.0
12502,5992,219,2,8500.0
12503,5993,205,3,999.0
12504,5994,227,4,1800.0
12505,5994,215,1,18000.0
12506,5995,202,1,800.0
12507,5995,212,2,12500.0
12508,5996,228,2,3200.0
12509,5996,216,4,1800.0
12510,5997,225,1,3000.0
12511,5997,222,2,1800.0
12512,5998,218,1,3500.0
12513,5998,215,3,18000.0
12514,5999,207,2,2999.0
12515,6000,227,2,1800.0
12516,6000,201,2,55000.0
12517,6000,207,4,2999.0
12518,6000,205,1,999.0
12519,6001,226,4,900.0
12520,6001,228,4,3200.0
12521,6001,219,4,8500.0
12522,6002,223,3,900.0
12523,6002,219,2,8500.0
12524,6002,221,2,5500.0
12525,6002,209,1,2499.0
12526,6003,230,1,4800.0
12527,6003,212,4,12500.0
12528,6003,220,1,7000.0
12529,6003,219,4,8500.0
12530,6004,204,1,2500.0
12531,6004,215,2,18000.0
12532,6004,206,3,1999.0
12533,6004,205,1,999.0
12534,6005,229,1,6500.0
12535,6006,218,3,3500.0
12536,6006,201,4,55000.0
12537,6007,205,1,999.0
12538,6007,209,2,2499.0
12539,6008,217,2,500.0
12540,6008,208,4,1499.0
12541,6008,219,4,8500.0
12542,6009,225,3,3000.0
12543,6009,203,2,1500.0
12544,6010,218,3,3500.0
12545,6010,224,3,3500.0
12546,6011,227,4,1800.0
12547,6011,214,3,28000.0
12548,6011,228,4,3200.0
12549,6011,226,3,900.0
12550,6012,223,1,900.0
12551,6012,212,3,12500.0
12552,6012,209,3,2499.0
12553,6013,207,4,2999.0
12554,6013,220,1,7000.0
12555,6013,218,4,3500.0
12556,6014,226,2,900.0
12557,6015,229,2,6500.0
12558,6016,226,4,900.0
12559,6016,204,4,2500.0
12560,6016,213,1,2200.0
12561,6017,230,3,4800.0
12562,6017,213,3,2200.0
12563,6017,220,3,7000.0
12564,6017,201,3,55000.0
12565,6018,222,2,1800.0
12566,6019,207,4,2999.0
12567,6019,206,4,1999.0
12568,6019,216,1,1800.0
12569,6020,219,4,8500.0
12570,6021,219,3,8500.0
12571,6021,204,1,2500.0
12572,6022,215,3,18000.0
12573,6022,211,1,1500.0
12574,6022,207,1,2999.0
12575,6022,222,3,1800.0
12576,6023,228,3,3200.0
12577,6023,218,2,3500.0
12578,6024,213,2,2200.0
12579,6024,216,2,1800.0
12580,6025,210,4,25000.0
12581,6025,218,3,3500.0
12582,6026,223,2,900.0
12583,6026,217,4,500.0
12584,6027,202,2,800.0
12585,6027,203,2,1500.0
12586,6027,221,3,5500.0
12587,6028,218,2,3500.0
12588,6029,219,2,8500.0
12589,6030,217,3,500.0
12590,6030,205,1,999.0
12591,6030,208,4,1499.0
12592,6030,223,2,900.0
12593,6031,213,3,2200.0
12594,6032,226,1,900.0
12595,6032,218,3,3500.0
12596,6033,220,3,7000.0
12597,6033,223,4,900.0
12598,6033,225,4,3000.0
12599,6034,203,4,1500.0
12600,6034,220,1,7000.0
12601,6035,223,1,900.0
12602,6035,222,2,1800.0
12603,6035,221,1,5500.0
12604,6036,204,4,2500.0
12605,6036,215,1,18000.0
12606,6036,206,3,1999.0
12607,6037,208,3,1499.0
12608,6037,219,2,8500.0
12609,6037,216,3,1800.0
12610,6037,217,1,500.0
12611,6038,228,3,3200.0
12612,6038,210,1,25000.0
12613,6039,225,1,3000.0
12614,6040,221,1,5500.0
12615,6040,202,1,800.0
12616,6041,224,1,3500.0
12617,6041,227,1,1800.0
12618,6041,208,2,1499.0
12619,6042,208,4,1499.0
12620,6042,228,3,3200.0
12621,6043,223,4,900.0
12622,6043,213,1,2200.0
12623,6044,207,1,2999.0
12624,6045,225,4,3000.0
12625,6045,220,2,7000.0
12626,6046,211,1,1500.0
12627,6046,209,1,2499.0
12628,6046,222,1,1800.0
12629,6047,204,1,2500.0
12630,6047,226,3,900.0
12631,6047,213,4,2200.0
12632,6048,226,4,900.0
12633,6048,205,3,999.0
12634,6048,210,3,25000.0
12635,6048,224,4,3500.0
12636,6049,207,2,2999.0
12637,6050,207,2,2999.0
12638,6050,225,2,3000.0
12639,6050,213,3,2200.0
12640,6051,226,2,900.0
12641,6051,206,3,1999.0
12642,6051,210,1,25000.0
12643,6052,213,4,2200.0
12644,6052,221,1,5500.0
12645,6052,207,4,2999.0
12646,6053,202,1,800.0
12647,6053,217,2,500.0
12648,6054,211,1,1500.0
12649,6054,218,3,3500.0
12650,6054,201,3,55000.0
12651,6054,225,1,3000.0
12652,6055,221,2,5500.0
12653,6055,218,3,3500.0
12654,6055,225,2,3000.0
12655,6055,213,2,2200.0
12656,6056,205,2,999.0
12657,6056,209,2,2499.0
12658,6056,214,4,28000.0
12659,6056,211,1,1500.0
12660,6057,228,1,3200.0
12661,6057,216,3,1800.0
12662,6057,222,1,1800.0
12663,6058,218,2,3500.0
12664,6058,226,2,900.0
12665,6058,221,4,5500.0
12666,6059,205,4,999.0
12667,6059,230,4,4800.0
12668,6059,220,1,7000.0
12669,6059,201,1,55000.0
12670,6060,217,1,500.0
12671,6060,201,2,55000.0
12672,6060,214,3,28000.0
12673,6060,229,3,6500.0
12674,6061,217,3,500.0
12675,6061,224,2,3500.0
12676,6062,223,1,900.0
12677,6062,215,3,18000.0
12678,6062,225,4,3000.0
12679,6062,226,1,900.0
12680,6063,213,4,2200.0
12681,6063,209,2,2499.0
12682,6063,214,3,28000.0
12683,6063,229,2,6500.0
12684,6064,223,1,900.0
12685,6064,203,4,1500.0
12686,6065,208,1,1499.0
12687,6066,208,1,1499.0
12688,6066,211,2,1500.0
12689,6067,212,3,12500.0
12690,6067,207,4,2999.0
12691,6067,206,1,1999.0
12692,6068,221,4,5500.0
12693,6068,211,3,1500.0
12694,6068,229,2,6500.0
12695,6069,227,1,1800.0
12696,6070,214,3,28000.0
12697,6070,227,4,1800.0
12698,6070,215,1,18000.0
12699,6071,222,1,1800.0
12700,6071,215,2,18000.0
12701,6071,209,1,2499.0
12702,6072,212,4,12500.0
12703,6072,201,4,55000.0
12704,6072,229,4,6500.0
12705,6072,221,2,5500.0
12706,6073,230,1,4800.0
12707,6074,222,3,1800.0
12708,6074,216,1,1800.0
12709,6074,224,3,3500.0
12710,6074,223,1,900.0
12711,6075,222,3,1800.0
12712,6075,221,3,5500.0
12713,6075,201,3,55000.0
12714,6076,212,3,12500.0
12715,6076,216,1,1800.0
12716,6077,211,4,1500.0
12717,6077,207,1,2999.0
12718,6078,210,2,25000.0
12719,6078,226,4,900.0
12720,6078,207,4,2999.0
12721,6079,225,2,3000.0
12722,6079,206,1,1999.0
12723,6079,201,2,55000.0
12724,6080,225,3,3000.0
12725,6080,228,2,3200.0
12726,6081,212,1,12500.0
12727,6081,211,3,1500.0
12728,6081,210,4,25000.0
12729,6082,213,2,2200.0
12730,6082,207,3,2999.0
12731,6082,224,1,3500.0
12732,6082,202,2,800.0
12733,6083,204,1,2500.0
12734,6084,219,3,8500.0
12735,6084,230,1,4800.0
12736,6084,205,2,999.0
12737,6084,221,1,5500.0
12738,6085,213,2,2200.0
12739,6085,202,2,800.0
12740,6085,229,1,6500.0
12741,6086,226,2,900.0
12742,6086,220,1,7000.0
12743,6086,217,2,500.0
12744,6086,228,3,3200.0
12745,6087,220,1,7000.0
12746,6087,201,4,55000.0
12747,6087,203,4,1500.0
12748,6087,225,2,3000.0
12749,6088,216,2,1800.0
12750,6088,204,4,2500.0
12751,6088,221,3,5500.0
12752,6088,210,4,25000.0
12753,6089,220,2,7000.0
12754,6090,207,3,2999.0
12755,6090,201,1,55000.0
12756,6090,205,1,999.0
12757,6091,226,4,900.0
12758,6091,212,4,12500.0
12759,6092,229,3,6500.0
12760,6092,208,3,1499.0
12761,6092,227,3,1800.0
12762,6092,217,4,500.0
12763,6093,224,1,3500.0
12764,6093,220,1,7000.0
12765,6094,206,1,1999.0
12766,6094,212,3,12500.0
12767,6095,211,4,1500.0
12768,6095,208,4,1499.0
12769,6096,208,3,1499.0
12770,6096,218,4,3500.0
12771,6096,209,3,2499.0
12772,6097,224,1,3500.0
12773,6097,204,3,2500.0
12774,6097,221,1,5500.0
12775,6097,203,1,1500.0
12776,6098,230,2,4800.0
12777,6098,210,4,25000.0
12778,6099,205,4,999.0
12779,6100,225,4,3000.0
12780,6100,209,3,2499.0
12781,6101,208,4,1499.0
12782,6101,219,4,8500.0
12783,6102,215,4,18000.0
12784,6102,207,4,2999.0
12785,6102,202,2,800.0
12786,6103,209,3,2499.0
12787,6103,213,4,2200.0
12788,6103,225,3,3000.0
12789,6104,227,4,1800.0
12790,6104,206,4,1999.0
12791,6104,230,2,4800.0
12792,6105,213,3,2200.0
12793,6106,218,4,3500.0
12794,6106,228,1,3200.0
12795,6107,205,4,999.0
12796,6107,215,3,18000.0
12797,6107,211,3,1500.0
12798,6108,225,4,3000.0
12799,6108,222,4,1800.0
12800,6108,223,2,900.0
12801,6109,204,3,2500.0
12802,6110,207,4,2999.0
12803,6110,217,2,500.0
12804,6111,207,4,2999.0
12805,6112,201,1,55000.0
12806,6112,220,4,7000.0
12807,6113,213,3,2200.0
12808,6113,218,4,3500.0
12809,6114,207,4,2999.0
12810,6115,203,3,1500.0
12811,6115,206,3,1999.0
12812,6116,205,4,999.0
12813,6116,215,1,18000.0
12814,6116,206,3,1999.0
12815,6117,208,3,1499.0
12816,6117,214,4,28000.0
12817,6117,201,2,55000.0
12818,6118,211,4,1500.0
12819,6118,205,2,999.0
12820,6119,216,3,1800.0
12821,6119,205,4,999.0
12822,6119,213,1,2200.0
12823,6119,219,4,8500.0
12824,6120,208,2,1499.0
12825,6121,229,3,6500.0
12826,6121,213,2,2200.0
12827,6122,206,2,1999.0
12828,6122,212,4,12500.0
12829,6122,226,2,900.0
12830,6123,221,2,5500.0
12831,6124,216,4,1800.0
12832,6125,212,3,12500.0
12833,6126,228,3,3200.0
12834,6126,217,2,500.0
12835,6126,211,1,1500.0
12836,6127,209,2,2499.0
12837,6127,210,3,25000.0
12838,6127,227,1,1800.0
12839,6128,224,1,3500.0
12840,6128,201,2,55000.0
12841,6129,225,4,3000.0
12842,6129,222,3,1800.0
12843,6129,223,2,900.0
12844,6129,219,4,8500.0
12845,6130,203,3,1500.0
12846,6130,213,3,2200.0
12847,6131,222,2,1800.0
12848,6132,221,4,5500.0
12849,6132,213,1,2200.0
12850,6132,222,3,1800.0
12851,6132,217,3,500.0
12852,6133,216,2,1800.0
12853,6134,212,3,12500.0
12854,6135,224,1,3500.0
12855,6135,207,4,2999.0
12856,6135,213,1,2200.0
12857,6136,219,2,8500.0
12858,6136,216,4,1800.0
12859,6136,222,3,1800.0
12860,6137,206,1,1999.0
12861,6137,201,4,55000.0
12862,6137,209,3,2499.0
12863,6137,221,4,5500.0
12864,6138,215,2,18000.0
12865,6138,204,1,2500.0
12866,6138,226,1,900.0
12867,6139,209,4,2499.0
12868,6139,217,4,500.0
12869,6139,228,3,3200.0
12870,6139,201,1,55000.0
12871,6140,223,1,900.0
12872,6141,219,4,8500.0
12873,6141,225,2,3000.0
12874,6141,228,1,3200.0
12875,6141,213,1,2200.0
12876,6142,204,3,2500.0
12877,6142,227,3,1800.0
12878,6143,206,2,1999.0
12879,6143,202,4,800.0
12880,6143,207,1,2999.0
12881,6143,203,1,1500.0
12882,6144,203,2,1500.0
12883,6144,217,3,500.0
12884,6145,209,3,2499.0
12885,6145,206,2,1999.0
12886,6145,211,2,1500.0
12887,6146,222,1,1800.0
12888,6146,217,3,500.0
12889,6146,207,1,2999.0
12890,6146,212,1,12500.0
12891,6147,202,1,800.0
12892,6147,228,2,3200.0
12893,6148,221,3,5500.0
12894,6149,213,4,2200.0
12895,6149,229,3,6500.0
12896,6149,217,4,500.0
12897,6149,203,2,1500.0
12898,6150,202,1,800.0
12899,6150,216,4,1800.0
12900,6150,213,3,2200.0
12901,6150,223,1,900.0
12902,6151,208,4,1499.0
12903,6151,223,2,900.0
12904,6151,211,3,1500.0
12905,6152,207,4,2999.0
12906,6152,208,3,1499.0
12907,6153,221,1,5500.0
12908,6153,225,4,3000.0
12909,6153,220,2,7000.0
12910,6153,224,2,3500.0
12911,6154,206,1,1999.0
12912,6154,230,4,4800.0
12913,6154,227,3,1800.0
12914,6155,218,1,3500.0
12915,6155,226,3,900.0
12916,6155,217,3,500.0
12917,6156,226,4,900.0
12918,6157,204,1,2500.0
12919,6157,213,1,2200.0
12920,6157,205,4,999.0
12921,6157,216,1,1800.0
12922,6158,205,4,999.0
12923,6159,215,4,18000.0
12924,6159,201,1,55000.0
12925,6160,216,2,1800.0
12926,6160,210,1,25000.0
12927,6160,221,3,5500.0
12928,6161,219,2,8500.0
12929,6161,228,3,3200.0
12930,6162,224,4,3500.0
12931,6162,218,3,3500.0
12932,6162,226,4,900.0
12933,6162,220,1,7000.0
12934,6163,214,2,28000.0
12935,6163,209,3,2499.0
12936,6163,221,3,5500.0
12937,6163,213,3,2200.0
12938,6164,219,3,8500.0
12939,6164,213,1,2200.0
12940,6165,219,3,8500.0
12941,6165,220,3,7000.0
12942,6165,223,3,900.0
12943,6165,207,4,2999.0
12944,6166,224,4,3500.0
12945,6166,201,1,55000.0
12946,6166,219,2,8500.0
12947,6167,230,1,4800.0
12948,6167,220,3,7000.0
12949,6168,217,2,500.0
12950,6168,219,1,8500.0
12951,6169,206,1,1999.0
12952,6169,225,4,3000.0
12953,6169,223,3,900.0
12954,6169,228,1,3200.0
12955,6170,220,3,7000.0
12956,6171,208,3,1499.0
12957,6171,210,2,25000.0
12958,6171,217,2,500.0
12959,6172,230,2,4800.0
12960,6172,220,2,7000.0
12961,6173,211,1,1500.0
12962,6173,230,2,4800.0
12963,6173,201,1,55000.0
12964,6173,212,2,12500.0
12965,6174,230,3,4800.0
12966,6175,229,4,6500.0
12967,6176,201,2,55000.0
12968,6176,206,2,1999.0
12969,6177,216,1,1800.0
12970,6177,206,4,1999.0
12971,6178,202,2,800.0
12972,6178,214,3,28000.0
12973,6179,213,3,2200.0
12974,6180,216,2,1800.0
12975,6181,217,2,500.0
12976,6181,209,4,2499.0
12977,6181,224,3,3500.0
12978,6181,227,1,1800.0
12979,6182,208,3,1499.0
12980,6183,230,2,4800.0
12981,6184,214,3,28000.0
12982,6184,205,1,999.0
12983,6184,224,3,3500.0
12984,6184,211,1,1500.0
12985,6185,211,3,1500.0
12986,6185,213,1,2200.0
12987,6185,221,4,5500.0
12988,6185,204,4,2500.0
12989,6186,230,3,4800.0
12990,6186,221,4,5500.0
12991,6186,223,2,900.0
12992,6186,204,4,2500.0
12993,6187,204,2,2500.0
12994,6187,203,3,1500.0
12995,6187,206,2,1999.0
12996,6188,202,4,800.0
12997,6188,216,4,1800.0
12998,6188,214,1,28000.0
12999,6189,224,1,3500.0
13000,6189,225,4,3000.0
13001,6189,216,3,1800.0
13002,6189,209,2,2499.0
13003,6190,201,3,55000.0
13004,6190,211,1,1500.0
13005,6190,215,1,18000.0
13006,6191,207,3,2999.0
13007,6191,228,4,3200.0
13008,6191,213,4,2200.0
13009,6191,201,3,55000.0
13010,6192,207,2,2999.0
13011,6192,206,2,1999.0
13012,6192,205,1,999.0
13013,6192,215,1,18000.0
13014,6193,224,2,3500.0
13015,6194,229,3,6500.0
13016,6194,230,3,4800.0
13017,6194,216,4,1800.0
13018,6194,218,1,3500.0
13019,6195,210,2,25000.0
13020,6195,218,4,3500.0
13021,6195,205,2,999.0
13022,6196,230,2,4800.0
13023,6197,229,4,6500.0
13024,6197,208,1,1499.0
13025,6198,208,4,1499.0
13026,6198,229,3,6500.0
13027,6199,230,3,4800.0
13028,6199,215,3,18000.0
13029,6199,222,2,1800.0
13030,6200,215,4,18000.0
13031,6201,208,2,1499.0
13032,6201,221,4,5500.0
13033,6202,209,1,2499.0
13034,6202,215,2,18000.0
13035,6202,205,3,999.0
13036,6202,229,3,6500.0
13037,6203,220,3,7000.0
13038,6204,216,1,1800.0
13039,6204,221,3,5500.0
13040,6204,212,3,12500.0
13041,6204,210,3,25000.0
13042,6205,229,1,6500.0
13043,6205,227,2,1800.0
13044,6205,206,3,1999.0
13045,6205,204,2,2500.0
13046,6206,202,2,800.0
13047,6206,230,2,4800.0
13048,6207,221,1,5500.0
13049,6207,207,2,2999.0
13050,6207,222,3,1800.0
13051,6207,223,3,900.0
13052,6208,223,1,900.0
13053,6209,226,3,900.0
13054,6210,210,4,25000.0
13055,6210,202,1,800.0
13056,6210,203,1,1500.0
13057,6210,214,3,28000.0
13058,6211,215,4,18000.0
13059,6212,216,4,1800.0
13060,6212,217,1,500.0
13061,6213,226,3,900.0
13062,6213,218,3,3500.0
13063,6214,212,1,12500.0
13064,6214,222,4,1800.0
13065,6215,228,4,3200.0
13066,6215,223,2,900.0
13067,6215,214,2,28000.0
13068,6215,204,4,2500.0
13069,6216,225,3,3000.0
13070,6216,226,2,900.0
13071,6216,224,3,3500.0
13072,6216,211,3,1500.0
13073,6217,227,4,1800.0
13074,6218,206,1,1999.0
13075,6218,210,2,25000.0
13076,6219,204,2,2500.0
13077,6220,212,2,12500.0
13078,6220,208,3,1499.0
13079,6220,222,1,1800.0
13080,6221,219,3,8500.0
13081,6221,222,3,1800.0
13082,6221,206,4,1999.0
13083,6222,211,3,1500.0
13084,6222,203,3,1500.0
13085,6222,202,1,800.0
13086,6222,226,2,900.0
13087,6223,210,3,25000.0
13088,6223,228,2,3200.0
13089,6223,207,4,2999.0
13090,6223,222,1,1800.0
13091,6224,220,1,7000.0
13092,6224,227,3,1800.0
13093,6225,230,3,4800.0
13094,6225,205,2,999.0
13095,6226,209,2,2499.0
13096,6226,226,1,900.0
13097,6227,230,1,4800.0
13098,6227,206,1,1999.0
13099,6227,227,1,1800.0
13100,6228,222,3,1800.0
13101,6228,227,4,1800.0
13102,6229,224,3,3500.0
13103,6229,230,4,4800.0
13104,6229,207,1,2999.0
13105,6229,208,3,1499.0
13106,6230,220,3,7000.0
13107,6230,203,3,1500.0
13108,6231,214,4,28000.0
13109,6231,201,3,55000.0
13110,6231,203,2,1500.0
13111,6231,208,1,1499.0
13112,6232,205,1,999.0
13113,6232,219,2,8500.0
13114,6233,202,2,800.0
13115,6234,219,1,8500.0
13116,6235,223,3,900.0
13117,6235,217,3,500.0
13118,6235,228,4,3200.0
13119,6235,222,2,1800.0
13120,6236,222,4,1800.0
13121,6236,230,2,4800.0
13122,6236,214,3,28000.0
13123,6236,206,2,1999.0
13124,6237,204,1,2500.0
13125,6238,201,2,55000.0
13126,6238,211,3,1500.0
13127,6239,201,1,55000.0
13128,6240,219,2,8500.0
13129,6240,201,1,55000.0
13130,6240,213,4,2200.0
13131,6240,212,1,12500.0
13132,6241,203,2,1500.0
13133,6241,202,4,800.0
13134,6241,226,3,900.0
13135,6242,225,2,3000.0
13136,6242,224,3,3500.0
13137,6242,207,1,2999.0
13138,6243,201,1,55000.0
13139,6243,218,2,3500.0
13140,6244,220,2,7000.0
13141,6244,207,4,2999.0
13142,6244,211,1,1500.0
13143,6245,222,4,1800.0
13144,6245,207,2,2999.0
13145,6245,212,2,12500.0
13146,6246,214,4,28000.0
13147,6246,216,3,1800.0
13148,6246,206,1,1999.0
13149,6246,217,4,500.0
13150,6247,220,3,7000.0
13151,6247,218,1,3500.0
13152,6247,207,1,2999.0
13153,6247,202,3,800.0
13154,6248,220,1,7000.0
13155,6248,227,1,1800.0
13156,6249,216,3,1800.0
13157,6249,212,4,12500.0
13158,6249,205,2,999.0
13159,6249,217,3,500.0
13160,6250,226,3,900.0
13161,6250,227,2,1800.0
13162,6251,223,1,900.0
13163,6251,217,2,500.0
13164,6251,230,4,4800.0
13165,6252,208,1,1499.0
13166,6252,205,4,999.0
13167,6253,220,2,7000.0
13168,6253,222,4,1800.0
13169,6254,229,4,6500.0
13170,6254,221,2,5500.0
13171,6255,230,1,4800.0
13172,6255,215,1,18000.0
13173,6255,212,1,12500.0
13174,6255,203,1,1500.0
13175,6256,203,2,1500.0
13176,6256,206,2,1999.0
13177,6256,211,4,1500.0
13178,6256,209,1,2499.0
13179,6257,209,4,2499.0
13180,6257,218,3,3500.0
13181,6257,213,2,2200.0
13182,6258,222,4,1800.0
13183,6258,207,1,2999.0
13184,6259,219,4,8500.0
13185,6260,201,4,55000.0
13186,6261,220,4,7000.0
13187,6261,205,3,999.0
13188,6261,209,2,2499.0
13189,6262,209,2,2499.0
13190,6262,228,1,3200.0
13191,6262,211,2,1500.0
13192,6262,225,1,3000.0
13193,6263,209,1,2499.0
13194,6263,201,4,55000.0
13195,6264,208,4,1499.0
13196,6264,230,4,4800.0
13197,6265,229,3,6500.0
13198,6266,215,4,18000.0
13199,6266,224,1,3500.0
13200,6266,206,1,1999.0
13201,6266,218,2,3500.0
13202,6267,214,4,28000.0
13203,6267,219,2,8500.0
13204,6267,220,3,7000.0
13205,6268,220,1,7000.0
13206,6269,210,1,25000.0
13207,6269,201,4,55000.0
13208,6269,223,2,900.0
13209,6269,203,1,1500.0
13210,6270,226,4,900.0
13211,6270,219,4,8500.0
13212,6270,229,1,6500.0
13213,6271,226,1,900.0
13214,6271,216,4,1800.0
13215,6272,205,1,999.0
13216,6272,212,1,12500.0
13217,6272,221,4,5500.0
13218,6272,226,2,900.0
13219,6273,213,4,2200.0
13220,6273,226,3,900.0
13221,6274,226,2,900.0
13222,6274,212,2,12500.0
13223,6274,207,4,2999.0
13224,6275,202,3,800.0
13225,6275,215,3,18000.0
13226,6275,204,1,2500.0
13227,6275,223,4,900.0
13228,6276,215,4,18000.0
13229,6276,216,1,1800.0
13230,6277,226,1,900.0
13231,6278,205,1,999.0
13232,6278,228,3,3200.0
13233,6278,216,3,1800.0
13234,6278,223,2,900.0
13235,6279,230,4,4800.0
13236,6279,216,3,1800.0
13237,6280,201,4,55000.0
13238,6280,230,4,4800.0
13239,6280,226,1,900.0
13240,6280,214,4,28000.0
13241,6281,230,4,4800.0
13242,6282,206,2,1999.0
13243,6282,210,3,25000.0
13244,6282,208,4,1499.0
13245,6282,213,1,2200.0
13246,6283,211,4,1500.0
13247,6284,209,2,2499.0
13248,6284,229,2,6500.0
13249,6285,213,3,2200.0
13250,6286,220,3,7000.0
13251,6287,227,4,1800.0
13252,6288,209,2,2499.0
13253,6288,215,4,18000.0
13254,6289,229,4,6500.0
13255,6289,227,2,1800.0
13256,6290,206,3,1999.0
13257,6290,228,3,3200.0
13258,6290,213,1,2200.0
13259,6290,212,4,12500.0
13260,6291,220,1,7000.0
13261,6292,229,1,6500.0
13262,6292,210,2,25000.0
13263,6292,218,4,3500.0
13264,6293,211,3,1500.0
13265,6293,202,4,800.0
13266,6293,221,4,5500.0
13267,6294,228,3,3200.0
13268,6294,225,2,3000.0
13269,6294,205,2,999.0
13270,6294,203,2,1500.0
13271,6295,211,4,1500.0
13272,6296,227,1,1800.0
13273,6297,210,1,25000.0
13274,6297,230,4,4800.0
13275,6297,203,2,1500.0
13276,6298,222,2,1800.0
13277,6298,227,2,1800.0
13278,6299,230,1,4800.0
13279,6300,206,1,1999.0
13280,6300,213,2,2200.0
13281,6300,227,3,1800.0
13282,6300,209,4,2499.0
13283,6301,222,2,1800.0
13284,6301,207,1,2999.0
13285,6302,213,2,2200.0
13286,6302,208,2,1499.0
13287,6303,210,2,25000.0
13288,6303,201,2,55000.0
13289,6304,228,1,3200.0
13290,6304,229,4,6500.0
13291,6304,211,4,1500.0
13292,6304,206,2,1999.0
13293,6305,225,3,3000.0
13294,6305,214,3,28000.0
13295,6305,207,3,2999.0
13296,6305,205,2,999.0
13297,6306,222,1,1800.0
13298,6307,215,4,18000.0
13299,6307,218,3,3500.0
13300,6307,219,2,8500.0
13301,6307,209,3,2499.0
13302,6308,211,4,1500.0
13303,6308,209,4,2499.0
13304,6309,206,2,1999.0
13305,6310,214,3,28000.0
13306,6310,206,3,1999.0
13307,6311,224,4,3500.0
13308,6311,220,4,7000.0
13309,6311,218,3,3500.0
13310,6312,218,3,3500.0
13311,6313,219,3,8500.0
13312,6314,224,4,3500.0
13313,6314,207,3,2999.0
13314,6315,219,2,8500.0
13315,6316,201,3,55000.0
13316,6317,208,2,1499.0
13317,6317,205,4,999.0
13318,6318,217,2,500.0
13319,6318,204,1,2500.0
13320,6318,212,3,12500.0
13321,6319,218,3,3500.0
13322,6320,206,3,1999.0
13323,6321,228,4,3200.0
13324,6321,222,3,1800.0
13325,6321,213,4,2200.0
13326,6321,224,3,3500.0
13327,6322,208,2,1499.0
13328,6322,222,4,1800.0
13329,6323,203,3,1500.0
13330,6323,225,3,3000.0
13331,6323,213,4,2200.0
13332,6323,216,4,1800.0
13333,6324,204,2,2500.0
13334,6324,221,3,5500.0
13335,6324,203,4,1500.0
13336,6324,207,4,2999.0
13337,6325,216,1,1800.0
13338,6325,221,3,5500.0
13339,6326,218,2,3500.0
13340,6326,220,1,7000.0
13341,6326,228,2,3200.0
13342,6327,227,1,1800.0
13343,6327,217,2,500.0
13344,6327,221,3,5500.0
13345,6328,223,2,900.0
13346,6328,213,1,2200.0
13347,6329,217,3,500.0
13348,6329,220,1,7000.0
13349,6330,214,3,28000.0
13350,6330,207,2,2999.0
13351,6330,202,3,800.0
13352,6330,211,4,1500.0
13353,6331,223,3,900.0
13354,6331,210,3,25000.0
13355,6331,217,1,500.0
13356,6332,205,3,999.0
13357,6333,227,2,1800.0
13358,6333,211,4,1500.0
13359,6333,228,4,3200.0
13360,6334,201,2,55000.0
13361,6334,215,1,18000.0
13362,6334,202,3,800.0
13363,6335,205,4,999.0
13364,6336,202,1,800.0
13365,6336,229,3,6500.0
13366,6337,215,2,18000.0
13367,6337,226,4,900.0
13368,6337,217,4,500.0
13369,6337,219,3,8500.0
13370,6338,228,3,3200.0
13371,6338,204,1,2500.0
13372,6339,212,3,12500.0
13373,6340,212,1,12500.0
13374,6341,205,3,999.0
13375,6341,218,1,3500.0
13376,6341,226,2,900.0
13377,6342,203,1,1500.0
13378,6343,211,1,1500.0
13379,6343,227,1,1800.0
13380,6343,220,2,7000.0
13381,6344,208,4,1499.0
13382,6344,215,1,18000.0
13383,6344,204,2,2500.0
13384,6345,201,3,55000.0
13385,6346,226,1,900.0
13386,6346,209,2,2499.0
13387,6346,225,2,3000.0
13388,6346,203,1,1500.0
13389,6347,229,1,6500.0
13390,6347,221,2,5500.0
13391,6347,222,1,1800.0
13392,6348,202,1,800.0
13393,6348,204,3,2500.0
13394,6348,203,1,1500.0
13395,6349,205,4,999.0
13396,6349,206,4,1999.0
13397,6349,217,2,500.0
13398,6349,201,1,55000.0
13399,6350,224,2,3500.0
13400,6350,208,2,1499.0
13401,6350,228,4,3200.0
13402,6351,205,2,999.0
13403,6352,202,3,800.0
13404,6352,201,4,55000.0
13405,6353,220,3,7000.0
13406,6353,217,3,500.0
13407,6354,223,1,900.0
13408,6354,205,2,999.0
13409,6354,225,4,3000.0
13410,6354,203,2,1500.0
13411,6355,207,4,2999.0
13412,6355,229,1,6500.0
13413,6356,223,1,900.0
13414,6356,211,1,1500.0
13415,6356,216,3,1800.0
13416,6357,210,2,25000.0
13417,6358,209,3,2499.0
13418,6358,205,2,999.0
13419,6358,229,1,6500.0
13420,6358,211,3,1500.0
13421,6359,216,1,1800.0
13422,6359,221,3,5500.0
13423,6359,214,2,28000.0
13424,6359,229,2,6500.0
13425,6360,215,4,18000.0
13426,6361,205,1,999.0
13427,6361,206,2,1999.0
13428,6362,207,3,2999.0
13429,6362,230,2,4800.0
13430,6363,230,4,4800.0
13431,6363,226,2,900.0
13432,6364,208,4,1499.0
13433,6365,217,3,500.0
13434,6365,213,2,2200.0
13435,6365,225,1,3000.0
13436,6365,228,3,3200.0
13437,6366,216,1,1800.0
13438,6366,220,2,7000.0
13439,6366,230,1,4800.0
13440,6367,230,1,4800.0
13441,6367,227,3,1800.0
13442,6368,215,3,18000.0
13443,6368,230,3,4800.0
13444,6368,208,3,1499.0
13445,6368,204,1,2500.0
13446,6369,203,3,1500.0
13447,6370,227,2,1800.0
13448,6371,206,3,1999.0
13449,6372,203,2,1500.0
13450,6372,216,1,1800.0
13451,6372,219,2,8500.0
13452,6373,211,3,1500.0
13453,6373,230,1,4800.0
13454,6373,226,1,900.0
13455,6373,224,4,3500.0
13456,6374,227,4,1800.0
13457,6375,227,4,1800.0
13458,6376,202,3,800.0
13459,6376,214,2,28000.0
13460,6376,212,3,12500.0
13461,6376,210,3,25000.0
13462,6377,227,4,1800.0
13463,6377,220,2,7000.0
13464,6378,230,1,4800.0
13465,6379,224,1,3500.0
13466,6380,225,1,3000.0
13467,6381,201,1,55000.0
13468,6381,207,3,2999.0
13469,6381,220,2,7000.0
13470,6381,213,2,2200.0
13471,6382,203,3,1500.0
13472,6382,201,3,55000.0
13473,6382,202,3,800.0
13474,6382,228,2,3200.0
13475,6383,206,3,1999.0
13476,6384,202,2,800.0
13477,6385,219,1,8500.0
13478,6385,225,4,3000.0
13479,6385,223,2,900.0
13480,6385,221,3,5500.0
13481,6386,206,3,1999.0
13482,6387,229,2,6500.0
13483,6387,209,3,2499.0
13484,6387,226,4,900.0
13485,6387,216,4,1800.0
13486,6388,208,3,1499.0
13487,6389,226,1,900.0
13488,6389,225,2,3000.0
13489,6389,224,4,3500.0
13490,6390,227,2,1800.0
13491,6390,223,4,900.0
13492,6390,228,4,3200.0
13493,6390,221,4,5500.0
13494,6391,223,3,900.0
13495,6392,206,4,1999.0
13496,6393,222,2,1800.0
13497,6393,229,1,6500.0
13498,6394,221,3,5500.0
13499,6395,227,1,1800.0
13500,6395,205,3,999.0
13501,6395,222,1,1800.0
13502,6396,228,1,3200.0
13503,6396,209,1,2499.0
13504,6396,230,4,4800.0
13505,6396,220,2,7000.0
13506,6397,226,3,900.0
13507,6398,211,1,1500.0
13508,6398,216,3,1800.0
13509,6399,214,4,28000.0
13510,6399,220,4,7000.0
13511,6399,212,2,12500.0
13512,6399,223,3,900.0
13513,6400,229,4,6500.0
13514,6400,213,2,2200.0
13515,6400,215,1,18000.0
13516,6400,222,2,1800.0
13517,6401,209,3,2499.0
13518,6401,218,4,3500.0
13519,6401,223,4,900.0
13520,6401,203,4,1500.0
13521,6402,211,3,1500.0
13522,6402,230,1,4800.0
13523,6403,224,3,3500.0
13524,6403,212,2,12500.0
13525,6403,228,2,3200.0
13526,6404,218,1,3500.0
13527,6404,229,4,6500.0
13528,6404,224,4,3500.0
13529,6404,209,2,2499.0
13530,6405,225,3,3000.0
13531,6405,210,3,25000.0
13532,6405,223,2,900.0
13533,6405,212,3,12500.0
13534,6406,205,4,999.0
13535,6407,217,3,500.0
13536,6407,229,3,6500.0
13537,6407,210,4,25000.0
13538,6408,212,3,12500.0
13539,6409,207,1,2999.0
13540,6409,229,3,6500.0
13541,6410,205,3,999.0
13542,6410,202,3,800.0
13543,6411,206,3,1999.0
13544,6411,210,1,25000.0
13545,6411,212,1,12500.0
13546,6412,227,2,1800.0
13547,6412,220,3,7000.0
13548,6412,207,4,2999.0
13549,6413,229,2,6500.0
13550,6414,211,4,1500.0
13551,6414,204,4,2500.0
13552,6415,225,2,3000.0
13553,6416,203,2,1500.0
13554,6417,230,4,4800.0
13555,6418,225,2,3000.0
13556,6418,205,2,999.0
13557,6418,208,4,1499.0
13558,6419,212,3,12500.0
13559,6419,206,2,1999.0
13560,6419,209,1,2499.0
13561,6419,221,3,5500.0
13562,6420,223,3,900.0
13563,6421,211,2,1500.0
13564,6421,203,1,1500.0
13565,6421,214,1,28000.0
13566,6421,210,3,25000.0
13567,6422,220,3,7000.0
13568,6422,223,4,900.0
13569,6422,222,4,1800.0
13570,6422,221,2,5500.0
13571,6423,227,1,1800.0
13572,6424,218,2,3500.0
13573,6424,206,2,1999.0
13574,6424,207,3,2999.0
13575,6425,211,2,1500.0
13576,6425,210,3,25000.0
13577,6426,204,2,2500.0
13578,6427,211,4,1500.0
13579,6427,225,3,3000.0
13580,6428,213,2,2200.0
13581,6428,205,3,999.0
13582,6428,220,3,7000.0
13583,6428,224,2,3500.0
13584,6429,221,1,5500.0
13585,6430,223,1,900.0
13586,6430,225,4,3000.0
13587,6430,213,3,2200.0
13588,6430,224,4,3500.0
13589,6431,216,1,1800.0
13590,6431,215,2,18000.0
13591,6432,202,1,800.0
13592,6432,201,4,55000.0
13593,6432,208,1,1499.0
13594,6432,229,1,6500.0
13595,6433,211,1,1500.0
13596,6433,230,1,4800.0
13597,6433,209,3,2499.0
13598,6433,223,3,900.0
13599,6434,221,3,5500.0
13600,6434,228,1,3200.0
13601,6434,226,3,900.0
13602,6434,203,4,1500.0
13603,6435,201,3,55000.0
13604,6435,223,1,900.0
13605,6436,218,1,3500.0
13606,6436,204,2,2500.0
13607,6437,201,1,55000.0
13608,6437,230,4,4800.0
13609,6438,224,4,3500.0
13610,6438,223,3,900.0
13611,6438,202,1,800.0
13612,6438,203,4,1500.0
13613,6439,209,4,2499.0
13614,6439,227,3,1800.0
13615,6439,204,4,2500.0
13616,6440,227,2,1800.0
13617,6441,211,1,1500.0
13618,6441,230,2,4800.0
13619,6441,213,4,2200.0
13620,6442,213,2,2200.0
13621,6442,221,1,5500.0
13622,6442,230,4,4800.0
13623,6442,206,3,1999.0
13624,6443,229,3,6500.0
13625,6443,202,1,800.0
13626,6444,219,4,8500.0
13627,6444,214,1,28000.0
13628,6444,218,1,3500.0
13629,6444,216,1,1800.0
13630,6445,210,2,25000.0
13631,6446,211,4,1500.0
13632,6446,222,4,1800.0
13633,6447,210,2,25000.0
13634,6447,223,1,900.0
13635,6448,223,1,900.0
13636,6449,207,1,2999.0
13637,6449,225,1,3000.0
13638,6449,223,4,900.0
13639,6450,202,2,800.0
13640,6450,205,4,999.0
13641,6450,221,4,5500.0
13642,6451,221,3,5500.0
13643,6451,230,3,4800.0
13644,6451,211,1,1500.0
13645,6452,212,1,12500.0
13646,6452,225,3,3000.0
13647,6452,210,2,25000.0
13648,6452,208,1,1499.0
13649,6453,226,2,900.0
13650,6453,222,1,1800.0
13651,6453,210,3,25000.0
13652,6453,211,3,1500.0
13653,6454,203,4,1500.0
13654,6454,229,4,6500.0
13655,6455,216,3,1800.0
13656,6455,213,1,2200.0
13657,6456,210,3,25000.0
13658,6456,229,4,6500.0
13659,6456,220,2,7000.0
13660,6457,230,3,4800.0
13661,6458,209,1,2499.0
13662,6458,230,3,4800.0
13663,6458,224,2,3500.0
13664,6459,212,4,12500.0
13665,6459,208,3,1499.0
13666,6459,220,3,7000.0
13667,6459,204,2,2500.0
13668,6460,230,3,4800.0
13669,6460,222,4,1800.0
13670,6460,207,3,2999.0
13671,6460,227,2,1800.0
13672,6461,204,1,2500.0
13673,6461,228,2,3200.0
13674,6461,214,3,28000.0
13675,6462,229,2,6500.0
13676,6462,228,2,3200.0
13677,6462,216,1,1800.0
13678,6462,212,3,12500.0
13679,6463,222,2,1800.0
13680,6463,215,1,18000.0
13681,6463,225,4,3000.0
13682,6463,214,3,28000.0
13683,6464,228,4,3200.0
13684,6465,214,3,28000.0
13685,6465,225,4,3000.0
13686,6465,223,1,900.0
13687,6466,206,3,1999.0
13688,6466,220,4,7000.0
13689,6466,225,3,3000.0
13690,6467,211,1,1500.0
13691,6467,228,3,3200.0
13692,6467,201,3,55000.0
13693,6467,216,1,1800.0
13694,6468,228,4,3200.0
13695,6469,213,1,2200.0
13696,6469,225,4,3000.0
13697,6470,218,4,3500.0
13698,6470,208,2,1499.0
13699,6470,225,3,3000.0
13700,6471,204,4,2500.0
13701,6472,210,4,25000.0
13702,6472,201,2,55000.0
13703,6473,220,3,7000.0
13704,6474,209,3,2499.0
13705,6474,215,2,18000.0
13706,6474,201,1,55000.0
13707,6474,226,3,900.0
13708,6475,227,4,1800.0
13709,6475,230,4,4800.0
13710,6476,205,2,999.0
13711,6477,226,3,900.0
13712,6477,204,2,2500.0
13713,6477,229,2,6500.0
13714,6477,216,3,1800.0
13715,6478,202,4,800.0
13716,6478,226,4,900.0
13717,6479,215,4,18000.0
13718,6479,214,4,28000.0
13719,6479,230,2,4800.0
13720,6479,223,2,900.0
13721,6480,224,3,3500.0
13722,6480,217,3,500.0
13723,6481,229,3,6500.0
13724,6482,210,2,25000.0
13725,6482,212,4,12500.0
13726,6482,221,4,5500.0
13727,6482,222,4,1800.0
13728,6483,220,4,7000.0
13729,6483,226,2,900.0
13730,6483,229,4,6500.0
13731,6483,215,2,18000.0
13732,6484,228,2,3200.0
13733,6484,227,2,1800.0
13734,6485,205,2,999.0
13735,6485,222,1,1800.0
13736,6486,211,1,1500.0
13737,6487,229,2,6500.0
13738,6488,214,3,28000.0
13739,6488,229,3,6500.0
13740,6488,204,1,2500.0
13741,6489,210,3,25000.0
13742,6489,211,1,1500.0
13743,6489,222,3,1800.0
13744,6490,228,2,3200.0
13745,6491,225,4,3000.0
13746,6492,222,4,1800.0
13747,6492,221,1,5500.0
13748,6492,209,1,2499.0
13749,6493,204,2,2500.0
13750,6493,210,2,25000.0
13751,6493,201,3,55000.0
13752,6493,225,3,3000.0
13753,6494,222,1,1800.0
13754,6494,210,4,25000.0
13755,6494,206,1,1999.0
13756,6494,201,2,55000.0
13757,6495,203,3,1500.0
13758,6495,209,1,2499.0
13759,6496,222,1,1800.0
13760,6496,216,2,1800.0
13761,6496,215,1,18000.0
13762,6496,220,4,7000.0
13763,6497,230,4,4800.0
13764,6497,208,3,1499.0
13765,6497,202,3,800.0
13766,6498,202,1,800.0
13767,6499,215,1,18000.0
13768,6500,213,3,2200.0
13769,6501,223,1,900.0
13770,6501,210,2,25000.0
13771,6501,219,3,8500.0
13772,6501,204,3,2500.0
13773,6502,216,4,1800.0
13774,6502,219,2,8500.0
13775,6502,215,3,18000.0
13776,6503,219,1,8500.0
13777,6503,224,4,3500.0
13778,6503,226,4,900.0
13779,6504,203,2,1500.0
13780,6505,208,1,1499.0
13781,6506,202,2,800.0
13782,6507,205,3,999.0
13783,6508,208,4,1499.0
13784,6508,206,1,1999.0
13785,6509,205,2,999.0
13786,6509,201,2,55000.0
13787,6509,227,3,1800.0
13788,6510,223,4,900.0
13789,6510,213,1,2200.0
13790,6510,207,4,2999.0
13791,6510,206,4,1999.0
13792,6511,230,1,4800.0
13793,6512,227,3,1800.0
13794,6512,219,3,8500.0
13795,6512,230,2,4800.0
13796,6512,207,1,2999.0
13797,6513,230,4,4800.0
13798,6514,215,2,18000.0
13799,6514,223,2,900.0
13800,6514,230,2,4800.0
13801,6514,218,2,3500.0
13802,6515,212,3,12500.0
13803,6515,223,4,900.0
13804,6516,203,4,1500.0
13805,6516,215,4,18000.0
13806,6516,207,3,2999.0
13807,6517,213,3,2200.0
13808,6517,223,3,900.0
13809,6517,204,2,2500.0
13810,6517,201,1,55000.0
13811,6518,204,3,2500.0
13812,6519,203,1,1500.0
13813,6520,230,4,4800.0
13814,6520,217,1,500.0
13815,6521,220,4,7000.0
13816,6521,202,1,800.0
13817,6522,204,2,2500.0
13818,6522,211,4,1500.0
13819,6523,214,4,28000.0
13820,6523,213,2,2200.0
13821,6523,204,4,2500.0
13822,6523,224,2,3500.0
13823,6524,220,1,7000.0
13824,6525,220,2,7000.0
13825,6525,222,1,1800.0
13826,6526,205,3,999.0
13827,6526,217,1,500.0
13828,6527,213,4,2200.0
13829,6527,212,2,12500.0
13830,6527,228,1,3200.0
13831,6527,205,2,999.0
13832,6528,214,2,28000.0
13833,6529,205,4,999.0
13834,6529,213,4,2200.0
13835,6529,227,2,1800.0
13836,6530,224,1,3500.0
13837,6531,211,3,1500.0
13838,6531,226,4,900.0
13839,6532,223,1,900.0
13840,6532,207,3,2999.0
13841,6532,210,3,25000.0
13842,6532,220,4,7000.0
13843,6533,203,4,1500.0
13844,6533,202,1,800.0
13845,6534,202,3,800.0
13846,6535,225,3,3000.0
13847,6535,229,1,6500.0
13848,6536,227,1,1800.0
13849,6536,206,2,1999.0
13850,6536,212,3,12500.0
13851,6537,221,4,5500.0
13852,6538,226,4,900.0
13853,6538,219,3,8500.0
13854,6538,213,2,2200.0
13855,6538,216,3,1800.0
13856,6539,206,1,1999.0
13857,6539,214,1,28000.0
13858,6539,223,3,900.0
13859,6540,230,4,4800.0
13860,6540,217,4,500.0
13861,6540,222,3,1800.0
13862,6540,215,4,18000.0
13863,6541,219,1,8500.0
13864,6541,226,2,900.0
13865,6542,218,1,3500.0
13866,6542,202,1,800.0
13867,6542,224,4,3500.0
13868,6542,203,4,1500.0
13869,6543,224,3,3500.0
13870,6544,225,3,3000.0
13871,6544,227,1,1800.0
13872,6545,201,1,55000.0
13873,6546,217,4,500.0
13874,6546,221,2,5500.0
13875,6546,213,3,2200.0
13876,6546,215,1,18000.0
13877,6547,225,4,3000.0
13878,6547,203,2,1500.0
13879,6547,213,4,2200.0
13880,6548,209,4,2499.0
13881,6548,220,1,7000.0
13882,6549,228,3,3200.0
13883,6549,227,2,1800.0
13884,6550,208,1,1499.0
13885,6550,213,2,2200.0
13886,6550,204,3,2500.0
13887,6550,217,2,500.0
13888,6551,220,1,7000.0
13889,6551,214,4,28000.0
13890,6552,219,4,8500.0
13891,6552,214,2,28000.0
13892,6553,214,1,28000.0
13893,6553,225,1,3000.0
13894,6553,215,1,18000.0
13895,6553,202,3,800.0
13896,6554,218,4,3500.0
13897,6555,208,3,1499.0
13898,6555,204,3,2500.0
13899,6556,209,4,2499.0
13900,6556,211,3,1500.0
13901,6557,213,4,2200.0
13902,6557,228,4,3200.0
13903,6557,230,2,4800.0
13904,6557,207,4,2999.0
13905,6558,207,2,2999.0
13906,6559,205,3,999.0
13907,6559,217,1,500.0
13908,6559,225,2,3000.0
13909,6559,220,2,7000.0
13910,6560,211,1,1500.0
13911,6560,202,2,800.0
13912,6560,207,1,2999.0
13913,6561,204,1,2500.0
13914,6561,205,1,999.0
13915,6561,201,1,55000.0
13916,6562,222,4,1800.0
13917,6562,228,3,3200.0
13918,6562,225,4,3000.0
13919,6563,211,3,1500.0
13920,6563,221,1,5500.0
13921,6563,229,1,6500.0
13922,6564,215,3,18000.0
13923,6564,204,1,2500.0
13924,6564,207,4,2999.0
13925,6564,229,2,6500.0
13926,6565,218,2,3500.0
13927,6565,222,4,1800.0
13928,6565,213,2,2200.0
13929,6565,208,4,1499.0
13930,6566,222,2,1800.0
13931,6566,210,1,25000.0
13932,6567,217,4,500.0
13933,6568,223,3,900.0
13934,6569,225,2,3000.0
13935,6570,215,3,18000.0
13936,6570,209,4,2499.0
13937,6570,206,3,1999.0
13938,6570,227,1,1800.0
13939,6571,230,2,4800.0
13940,6572,225,1,3000.0
13941,6573,230,1,4800.0
13942,6574,212,4,12500.0
13943,6574,204,2,2500.0
13944,6574,223,4,900.0
13945,6574,214,4,28000.0
13946,6575,220,4,7000.0
13947,6575,205,3,999.0
13948,6575,222,4,1800.0
13949,6576,208,1,1499.0
13950,6576,210,2,25000.0
13951,6576,215,3,18000.0
13952,6576,205,3,999.0
13953,6577,214,3,28000.0
13954,6578,225,2,3000.0
13955,6578,221,2,5500.0
13956,6578,227,1,1800.0
13957,6578,219,4,8500.0
13958,6579,204,2,2500.0
13959,6579,211,2,1500.0
13960,6579,210,1,25000.0
13961,6579,205,1,999.0
13962,6580,218,4,3500.0
13963,6580,207,1,2999.0
13964,6580,225,3,3000.0
13965,6580,204,4,2500.0
13966,6581,207,2,2999.0
13967,6581,220,2,7000.0
13968,6581,210,4,25000.0
13969,6581,226,2,900.0
13970,6582,222,4,1800.0
13971,6582,211,2,1500.0
13972,6582,209,2,2499.0
13973,6582,212,4,12500.0
13974,6583,222,1,1800.0
13975,6583,203,4,1500.0
13976,6583,225,3,3000.0
13977,6583,204,3,2500.0
13978,6584,224,2,3500.0
13979,6584,229,1,6500.0
13980,6584,222,1,1800.0
13981,6585,226,4,900.0
13982,6585,216,3,1800.0
13983,6585,214,1,28000.0
13984,6585,210,3,25000.0
13985,6586,230,4,4800.0
13986,6586,224,2,3500.0
13987,6586,201,3,55000.0
13988,6587,212,3,12500.0
13989,6588,201,4,55000.0
13990,6588,230,3,4800.0
13991,6589,214,4,28000.0
13992,6589,206,1,1999.0
13993,6589,213,3,2200.0
13994,6589,228,4,3200.0
13995,6590,217,4,500.0
13996,6590,219,2,8500.0
13997,6591,229,4,6500.0
13998,6591,205,2,999.0
13999,6591,222,1,1800.0
14000,6592,227,1,1800.0
14001,6592,230,1,4800.0
14002,6593,202,1,800.0
14003,6593,228,2,3200.0
14004,6594,227,3,1800.0
14005,6594,201,1,55000.0
14006,6594,210,2,25000.0
14007,6595,222,1,1800.0
14008,6595,214,2,28000.0
14009,6596,206,3,1999.0
14010,6596,209,2,2499.0
14011,6596,204,2,2500.0
14012,6596,205,4,999.0
14013,6597,202,4,800.0
14014,6597,208,2,1499.0
14015,6597,209,1,2499.0
14016,6598,219,4,8500.0
14017,6599,220,3,7000.0
14018,6599,207,2,2999.0
14019,6600,205,2,999.0
14020,6600,219,2,8500.0
14021,6600,212,1,12500.0
14022,6601,215,2,18000.0
14023,6601,212,2,12500.0
14024,6602,216,2,1800.0
14025,6602,218,3,3500.0
14026,6602,214,2,28000.0
14027,6603,214,3,28000.0
14028,6604,213,3,2200.0
14029,6604,218,2,3500.0
14030,6605,220,2,7000.0
14031,6605,208,1,1499.0
14032,6606,214,1,28000.0
14033,6607,224,4,3500.0
14034,6607,229,4,6500.0
14035,6607,221,3,5500.0
14036,6607,212,2,12500.0
14037,6608,215,1,18000.0
14038,6608,223,1,900.0
14039,6608,208,2,1499.0
14040,6608,205,1,999.0
14041,6609,220,2,7000.0
14042,6609,216,2,1800.0
14043,6609,212,4,12500.0
14044,6609,215,1,18000.0
14045,6610,213,4,2200.0
14046,6610,217,4,500.0
14047,6611,213,2,2200.0
14048,6611,229,4,6500.0
14049,6611,216,4,1800.0
14050,6612,230,3,4800.0
14051,6613,221,4,5500.0
14052,6613,202,3,800.0
14053,6613,229,3,6500.0
14054,6614,218,4,3500.0
14055,6614,201,3,55000.0
14056,6614,225,1,3000.0
14057,6614,224,3,3500.0
14058,6615,205,4,999.0
14059,6615,204,4,2500.0
14060,6615,212,2,12500.0
14061,6615,224,1,3500.0
14062,6616,202,1,800.0
14063,6616,204,4,2500.0
14064,6616,212,4,12500.0
14065,6616,215,1,18000.0
14066,6617,216,1,1800.0
14067,6617,217,3,500.0
14068,6617,228,2,3200.0
14069,6618,222,1,1800.0
14070,6618,229,3,6500.0
14071,6618,216,4,1800.0
14072,6618,230,4,4800.0
14073,6619,225,1,3000.0
14074,6619,209,2,2499.0
14075,6620,225,3,3000.0
14076,6620,227,1,1800.0
14077,6620,213,4,2200.0
14078,6620,219,2,8500.0
14079,6621,207,2,2999.0
14080,6621,204,2,2500.0
14081,6622,210,4,25000.0
14082,6622,213,2,2200.0
14083,6622,220,4,7000.0
14084,6623,203,1,1500.0
14085,6623,216,4,1800.0
14086,6623,215,1,18000.0
14087,6624,212,3,12500.0
14088,6625,217,2,500.0
14089,6625,229,2,6500.0
14090,6625,225,1,3000.0
14091,6626,215,1,18000.0
14092,6627,217,1,500.0
14093,6627,202,1,800.0
14094,6627,220,4,7000.0
14095,6628,213,4,2200.0
14096,6628,221,2,5500.0
14097,6628,204,2,2500.0
14098,6628,212,3,12500.0
14099,6629,210,3,25000.0
14100,6629,229,4,6500.0
14101,6629,226,3,900.0
14102,6629,209,1,2499.0
14103,6630,222,4,1800.0
14104,6630,207,2,2999.0
14105,6630,228,1,3200.0
14106,6630,203,1,1500.0
14107,6631,228,3,3200.0
14108,6631,222,1,1800.0
14109,6631,227,4,1800.0
14110,6632,225,2,3000.0
14111,6633,228,1,3200.0
14112,6633,219,4,8500.0
14113,6634,203,4,1500.0
14114,6634,218,1,3500.0
14115,6634,210,3,25000.0
14116,6634,215,4,18000.0
14117,6635,221,3,5500.0
14118,6635,202,4,800.0
14119,6635,213,4,2200.0
14120,6635,223,2,900.0
14121,6636,217,3,500.0
14122,6636,218,3,3500.0
14123,6636,205,4,999.0
14124,6637,229,2,6500.0
14125,6638,225,1,3000.0
14126,6638,215,1,18000.0
14127,6638,224,1,3500.0
14128,6638,223,4,900.0
14129,6639,222,1,1800.0
14130,6640,205,4,999.0
14131,6640,227,4,1800.0
14132,6641,218,4,3500.0
14133,6641,202,2,800.0
14134,6642,203,2,1500.0
14135,6642,206,2,1999.0
14136,6643,230,3,4800.0
14137,6643,222,3,1800.0
14138,6643,209,4,2499.0
14139,6644,211,2,1500.0
14140,6644,201,2,55000.0
14141,6644,227,2,1800.0
14142,6644,203,1,1500.0
14143,6645,226,1,900.0
14144,6645,221,4,5500.0
14145,6646,205,1,999.0
14146,6646,224,4,3500.0
14147,6646,203,4,1500.0
14148,6646,217,4,500.0
14149,6647,219,3,8500.0
14150,6647,213,2,2200.0
14151,6647,220,3,7000.0
14152,6647,204,3,2500.0
14153,6648,201,1,55000.0
14154,6648,227,2,1800.0
14155,6648,220,1,7000.0
14156,6649,212,2,12500.0
14157,6649,214,4,28000.0
14158,6649,206,1,1999.0
14159,6649,226,1,900.0
14160,6650,214,4,28000.0
14161,6650,209,3,2499.0
14162,6650,201,1,55000.0
14163,6650,228,3,3200.0
14164,6651,223,2,900.0
14165,6651,207,2,2999.0
14166,6651,201,1,55000.0
14167,6651,228,4,3200.0
14168,6652,228,3,3200.0
14169,6652,225,3,3000.0
14170,6652,202,1,800.0
14171,6652,203,4,1500.0
14172,6653,228,2,3200.0
14173,6654,225,2,3000.0
14174,6655,214,4,28000.0
14175,6655,229,4,6500.0
14176,6655,223,1,900.0
14177,6655,211,2,1500.0
14178,6656,205,4,999.0
14179,6656,222,3,1800.0
14180,6656,212,4,12500.0
14181,6657,225,1,3000.0
14182,6657,203,3,1500.0
14183,6657,226,1,900.0
14184,6658,203,1,1500.0
14185,6658,212,2,12500.0
14186,6658,205,4,999.0
14187,6659,221,1,5500.0
14188,6659,224,2,3500.0
14189,6659,218,1,3500.0
14190,6660,206,1,1999.0
14191,6660,201,1,55000.0
14192,6660,207,1,2999.0
14193,6661,226,3,900.0
14194,6662,207,4,2999.0
14195,6662,201,4,55000.0
14196,6662,205,2,999.0
14197,6663,229,4,6500.0
14198,6663,220,1,7000.0
14199,6663,227,2,1800.0
14200,6664,216,2,1800.0
14201,6664,226,4,900.0
14202,6664,229,1,6500.0
14203,6664,222,1,1800.0
14204,6665,230,4,4800.0
14205,6665,218,2,3500.0
14206,6666,211,4,1500.0
14207,6666,209,2,2499.0
14208,6666,215,2,18000.0
14209,6666,225,1,3000.0
14210,6667,226,3,900.0
14211,6667,210,3,25000.0
14212,6667,214,4,28000.0
14213,6668,211,3,1500.0
14214,6668,228,1,3200.0
14215,6668,215,3,18000.0
14216,6669,226,4,900.0
14217,6669,207,4,2999.0
14218,6669,224,2,3500.0
14219,6669,204,1,2500.0
14220,6670,225,4,3000.0
14221,6671,203,4,1500.0
14222,6672,207,2,2999.0
14223,6672,202,3,800.0
14224,6672,227,1,1800.0
14225,6672,225,1,3000.0
14226,6673,209,1,2499.0
14227,6674,202,1,800.0
14228,6674,226,3,900.0
14229,6675,216,1,1800.0
14230,6675,229,3,6500.0
14231,6675,222,1,1800.0
14232,6676,201,3,55000.0
14233,6676,206,1,1999.0
14234,6676,223,4,900.0
14235,6676,203,3,1500.0
14236,6677,220,3,7000.0
14237,6677,215,2,18000.0
14238,6677,221,4,5500.0
14239,6677,207,1,2999.0
14240,6678,229,3,6500.0
14241,6679,225,1,3000.0
14242,6679,228,1,3200.0
14243,6680,217,4,500.0
14244,6680,218,2,3500.0
14245,6681,229,3,6500.0
14246,6682,220,2,7000.0
14247,6682,227,3,1800.0
14248,6683,221,2,5500.0
14249,6683,227,3,1800.0
14250,6683,222,3,1800.0
14251,6683,219,2,8500.0
14252,6684,221,3,5500.0
14253,6684,216,4,1800.0
14254,6684,225,4,3000.0
14255,6684,207,3,2999.0
14256,6685,229,2,6500.0
14257,6686,203,1,1500.0
14258,6686,215,2,18000.0
14259,6686,207,2,2999.0
14260,6687,209,1,2499.0
14261,6687,216,3,1800.0
14262,6688,219,4,8500.0
14263,6688,218,2,3500.0
14264,6689,220,2,7000.0
14265,6689,202,1,800.0
14266,6689,221,4,5500.0
14267,6689,204,3,2500.0
14268,6690,207,2,2999.0
14269,6690,218,1,3500.0
14270,6690,208,2,1499.0
14271,6691,215,4,18000.0
14272,6692,205,3,999.0
14273,6693,216,3,1800.0
14274,6693,201,2,55000.0
14275,6694,215,3,18000.0
14276,6695,210,4,25000.0
14277,6695,216,3,1800.0
14278,6695,213,1,2200.0
14279,6696,224,2,3500.0
14280,6696,217,3,500.0
14281,6696,225,1,3000.0
14282,6696,207,1,2999.0
14283,6697,220,2,7000.0
14284,6698,224,4,3500.0
14285,6699,226,1,900.0
14286,6699,202,4,800.0
14287,6699,205,3,999.0
14288,6700,215,3,18000.0
14289,6700,224,2,3500.0
14290,6701,223,1,900.0
14291,6701,204,1,2500.0
14292,6701,227,3,1800.0
14293,6701,208,1,1499.0
14294,6702,230,2,4800.0
14295,6702,209,3,2499.0
14296,6703,226,4,900.0
14297,6703,217,1,500.0
14298,6703,216,4,1800.0
14299,6704,216,1,1800.0
14300,6705,213,1,2200.0
14301,6705,214,2,28000.0
14302,6705,223,3,900.0
14303,6706,216,3,1800.0
14304,6706,228,1,3200.0
14305,6706,219,3,8500.0
14306,6706,221,2,5500.0
14307,6707,203,3,1500.0
14308,6707,226,2,900.0
14309,6707,221,3,5500.0
14310,6707,212,3,12500.0
14311,6708,207,2,2999.0
14312,6708,229,2,6500.0
14313,6708,219,4,8500.0
14314,6709,220,2,7000.0
14315,6709,228,3,3200.0
14316,6709,208,3,1499.0
14317,6710,206,1,1999.0
14318,6710,211,2,1500.0
14319,6710,216,2,1800.0
14320,6711,209,2,2499.0
14321,6712,222,2,1800.0
14322,6712,228,1,3200.0
14323,6712,219,3,8500.0
14324,6712,204,2,2500.0
14325,6713,201,2,55000.0
14326,6713,207,4,2999.0
14327,6714,210,3,25000.0
14328,6714,203,3,1500.0
14329,6715,208,3,1499.0
14330,6715,212,1,12500.0
14331,6716,211,1,1500.0
14332,6716,210,1,25000.0
14333,6716,202,3,800.0
14334,6717,216,3,1800.0
14335,6717,210,4,25000.0
14336,6717,215,3,18000.0
14337,6717,229,3,6500.0
14338,6718,201,4,55000.0
14339,6718,224,2,3500.0
14340,6718,217,3,500.0
14341,6719,226,3,900.0
14342,6720,217,4,500.0
14343,6720,221,3,5500.0
14344,6720,228,2,3200.0
14345,6721,215,2,18000.0
14346,6721,208,3,1499.0
14347,6722,208,3,1499.0
14348,6722,228,4,3200.0
14349,6722,203,2,1500.0
14350,6722,209,2,2499.0
14351,6723,209,4,2499.0
14352,6723,225,3,3000.0
14353,6723,204,3,2500.0
14354,6723,219,4,8500.0
14355,6724,211,3,1500.0
14356,6724,229,1,6500.0
14357,6724,213,1,2200.0
14358,6725,229,4,6500.0
14359,6725,216,4,1800.0
14360,6726,223,1,900.0
14361,6727,210,1,25000.0
14362,6728,223,2,900.0
14363,6728,207,4,2999.0
14364,6728,201,2,55000.0
14365,6729,226,2,900.0
14366,6730,227,2,1800.0
14367,6731,214,1,28000.0
14368,6731,204,1,2500.0
14369,6732,229,1,6500.0
14370,6732,207,4,2999.0
14371,6732,206,4,1999.0
14372,6732,226,4,900.0
14373,6733,203,2,1500.0
14374,6733,218,4,3500.0
14375,6733,217,1,500.0
14376,6734,225,4,3000.0
14377,6735,202,3,800.0
14378,6735,229,4,6500.0
14379,6735,207,3,2999.0
14380,6735,215,2,18000.0
14381,6736,223,4,900.0
14382,6736,218,3,3500.0
14383,6737,224,4,3500.0
14384,6737,211,1,1500.0
14385,6737,217,1,500.0
14386,6738,205,4,999.0
14387,6738,222,1,1800.0
14388,6738,204,4,2500.0
14389,6738,208,1,1499.0
14390,6739,224,2,3500.0
14391,6739,202,4,800.0
14392,6740,216,4,1800.0
14393,6741,219,4,8500.0
14394,6741,224,1,3500.0
14395,6742,223,3,900.0
14396,6742,215,1,18000.0
14397,6742,222,2,1800.0
14398,6742,220,3,7000.0
14399,6743,225,1,3000.0
14400,6744,210,4,25000.0
14401,6744,216,4,1800.0
14402,6744,224,1,3500.0
14403,6744,206,3,1999.0
14404,6745,205,3,999.0
14405,6745,206,1,1999.0
14406,6746,207,3,2999.0
14407,6747,219,2,8500.0
14408,6747,208,3,1499.0
14409,6747,209,4,2499.0
14410,6748,216,4,1800.0
14411,6748,222,2,1800.0
14412,6748,208,4,1499.0
14413,6749,213,2,2200.0
14414,6749,208,3,1499.0
14415,6749,201,4,55000.0
14416,6749,229,3,6500.0
14417,6750,217,4,500.0
14418,6750,205,4,999.0
14419,6750,207,3,2999.0
14420,6750,210,4,25000.0
14421,6751,214,2,28000.0
14422,6752,228,1,3200.0
14423,6753,216,3,1800.0
14424,6753,213,1,2200.0
14425,6753,224,2,3500.0
14426,6753,215,2,18000.0
14427,6754,228,1,3200.0
14428,6754,222,1,1800.0
14429,6755,224,3,3500.0
14430,6755,222,3,1800.0
14431,6756,217,4,500.0
14432,6756,212,4,12500.0
14433,6756,226,3,900.0
14434,6756,201,1,55000.0
14435,6757,225,3,3000.0
14436,6757,205,1,999.0
14437,6757,209,4,2499.0
14438,6757,217,3,500.0
14439,6758,208,4,1499.0
14440,6759,225,4,3000.0
14441,6759,209,3,2499.0
14442,6760,208,3,1499.0
14443,6760,225,1,3000.0
14444,6760,210,4,25000.0
14445,6761,212,1,12500.0
14446,6761,221,2,5500.0
14447,6761,207,2,2999.0
14448,6762,214,4,28000.0
14449,6762,208,4,1499.0
14450,6762,221,2,5500.0
14451,6762,201,1,55000.0
14452,6763,216,2,1800.0
14453,6763,217,1,500.0
14454,6763,223,1,900.0
14455,6763,202,3,800.0
14456,6764,211,2,1500.0
14457,6765,206,1,1999.0
14458,6766,228,3,3200.0
14459,6766,224,3,3500.0
14460,6767,217,3,500.0
14461,6767,214,1,28000.0
14462,6767,208,1,1499.0
14463,6768,228,4,3200.0
14464,6769,228,4,3200.0
14465,6769,227,1,1800.0
14466,6769,224,4,3500.0
14467,6769,222,4,1800.0
14468,6770,230,1,4800.0
14469,6771,203,3,1500.0
14470,6771,206,3,1999.0
14471,6772,226,1,900.0
14472,6773,209,3,2499.0
14473,6773,224,4,3500.0
14474,6773,229,1,6500.0
14475,6774,203,2,1500.0
14476,6775,225,1,3000.0
14477,6775,228,4,3200.0
14478,6776,227,4,1800.0
14479,6776,205,2,999.0
14480,6777,211,3,1500.0
14481,6778,202,3,800.0
14482,6778,205,3,999.0
14483,6778,208,2,1499.0
14484,6778,217,2,500.0
14485,6779,205,4,999.0
14486,6779,227,3,1800.0
14487,6779,220,2,7000.0
14488,6779,224,1,3500.0
14489,6780,205,4,999.0
14490,6780,213,2,2200.0
14491,6780,208,4,1499.0
14492,6780,219,4,8500.0
14493,6781,227,1,1800.0
14494,6782,201,2,55000.0
14495,6782,223,2,900.0
14496,6783,206,2,1999.0
14497,6783,225,1,3000.0
14498,6784,227,3,1800.0
14499,6785,202,2,800.0
14500,6785,215,1,18000.0
14501,6785,205,4,999.0
14502,6785,218,2,3500.0
14503,6786,207,1,2999.0
14504,6786,225,1,3000.0
14505,6787,215,2,18000.0
14506,6787,209,2,2499.0
14507,6787,210,4,25000.0
14508,6788,210,4,25000.0
14509,6788,213,1,2200.0
14510,6789,209,3,2499.0
14511,6789,210,4,25000.0
14512,6789,212,3,12500.0
14513,6789,208,2,1499.0
14514,6790,205,2,999.0
14515,6790,208,3,1499.0
14516,6790,207,1,2999.0
14517,6790,218,3,3500.0
14518,6791,208,2,1499.0
14519,6791,212,2,12500.0
14520,6791,203,1,1500.0
14521,6792,224,1,3500.0
14522,6792,230,2,4800.0
14523,6792,214,2,28000.0
14524,6792,204,1,2500.0
14525,6793,202,1,800.0
14526,6793,204,4,2500.0
14527,6793,218,4,3500.0
14528,6794,215,4,18000.0
14529,6794,222,3,1800.0
14530,6794,217,2,500.0
14531,6794,223,2,900.0
14532,6795,207,1,2999.0
14533,6795,219,2,8500.0
14534,6795,213,4,2200.0
14535,6796,201,4,55000.0
14536,6796,218,1,3500.0
14537,6796,219,3,8500.0
14538,6796,221,4,5500.0
14539,6797,202,2,800.0
14540,6797,224,1,3500.0
14541,6797,230,4,4800.0
14542,6798,204,3,2500.0
14543,6799,227,2,1800.0
14544,6799,218,3,3500.0
14545,6800,208,2,1499.0
14546,6800,201,3,55000.0
14547,6801,213,2,2200.0
14548,6801,209,3,2499.0
14549,6801,215,4,18000.0
14550,6801,229,2,6500.0
14551,6802,208,4,1499.0
14552,6802,210,3,25000.0
14553,6802,226,2,900.0
14554,6803,219,3,8500.0
14555,6803,226,3,900.0
14556,6803,230,1,4800.0
14557,6804,202,1,800.0
14558,6804,219,1,8500.0
14559,6805,218,3,3500.0
14560,6805,226,1,900.0
14561,6805,204,2,2500.0
14562,6806,217,4,500.0
14563,6806,208,2,1499.0
14564,6806,206,3,1999.0
14565,6807,227,2,1800.0
14566,6808,225,4,3000.0
14567,6808,201,1,55000.0
14568,6809,223,4,900.0
14569,6809,213,2,2200.0
14570,6810,230,1,4800.0
14571,6810,224,1,3500.0
14572,6811,225,1,3000.0
14573,6811,226,2,900.0
14574,6811,203,3,1500.0
14575,6811,224,2,3500.0
14576,6812,224,3,3500.0
14577,6812,219,1,8500.0
14578,6812,227,1,1800.0
14579,6813,202,3,800.0
14580,6814,220,4,7000.0
14581,6814,210,4,25000.0
14582,6814,217,2,500.0
14583,6814,205,3,999.0
14584,6815,208,3,1499.0
14585,6815,229,1,6500.0
14586,6816,201,1,55000.0
14587,6816,212,2,12500.0
14588,6816,207,1,2999.0
14589,6816,224,4,3500.0
14590,6817,220,2,7000.0
14591,6817,226,4,900.0
14592,6817,224,4,3500.0
14593,6818,223,2,900.0
14594,6818,211,3,1500.0
14595,6819,205,2,999.0
14596,6819,218,4,3500.0
14597,6819,215,4,18000.0
14598,6820,218,4,3500.0
14599,6820,230,1,4800.0
14600,6820,206,3,1999.0
14601,6821,207,3,2999.0
14602,6821,225,2,3000.0
14603,6821,226,1,900.0
14604,6821,205,1,999.0
14605,6822,212,4,12500.0
14606,6822,228,2,3200.0
14607,6823,215,1,18000.0
14608,6823,222,2,1800.0
14609,6824,216,4,1800.0
14610,6824,227,4,1800.0
14611,6825,204,2,2500.0
14612,6825,218,4,3500.0
14613,6826,223,3,900.0
14614,6827,213,3,2200.0
14615,6827,223,1,900.0
14616,6827,216,3,1800.0
14617,6827,203,4,1500.0
14618,6828,221,1,5500.0
14619,6828,223,3,900.0
14620,6828,230,3,4800.0
14621,6829,216,1,1800.0
14622,6829,226,4,900.0
14623,6829,205,2,999.0
14624,6830,209,3,2499.0
14625,6830,211,3,1500.0
14626,6831,209,1,2499.0
14627,6831,215,2,18000.0
14628,6831,227,4,1800.0
14629,6831,204,2,2500.0
14630,6832,229,4,6500.0
14631,6833,218,2,3500.0
14632,6833,213,3,2200.0
14633,6834,204,2,2500.0
14634,6834,208,1,1499.0
14635,6834,221,4,5500.0
14636,6834,229,4,6500.0
14637,6835,202,4,800.0
14638,6835,213,4,2200.0
14639,6836,209,3,2499.0
14640,6836,205,4,999.0
14641,6837,204,4,2500.0
14642,6837,227,4,1800.0
14643,6837,217,2,500.0
14644,6838,215,4,18000.0
14645,6838,219,4,8500.0
14646,6838,230,1,4800.0
14647,6839,209,3,2499.0
14648,6839,204,3,2500.0
14649,6839,223,4,900.0
14650,6840,222,1,1800.0
14651,6841,228,3,3200.0
14652,6841,210,4,25000.0
14653,6841,202,2,800.0
14654,6841,230,4,4800.0
14655,6842,207,3,2999.0
14656,6842,204,1,2500.0
14657,6843,205,3,999.0
14658,6844,202,4,800.0
14659,6844,204,2,2500.0
14660,6844,213,3,2200.0
14661,6845,225,1,3000.0
14662,6846,227,4,1800.0
14663,6846,204,1,2500.0
14664,6847,216,2,1800.0
14665,6847,215,1,18000.0
14666,6847,208,4,1499.0
14667,6848,201,3,55000.0
14668,6849,207,4,2999.0
14669,6849,202,2,800.0
14670,6850,224,1,3500.0
14671,6850,215,4,18000.0
14672,6851,211,4,1500.0
14673,6851,227,2,1800.0
14674,6851,224,2,3500.0
14675,6851,221,2,5500.0
14676,6852,225,1,3000.0
14677,6852,205,1,999.0
14678,6852,207,4,2999.0
14679,6852,222,3,1800.0
14680,6853,221,1,5500.0
14681,6853,228,2,3200.0
14682,6853,209,3,2499.0
14683,6853,202,2,800.0
14684,6854,219,2,8500.0
14685,6854,217,2,500.0
14686,6854,228,1,3200.0
14687,6854,208,3,1499.0
14688,6855,227,1,1800.0
14689,6856,206,4,1999.0
14690,6856,215,4,18000.0
14691,6856,230,3,4800.0
14692,6857,207,1,2999.0
14693,6857,209,2,2499.0
14694,6858,221,1,5500.0
14695,6858,216,4,1800.0
14696,6858,213,2,2200.0
14697,6858,224,2,3500.0
14698,6859,223,1,900.0
14699,6860,230,3,4800.0
14700,6860,229,1,6500.0
14701,6861,218,1,3500.0
14702,6861,213,4,2200.0
14703,6862,212,1,12500.0
14704,6862,219,2,8500.0
14705,6862,225,1,3000.0
14706,6863,204,2,2500.0
14707,6864,205,3,999.0
14708,6864,216,4,1800.0
14709,6864,202,3,800.0
14710,6865,205,2,999.0
14711,6865,221,2,5500.0
14712,6866,206,3,1999.0
14713,6866,216,1,1800.0
14714,6866,201,2,55000.0
14715,6866,229,4,6500.0
14716,6867,212,4,12500.0
14717,6867,208,2,1499.0
14718,6867,228,2,3200.0
14719,6868,218,2,3500.0
14720,6868,227,4,1800.0
14721,6869,208,3,1499.0
14722,6869,215,1,18000.0
14723,6870,214,3,28000.0
14724,6870,215,2,18000.0
14725,6870,224,2,3500.0
14726,6870,210,1,25000.0
14727,6871,226,4,900.0
14728,6871,217,4,500.0
14729,6871,219,2,8500.0
14730,6872,225,1,3000.0
14731,6872,204,2,2500.0
14732,6873,205,2,999.0
14733,6873,204,3,2500.0
14734,6873,207,3,2999.0
14735,6873,214,3,28000.0
14736,6874,215,2,18000.0
14737,6874,217,1,500.0
14738,6874,208,4,1499.0
14739,6874,223,3,900.0
14740,6875,206,1,1999.0
14741,6875,220,3,7000.0
14742,6875,210,2,25000.0
14743,6876,225,2,3000.0
14744,6876,224,3,3500.0
14745,6877,202,4,800.0
14746,6877,213,2,2200.0
14747,6877,229,2,6500.0
14748,6877,227,3,1800.0
14749,6878,210,4,25000.0
14750,6878,203,1,1500.0
14751,6879,210,3,25000.0
14752,6879,217,3,500.0
14753,6879,214,2,28000.0
14754,6880,202,3,800.0
14755,6880,229,3,6500.0
14756,6881,229,1,6500.0
14757,6881,213,1,2200.0
14758,6881,207,4,2999.0
14759,6882,202,4,800.0
14760,6883,230,1,4800.0
14761,6883,221,4,5500.0
14762,6884,212,2,12500.0
14763,6885,215,4,18000.0
14764,6886,205,4,999.0
14765,6887,204,3,2500.0
14766,6888,211,2,1500.0
14767,6888,208,3,1499.0
14768,6888,227,3,1800.0
14769,6888,220,2,7000.0
14770,6889,228,3,3200.0
14771,6889,213,2,2200.0
14772,6889,217,4,500.0
14773,6889,226,4,900.0
14774,6890,215,2,18000.0
14775,6891,225,3,3000.0
14776,6891,224,1,3500.0
14777,6891,207,4,2999.0
14778,6891,202,4,800.0
14779,6892,218,1,3500.0
14780,6892,224,4,3500.0
14781,6892,215,4,18000.0
14782,6893,221,1,5500.0
14783,6894,208,3,1499.0
14784,6894,218,4,3500.0
14785,6894,220,2,7000.0
14786,6895,229,3,6500.0
14787,6895,208,4,1499.0
14788,6895,214,2,28000.0
14789,6895,205,1,999.0
14790,6896,206,4,1999.0
14791,6896,203,2,1500.0
14792,6896,208,4,1499.0
14793,6896,216,2,1800.0
14794,6897,204,3,2500.0
14795,6897,222,4,1800.0
14796,6897,221,1,5500.0
14797,6898,211,3,1500.0
14798,6898,223,2,900.0
14799,6898,205,3,999.0
14800,6899,207,2,2999.0
14801,6900,201,4,55000.0
14802,6900,225,2,3000.0
14803,6900,213,4,2200.0
14804,6900,217,4,500.0
14805,6901,213,3,2200.0
14806,6902,213,3,2200.0
14807,6902,223,3,900.0
14808,6903,203,3,1500.0
14809,6903,229,3,6500.0
14810,6903,228,1,3200.0
14811,6904,230,4,4800.0
14812,6904,216,2,1800.0
14813,6904,203,3,1500.0
14814,6905,201,4,55000.0
14815,6905,204,1,2500.0
14816,6905,218,4,3500.0
14817,6906,218,2,3500.0
14818,6906,223,1,900.0
14819,6906,221,1,5500.0
14820,6907,209,3,2499.0
14821,6907,205,2,999.0
14822,6907,215,2,18000.0
14823,6908,201,3,55000.0
14824,6908,227,3,1800.0
14825,6909,230,3,4800.0
14826,6909,218,1,3500.0
14827,6910,207,2,2999.0
14828,6910,210,4,25000.0
14829,6911,203,4,1500.0
14830,6911,207,1,2999.0
14831,6912,212,4,12500.0
14832,6913,217,3,500.0
14833,6913,228,2,3200.0
14834,6913,222,4,1800.0
14835,6914,212,4,12500.0
14836,6914,222,2,1800.0
14837,6914,211,3,1500.0
14838,6915,217,3,500.0
14839,6915,227,2,1800.0
14840,6916,208,3,1499.0
14841,6916,222,2,1800.0
14842,6916,213,4,2200.0
14843,6917,216,1,1800.0
14844,6917,228,2,3200.0
14845,6918,220,1,7000.0
14846,6918,227,3,1800.0
14847,6918,215,1,18000.0
14848,6919,220,3,7000.0
14849,6919,222,2,1800.0
14850,6919,221,1,5500.0
14851,6920,230,1,4800.0
14852,6920,227,1,1800.0
14853,6920,221,2,5500.0
14854,6921,207,4,2999.0
14855,6921,205,3,999.0
14856,6921,227,3,1800.0
14857,6922,224,4,3500.0
14858,6922,226,2,900.0
14859,6923,203,1,1500.0
14860,6923,223,3,900.0
14861,6924,205,1,999.0
14862,6924,215,3,18000.0
14863,6924,203,4,1500.0
14864,6925,223,1,900.0
14865,6926,227,3,1800.0
14866,6926,202,2,800.0
14867,6926,230,3,4800.0
14868,6927,230,4,4800.0
14869,6927,218,4,3500.0
14870,6927,219,2,8500.0
14871,6928,228,1,3200.0
14872,6928,206,2,1999.0
14873,6928,221,3,5500.0
14874,6928,227,1,1800.0
14875,6929,201,3,55000.0
14876,6929,208,2,1499.0
14877,6929,222,3,1800.0
14878,6929,205,3,999.0
14879,6930,213,3,2200.0
14880,6930,201,1,55000.0
14881,6930,217,4,500.0
14882,6931,201,4,55000.0
14883,6931,212,1,12500.0
14884,6932,225,2,3000.0
14885,6932,221,2,5500.0
14886,6933,221,2,5500.0
14887,6933,210,2,25000.0
14888,6933,209,3,2499.0
14889,6934,210,4,25000.0
14890,6934,213,2,2200.0
14891,6934,222,3,1800.0
14892,6934,215,4,18000.0
14893,6935,226,1,900.0
14894,6935,202,2,800.0
14895,6935,221,2,5500.0
14896,6936,217,2,500.0
14897,6936,214,1,28000.0
14898,6936,215,4,18000.0
14899,6937,214,3,28000.0
14900,6937,208,2,1499.0
14901,6938,213,4,2200.0
14902,6938,214,4,28000.0
14903,6939,225,4,3000.0
14904,6940,218,1,3500.0
14905,6940,209,4,2499.0
14906,6941,223,2,900.0
14907,6941,212,4,12500.0
14908,6941,204,4,2500.0
14909,6941,225,1,3000.0
14910,6942,222,1,1800.0
14911,6942,228,4,3200.0
14912,6942,209,4,2499.0
14913,6942,219,4,8500.0
14914,6943,204,4,2500.0
14915,6943,220,2,7000.0
14916,6943,226,4,900.0
14917,6944,217,4,500.0
14918,6945,220,1,7000.0
14919,6945,219,4,8500.0
14920,6946,215,3,18000.0
14921,6946,210,1,25000.0
14922,6947,202,4,800.0
14923,6947,221,3,5500.0
14924,6947,228,3,3200.0
14925,6948,212,1,12500.0
14926,6948,217,2,500.0
14927,6948,208,4,1499.0
14928,6949,202,3,800.0
14929,6949,213,2,2200.0
14930,6949,216,3,1800.0
14931,6950,203,2,1500.0
14932,6950,220,2,7000.0
14933,6951,209,4,2499.0
14934,6951,228,4,3200.0
14935,6951,229,2,6500.0
14936,6951,207,3,2999.0
14937,6952,204,4,2500.0
14938,6952,225,1,3000.0
14939,6952,205,2,999.0
14940,6953,227,4,1800.0
14941,6953,215,4,18000.0
14942,6954,207,3,2999.0
14943,6955,208,3,1499.0
14944,6955,228,3,3200.0
14945,6955,210,4,25000.0
14946,6955,225,1,3000.0
14947,6956,229,4,6500.0
14948,6956,210,2,25000.0
14949,6957,221,3,5500.0
14950,6957,219,1,8500.0
14951,6958,210,3,25000.0
14952,6958,215,2,18000.0
14953,6958,228,3,3200.0
14954,6959,221,2,5500.0
14955,6960,225,3,3000.0
14956,6960,203,1,1500.0
14957,6961,224,3,3500.0
14958,6961,227,4,1800.0
14959,6962,222,4,1800.0
14960,6962,214,4,28000.0
14961,6962,224,3,3500.0
14962,6963,201,1,55000.0
14963,6963,225,4,3000.0
14964,6963,205,1,999.0
14965,6963,223,2,900.0
14966,6964,219,4,8500.0
14967,6964,204,2,2500.0
14968,6965,221,2,5500.0
14969,6965,226,4,900.0
14970,6966,230,4,4800.0
14971,6966,203,4,1500.0
14972,6966,216,3,1800.0
14973,6966,211,3,1500.0
14974,6967,211,3,1500.0
14975,6967,203,3,1500.0
14976,6967,207,3,2999.0
14977,6967,225,1,3000.0
14978,6968,213,4,2200.0
14979,6968,203,4,1500.0
14980,6968,209,2,2499.0
14981,6968,204,4,2500.0
14982,6969,218,2,3500.0
14983,6969,221,3,5500.0
14984,6970,219,1,8500.0
14985,6971,223,3,900.0
14986,6971,202,3,800.0
14987,6971,228,1,3200.0
14988,6971,222,4,1800.0
14989,6972,206,4,1999.0
14990,6972,230,2,4800.0
14991,6973,222,1,1800.0
14992,6973,223,4,900.0
14993,6973,212,2,12500.0
14994,6973,207,4,2999.0
14995,6974,216,1,1800.0
14996,6974,203,3,1500.0
14997,6974,219,1,8500.0
14998,6974,211,1,1500.0
14999,6975,227,2,1800.0
15000,6975,219,4,8500.0
15001,6975,230,1,4800.0
15002,6975,203,2,1500.0
15003,6976,209,4,2499.0
15004,6976,219,1,8500.0
15005,6977,223,4,900.0
15006,6977,216,2,1800.0
15007,6977,224,2,3500.0
15008,6978,220,1,7000.0
15009,6978,214,1,28000.0
15010,6978,219,1,8500.0
15011,6978,216,4,1800.0
15012,6979,226,4,900.0
15013,6979,222,2,1800.0
15014,6979,227,2,1800.0
15015,6980,222,3,1800.0
15016,6980,218,1,3500.0
15017,6981,220,3,7000.0
15018,6981,206,2,1999.0
15019,6982,226,2,900.0
15020,6982,223,3,900.0
15021,6982,204,3,2500.0
15022,6983,226,2,900.0
15023,6983,222,2,1800.0
15024,6984,215,1,18000.0
15025,6984,218,3,3500.0
15026,6984,209,3,2499.0
15027,6985,202,3,800.0
15028,6985,212,2,12500.0
15029,6985,229,2,6500.0
15030,6985,208,4,1499.0
15031,6986,201,3,55000.0
15032,6986,220,1,7000.0
15033,6986,226,2,900.0
15034,6986,208,4,1499.0
15035,6987,222,2,1800.0
15036,6987,216,2,1800.0
15037,6987,226,4,900.0
15038,6988,213,2,2200.0
15039,6989,204,4,2500.0
15040,6989,223,3,900.0
15041,6990,214,3,28000.0
15042,6990,202,2,800.0
15043,6991,214,1,28000.0
15044,6992,220,4,7000.0
15045,6992,227,2,1800.0
15046,6993,205,4,999.0
15047,6993,203,1,1500.0
15048,6993,229,1,6500.0
15049,6993,230,2,4800.0
15050,6994,228,4,3200.0
15051,6995,224,2,3500.0
15052,6995,209,1,2499.0
15053,6996,202,2,800.0
15054,6996,226,2,900.0
15055,6996,203,1,1500.0
15056,6997,203,4,1500.0
15057,6997,220,4,7000.0
15058,6997,204,1,2500.0
15059,6997,206,4,1999.0
15060,6998,211,4,1500.0
15061,6998,224,4,3500.0
15062,6998,223,2,900.0
15063,6999,218,1,3500.0
15064,6999,211,4,1500.0
15065,7000,218,3,3500.0
15066,7001,221,4,5500.0
15067,7002,210,1,25000.0
15068,7002,209,3,2499.0
15069,7003,217,3,500.0
15070,7003,230,2,4800.0
15071,7003,201,2,55000.0
15072,7003,219,1,8500.0
15073,7004,216,2,1800.0
15074,7004,218,1,3500.0
15075,7004,228,3,3200.0
15076,7005,203,4,1500.0
15077,7006,221,1,5500.0
15078,7007,210,1,25000.0
15079,7007,230,4,4800.0
15080,7008,205,2,999.0
15081,7009,221,4,5500.0
15082,7009,214,4,28000.0
15083,7010,230,3,4800.0
15084,7011,227,3,1800.0
15085,7011,205,3,999.0
15086,7012,217,4,500.0
15087,7012,214,1,28000.0
15088,7012,225,2,3000.0
15089,7013,227,2,1800.0
15090,7013,205,2,999.0
15091,7013,214,3,28000.0
15092,7013,213,1,2200.0
15093,7014,223,2,900.0
15094,7014,219,1,8500.0
15095,7014,208,3,1499.0
15096,7015,211,3,1500.0
15097,7016,230,1,4800.0
15098,7016,205,4,999.0
15099,7017,220,2,7000.0
15100,7017,228,2,3200.0
15101,7017,205,4,999.0
15102,7017,215,4,18000.0
15103,7018,203,4,1500.0
15104,7018,228,1,3200.0
15105,7018,212,4,12500.0
15106,7018,225,2,3000.0
15107,7019,208,3,1499.0
15108,7020,222,3,1800.0
15109,7020,228,3,3200.0
15110,7020,203,4,1500.0
15111,7020,225,3,3000.0
15112,7021,222,2,1800.0
15113,7021,221,4,5500.0
15114,7021,206,4,1999.0
15115,7021,228,3,3200.0
15116,7022,229,2,6500.0
15117,7023,220,1,7000.0
15118,7024,212,1,12500.0
15119,7024,217,3,500.0
15120,7024,230,1,4800.0
15121,7024,201,4,55000.0
15122,7025,204,1,2500.0
15123,7025,201,2,55000.0
15124,7025,211,4,1500.0
15125,7026,226,4,900.0
15126,7027,211,4,1500.0
15127,7027,212,4,12500.0
15128,7027,221,3,5500.0
15129,7027,227,4,1800.0
15130,7028,214,3,28000.0
15131,7028,216,2,1800.0
15132,7028,209,4,2499.0
15133,7029,206,2,1999.0
15134,7029,211,4,1500.0
15135,7029,224,4,3500.0
15136,7029,212,2,12500.0
15137,7030,205,4,999.0
15138,7031,229,4,6500.0
15139,7031,230,1,4800.0
15140,7031,221,4,5500.0
15141,7031,219,4,8500.0
15142,7032,201,3,55000.0
15143,7032,203,3,1500.0
15144,7032,209,1,2499.0
15145,7033,207,1,2999.0
15146,7033,205,3,999.0
15147,7034,215,4,18000.0
15148,7035,204,4,2500.0
15149,7035,205,4,999.0
15150,7035,211,4,1500.0
15151,7035,209,4,2499.0
15152,7036,229,2,6500.0
15153,7036,217,1,500.0
15154,7037,227,1,1800.0
15155,7038,221,2,5500.0
15156,7038,229,2,6500.0
15157,7038,220,2,7000.0
15158,7038,219,4,8500.0
15159,7039,205,4,999.0
15160,7039,215,3,18000.0
15161,7039,224,4,3500.0
15162,7040,201,1,55000.0
15163,7040,216,3,1800.0
15164,7040,223,2,900.0
15165,7040,225,1,3000.0
15166,7041,216,3,1800.0
15167,7042,206,3,1999.0
15168,7042,229,1,6500.0
15169,7043,217,2,500.0
15170,7043,204,4,2500.0
15171,7044,222,4,1800.0
15172,7045,228,1,3200.0
15173,7045,221,4,5500.0
15174,7045,213,1,2200.0
15175,7045,218,2,3500.0
15176,7046,221,3,5500.0
15177,7046,207,1,2999.0
15178,7046,225,3,3000.0
15179,7046,215,2,18000.0
15180,7047,206,3,1999.0
15181,7048,203,4,1500.0
15182,7048,208,2,1499.0
15183,7048,230,2,4800.0
15184,7049,230,1,4800.0
15185,7049,213,3,2200.0
15186,7050,208,4,1499.0
15187,7050,213,1,2200.0
15188,7050,201,2,55000.0
15189,7050,219,2,8500.0
15190,7051,215,1,18000.0
15191,7051,224,1,3500.0
15192,7051,209,4,2499.0
15193,7052,216,3,1800.0
15194,7052,206,4,1999.0
15195,7052,214,3,28000.0
15196,7052,220,4,7000.0
15197,7053,201,1,55000.0
15198,7053,206,4,1999.0
15199,7053,221,4,5500.0
15200,7053,203,3,1500.0
15201,7054,207,3,2999.0
15202,7054,222,1,1800.0
15203,7054,217,4,500.0
15204,7055,217,3,500.0
15205,7055,209,4,2499.0
15206,7055,228,1,3200.0
15207,7056,212,2,12500.0
15208,7056,224,1,3500.0
15209,7056,216,3,1800.0
15210,7057,203,4,1500.0
15211,7057,222,4,1800.0
15212,7057,208,1,1499.0
15213,7057,229,2,6500.0
15214,7058,211,1,1500.0
15215,7058,223,2,900.0
15216,7058,212,4,12500.0
15217,7058,222,3,1800.0
15218,7059,207,1,2999.0
15219,7059,227,2,1800.0
15220,7059,228,3,3200.0
15221,7060,205,4,999.0
15222,7060,204,2,2500.0
15223,7061,210,2,25000.0
15224,7061,203,3,1500.0
15225,7061,228,1,3200.0
15226,7061,229,3,6500.0
15227,7062,222,2,1800.0
15228,7063,211,4,1500.0
15229,7063,225,3,3000.0
15230,7063,222,3,1800.0
15231,7063,212,2,12500.0
15232,7064,217,1,500.0
15233,7064,213,3,2200.0
15234,7064,203,3,1500.0
15235,7065,210,3,25000.0
15236,7065,202,1,800.0
15237,7066,226,1,900.0
15238,7066,227,3,1800.0
15239,7066,204,2,2500.0
15240,7067,203,4,1500.0
15241,7068,217,1,500.0
15242,7068,205,2,999.0
15243,7068,219,4,8500.0
15244,7069,215,1,18000.0
15245,7070,215,2,18000.0
15246,7070,221,1,5500.0
15247,7070,208,2,1499.0
15248,7070,213,2,2200.0
15249,7071,205,2,999.0
15250,7072,230,4,4800.0
15251,7072,205,1,999.0
15252,7072,228,3,3200.0
15253,7072,226,2,900.0
15254,7073,221,4,5500.0
15255,7073,229,2,6500.0
15256,7073,216,1,1800.0
15257,7074,221,4,5500.0
15258,7074,203,4,1500.0
15259,7075,207,4,2999.0
15260,7075,222,4,1800.0
15261,7075,229,4,6500.0
15262,7075,202,2,800.0
15263,7076,213,4,2200.0
15264,7076,228,1,3200.0
15265,7076,225,2,3000.0
15266,7076,219,2,8500.0
15267,7077,221,4,5500.0
15268,7077,223,4,900.0
15269,7078,212,2,12500.0
15270,7078,224,2,3500.0
15271,7078,222,3,1800.0
15272,7078,217,2,500.0
15273,7079,216,3,1800.0
15274,7080,225,3,3000.0
15275,7080,211,4,1500.0
15276,7081,207,1,2999.0
15277,7081,208,4,1499.0
15278,7082,208,3,1499.0
15279,7083,213,1,2200.0
15280,7083,211,1,1500.0
15281,7083,218,2,3500.0
15282,7083,220,1,7000.0
15283,7084,229,2,6500.0
15284,7084,225,4,3000.0
15285,7085,202,3,800.0
15286,7085,210,2,25000.0
15287,7086,230,3,4800.0
15288,7086,217,2,500.0
15289,7086,212,2,12500.0
15290,7087,214,4,28000.0
15291,7087,223,1,900.0
15292,7087,201,4,55000.0
15293,7087,210,4,25000.0
15294,7088,216,4,1800.0
15295,7088,220,3,7000.0
15296,7088,207,1,2999.0
15297,7088,217,2,500.0
15298,7089,225,3,3000.0
15299,7089,210,1,25000.0
15300,7090,211,2,1500.0
15301,7090,201,4,55000.0
15302,7090,216,4,1800.0
15303,7090,225,1,3000.0
15304,7091,217,2,500.0
15305,7091,224,4,3500.0
15306,7091,201,4,55000.0
15307,7092,212,3,12500.0
15308,7092,217,3,500.0
15309,7092,216,2,1800.0
15310,7092,225,3,3000.0
15311,7093,213,2,2200.0
15312,7094,216,3,1800.0
15313,7094,202,3,800.0
15314,7094,217,2,500.0
15315,7094,218,1,3500.0
15316,7095,230,4,4800.0
15317,7095,213,4,2200.0
15318,7095,219,3,8500.0
15319,7096,208,3,1499.0
15320,7097,207,1,2999.0
15321,7097,221,2,5500.0
15322,7098,221,4,5500.0
15323,7099,216,3,1800.0
15324,7099,202,1,800.0
15325,7099,228,2,3200.0
15326,7100,227,3,1800.0
15327,7100,215,4,18000.0
15328,7101,214,2,28000.0
15329,7101,201,1,55000.0
15330,7102,202,4,800.0
15331,7102,219,4,8500.0
15332,7102,228,2,3200.0
15333,7103,201,1,55000.0
15334,7103,212,1,12500.0
15335,7104,217,4,500.0
15336,7105,226,1,900.0
15337,7105,201,2,55000.0
15338,7105,219,3,8500.0
15339,7106,225,2,3000.0
15340,7106,202,2,800.0
15341,7107,219,1,8500.0
15342,7107,225,2,3000.0
15343,7107,210,3,25000.0
15344,7108,213,2,2200.0
15345,7109,210,2,25000.0
15346,7109,225,1,3000.0
15347,7110,214,1,28000.0
15348,7110,204,1,2500.0
15349,7110,222,2,1800.0
15350,7111,225,1,3000.0
15351,7111,206,1,1999.0
15352,7111,204,4,2500.0
15353,7111,211,1,1500.0
15354,7112,219,3,8500.0
15355,7112,208,4,1499.0
15356,7112,220,2,7000.0
15357,7113,210,1,25000.0
15358,7113,204,4,2500.0
15359,7114,219,1,8500.0
15360,7115,216,4,1800.0
15361,7115,209,2,2499.0
15362,7115,221,1,5500.0
15363,7115,225,4,3000.0
15364,7116,228,4,3200.0
15365,7116,227,1,1800.0
15366,7116,217,4,500.0
15367,7117,207,1,2999.0
15368,7117,201,2,55000.0
15369,7118,217,1,500.0
15370,7118,212,3,12500.0
15371,7119,208,2,1499.0
15372,7119,218,2,3500.0
15373,7119,227,3,1800.0
15374,7119,211,3,1500.0
15375,7120,213,2,2200.0
15376,7120,206,1,1999.0
15377,7120,217,3,500.0
15378,7120,216,1,1800.0
15379,7121,213,3,2200.0
15380,7121,202,1,800.0
15381,7121,207,2,2999.0
15382,7121,208,4,1499.0
15383,7122,218,4,3500.0
15384,7122,208,3,1499.0
15385,7122,226,3,900.0
15386,7122,224,2,3500.0
15387,7123,214,1,28000.0
15388,7123,209,4,2499.0
15389,7123,230,3,4800.0
15390,7123,228,2,3200.0
15391,7124,226,3,900.0
15392,7124,208,4,1499.0
15393,7125,208,3,1499.0
15394,7125,201,3,55000.0
15395,7126,218,2,3500.0
15396,7126,210,3,25000.0
15397,7126,209,2,2499.0
15398,7127,207,1,2999.0
15399,7128,211,2,1500.0
15400,7128,230,4,4800.0
15401,7128,228,4,3200.0
15402,7128,226,1,900.0
15403,7129,224,2,3500.0
15404,7129,225,1,3000.0
15405,7129,221,2,5500.0
15406,7129,202,3,800.0
15407,7130,216,3,1800.0
15408,7131,206,4,1999.0
15409,7131,230,2,4800.0
15410,7131,214,4,28000.0
15411,7132,226,2,900.0
15412,7132,209,1,2499.0
15413,7132,210,4,25000.0
15414,7132,211,1,1500.0
15415,7133,225,3,3000.0
15416,7133,213,2,2200.0
15417,7134,204,2,2500.0
15418,7135,220,3,7000.0
15419,7135,208,1,1499.0
15420,7135,210,4,25000.0
15421,7136,223,4,900.0
15422,7136,216,1,1800.0
15423,7136,214,1,28000.0
15424,7137,229,1,6500.0
15425,7137,210,1,25000.0
15426,7137,211,3,1500.0
15427,7138,205,4,999.0
15428,7138,226,4,900.0
15429,7138,223,4,900.0
15430,7139,210,2,25000.0
15431,7140,218,1,3500.0
15432,7140,212,1,12500.0
15433,7140,205,2,999.0
15434,7140,202,1,800.0
15435,7141,206,4,1999.0
15436,7141,230,4,4800.0
15437,7141,205,3,999.0
15438,7141,223,2,900.0
15439,7142,204,1,2500.0
15440,7142,219,4,8500.0
15441,7142,214,1,28000.0
15442,7143,223,4,900.0
15443,7144,223,3,900.0
15444,7144,222,1,1800.0
15445,7145,217,1,500.0
15446,7146,211,3,1500.0
15447,7146,210,3,25000.0
15448,7147,219,2,8500.0
15449,7148,227,1,1800.0
15450,7149,208,3,1499.0
15451,7149,218,3,3500.0
15452,7149,202,3,800.0
15453,7149,203,2,1500.0
15454,7150,216,4,1800.0
15455,7150,222,3,1800.0
15456,7151,201,2,55000.0
15457,7151,223,3,900.0
15458,7151,220,2,7000.0
15459,7152,201,3,55000.0
15460,7152,207,1,2999.0
15461,7152,227,2,1800.0
15462,7153,209,1,2499.0
15463,7153,226,3,900.0
15464,7153,227,1,1800.0
15465,7154,221,1,5500.0
15466,7154,225,3,3000.0
15467,7154,201,4,55000.0
15468,7154,202,1,800.0
15469,7155,208,3,1499.0
15470,7155,203,3,1500.0
15471,7155,217,2,500.0
15472,7155,210,2,25000.0
15473,7156,216,1,1800.0
15474,7156,205,3,999.0
15475,7156,219,4,8500.0
15476,7156,203,1,1500.0
15477,7157,226,3,900.0
15478,7157,204,2,2500.0
15479,7158,218,3,3500.0
15480,7158,225,4,3000.0
15481,7158,210,4,25000.0
15482,7159,220,2,7000.0
15483,7159,218,1,3500.0
15484,7159,211,3,1500.0
15485,7160,207,3,2999.0
15486,7160,229,2,6500.0
15487,7160,209,1,2499.0
15488,7160,219,1,8500.0
15489,7161,230,4,4800.0
15490,7162,228,2,3200.0
15491,7162,209,3,2499.0
15492,7162,225,3,3000.0
15493,7163,220,3,7000.0
15494,7164,218,1,3500.0
15495,7164,211,1,1500.0
15496,7165,219,1,8500.0
15497,7165,228,1,3200.0
15498,7165,210,2,25000.0
15499,7166,213,3,2200.0
15500,7166,225,3,3000.0
15501,7166,203,3,1500.0
15502,7167,225,3,3000.0
15503,7168,228,1,3200.0
15504,7169,210,2,25000.0
15505,7170,230,1,4800.0
15506,7171,214,4,28000.0
15507,7171,218,3,3500.0
15508,7171,213,1,2200.0
15509,7171,202,1,800.0
15510,7172,221,4,5500.0
15511,7172,216,1,1800.0
15512,7172,201,1,55000.0
15513,7172,210,3,25000.0
15514,7173,205,2,999.0
15515,7173,214,2,28000.0
15516,7173,210,3,25000.0
15517,7173,220,2,7000.0
15518,7174,229,1,6500.0
15519,7174,227,4,1800.0
15520,7174,202,1,800.0
15521,7175,227,4,1800.0
15522,7176,215,3,18000.0
15523,7176,220,2,7000.0
15524,7176,228,2,3200.0
15525,7177,213,2,2200.0
15526,7177,218,1,3500.0
15527,7177,214,2,28000.0
15528,7178,214,3,28000.0
15529,7178,208,1,1499.0
15530,7178,215,4,18000.0
15531,7179,201,3,55000.0
15532,7180,211,2,1500.0
15533,7180,216,1,1800.0
15534,7181,226,4,900.0
15535,7181,221,4,5500.0
15536,7181,228,3,3200.0
15537,7181,223,1,900.0
15538,7182,202,3,800.0
15539,7182,229,1,6500.0
15540,7183,221,1,5500.0
15541,7184,214,1,28000.0
15542,7185,221,2,5500.0
15543,7186,229,1,6500.0
15544,7186,213,2,2200.0
15545,7186,230,1,4800.0
15546,7187,215,2,18000.0
15547,7187,201,4,55000.0
15548,7187,228,2,3200.0
15549,7188,207,3,2999.0
15550,7188,225,4,3000.0
15551,7188,226,2,900.0
15552,7188,228,4,3200.0
15553,7189,219,2,8500.0
15554,7189,208,3,1499.0
15555,7190,218,4,3500.0
15556,7190,226,3,900.0
15557,7191,225,4,3000.0
15558,7191,212,4,12500.0
15559,7192,214,4,28000.0
15560,7193,229,3,6500.0
15561,7193,222,2,1800.0
15562,7193,201,1,55000.0
15563,7193,225,2,3000.0
15564,7194,220,3,7000.0
15565,7194,205,3,999.0
15566,7194,208,2,1499.0
15567,7195,222,2,1800.0
15568,7195,229,2,6500.0
15569,7195,216,3,1800.0
15570,7196,201,1,55000.0
15571,7196,211,4,1500.0
15572,7197,206,3,1999.0
15573,7197,220,1,7000.0
15574,7198,215,3,18000.0
15575,7198,216,1,1800.0
15576,7199,204,3,2500.0
15577,7199,207,2,2999.0
15578,7200,220,2,7000.0
15579,7200,210,4,25000.0
15580,7200,212,3,12500.0
15581,7200,211,3,1500.0
15582,7201,221,2,5500.0
15583,7201,223,4,900.0
15584,7201,222,1,1800.0
15585,7202,222,1,1800.0
15586,7202,205,3,999.0
15587,7203,220,3,7000.0
15588,7204,225,4,3000.0
15589,7204,218,4,3500.0
15590,7204,201,1,55000.0
15591,7204,204,4,2500.0
15592,7205,220,3,7000.0
15593,7206,210,3,25000.0
15594,7206,220,3,7000.0
15595,7207,225,2,3000.0
15596,7208,216,3,1800.0
15597,7208,206,1,1999.0
15598,7208,217,1,500.0
15599,7208,201,1,55000.0
15600,7209,225,2,3000.0
15601,7209,205,1,999.0
15602,7209,221,3,5500.0
15603,7210,210,4,25000.0
15604,7211,206,2,1999.0
15605,7212,229,2,6500.0
15606,7212,205,1,999.0
15607,7212,221,4,5500.0
15608,7213,218,3,3500.0
15609,7213,219,4,8500.0
15610,7214,228,4,3200.0
15611,7214,203,2,1500.0
15612,7214,204,3,2500.0
15613,7214,223,1,900.0
15614,7215,203,2,1500.0
15615,7216,223,4,900.0
15616,7216,226,2,900.0
15617,7217,211,3,1500.0
15618,7217,223,2,900.0
15619,7217,202,1,800.0
15620,7218,226,1,900.0
15621,7218,212,1,12500.0
15622,7218,219,3,8500.0
15623,7219,213,1,2200.0
15624,7220,228,2,3200.0
15625,7220,227,1,1800.0
15626,7220,205,1,999.0
15627,7220,204,4,2500.0
15628,7221,218,2,3500.0
15629,7222,212,2,12500.0
15630,7222,224,1,3500.0
15631,7222,207,2,2999.0
15632,7222,211,2,1500.0
15633,7223,219,2,8500.0
15634,7223,218,4,3500.0
15635,7223,204,4,2500.0
15636,7223,225,2,3000.0
15637,7224,213,3,2200.0
15638,7224,208,1,1499.0
15639,7225,210,1,25000.0
15640,7225,224,4,3500.0
15641,7225,202,1,800.0
15642,7226,204,1,2500.0
15643,7226,217,3,500.0
15644,7226,211,1,1500.0
15645,7227,211,1,1500.0
15646,7227,207,2,2999.0
15647,7227,217,4,500.0
15648,7227,222,1,1800.0
15649,7228,207,3,2999.0
15650,7228,230,3,4800.0
15651,7228,214,1,28000.0
15652,7229,215,4,18000.0
15653,7230,226,4,900.0
15654,7230,221,4,5500.0
15655,7230,203,3,1500.0
15656,7230,211,1,1500.0
15657,7231,225,3,3000.0
15658,7231,230,3,4800.0
15659,7231,226,2,900.0
15660,7232,230,1,4800.0
15661,7232,203,3,1500.0
15662,7233,213,4,2200.0
15663,7233,214,4,28000.0
15664,7233,227,2,1800.0
15665,7233,212,3,12500.0
15666,7234,218,4,3500.0
15667,7234,221,4,5500.0
15668,7234,201,2,55000.0
15669,7234,223,3,900.0
15670,7235,227,3,1800.0
15671,7236,206,2,1999.0
15672,7237,206,2,1999.0
15673,7237,208,4,1499.0
15674,7237,220,2,7000.0
15675,7238,230,3,4800.0
15676,7238,222,4,1800.0
15677,7238,217,2,500.0
15678,7239,225,4,3000.0
15679,7239,209,4,2499.0
15680,7239,208,3,1499.0
15681,7239,206,1,1999.0
15682,7240,206,2,1999.0
15683,7240,207,1,2999.0
15684,7240,213,1,2200.0
15685,7240,210,3,25000.0
15686,7241,207,1,2999.0
15687,7241,211,4,1500.0
15688,7241,203,1,1500.0
15689,7241,214,1,28000.0
15690,7242,210,1,25000.0
15691,7242,225,2,3000.0
15692,7242,213,1,2200.0
15693,7242,215,3,18000.0
15694,7243,203,4,1500.0
15695,7243,227,4,1800.0
15696,7243,223,2,900.0
15697,7243,201,1,55000.0
15698,7244,222,3,1800.0
15699,7244,221,1,5500.0
15700,7244,225,4,3000.0
15701,7245,213,2,2200.0
15702,7245,230,4,4800.0
15703,7245,202,4,800.0
15704,7246,213,4,2200.0
15705,7246,206,3,1999.0
15706,7246,209,2,2499.0
15707,7247,210,2,25000.0
15708,7248,220,2,7000.0
15709,7249,211,3,1500.0
15710,7250,201,2,55000.0
15711,7250,217,1,500.0
15712,7251,221,2,5500.0
15713,7251,204,4,2500.0
15714,7252,221,2,5500.0
15715,7252,230,3,4800.0
15716,7253,218,3,3500.0
15717,7253,230,1,4800.0
15718,7253,229,3,6500.0
15719,7254,215,1,18000.0
15720,7254,202,3,800.0
15721,7254,201,3,55000.0
15722,7255,204,3,2500.0
15723,7256,205,3,999.0
15724,7256,202,2,800.0
15725,7257,227,4,1800.0
15726,7257,220,4,7000.0
15727,7257,217,2,500.0
15728,7258,215,3,18000.0
15729,7259,229,3,6500.0
15730,7259,214,2,28000.0
15731,7259,205,2,999.0
15732,7259,207,1,2999.0
15733,7260,212,2,12500.0
15734,7260,227,3,1800.0
15735,7260,224,2,3500.0
15736,7261,210,4,25000.0
15737,7261,229,1,6500.0
15738,7261,207,3,2999.0
15739,7262,230,3,4800.0
15740,7262,228,3,3200.0
15741,7263,208,1,1499.0
15742,7263,213,2,2200.0
15743,7263,210,4,25000.0
15744,7263,203,3,1500.0
15745,7264,228,1,3200.0
15746,7264,225,3,3000.0
15747,7265,202,1,800.0
15748,7265,225,3,3000.0
15749,7266,222,3,1800.0
15750,7266,217,4,500.0
15751,7267,205,3,999.0
15752,7267,210,1,25000.0
15753,7267,226,1,900.0
15754,7267,228,1,3200.0
15755,7268,223,4,900.0
15756,7269,212,1,12500.0
15757,7269,214,2,28000.0
15758,7269,207,2,2999.0
15759,7269,226,3,900.0
15760,7270,212,1,12500.0
15761,7270,216,2,1800.0
15762,7270,210,1,25000.0
15763,7270,201,1,55000.0
15764,7271,228,1,3200.0
15765,7271,211,4,1500.0
15766,7271,204,2,2500.0
15767,7272,213,2,2200.0
15768,7272,206,1,1999.0
15769,7272,227,4,1800.0
15770,7273,224,4,3500.0
15771,7274,214,4,28000.0
15772,7274,205,1,999.0
15773,7274,208,4,1499.0
15774,7275,213,1,2200.0
15775,7275,223,4,900.0
15776,7275,217,3,500.0
15777,7275,215,1,18000.0
15778,7276,216,2,1800.0
15779,7276,225,4,3000.0
15780,7276,206,2,1999.0
15781,7277,213,3,2200.0
15782,7277,228,3,3200.0
15783,7277,223,3,900.0
15784,7277,216,3,1800.0
15785,7278,225,2,3000.0
15786,7278,230,4,4800.0
15787,7278,211,3,1500.0
15788,7278,227,1,1800.0
15789,7279,204,3,2500.0
15790,7279,203,2,1500.0
15791,7279,226,4,900.0
15792,7280,225,1,3000.0
15793,7280,201,3,55000.0
15794,7280,229,4,6500.0
15795,7280,215,3,18000.0
15796,7281,216,1,1800.0
15797,7281,223,2,900.0
15798,7281,219,3,8500.0
15799,7282,206,1,1999.0
15800,7282,211,2,1500.0
15801,7282,208,1,1499.0
15802,7282,215,1,18000.0
15803,7283,210,1,25000.0
15804,7283,220,4,7000.0
15805,7283,202,2,800.0
15806,7284,225,4,3000.0
15807,7285,223,2,900.0
15808,7286,230,2,4800.0
15809,7286,203,2,1500.0
15810,7286,204,4,2500.0
15811,7287,230,1,4800.0
15812,7287,211,1,1500.0
15813,7288,213,4,2200.0
15814,7288,223,2,900.0
15815,7288,217,3,500.0
15816,7289,201,4,55000.0
15817,7289,211,1,1500.0
15818,7289,222,2,1800.0
15819,7289,213,3,2200.0
15820,7290,211,4,1500.0
15821,7291,209,2,2499.0
15822,7291,218,1,3500.0
15823,7292,223,2,900.0
15824,7292,228,4,3200.0
15825,7292,216,4,1800.0
15826,7293,219,2,8500.0
15827,7293,222,3,1800.0
15828,7293,205,1,999.0
15829,7294,216,1,1800.0
15830,7294,227,4,1800.0
15831,7294,229,3,6500.0
15832,7295,218,2,3500.0
15833,7296,214,3,28000.0
15834,7296,209,3,2499.0
15835,7296,223,1,900.0
15836,7297,221,1,5500.0
15837,7297,208,2,1499.0
15838,7298,215,3,18000.0
15839,7298,211,2,1500.0
15840,7299,208,1,1499.0
15841,7299,212,4,12500.0
15842,7299,207,4,2999.0
15843,7300,227,4,1800.0
15844,7300,219,1,8500.0
15845,7300,213,1,2200.0
15846,7301,206,1,1999.0
15847,7301,209,2,2499.0
15848,7302,225,3,3000.0
15849,7302,203,2,1500.0
15850,7302,223,2,900.0
15851,7302,210,1,25000.0
15852,7303,206,1,1999.0
15853,7303,212,3,12500.0
15854,7303,221,2,5500.0
15855,7303,225,2,3000.0
15856,7304,221,2,5500.0
15857,7305,206,1,1999.0
15858,7305,210,1,25000.0
15859,7305,208,4,1499.0
15860,7305,211,3,1500.0
15861,7306,212,3,12500.0
15862,7306,221,3,5500.0
15863,7306,219,3,8500.0
15864,7306,223,2,900.0
15865,7307,219,4,8500.0
15866,7307,222,1,1800.0
15867,7307,203,2,1500.0
15868,7308,224,4,3500.0
15869,7308,207,4,2999.0
15870,7309,205,4,999.0
15871,7309,221,1,5500.0
15872,7309,212,1,12500.0
15873,7310,210,2,25000.0
15874,7310,204,1,2500.0
15875,7311,210,2,25000.0
15876,7311,219,4,8500.0
15877,7311,230,2,4800.0
15878,7312,205,1,999.0
15879,7312,218,1,3500.0
15880,7312,230,2,4800.0
15881,7313,206,3,1999.0
15882,7313,201,2,55000.0
15883,7313,203,3,1500.0
15884,7314,205,2,999.0
15885,7314,228,1,3200.0
15886,7314,201,2,55000.0
15887,7314,212,1,12500.0
15888,7315,215,3,18000.0
15889,7315,225,4,3000.0
15890,7315,202,1,800.0
15891,7316,211,3,1500.0
15892,7316,204,3,2500.0
15893,7316,202,4,800.0
15894,7316,230,4,4800.0
15895,7317,202,1,800.0
15896,7317,224,1,3500.0
15897,7317,212,2,12500.0
15898,7317,205,1,999.0
15899,7318,213,3,2200.0
15900,7318,201,1,55000.0
15901,7318,224,1,3500.0
15902,7319,222,3,1800.0
15903,7319,221,2,5500.0
15904,7320,206,3,1999.0
15905,7321,205,4,999.0
15906,7321,213,1,2200.0
15907,7322,208,4,1499.0
15908,7323,220,1,7000.0
15909,7324,205,4,999.0
15910,7325,216,1,1800.0
15911,7326,210,4,25000.0
15912,7326,229,4,6500.0
15913,7326,201,1,55000.0
15914,7326,225,2,3000.0
15915,7327,207,2,2999.0
15916,7328,227,3,1800.0
15917,7328,218,4,3500.0
15918,7328,230,2,4800.0
15919,7328,222,4,1800.0
15920,7329,204,3,2500.0
15921,7329,210,4,25000.0
15922,7330,209,1,2499.0
15923,7331,211,3,1500.0
15924,7331,221,4,5500.0
15925,7332,229,1,6500.0
15926,7332,203,1,1500.0
15927,7333,216,2,1800.0
15928,7333,215,3,18000.0
15929,7333,211,3,1500.0
15930,7333,223,2,900.0
15931,7334,214,2,28000.0
15932,7334,216,3,1800.0
15933,7335,213,3,2200.0
15934,7335,230,1,4800.0
15935,7335,214,3,28000.0
15936,7335,208,4,1499.0
15937,7336,202,1,800.0
15938,7336,209,2,2499.0
15939,7336,230,2,4800.0
15940,7337,211,1,1500.0
15941,7337,214,2,28000.0
15942,7337,216,1,1800.0
15943,7337,206,1,1999.0
15944,7338,209,3,2499.0
15945,7338,210,3,25000.0
15946,7338,214,2,28000.0
15947,7339,228,2,3200.0
15948,7339,227,2,1800.0
15949,7339,226,3,900.0
15950,7340,203,3,1500.0
15951,7341,228,3,3200.0
15952,7342,221,4,5500.0
15953,7343,216,1,1800.0
15954,7343,217,2,500.0
15955,7343,207,2,2999.0
15956,7343,228,1,3200.0
15957,7344,221,1,5500.0
15958,7344,226,4,900.0
15959,7344,209,2,2499.0
15960,7345,219,3,8500.0
15961,7345,201,3,55000.0
15962,7346,219,4,8500.0
15963,7347,229,1,6500.0
15964,7347,205,4,999.0
15965,7348,218,3,3500.0
15966,7348,205,1,999.0
15967,7349,222,1,1800.0
15968,7349,205,2,999.0
15969,7350,214,4,28000.0
15970,7350,218,4,3500.0
15971,7350,210,3,25000.0
15972,7351,228,3,3200.0
15973,7352,208,1,1499.0
15974,7352,229,4,6500.0
15975,7353,210,3,25000.0
15976,7353,224,2,3500.0
15977,7353,217,2,500.0
15978,7354,222,4,1800.0
15979,7354,209,1,2499.0
15980,7354,214,3,28000.0
15981,7354,229,4,6500.0
15982,7355,227,4,1800.0
15983,7355,220,2,7000.0
15984,7355,204,1,2500.0
15985,7356,227,1,1800.0
15986,7357,205,4,999.0
15987,7357,203,2,1500.0
15988,7357,221,2,5500.0
15989,7358,226,1,900.0
15990,7358,221,2,5500.0
15991,7358,214,2,28000.0
15992,7358,219,2,8500.0
15993,7359,221,1,5500.0
15994,7359,213,1,2200.0
15995,7360,229,4,6500.0
15996,7361,223,3,900.0
15997,7362,213,4,2200.0
15998,7362,221,2,5500.0
15999,7362,211,3,1500.0
16000,7363,206,4,1999.0
16001,7364,216,4,1800.0
16002,7364,214,2,28000.0
16003,7365,207,1,2999.0
16004,7365,230,3,4800.0
16005,7365,213,1,2200.0
16006,7366,214,3,28000.0
16007,7366,223,3,900.0
16008,7366,230,2,4800.0
16009,7366,219,2,8500.0
16010,7367,223,2,900.0
16011,7368,217,3,500.0
16012,7369,217,2,500.0
16013,7370,226,2,900.0
16014,7370,209,2,2499.0
16015,7371,227,2,1800.0
16016,7371,203,3,1500.0
16017,7371,207,3,2999.0
16018,7371,216,1,1800.0
16019,7372,209,1,2499.0
16020,7372,201,4,55000.0
16021,7372,219,1,8500.0
16022,7373,228,2,3200.0
16023,7373,226,1,900.0
16024,7373,217,1,500.0
16025,7373,213,2,2200.0
16026,7374,213,1,2200.0
16027,7374,207,2,2999.0
16028,7375,215,4,18000.0
16029,7375,209,1,2499.0
16030,7375,221,3,5500.0
16031,7375,229,4,6500.0
16032,7376,225,1,3000.0
16033,7376,224,3,3500.0
16034,7376,203,3,1500.0
16035,7377,203,2,1500.0
16036,7377,213,4,2200.0
16037,7377,221,4,5500.0
16038,7378,217,1,500.0
16039,7378,214,3,28000.0
16040,7378,204,2,2500.0
16041,7379,217,1,500.0
16042,7379,208,3,1499.0
16043,7380,220,1,7000.0
16044,7380,219,1,8500.0
16045,7381,228,1,3200.0
16046,7381,215,2,18000.0
16047,7381,205,1,999.0
16048,7382,223,3,900.0
16049,7382,213,1,2200.0
16050,7382,227,2,1800.0
16051,7383,202,1,800.0
16052,7383,216,3,1800.0
16053,7383,225,2,3000.0
16054,7384,227,1,1800.0
16055,7385,213,3,2200.0
16056,7385,220,1,7000.0
16057,7386,213,2,2200.0
16058,7386,207,1,2999.0
16059,7386,229,1,6500.0
16060,7386,203,3,1500.0
16061,7387,222,3,1800.0
16062,7387,206,1,1999.0
16063,7387,228,3,3200.0
16064,7388,215,2,18000.0
16065,7389,212,4,12500.0
16066,7389,218,2,3500.0
16067,7389,226,4,900.0
16068,7389,215,1,18000.0
16069,7390,211,3,1500.0
16070,7390,213,2,2200.0
16071,7390,223,4,900.0
16072,7390,230,3,4800.0
16073,7391,221,4,5500.0
16074,7391,215,3,18000.0
16075,7391,202,3,800.0
16076,7392,208,4,1499.0
16077,7392,224,3,3500.0
16078,7392,225,4,3000.0
16079,7392,215,1,18000.0
16080,7393,202,2,800.0
16081,7394,215,4,18000.0
16082,7394,206,3,1999.0
16083,7394,223,4,900.0
16084,7395,213,1,2200.0
16085,7395,216,3,1800.0
16086,7396,215,4,18000.0
16087,7396,219,1,8500.0
16088,7397,204,4,2500.0
16089,7398,223,2,900.0
16090,7398,226,4,900.0
16091,7399,224,3,3500.0
16092,7399,210,2,25000.0
16093,7399,201,4,55000.0
16094,7400,228,3,3200.0
16095,7400,220,2,7000.0
16096,7400,216,1,1800.0
16097,7400,201,4,55000.0
16098,7401,211,3,1500.0
16099,7401,216,2,1800.0
16100,7401,210,3,25000.0
16101,7402,220,1,7000.0
16102,7402,226,1,900.0
16103,7402,210,1,25000.0
16104,7402,201,4,55000.0
16105,7403,212,2,12500.0
16106,7403,205,4,999.0
16107,7403,207,2,2999.0
16108,7403,225,3,3000.0
16109,7404,225,1,3000.0
16110,7404,223,4,900.0
16111,7404,226,4,900.0
16112,7405,226,4,900.0
16113,7405,221,1,5500.0
16114,7405,214,2,28000.0
16115,7406,230,2,4800.0
16116,7406,213,4,2200.0
16117,7407,213,4,2200.0
16118,7407,214,3,28000.0
16119,7407,230,2,4800.0
16120,7407,209,1,2499.0
16121,7408,207,4,2999.0
16122,7408,205,1,999.0
16123,7408,223,3,900.0
16124,7409,217,2,500.0
16125,7409,218,3,3500.0
16126,7410,206,3,1999.0
16127,7411,213,3,2200.0
16128,7411,226,3,900.0
16129,7412,207,3,2999.0
16130,7413,227,3,1800.0
16131,7413,230,2,4800.0
16132,7414,211,4,1500.0
16133,7414,228,1,3200.0
16134,7414,205,4,999.0
16135,7415,217,2,500.0
16136,7415,220,3,7000.0
16137,7415,230,4,4800.0
16138,7415,218,1,3500.0
16139,7416,214,4,28000.0
16140,7417,225,4,3000.0
16141,7417,221,4,5500.0
16142,7417,218,4,3500.0
16143,7417,230,2,4800.0
16144,7418,211,1,1500.0
16145,7418,209,3,2499.0
16146,7419,211,2,1500.0
16147,7420,207,1,2999.0
16148,7420,210,4,25000.0
16149,7420,208,3,1499.0
16150,7421,215,2,18000.0
16151,7421,208,4,1499.0
16152,7421,204,4,2500.0
16153,7421,228,2,3200.0
16154,7422,204,3,2500.0
16155,7422,218,2,3500.0
16156,7423,205,2,999.0
16157,7423,204,1,2500.0
16158,7423,228,2,3200.0
16159,7423,211,3,1500.0
16160,7424,220,4,7000.0
16161,7424,217,2,500.0
16162,7425,208,2,1499.0
16163,7425,228,2,3200.0
16164,7426,217,1,500.0
16165,7426,214,4,28000.0
16166,7427,222,1,1800.0
16167,7428,211,3,1500.0
16168,7428,227,1,1800.0
16169,7428,221,1,5500.0
16170,7428,207,3,2999.0
16171,7429,212,2,12500.0
16172,7429,230,3,4800.0
16173,7429,217,4,500.0
16174,7429,206,2,1999.0
16175,7430,219,1,8500.0
16176,7431,213,4,2200.0
16177,7431,215,3,18000.0
16178,7431,228,2,3200.0
16179,7432,212,3,12500.0
16180,7432,227,2,1800.0
16181,7432,217,4,500.0
16182,7432,216,4,1800.0
16183,7433,227,2,1800.0
16184,7433,212,3,12500.0
16185,7433,214,4,28000.0
16186,7433,205,4,999.0
16187,7434,205,2,999.0
16188,7434,230,2,4800.0
16189,7434,210,2,25000.0
16190,7435,218,3,3500.0
16191,7435,207,3,2999.0
16192,7436,206,2,1999.0
16193,7436,213,4,2200.0
16194,7436,227,2,1800.0
16195,7437,213,3,2200.0
16196,7437,214,1,28000.0
16197,7437,212,1,12500.0
16198,7437,228,3,3200.0
16199,7438,225,1,3000.0
16200,7438,221,4,5500.0
16201,7438,218,3,3500.0
16202,7438,210,1,25000.0
16203,7439,224,2,3500.0
16204,7439,229,2,6500.0
16205,7439,227,3,1800.0
16206,7440,224,3,3500.0
16207,7441,219,3,8500.0
16208,7441,208,4,1499.0
16209,7441,223,3,900.0
16210,7441,211,3,1500.0
16211,7442,220,4,7000.0
16212,7442,203,3,1500.0
16213,7442,230,4,4800.0
16214,7442,227,3,1800.0
16215,7443,217,2,500.0
16216,7443,205,3,999.0
16217,7444,216,2,1800.0
16218,7444,221,2,5500.0
16219,7445,207,2,2999.0
16220,7445,211,2,1500.0
16221,7446,209,3,2499.0
16222,7446,204,1,2500.0
16223,7446,223,4,900.0
16224,7447,208,4,1499.0
16225,7447,220,2,7000.0
16226,7447,207,2,2999.0
16227,7448,222,3,1800.0
16228,7449,218,4,3500.0
16229,7450,203,2,1500.0
16230,7450,222,2,1800.0
16231,7450,220,2,7000.0
16232,7451,219,2,8500.0
16233,7451,229,4,6500.0
16234,7452,224,2,3500.0
16235,7452,203,3,1500.0
16236,7452,213,2,2200.0
16237,7452,212,2,12500.0
16238,7453,222,2,1800.0
16239,7453,213,2,2200.0
16240,7453,218,3,3500.0
16241,7454,207,4,2999.0
16242,7455,211,3,1500.0
16243,7455,219,2,8500.0
16244,7455,220,3,7000.0
16245,7455,224,4,3500.0
16246,7456,227,3,1800.0
16247,7456,205,4,999.0
16248,7457,205,1,999.0
16249,7457,230,1,4800.0
16250,7457,224,4,3500.0
16251,7457,221,3,5500.0
16252,7458,217,2,500.0
16253,7459,223,1,900.0
16254,7459,202,1,800.0
16255,7459,208,1,1499.0
16256,7459,218,3,3500.0
16257,7460,204,3,2500.0
16258,7461,213,1,2200.0
16259,7461,201,3,55000.0
16260,7462,228,3,3200.0
16261,7463,204,3,2500.0
16262,7463,209,4,2499.0
16263,7463,205,2,999.0
16264,7463,213,2,2200.0
16265,7464,212,3,12500.0
16266,7464,223,4,900.0
16267,7464,220,3,7000.0
16268,7464,208,4,1499.0
16269,7465,214,3,28000.0
16270,7465,206,1,1999.0
16271,7465,223,4,900.0
16272,7466,207,1,2999.0
16273,7466,222,2,1800.0
16274,7466,224,2,3500.0
16275,7466,204,3,2500.0
16276,7467,204,4,2500.0
16277,7467,212,4,12500.0
16278,7467,202,2,800.0
16279,7467,223,3,900.0
16280,7468,219,1,8500.0
16281,7468,216,1,1800.0
16282,7468,225,1,3000.0
16283,7469,224,1,3500.0
16284,7470,206,4,1999.0
16285,7470,201,1,55000.0
16286,7471,226,3,900.0
16287,7471,219,1,8500.0
16288,7471,217,2,500.0
16289,7472,210,2,25000.0
16290,7472,217,3,500.0
16291,7472,209,2,2499.0
16292,7472,225,1,3000.0
16293,7473,224,1,3500.0
16294,7473,209,4,2499.0
16295,7473,214,1,28000.0
16296,7473,226,3,900.0
16297,7474,210,4,25000.0
16298,7474,216,1,1800.0
16299,7475,227,4,1800.0
16300,7475,206,3,1999.0
16301,7475,229,3,6500.0
16302,7476,225,4,3000.0
16303,7476,206,4,1999.0
16304,7476,202,3,800.0
16305,7476,220,1,7000.0
16306,7477,216,4,1800.0
16307,7478,227,3,1800.0
16308,7478,219,1,8500.0
16309,7478,224,1,3500.0
16310,7478,223,4,900.0
16311,7479,222,4,1800.0
16312,7479,224,2,3500.0
16313,7479,206,2,1999.0
16314,7479,208,3,1499.0
16315,7480,203,1,1500.0
16316,7481,213,4,2200.0
16317,7481,222,3,1800.0
16318,7481,220,3,7000.0
16319,7482,220,4,7000.0
16320,7482,215,4,18000.0
16321,7482,203,4,1500.0
16322,7483,226,3,900.0
16323,7483,214,3,28000.0
16324,7483,225,3,3000.0
16325,7483,228,4,3200.0
16326,7484,203,3,1500.0
16327,7484,207,1,2999.0
16328,7484,223,1,900.0
16329,7484,220,1,7000.0
16330,7485,210,2,25000.0
16331,7485,215,3,18000.0
16332,7485,214,2,28000.0
16333,7485,217,3,500.0
16334,7486,212,1,12500.0
16335,7486,223,1,900.0
16336,7486,228,2,3200.0
16337,7487,210,1,25000.0
16338,7487,227,1,1800.0
16339,7488,216,4,1800.0
16340,7488,226,4,900.0
16341,7489,206,3,1999.0
16342,7489,227,4,1800.0
16343,7489,203,2,1500.0
16344,7490,229,4,6500.0
16345,7490,214,3,28000.0
16346,7490,201,2,55000.0
16347,7491,212,4,12500.0
16348,7492,220,4,7000.0
16349,7492,217,2,500.0
16350,7492,212,4,12500.0
16351,7493,220,4,7000.0
16352,7493,213,1,2200.0
16353,7494,214,3,28000.0
16354,7494,227,4,1800.0
16355,7494,202,3,800.0
16356,7494,201,2,55000.0
16357,7495,208,4,1499.0
16358,7496,202,1,800.0
16359,7497,226,3,900.0
16360,7497,229,1,6500.0
16361,7497,208,3,1499.0
16362,7498,215,2,18000.0
16363,7498,212,3,12500.0
16364,7498,226,4,900.0
16365,7498,223,4,900.0
16366,7499,229,4,6500.0
16367,7499,209,4,2499.0
16368,7500,203,4,1500.0
16369,7500,220,4,7000.0
16370,7500,209,2,2499.0
16371,7500,217,2,500.0
16372,7501,228,4,3200.0
16373,7501,221,4,5500.0
16374,7501,216,4,1800.0
16375,7501,227,3,1800.0
16376,7502,206,4,1999.0
16377,7503,214,2,28000.0
16378,7503,228,4,3200.0
16379,7504,211,3,1500.0
16380,7504,204,1,2500.0
16381,7504,207,2,2999.0
16382,7505,226,1,900.0
16383,7505,218,2,3500.0
16384,7505,212,3,12500.0
16385,7505,203,1,1500.0
16386,7506,225,1,3000.0
16387,7506,211,4,1500.0
16388,7507,228,3,3200.0
16389,7508,204,4,2500.0
16390,7509,221,2,5500.0
16391,7509,202,4,800.0
16392,7509,206,2,1999.0
16393,7510,226,4,900.0
16394,7511,229,4,6500.0
16395,7511,210,3,25000.0
16396,7511,209,3,2499.0
16397,7512,206,1,1999.0
16398,7512,226,4,900.0
16399,7513,206,2,1999.0
16400,7513,213,1,2200.0
16401,7514,210,3,25000.0
16402,7514,203,4,1500.0
16403,7514,225,3,3000.0
16404,7515,223,1,900.0
16405,7515,227,4,1800.0
16406,7516,225,4,3000.0
16407,7516,229,2,6500.0
16408,7517,210,3,25000.0
16409,7517,227,4,1800.0
16410,7517,206,2,1999.0
16411,7518,216,1,1800.0
16412,7518,223,1,900.0
16413,7519,207,1,2999.0
16414,7519,222,2,1800.0
16415,7519,228,3,3200.0
16416,7519,229,1,6500.0
16417,7520,223,1,900.0
16418,7521,206,1,1999.0
16419,7521,210,2,25000.0
16420,7521,207,3,2999.0
16421,7521,215,3,18000.0
16422,7522,201,1,55000.0
16423,7523,213,1,2200.0
16424,7523,221,2,5500.0
16425,7523,224,3,3500.0
16426,7524,210,3,25000.0
16427,7524,223,2,900.0
16428,7525,215,1,18000.0
16429,7526,221,2,5500.0
16430,7527,213,1,2200.0
16431,7527,205,2,999.0
16432,7527,203,3,1500.0
16433,7528,211,4,1500.0
16434,7528,205,4,999.0
16435,7528,226,3,900.0
16436,7528,208,4,1499.0
16437,7529,221,1,5500.0
16438,7530,216,4,1800.0
16439,7530,211,3,1500.0
16440,7530,224,2,3500.0
16441,7530,204,1,2500.0
16442,7531,217,2,500.0
16443,7531,224,4,3500.0
16444,7531,202,2,800.0
16445,7531,228,1,3200.0
16446,7532,212,2,12500.0
16447,7532,225,3,3000.0
16448,7533,202,2,800.0
16449,7534,202,1,800.0
16450,7534,227,1,1800.0
16451,7534,221,4,5500.0
16452,7535,204,2,2500.0
16453,7535,229,2,6500.0
16454,7536,221,4,5500.0
16455,7537,205,1,999.0
16456,7538,219,2,8500.0
16457,7538,204,1,2500.0
16458,7538,228,3,3200.0
16459,7538,223,4,900.0
16460,7539,229,1,6500.0
16461,7540,207,4,2999.0
16462,7541,204,4,2500.0
16463,7541,211,3,1500.0
16464,7541,202,4,800.0
16465,7541,210,3,25000.0
16466,7542,213,3,2200.0
16467,7542,207,1,2999.0
16468,7542,220,1,7000.0
16469,7542,230,1,4800.0
16470,7543,220,4,7000.0
16471,7543,224,2,3500.0
16472,7543,212,4,12500.0
16473,7543,216,2,1800.0
16474,7544,225,4,3000.0
16475,7544,222,2,1800.0
16476,7545,225,3,3000.0
16477,7545,230,4,4800.0
16478,7545,217,2,500.0
16479,7546,211,3,1500.0
16480,7546,230,3,4800.0
16481,7546,205,4,999.0
16482,7547,204,3,2500.0
16483,7548,217,3,500.0
16484,7549,218,1,3500.0
16485,7549,211,4,1500.0
16486,7549,222,4,1800.0
16487,7550,205,3,999.0
16488,7551,209,3,2499.0
16489,7552,217,2,500.0
16490,7552,216,4,1800.0
16491,7552,208,3,1499.0
16492,7552,220,3,7000.0
16493,7553,228,1,3200.0
16494,7553,218,2,3500.0
16495,7554,208,3,1499.0
16496,7554,206,2,1999.0
16497,7554,227,2,1800.0
16498,7554,211,2,1500.0
16499,7555,211,1,1500.0
16500,7555,227,4,1800.0
16501,7556,226,2,900.0
16502,7556,206,1,1999.0
16503,7557,212,1,12500.0
16504,7557,224,1,3500.0
16505,7557,227,3,1800.0
16506,7557,230,3,4800.0
16507,7558,218,2,3500.0
16508,7558,228,3,3200.0
16509,7558,221,1,5500.0
16510,7558,215,3,18000.0
16511,7559,204,2,2500.0
16512,7559,208,2,1499.0
16513,7559,201,3,55000.0
16514,7560,209,1,2499.0
16515,7561,227,3,1800.0
16516,7561,208,3,1499.0
16517,7562,228,1,3200.0
16518,7562,222,2,1800.0
16519,7563,210,1,25000.0
16520,7564,223,3,900.0
16521,7564,210,1,25000.0
16522,7564,230,2,4800.0
16523,7564,214,4,28000.0
16524,7565,221,2,5500.0
16525,7566,213,3,2200.0
16526,7567,217,3,500.0
16527,7567,204,3,2500.0
16528,7567,208,1,1499.0
16529,7567,214,4,28000.0
16530,7568,218,3,3500.0
16531,7568,220,4,7000.0
16532,7568,202,3,800.0
16533,7569,202,4,800.0
16534,7569,217,1,500.0
16535,7570,204,1,2500.0
16536,7571,206,3,1999.0
16537,7571,218,3,3500.0
16538,7571,228,1,3200.0
16539,7572,202,2,800.0
16540,7572,230,3,4800.0
16541,7573,224,4,3500.0
16542,7573,222,4,1800.0
16543,7573,205,2,999.0
16544,7574,228,3,3200.0
16545,7574,208,2,1499.0
16546,7574,230,2,4800.0
16547,7574,215,4,18000.0
16548,7575,223,1,900.0
16549,7575,220,3,7000.0
16550,7576,224,3,3500.0
16551,7576,220,2,7000.0
16552,7576,212,2,12500.0
16553,7576,226,2,900.0
16554,7577,228,3,3200.0
16555,7577,203,4,1500.0
16556,7577,207,2,2999.0
16557,7577,205,2,999.0
16558,7578,218,4,3500.0
16559,7578,202,1,800.0
16560,7578,211,4,1500.0
16561,7578,221,2,5500.0
16562,7579,221,2,5500.0
16563,7580,227,4,1800.0
16564,7580,223,3,900.0
16565,7580,212,3,12500.0
16566,7580,214,2,28000.0
16567,7581,205,1,999.0
16568,7582,201,4,55000.0
16569,7582,223,3,900.0
16570,7582,210,2,25000.0
16571,7583,214,2,28000.0
16572,7584,226,4,900.0
16573,7584,207,2,2999.0
16574,7584,224,1,3500.0
16575,7585,228,3,3200.0
16576,7585,216,1,1800.0
16577,7586,210,2,25000.0
16578,7586,205,2,999.0
16579,7587,215,1,18000.0
16580,7587,221,3,5500.0
16581,7588,201,3,55000.0
16582,7588,227,2,1800.0
16583,7588,212,1,12500.0
16584,7588,219,3,8500.0
16585,7589,207,3,2999.0
16586,7589,203,2,1500.0
16587,7590,224,2,3500.0
16588,7590,228,4,3200.0
16589,7590,217,4,500.0
16590,7590,208,1,1499.0
16591,7591,214,2,28000.0
16592,7591,223,3,900.0
16593,7591,224,2,3500.0
16594,7591,220,4,7000.0
16595,7592,228,1,3200.0
16596,7592,203,2,1500.0
16597,7592,207,4,2999.0
16598,7593,225,2,3000.0
16599,7593,207,2,2999.0
16600,7593,223,4,900.0
16601,7593,217,4,500.0
16602,7594,214,3,28000.0
16603,7594,212,4,12500.0
16604,7594,226,4,900.0
16605,7595,218,1,3500.0
16606,7596,227,1,1800.0
16607,7597,226,4,900.0
16608,7597,201,1,55000.0
16609,7597,213,4,2200.0
16610,7598,226,1,900.0
16611,7598,203,1,1500.0
16612,7598,207,2,2999.0
16613,7599,216,2,1800.0
16614,7599,205,1,999.0
16615,7599,227,1,1800.0
16616,7600,210,3,25000.0
16617,7600,212,3,12500.0
16618,7601,210,4,25000.0
16619,7601,208,2,1499.0
16620,7601,206,4,1999.0
16621,7601,221,1,5500.0
16622,7602,215,1,18000.0
16623,7602,219,2,8500.0
16624,7603,221,3,5500.0
16625,7603,217,4,500.0
16626,7603,202,4,800.0
16627,7603,201,4,55000.0
16628,7604,205,3,999.0
16629,7604,204,4,2500.0
16630,7605,203,3,1500.0
16631,7606,212,3,12500.0
16632,7606,206,1,1999.0
16633,7606,217,4,500.0
16634,7607,204,1,2500.0
16635,7607,226,3,900.0
16636,7607,206,1,1999.0
16637,7607,216,3,1800.0
16638,7608,212,2,12500.0
16639,7608,210,1,25000.0
16640,7608,208,4,1499.0
16641,7609,204,3,2500.0
16642,7610,209,4,2499.0
16643,7610,219,4,8500.0
16644,7610,210,3,25000.0
16645,7611,229,3,6500.0
16646,7611,207,2,2999.0
16647,7612,224,4,3500.0
16648,7612,211,3,1500.0
16649,7613,218,3,3500.0
16650,7614,223,2,900.0
16651,7614,205,4,999.0
16652,7615,203,1,1500.0
16653,7616,228,4,3200.0
16654,7616,227,1,1800.0
16655,7616,224,2,3500.0
16656,7616,214,2,28000.0
16657,7617,207,2,2999.0
16658,7617,201,1,55000.0
16659,7617,216,1,1800.0
16660,7617,223,1,900.0
16661,7618,221,3,5500.0
16662,7618,213,1,2200.0
16663,7618,217,1,500.0
16664,7619,224,2,3500.0
16665,7619,215,3,18000.0
16666,7619,201,1,55000.0
16667,7619,227,2,1800.0
16668,7620,227,3,1800.0
16669,7620,209,1,2499.0
16670,7620,224,3,3500.0
16671,7621,228,2,3200.0
16672,7622,204,2,2500.0
16673,7622,228,2,3200.0
16674,7622,212,1,12500.0
16675,7623,202,3,800.0
16676,7624,226,3,900.0
16677,7624,221,3,5500.0
16678,7624,213,3,2200.0
16679,7624,227,1,1800.0
16680,7625,208,3,1499.0
16681,7625,220,2,7000.0
16682,7625,202,1,800.0
16683,7626,227,3,1800.0
16684,7626,213,1,2200.0
16685,7626,215,2,18000.0
16686,7626,222,3,1800.0
16687,7627,207,4,2999.0
16688,7627,227,1,1800.0
16689,7628,202,4,800.0
16690,7628,221,1,5500.0
16691,7628,220,4,7000.0
16692,7629,219,4,8500.0
16693,7630,214,1,28000.0
16694,7631,210,3,25000.0
16695,7631,219,4,8500.0
16696,7631,217,2,500.0
16697,7631,206,1,1999.0
16698,7632,223,4,900.0
16699,7633,214,3,28000.0
16700,7634,222,2,1800.0
16701,7634,230,1,4800.0
16702,7635,210,2,25000.0
16703,7635,213,3,2200.0
16704,7636,206,2,1999.0
16705,7637,214,4,28000.0
16706,7637,211,2,1500.0
16707,7638,219,4,8500.0
16708,7638,201,3,55000.0
16709,7639,221,2,5500.0
16710,7639,227,1,1800.0
16711,7639,211,1,1500.0
16712,7640,201,3,55000.0
16713,7640,210,3,25000.0
16714,7640,230,2,4800.0
16715,7641,213,4,2200.0
16716,7641,205,2,999.0
16717,7641,228,3,3200.0
16718,7641,227,3,1800.0
16719,7642,208,1,1499.0
16720,7642,207,1,2999.0
16721,7642,204,2,2500.0
16722,7642,230,1,4800.0
16723,7643,227,3,1800.0
16724,7643,226,4,900.0
16725,7643,218,3,3500.0
16726,7644,220,2,7000.0
16727,7644,215,2,18000.0
16728,7645,211,2,1500.0
16729,7645,228,1,3200.0
16730,7645,201,2,55000.0
16731,7646,220,4,7000.0
16732,7646,228,3,3200.0
16733,7646,226,4,900.0
16734,7647,219,3,8500.0
16735,7647,206,4,1999.0
16736,7647,209,3,2499.0
16737,7647,214,1,28000.0
16738,7648,206,3,1999.0
16739,7648,208,2,1499.0
16740,7648,220,4,7000.0
16741,7648,210,4,25000.0
16742,7649,211,3,1500.0
16743,7649,207,3,2999.0
16744,7649,225,4,3000.0
16745,7650,207,4,2999.0
16746,7650,215,2,18000.0
16747,7650,229,2,6500.0
16748,7651,202,4,800.0
16749,7652,211,2,1500.0
16750,7652,226,4,900.0
16751,7652,210,3,25000.0
16752,7653,226,2,900.0
16753,7653,205,2,999.0
16754,7653,224,4,3500.0
16755,7654,206,4,1999.0
16756,7654,210,2,25000.0
16757,7654,211,2,1500.0
16758,7654,216,3,1800.0
16759,7655,203,1,1500.0
16760,7655,227,1,1800.0
16761,7656,202,3,800.0
16762,7656,224,4,3500.0
16763,7656,217,4,500.0
16764,7656,229,4,6500.0
16765,7657,226,2,900.0
16766,7657,205,4,999.0
16767,7657,221,3,5500.0
16768,7658,210,2,25000.0
16769,7658,217,3,500.0
16770,7658,225,4,3000.0
16771,7658,207,4,2999.0
16772,7659,229,3,6500.0
16773,7659,209,4,2499.0
16774,7660,230,1,4800.0
16775,7661,227,3,1800.0
16776,7661,221,4,5500.0
16777,7661,225,3,3000.0
16778,7662,211,2,1500.0
16779,7663,210,3,25000.0
16780,7664,203,4,1500.0
16781,7665,214,1,28000.0
16782,7666,204,2,2500.0
16783,7666,229,1,6500.0
16784,7666,209,4,2499.0
16785,7667,203,1,1500.0
16786,7667,205,3,999.0
16787,7668,223,1,900.0
16788,7668,214,2,28000.0
16789,7669,209,3,2499.0
16790,7669,230,2,4800.0
16791,7669,213,1,2200.0
16792,7670,206,2,1999.0
16793,7670,210,3,25000.0
16794,7671,224,3,3500.0
16795,7671,212,1,12500.0
16796,7671,204,1,2500.0
16797,7672,227,2,1800.0
16798,7672,202,2,800.0
16799,7673,230,3,4800.0
16800,7673,203,1,1500.0
16801,7673,218,2,3500.0
16802,7674,226,4,900.0
16803,7675,222,2,1800.0
16804,7675,208,1,1499.0
16805,7676,206,1,1999.0
16806,7677,225,3,3000.0
16807,7677,227,1,1800.0
16808,7677,218,2,3500.0
16809,7678,211,1,1500.0
16810,7679,211,1,1500.0
16811,7680,225,1,3000.0
16812,7680,230,1,4800.0
16813,7680,214,1,28000.0
16814,7681,202,1,800.0
16815,7681,227,2,1800.0
16816,7681,212,4,12500.0
16817,7681,221,4,5500.0
16818,7682,213,4,2200.0
16819,7682,212,1,12500.0
16820,7682,211,3,1500.0
16821,7682,224,4,3500.0
16822,7683,211,4,1500.0
16823,7683,223,4,900.0
16824,7683,210,4,25000.0
16825,7684,202,3,800.0
16826,7684,214,3,28000.0
16827,7684,204,3,2500.0
16828,7684,209,1,2499.0
16829,7685,226,4,900.0
16830,7686,224,3,3500.0
16831,7686,208,2,1499.0
16832,7687,221,3,5500.0
16833,7687,222,1,1800.0
16834,7688,215,1,18000.0
16835,7688,228,3,3200.0
16836,7689,210,3,25000.0
16837,7689,208,4,1499.0
16838,7690,209,3,2499.0
16839,7691,219,1,8500.0
16840,7691,204,3,2500.0
16841,7691,205,3,999.0
16842,7692,212,1,12500.0
16843,7692,213,4,2200.0
16844,7692,228,3,3200.0
16845,7692,202,1,800.0
16846,7693,230,2,4800.0
16847,7693,207,3,2999.0
16848,7694,213,1,2200.0
16849,7694,215,1,18000.0
16850,7694,226,4,900.0
16851,7694,222,1,1800.0
16852,7695,204,3,2500.0
16853,7695,218,4,3500.0
16854,7695,215,2,18000.0
16855,7696,208,3,1499.0
16856,7696,221,3,5500.0
16857,7696,230,3,4800.0
16858,7696,229,2,6500.0
16859,7697,207,4,2999.0
16860,7697,212,4,12500.0
16861,7698,203,4,1500.0
16862,7698,207,3,2999.0
16863,7698,218,1,3500.0
16864,7699,222,4,1800.0
16865,7699,221,1,5500.0
16866,7700,224,1,3500.0
16867,7700,204,2,2500.0
16868,7701,211,4,1500.0
16869,7701,225,1,3000.0
16870,7701,214,4,28000.0
16871,7702,214,4,28000.0
16872,7702,206,1,1999.0
16873,7702,220,3,7000.0
16874,7703,223,2,900.0
16875,7703,212,2,12500.0
16876,7704,208,1,1499.0
16877,7705,217,4,500.0
16878,7705,227,2,1800.0
16879,7706,211,4,1500.0
16880,7706,201,1,55000.0
16881,7706,229,3,6500.0
16882,7707,202,1,800.0
16883,7707,221,1,5500.0
16884,7707,208,1,1499.0
16885,7707,209,3,2499.0
16886,7708,207,2,2999.0
16887,7709,216,3,1800.0
16888,7710,229,1,6500.0
16889,7711,204,4,2500.0
16890,7712,206,3,1999.0
16891,7712,223,4,900.0
16892,7712,213,3,2200.0
16893,7712,220,1,7000.0
16894,7713,220,4,7000.0
16895,7713,208,1,1499.0
16896,7714,202,3,800.0
16897,7714,222,4,1800.0
16898,7714,210,3,25000.0
16899,7715,225,3,3000.0
16900,7715,226,2,900.0
16901,7715,206,3,1999.0
16902,7715,201,2,55000.0
16903,7716,220,1,7000.0
16904,7717,211,1,1500.0
16905,7717,220,1,7000.0
16906,7718,227,4,1800.0
16907,7718,222,2,1800.0
16908,7718,225,3,3000.0
16909,7719,226,4,900.0
16910,7719,221,1,5500.0
16911,7719,210,3,25000.0
16912,7719,220,4,7000.0
16913,7720,212,2,12500.0
16914,7720,213,4,2200.0
16915,7721,218,1,3500.0
16916,7722,217,1,500.0
16917,7722,209,3,2499.0
16918,7723,220,2,7000.0
16919,7723,224,2,3500.0
16920,7723,209,2,2499.0
16921,7723,201,3,55000.0
16922,7724,202,1,800.0
16923,7724,206,3,1999.0
16924,7724,230,1,4800.0
16925,7724,229,4,6500.0
16926,7725,217,3,500.0
16927,7725,228,1,3200.0
16928,7725,229,2,6500.0
16929,7725,206,1,1999.0
16930,7726,202,4,800.0
16931,7726,214,2,28000.0
16932,7726,205,1,999.0
16933,7726,226,4,900.0
16934,7727,229,4,6500.0
16935,7727,214,1,28000.0
16936,7727,220,2,7000.0
16937,7728,207,1,2999.0
16938,7728,213,4,2200.0
16939,7728,229,3,6500.0
16940,7729,221,1,5500.0
16941,7730,212,1,12500.0
16942,7730,204,4,2500.0
16943,7730,225,4,3000.0
16944,7731,211,4,1500.0
16945,7731,203,4,1500.0
16946,7731,210,3,25000.0
16947,7732,228,1,3200.0
16948,7732,219,2,8500.0
16949,7732,227,1,1800.0
16950,7732,230,4,4800.0
16951,7733,214,2,28000.0
16952,7733,210,3,25000.0
16953,7733,230,1,4800.0
16954,7733,207,3,2999.0
16955,7734,225,4,3000.0
16956,7734,226,3,900.0
16957,7735,214,1,28000.0
16958,7735,201,1,55000.0
16959,7736,204,1,2500.0
16960,7736,203,1,1500.0
16961,7736,207,1,2999.0
16962,7737,225,2,3000.0
16963,7737,212,2,12500.0
16964,7737,219,3,8500.0
16965,7738,226,3,900.0
16966,7739,225,2,3000.0
16967,7739,211,2,1500.0
16968,7739,226,2,900.0
16969,7739,221,1,5500.0
16970,7740,230,4,4800.0
16971,7740,227,4,1800.0
16972,7740,215,3,18000.0
16973,7741,216,2,1800.0
16974,7742,218,3,3500.0
16975,7742,205,4,999.0
16976,7743,228,3,3200.0
16977,7743,226,3,900.0
16978,7744,204,2,2500.0
16979,7744,218,3,3500.0
16980,7744,217,4,500.0
16981,7744,216,4,1800.0
16982,7745,226,4,900.0
16983,7745,215,1,18000.0
16984,7746,218,1,3500.0
16985,7746,211,4,1500.0
16986,7747,201,1,55000.0
16987,7747,225,3,3000.0
16988,7748,208,4,1499.0
16989,7749,226,2,900.0
16990,7749,215,4,18000.0
16991,7750,215,1,18000.0
16992,7751,212,1,12500.0
16993,7751,216,3,1800.0
16994,7751,205,2,999.0
16995,7751,222,1,1800.0
16996,7752,225,4,3000.0
16997,7752,208,1,1499.0
16998,7753,223,2,900.0
16999,7754,205,1,999.0
17000,7754,211,2,1500.0
17001,7754,222,2,1800.0
17002,7755,201,1,55000.0
17003,7755,214,3,28000.0
17004,7755,220,3,7000.0
17005,7755,218,3,3500.0
17006,7756,216,3,1800.0
17007,7756,208,1,1499.0
17008,7756,201,3,55000.0
17009,7756,205,4,999.0
17010,7757,204,2,2500.0
17011,7757,218,3,3500.0
17012,7757,216,4,1800.0
17013,7758,224,3,3500.0
17014,7759,225,4,3000.0
17015,7759,202,1,800.0
17016,7760,225,4,3000.0
17017,7761,219,3,8500.0
17018,7762,225,3,3000.0
17019,7763,205,4,999.0
17020,7763,211,1,1500.0
17021,7763,206,4,1999.0
17022,7764,223,1,900.0
17023,7764,224,1,3500.0
17024,7764,214,3,28000.0
17025,7765,228,1,3200.0
17026,7765,219,3,8500.0
17027,7765,210,2,25000.0
17028,7765,207,1,2999.0
17029,7766,214,2,28000.0
17030,7767,228,1,3200.0
17031,7767,202,3,800.0
17032,7767,201,1,55000.0
17033,7768,215,3,18000.0
17034,7768,204,4,2500.0
17035,7768,220,1,7000.0
17036,7769,224,3,3500.0
17037,7769,220,4,7000.0
17038,7769,222,3,1800.0
17039,7770,227,2,1800.0
17040,7771,212,4,12500.0
17041,7771,207,3,2999.0
17042,7772,219,3,8500.0
17043,7772,201,2,55000.0
17044,7773,213,4,2200.0
17045,7773,226,3,900.0
17046,7774,227,1,1800.0
17047,7775,206,1,1999.0
17048,7775,227,4,1800.0
17049,7775,208,2,1499.0
17050,7775,229,1,6500.0
17051,7776,215,1,18000.0
17052,7776,208,1,1499.0
17053,7777,210,3,25000.0
17054,7777,201,4,55000.0
17055,7778,205,1,999.0
17056,7778,201,3,55000.0
17057,7778,222,3,1800.0
17058,7779,216,3,1800.0
17059,7779,230,1,4800.0
17060,7779,205,3,999.0
17061,7779,212,2,12500.0
17062,7780,218,2,3500.0
17063,7781,213,2,2200.0
17064,7781,211,2,1500.0
17065,7781,209,4,2499.0
17066,7782,207,2,2999.0
17067,7782,205,4,999.0
17068,7782,208,1,1499.0
17069,7782,211,4,1500.0
17070,7783,203,1,1500.0
17071,7783,204,1,2500.0
17072,7784,220,2,7000.0
17073,7784,229,3,6500.0
17074,7784,206,2,1999.0
17075,7784,207,2,2999.0
17076,7785,209,3,2499.0
17077,7785,226,1,900.0
17078,7785,211,1,1500.0
17079,7785,228,2,3200.0
17080,7786,211,3,1500.0
17081,7787,222,4,1800.0
17082,7788,204,1,2500.0
17083,7788,226,4,900.0
17084,7788,218,4,3500.0
17085,7788,203,4,1500.0
17086,7789,229,2,6500.0
17087,7790,227,4,1800.0
17088,7790,206,4,1999.0
17089,7790,207,2,2999.0
17090,7790,230,3,4800.0
17091,7791,220,2,7000.0
17092,7792,221,1,5500.0
17093,7793,228,2,3200.0
17094,7793,214,2,28000.0
17095,7793,225,4,3000.0
17096,7794,227,3,1800.0
17097,7794,208,4,1499.0
17098,7794,212,4,12500.0
17099,7794,210,4,25000.0
17100,7795,222,2,1800.0
17101,7795,219,1,8500.0
17102,7795,205,4,999.0
17103,7795,217,2,500.0
17104,7796,222,4,1800.0
17105,7797,210,3,25000.0
17106,7797,230,2,4800.0
17107,7797,211,2,1500.0
17108,7797,223,3,900.0
17109,7798,215,1,18000.0
17110,7798,212,1,12500.0
17111,7798,209,2,2499.0
17112,7798,224,1,3500.0
17113,7799,208,4,1499.0
17114,7800,209,1,2499.0
17115,7800,203,3,1500.0
17116,7800,208,4,1499.0
17117,7800,207,2,2999.0
17118,7801,207,1,2999.0
17119,7801,216,4,1800.0
17120,7801,225,2,3000.0
17121,7802,222,4,1800.0
17122,7802,209,3,2499.0
17123,7802,229,1,6500.0
17124,7802,221,2,5500.0
17125,7803,221,4,5500.0
17126,7803,206,4,1999.0
17127,7804,227,2,1800.0
17128,7804,214,4,28000.0
17129,7804,216,4,1800.0
17130,7805,206,4,1999.0
17131,7805,203,1,1500.0
17132,7805,230,4,4800.0
17133,7806,208,3,1499.0
17134,7806,215,1,18000.0
17135,7806,202,1,800.0
17136,7806,217,3,500.0
17137,7807,226,3,900.0
17138,7807,224,1,3500.0
17139,7807,220,4,7000.0
17140,7808,217,2,500.0
17141,7808,211,2,1500.0
17142,7809,224,4,3500.0
17143,7809,212,2,12500.0
17144,7809,208,3,1499.0
17145,7810,212,2,12500.0
17146,7810,220,1,7000.0
17147,7810,204,2,2500.0
17148,7810,202,4,800.0
17149,7811,230,4,4800.0
17150,7811,220,1,7000.0
17151,7811,215,2,18000.0
17152,7811,212,2,12500.0
17153,7812,213,2,2200.0
17154,7812,223,4,900.0
17155,7813,207,2,2999.0
17156,7813,224,2,3500.0
17157,7813,212,4,12500.0
17158,7813,210,1,25000.0
17159,7814,202,1,800.0
17160,7815,207,3,2999.0
17161,7816,216,1,1800.0
17162,7816,206,1,1999.0
17163,7816,230,4,4800.0
17164,7816,223,1,900.0
17165,7817,204,1,2500.0
17166,7817,206,1,1999.0
17167,7817,229,1,6500.0
17168,7818,212,1,12500.0
17169,7818,219,2,8500.0
17170,7819,219,3,8500.0
17171,7820,219,1,8500.0
17172,7820,221,1,5500.0
17173,7820,224,1,3500.0
17174,7821,211,4,1500.0
17175,7821,214,1,28000.0
17176,7821,212,1,12500.0
17177,7821,222,3,1800.0
17178,7822,203,2,1500.0
17179,7822,217,4,500.0
17180,7822,221,1,5500.0
17181,7822,211,2,1500.0
17182,7823,229,4,6500.0
17183,7823,217,2,500.0
17184,7823,225,1,3000.0
17185,7823,214,1,28000.0
17186,7824,223,1,900.0
17187,7824,212,1,12500.0
17188,7824,224,1,3500.0
17189,7824,209,3,2499.0
17190,7825,207,3,2999.0
17191,7825,214,3,28000.0
17192,7826,203,3,1500.0
17193,7826,227,2,1800.0
17194,7826,217,3,500.0
17195,7827,204,4,2500.0
17196,7827,221,3,5500.0
17197,7827,203,1,1500.0
17198,7827,211,1,1500.0
17199,7828,215,2,18000.0
17200,7828,214,4,28000.0
17201,7828,206,3,1999.0
17202,7829,219,3,8500.0
17203,7829,224,2,3500.0
17204,7829,222,4,1800.0
17205,7830,222,1,1800.0
17206,7831,230,3,4800.0
17207,7831,202,3,800.0
17208,7832,220,1,7000.0
17209,7832,206,2,1999.0
17210,7832,216,3,1800.0
17211,7833,202,2,800.0
17212,7833,211,2,1500.0
17213,7834,214,2,28000.0
17214,7835,203,2,1500.0
17215,7836,205,2,999.0
17216,7836,220,3,7000.0
17217,7837,206,3,1999.0
17218,7838,227,3,1800.0
17219,7838,209,2,2499.0
17220,7838,219,2,8500.0
17221,7839,210,3,25000.0
17222,7839,201,3,55000.0
17223,7839,209,1,2499.0
17224,7840,201,2,55000.0
17225,7840,220,4,7000.0
17226,7840,215,1,18000.0
17227,7840,219,4,8500.0
17228,7841,220,3,7000.0
17229,7841,222,4,1800.0
17230,7841,214,1,28000.0
17231,7841,230,4,4800.0
17232,7842,219,3,8500.0
17233,7843,218,1,3500.0
17234,7843,223,1,900.0
17235,7843,207,3,2999.0
17236,7844,208,1,1499.0
17237,7844,227,4,1800.0
17238,7844,228,4,3200.0
17239,7844,225,3,3000.0
17240,7845,207,3,2999.0
17241,7845,216,2,1800.0
17242,7845,218,1,3500.0
17243,7845,219,3,8500.0
17244,7846,215,4,18000.0
17245,7846,201,1,55000.0
17246,7846,206,1,1999.0
17247,7847,229,2,6500.0
17248,7848,206,2,1999.0
17249,7848,205,1,999.0
17250,7848,214,2,28000.0
17251,7848,209,1,2499.0
17252,7849,204,2,2500.0
17253,7849,218,1,3500.0
17254,7849,227,3,1800.0
17255,7850,215,3,18000.0
17256,7851,213,4,2200.0
17257,7851,206,4,1999.0
17258,7852,201,1,55000.0
17259,7852,227,1,1800.0
17260,7852,229,2,6500.0
17261,7852,218,4,3500.0
17262,7853,219,1,8500.0
17263,7853,209,4,2499.0
17264,7853,203,2,1500.0
17265,7854,215,3,18000.0
17266,7854,227,4,1800.0
17267,7855,207,4,2999.0
17268,7856,216,2,1800.0
17269,7856,220,4,7000.0
17270,7857,206,3,1999.0
17271,7857,216,1,1800.0
17272,7857,227,3,1800.0
17273,7857,213,4,2200.0
17274,7858,210,2,25000.0
17275,7859,208,1,1499.0
17276,7859,215,2,18000.0
17277,7859,209,1,2499.0
17278,7859,216,2,1800.0
17279,7860,222,4,1800.0
17280,7860,214,3,28000.0
17281,7860,206,2,1999.0
17282,7860,212,1,12500.0
17283,7861,203,1,1500.0
17284,7861,214,2,28000.0
17285,7861,211,3,1500.0
17286,7862,217,3,500.0
17287,7862,220,2,7000.0
17288,7862,202,1,800.0
17289,7863,209,2,2499.0
17290,7863,216,1,1800.0
17291,7863,229,4,6500.0
17292,7864,209,4,2499.0
17293,7864,215,1,18000.0
17294,7864,217,1,500.0
17295,7864,203,4,1500.0
17296,7865,212,1,12500.0
17297,7865,201,1,55000.0
17298,7865,221,2,5500.0
17299,7866,225,3,3000.0
17300,7866,229,4,6500.0
17301,7866,228,3,3200.0
17302,7867,204,2,2500.0
17303,7867,216,1,1800.0
17304,7868,214,3,28000.0
17305,7868,228,4,3200.0
17306,7868,222,2,1800.0
17307,7868,216,3,1800.0
17308,7869,218,3,3500.0
17309,7869,205,3,999.0
17310,7869,216,3,1800.0
17311,7869,217,2,500.0
17312,7870,225,1,3000.0
17313,7870,229,2,6500.0
17314,7871,204,3,2500.0
17315,7872,202,4,800.0
17316,7872,203,1,1500.0
17317,7872,214,1,28000.0
17318,7872,226,3,900.0
17319,7873,205,1,999.0
17320,7873,228,1,3200.0
17321,7874,209,4,2499.0
17322,7874,229,1,6500.0
17323,7875,207,1,2999.0
17324,7875,214,3,28000.0
17325,7876,219,4,8500.0
17326,7876,204,4,2500.0
17327,7876,208,4,1499.0
17328,7876,225,4,3000.0
17329,7877,213,4,2200.0
17330,7877,202,4,800.0
17331,7877,218,1,3500.0
17332,7878,221,2,5500.0
17333,7878,205,4,999.0
17334,7879,205,4,999.0
17335,7879,217,4,500.0
17336,7879,224,2,3500.0
17337,7880,208,4,1499.0
17338,7880,204,3,2500.0
17339,7880,222,4,1800.0
17340,7881,205,2,999.0
17341,7881,204,4,2500.0
17342,7881,211,1,1500.0
17343,7881,217,1,500.0
17344,7882,205,3,999.0
17345,7882,221,4,5500.0
17346,7882,210,1,25000.0
17347,7882,230,4,4800.0
17348,7883,201,2,55000.0
17349,7884,212,4,12500.0
17350,7884,208,1,1499.0
17351,7884,202,4,800.0
17352,7884,201,1,55000.0
17353,7885,209,3,2499.0
17354,7885,230,3,4800.0
17355,7886,226,2,900.0
17356,7886,201,2,55000.0
17357,7886,202,1,800.0
17358,7886,205,1,999.0
17359,7887,212,2,12500.0
17360,7887,227,4,1800.0
17361,7887,214,1,28000.0
17362,7887,202,2,800.0
17363,7888,217,2,500.0
17364,7888,226,3,900.0
17365,7889,225,3,3000.0
17366,7889,224,2,3500.0
17367,7889,202,1,800.0
17368,7889,213,2,2200.0
17369,7890,217,4,500.0
17370,7890,225,1,3000.0
17371,7890,218,1,3500.0
17372,7890,219,2,8500.0
17373,7891,222,4,1800.0
17374,7891,208,3,1499.0
17375,7891,219,2,8500.0
17376,7892,212,1,12500.0
17377,7893,208,2,1499.0
17378,7893,218,1,3500.0
17379,7894,230,2,4800.0
17380,7894,227,1,1800.0
17381,7895,213,2,2200.0
17382,7895,203,1,1500.0
17383,7896,214,4,28000.0
17384,7897,209,1,2499.0
17385,7897,211,4,1500.0
17386,7897,204,4,2500.0
17387,7898,201,4,55000.0
17388,7899,219,3,8500.0
17389,7899,226,4,900.0
17390,7899,201,2,55000.0
17391,7899,224,1,3500.0
17392,7900,204,2,2500.0
17393,7900,230,1,4800.0
17394,7901,207,1,2999.0
17395,7901,221,1,5500.0
17396,7902,208,4,1499.0
17397,7903,221,2,5500.0
17398,7903,220,3,7000.0
17399,7903,208,3,1499.0
17400,7904,205,3,999.0
17401,7904,223,4,900.0
17402,7905,209,1,2499.0
17403,7905,216,4,1800.0
17404,7906,220,4,7000.0
17405,7906,202,1,800.0
17406,7906,225,4,3000.0
17407,7907,218,1,3500.0
17408,7908,210,4,25000.0
17409,7908,227,1,1800.0
17410,7908,212,4,12500.0
17411,7909,213,4,2200.0
17412,7909,229,3,6500.0
17413,7910,209,1,2499.0
17414,7911,229,1,6500.0
17415,7911,224,3,3500.0
17416,7911,203,1,1500.0
17417,7912,207,2,2999.0
17418,7912,225,4,3000.0
17419,7912,215,4,18000.0
17420,7912,209,1,2499.0
17421,7913,217,4,500.0
17422,7914,203,3,1500.0
17423,7914,213,2,2200.0
17424,7915,229,2,6500.0
17425,7916,216,3,1800.0
17426,7916,228,1,3200.0
17427,7916,229,1,6500.0
17428,7917,225,1,3000.0
17429,7917,203,4,1500.0
17430,7917,214,4,28000.0
17431,7917,227,2,1800.0
17432,7918,209,1,2499.0
17433,7918,207,4,2999.0
17434,7919,211,3,1500.0
17435,7919,221,3,5500.0
17436,7919,226,3,900.0
17437,7919,213,4,2200.0
17438,7920,206,4,1999.0
17439,7920,217,1,500.0
17440,7921,220,1,7000.0
17441,7922,205,4,999.0
17442,7922,201,4,55000.0
17443,7922,221,3,5500.0
17444,7923,224,1,3500.0
17445,7923,214,2,28000.0
17446,7923,219,2,8500.0
17447,7923,203,4,1500.0
17448,7924,211,2,1500.0
17449,7924,202,1,800.0
17450,7925,208,2,1499.0
17451,7925,205,2,999.0
17452,7926,202,1,800.0
17453,7927,221,1,5500.0
17454,7928,229,4,6500.0
17455,7929,225,3,3000.0
17456,7929,229,2,6500.0
17457,7929,228,1,3200.0
17458,7929,206,2,1999.0
17459,7930,219,3,8500.0
17460,7930,201,1,55000.0
17461,7930,216,2,1800.0
17462,7931,227,3,1800.0
17463,7932,203,2,1500.0
17464,7932,228,4,3200.0
17465,7932,210,3,25000.0
17466,7933,214,1,28000.0
17467,7933,220,4,7000.0
17468,7933,229,1,6500.0
17469,7934,224,3,3500.0
17470,7935,207,2,2999.0
17471,7936,226,3,900.0
17472,7937,219,4,8500.0
17473,7937,215,3,18000.0
17474,7937,203,2,1500.0
17475,7938,209,2,2499.0
17476,7938,215,1,18000.0
17477,7938,204,1,2500.0
17478,7938,214,4,28000.0
17479,7939,220,4,7000.0
17480,7939,227,2,1800.0
17481,7939,210,1,25000.0
17482,7939,221,3,5500.0
17483,7940,224,3,3500.0
17484,7941,211,2,1500.0
17485,7942,217,2,500.0
17486,7942,216,4,1800.0
17487,7942,218,4,3500.0
17488,7942,223,1,900.0
17489,7943,229,1,6500.0
17490,7943,222,3,1800.0
17491,7943,209,2,2499.0
17492,7943,230,1,4800.0
17493,7944,218,1,3500.0
17494,7944,209,2,2499.0
17495,7944,230,3,4800.0
17496,7944,205,2,999.0
17497,7945,205,1,999.0
17498,7945,215,4,18000.0
17499,7945,220,3,7000.0
17500,7946,227,4,1800.0
17501,7947,207,2,2999.0
17502,7947,214,4,28000.0
17503,7947,229,2,6500.0
17504,7947,221,1,5500.0
17505,7948,220,1,7000.0
17506,7948,201,3,55000.0
17507,7949,219,4,8500.0
17508,7949,218,3,3500.0
17509,7949,209,2,2499.0
17510,7950,219,1,8500.0
17511,7950,225,4,3000.0
17512,7950,208,3,1499.0
17513,7950,218,3,3500.0
17514,7951,220,2,7000.0
17515,7951,209,3,2499.0
17516,7951,217,1,500.0
17517,7952,215,3,18000.0
17518,7952,217,3,500.0
17519,7952,229,2,6500.0
17520,7953,206,1,1999.0
17521,7953,228,3,3200.0
17522,7954,203,2,1500.0
17523,7954,228,3,3200.0
17524,7955,208,1,1499.0
17525,7956,224,1,3500.0
17526,7956,209,3,2499.0
17527,7956,230,1,4800.0
17528,7957,217,4,500.0
17529,7957,203,3,1500.0
17530,7958,210,4,25000.0
17531,7958,223,3,900.0
17532,7959,220,2,7000.0
17533,7959,211,4,1500.0
17534,7960,222,4,1800.0
17535,7961,229,3,6500.0
17536,7962,223,2,900.0
17537,7962,229,3,6500.0
17538,7963,222,4,1800.0
17539,7963,221,1,5500.0
17540,7963,208,3,1499.0
17541,7963,230,4,4800.0
17542,7964,219,3,8500.0
17543,7965,223,2,900.0
17544,7966,206,3,1999.0
17545,7966,218,4,3500.0
17546,7967,221,3,5500.0
17547,7967,214,1,28000.0
17548,7968,205,2,999.0
17549,7969,212,2,12500.0
17550,7969,214,2,28000.0
17551,7970,205,2,999.0
17552,7970,209,4,2499.0
17553,7970,229,2,6500.0
17554,7971,211,2,1500.0
17555,7971,220,3,7000.0
17556,7972,218,1,3500.0
17557,7972,230,1,4800.0
17558,7972,212,2,12500.0
17559,7972,201,4,55000.0
17560,7973,210,4,25000.0
17561,7974,202,1,800.0
17562,7974,206,4,1999.0
17563,7974,217,4,500.0
17564,7975,211,2,1500.0
17565,7976,201,4,55000.0
17566,7977,205,1,999.0
17567,7977,224,3,3500.0
17568,7977,225,3,3000.0
17569,7977,218,3,3500.0
17570,7978,221,1,5500.0
17571,7979,209,1,2499.0
17572,7979,211,2,1500.0
17573,7979,229,3,6500.0
17574,7980,226,1,900.0
17575,7981,228,1,3200.0
17576,7981,221,2,5500.0
17577,7981,217,1,500.0
17578,7982,217,2,500.0
17579,7983,205,3,999.0
17580,7983,210,2,25000.0
17581,7983,228,1,3200.0
17582,7984,221,4,5500.0
17583,7984,227,1,1800.0
17584,7984,224,3,3500.0
17585,7985,224,3,3500.0
17586,7985,219,2,8500.0
17587,7985,209,2,2499.0
17588,7985,229,3,6500.0
17589,7986,228,4,3200.0
17590,7986,201,4,55000.0
17591,7986,205,2,999.0
17592,7987,226,2,900.0
17593,7987,228,4,3200.0
17594,7988,214,3,28000.0
17595,7988,228,3,3200.0
17596,7989,206,1,1999.0
17597,7989,218,4,3500.0
17598,7989,213,1,2200.0
17599,7990,212,1,12500.0
17600,7990,217,3,500.0
17601,7990,220,3,7000.0
17602,7991,208,3,1499.0
17603,7991,207,3,2999.0
17604,7991,201,3,55000.0
17605,7992,222,1,1800.0
17606,7992,212,4,12500.0
17607,7993,218,1,3500.0
17608,7993,204,2,2500.0
17609,7994,206,1,1999.0
17610,7994,219,1,8500.0
17611,7995,212,3,12500.0
17612,7995,203,3,1500.0
17613,7995,224,2,3500.0
17614,7996,224,1,3500.0
17615,7996,218,1,3500.0
17616,7996,202,3,800.0
17617,7996,222,2,1800.0
17618,7997,212,4,12500.0
17619,7998,220,2,7000.0
17620,7999,217,2,500.0
17621,7999,218,3,3500.0
17622,7999,206,2,1999.0
17623,7999,225,2,3000.0
17624,8000,230,2,4800.0
17625,8000,223,4,900.0
17626,8001,223,4,900.0
17627,8001,210,3,25000.0
17628,8001,201,4,55000.0
17629,8002,223,3,900.0
17630,8003,212,2,12500.0
17631,8004,229,4,6500.0
17632,8004,203,1,1500.0
17633,8005,229,3,6500.0
17634,8005,222,1,1800.0
17635,8005,205,3,999.0
17636,8005,207,2,2999.0
17637,8006,218,1,3500.0
17638,8006,224,1,3500.0
17639,8006,216,1,1800.0
17640,8006,215,3,18000.0
17641,8007,228,3,3200.0
17642,8007,204,4,2500.0
17643,8008,222,1,1800.0
17644,8009,228,3,3200.0
17645,8009,208,2,1499.0
17646,8009,218,3,3500.0
17647,8009,223,1,900.0
17648,8010,204,3,2500.0
17649,8010,202,2,800.0
17650,8011,216,2,1800.0
17651,8011,217,2,500.0
17652,8011,203,1,1500.0
17653,8011,201,2,55000.0
17654,8012,229,1,6500.0
17655,8012,218,1,3500.0
17656,8012,222,1,1800.0
17657,8012,230,2,4800.0
17658,8013,230,2,4800.0
17659,8013,215,3,18000.0
17660,8013,229,4,6500.0
17661,8014,210,4,25000.0
17662,8015,222,1,1800.0
17663,8015,221,2,5500.0
17664,8015,227,2,1800.0
17665,8015,230,3,4800.0
17666,8016,213,4,2200.0
17667,8016,224,1,3500.0
17668,8016,228,3,3200.0
17669,8016,204,4,2500.0
17670,8017,209,1,2499.0
17671,8018,219,3,8500.0
17672,8018,215,3,18000.0
17673,8018,202,3,800.0
17674,8019,229,3,6500.0
17675,8019,207,4,2999.0
17676,8019,219,4,8500.0
17677,8019,210,4,25000.0
17678,8020,201,4,55000.0
17679,8020,214,4,28000.0
17680,8020,211,3,1500.0
17681,8020,210,2,25000.0
17682,8021,214,3,28000.0
17683,8021,211,4,1500.0
17684,8021,226,2,900.0
17685,8021,223,4,900.0
17686,8022,218,4,3500.0
17687,8022,211,4,1500.0
17688,8022,206,4,1999.0
17689,8022,223,4,900.0
17690,8023,206,3,1999.0
17691,8023,223,3,900.0
17692,8024,220,4,7000.0
17693,8024,213,2,2200.0
17694,8024,202,2,800.0
17695,8024,229,2,6500.0
17696,8025,229,4,6500.0
17697,8026,208,1,1499.0
17698,8026,209,1,2499.0
17699,8027,230,1,4800.0
17700,8027,229,1,6500.0
17701,8027,201,1,55000.0
17702,8027,204,3,2500.0
17703,8028,228,4,3200.0
17704,8029,210,1,25000.0
17705,8030,226,1,900.0
17706,8031,205,2,999.0
17707,8032,224,2,3500.0
17708,8032,209,2,2499.0
17709,8033,224,3,3500.0
17710,8033,230,4,4800.0
17711,8034,225,3,3000.0
17712,8034,206,1,1999.0
17713,8034,209,3,2499.0
17714,8034,222,3,1800.0
17715,8035,215,1,18000.0
17716,8035,204,3,2500.0
17717,8036,220,3,7000.0
17718,8036,216,3,1800.0
17719,8037,213,1,2200.0
17720,8038,209,2,2499.0
17721,8038,214,2,28000.0
17722,8038,229,4,6500.0
17723,8039,209,4,2499.0
17724,8039,203,4,1500.0
17725,8039,227,3,1800.0
17726,8040,202,3,800.0
17727,8040,226,4,900.0
17728,8040,229,3,6500.0
17729,8041,214,2,28000.0
17730,8041,206,4,1999.0
17731,8041,202,2,800.0
17732,8042,209,2,2499.0
17733,8042,219,1,8500.0
17734,8042,228,3,3200.0
17735,8043,211,2,1500.0
17736,8043,222,2,1800.0
17737,8043,206,4,1999.0
17738,8044,213,4,2200.0
17739,8044,209,2,2499.0
17740,8045,226,1,900.0
17741,8046,214,4,28000.0
17742,8047,208,4,1499.0
17743,8047,212,3,12500.0
17744,8047,227,2,1800.0
17745,8048,214,1,28000.0
17746,8048,210,3,25000.0
17747,8048,226,2,900.0
17748,8048,217,3,500.0
17749,8049,216,4,1800.0
17750,8049,210,1,25000.0
17751,8050,211,4,1500.0
17752,8050,204,4,2500.0
17753,8050,219,4,8500.0
17754,8050,215,2,18000.0
17755,8051,214,2,28000.0
17756,8051,217,2,500.0
17757,8051,230,1,4800.0
17758,8052,212,2,12500.0
17759,8052,208,4,1499.0
17760,8053,220,3,7000.0
17761,8054,228,4,3200.0
17762,8054,206,3,1999.0
17763,8054,218,2,3500.0
17764,8055,203,3,1500.0
17765,8055,202,3,800.0
17766,8055,210,3,25000.0
17767,8056,223,3,900.0
17768,8057,213,4,2200.0
17769,8057,202,1,800.0
17770,8058,220,3,7000.0
17771,8059,223,3,900.0
17772,8059,217,3,500.0
17773,8060,223,2,900.0
17774,8061,213,2,2200.0
17775,8062,213,3,2200.0
17776,8063,222,3,1800.0
17777,8063,229,4,6500.0
17778,8063,215,2,18000.0
17779,8064,229,1,6500.0
17780,8065,213,3,2200.0
17781,8066,219,3,8500.0
17782,8067,228,4,3200.0
17783,8067,204,1,2500.0
17784,8067,222,2,1800.0
17785,8067,220,4,7000.0
17786,8068,217,1,500.0
17787,8068,206,4,1999.0
17788,8069,227,4,1800.0
17789,8069,211,3,1500.0
17790,8069,224,1,3500.0
17791,8069,230,4,4800.0
17792,8070,214,1,28000.0
17793,8070,201,4,55000.0
17794,8070,218,3,3500.0
17795,8070,225,4,3000.0
17796,8071,217,2,500.0
17797,8071,227,2,1800.0
17798,8071,216,2,1800.0
17799,8072,201,2,55000.0
17800,8072,213,4,2200.0
17801,8073,221,1,5500.0
17802,8073,217,3,500.0
17803,8073,209,3,2499.0
17804,8074,213,4,2200.0
17805,8074,216,2,1800.0
17806,8074,221,3,5500.0
17807,8074,211,3,1500.0
17808,8075,222,1,1800.0
17809,8075,205,3,999.0
17810,8076,225,4,3000.0
17811,8077,210,3,25000.0
17812,8078,205,2,999.0
17813,8078,225,1,3000.0
17814,8078,206,1,1999.0
17815,8078,229,3,6500.0
17816,8079,204,3,2500.0
17817,8079,210,1,25000.0
17818,8080,215,2,18000.0
17819,8080,206,2,1999.0
17820,8080,202,2,800.0
17821,8081,204,3,2500.0
17822,8081,225,2,3000.0
17823,8082,218,1,3500.0
17824,8083,227,4,1800.0
17825,8083,223,3,900.0
17826,8084,209,1,2499.0
17827,8084,222,3,1800.0
17828,8085,229,1,6500.0
17829,8086,228,4,3200.0
17830,8086,225,2,3000.0
17831,8087,213,2,2200.0
17832,8087,207,4,2999.0
17833,8087,209,4,2499.0
17834,8088,215,3,18000.0
17835,8088,213,2,2200.0
17836,8088,226,3,900.0
17837,8089,208,3,1499.0
17838,8089,229,4,6500.0
17839,8090,212,3,12500.0
17840,8090,225,3,3000.0
17841,8090,203,4,1500.0
17842,8091,202,1,800.0
17843,8091,205,4,999.0
17844,8091,223,2,900.0
17845,8091,229,3,6500.0
17846,8092,208,1,1499.0
17847,8092,211,1,1500.0
17848,8092,217,2,500.0
17849,8092,214,4,28000.0
17850,8093,204,1,2500.0
17851,8093,228,2,3200.0
17852,8094,207,4,2999.0
17853,8094,215,4,18000.0
17854,8094,204,2,2500.0
17855,8095,209,1,2499.0
17856,8095,204,4,2500.0
17857,8096,223,4,900.0
17858,8096,211,4,1500.0
17859,8096,230,1,4800.0
17860,8096,215,4,18000.0
17861,8097,207,4,2999.0
17862,8097,219,1,8500.0
17863,8098,204,2,2500.0
17864,8098,213,1,2200.0
17865,8098,225,1,3000.0
17866,8098,219,3,8500.0
17867,8099,202,2,800.0
17868,8099,214,1,28000.0
17869,8099,219,4,8500.0
17870,8100,224,1,3500.0
17871,8100,228,4,3200.0
17872,8100,209,2,2499.0
17873,8100,216,1,1800.0
17874,8101,211,3,1500.0
17875,8101,216,2,1800.0
17876,8101,226,1,900.0
17877,8102,201,1,55000.0
17878,8102,230,1,4800.0
17879,8102,220,4,7000.0
17880,8102,204,2,2500.0
17881,8103,216,4,1800.0
17882,8104,201,2,55000.0
17883,8105,211,1,1500.0
17884,8105,202,1,800.0
17885,8105,229,4,6500.0
17886,8106,219,2,8500.0
17887,8106,211,1,1500.0
17888,8106,214,1,28000.0
17889,8107,203,3,1500.0
17890,8107,219,1,8500.0
17891,8107,230,1,4800.0
17892,8107,216,4,1800.0
17893,8108,216,2,1800.0
17894,8108,213,1,2200.0
17895,8108,226,4,900.0
17896,8108,210,4,25000.0
17897,8109,212,2,12500.0
17898,8109,223,4,900.0
17899,8110,230,1,4800.0
17900,8111,202,1,800.0
17901,8111,216,2,1800.0
17902,8111,224,2,3500.0
17903,8111,204,1,2500.0
17904,8112,207,1,2999.0
17905,8112,230,4,4800.0
17906,8112,224,1,3500.0
17907,8113,212,4,12500.0
17908,8113,223,2,900.0
17909,8114,215,3,18000.0
17910,8114,208,1,1499.0
17911,8114,213,3,2200.0
17912,8114,214,1,28000.0
17913,8115,219,2,8500.0
17914,8115,205,3,999.0
17915,8115,209,3,2499.0
17916,8116,215,3,18000.0
17917,8116,227,2,1800.0
17918,8116,210,3,25000.0
17919,8117,224,1,3500.0
17920,8117,218,3,3500.0
17921,8118,222,1,1800.0
17922,8118,229,4,6500.0
17923,8118,219,1,8500.0
17924,8119,220,1,7000.0
17925,8119,218,3,3500.0
17926,8119,203,4,1500.0
17927,8120,207,4,2999.0
17928,8120,228,1,3200.0
17929,8120,222,1,1800.0
17930,8121,207,1,2999.0
17931,8121,227,1,1800.0
17932,8121,218,1,3500.0
17933,8121,217,1,500.0
17934,8122,227,4,1800.0
17935,8122,226,3,900.0
17936,8122,206,2,1999.0
17937,8123,213,4,2200.0
17938,8124,222,4,1800.0
17939,8124,203,2,1500.0
17940,8124,217,4,500.0
17941,8125,212,4,12500.0
17942,8125,216,2,1800.0
17943,8125,219,4,8500.0
17944,8126,229,4,6500.0
17945,8126,220,3,7000.0
17946,8126,227,3,1800.0
17947,8126,228,3,3200.0
17948,8127,230,4,4800.0
17949,8128,214,2,28000.0
17950,8128,219,3,8500.0
17951,8129,207,1,2999.0
17952,8129,219,2,8500.0
17953,8130,226,1,900.0
17954,8130,230,1,4800.0
17955,8131,201,1,55000.0
17956,8131,215,4,18000.0
17957,8131,230,3,4800.0
17958,8132,220,1,7000.0
17959,8132,230,2,4800.0
17960,8133,223,4,900.0
17961,8133,205,1,999.0
17962,8133,222,3,1800.0
17963,8134,220,1,7000.0
17964,8134,217,4,500.0
17965,8134,223,4,900.0
17966,8135,204,3,2500.0
17967,8135,224,2,3500.0
17968,8136,223,4,900.0
17969,8136,205,1,999.0
17970,8137,204,2,2500.0
17971,8137,224,2,3500.0
17972,8137,201,4,55000.0
17973,8138,223,1,900.0
17974,8138,216,2,1800.0
17975,8138,209,4,2499.0
17976,8139,226,4,900.0
17977,8140,218,4,3500.0
17978,8140,221,1,5500.0
17979,8140,202,1,800.0
17980,8140,213,3,2200.0
17981,8141,208,3,1499.0
17982,8141,211,3,1500.0
17983,8142,209,1,2499.0
17984,8142,206,3,1999.0
17985,8142,223,1,900.0
17986,8142,207,3,2999.0
17987,8143,224,3,3500.0
17988,8143,229,1,6500.0
17989,8143,205,3,999.0
17990,8144,225,1,3000.0
17991,8145,206,1,1999.0
17992,8145,219,1,8500.0
17993,8145,213,3,2200.0
17994,8145,225,3,3000.0
17995,8146,214,4,28000.0
17996,8146,216,2,1800.0
17997,8146,215,1,18000.0
17998,8146,222,4,1800.0
17999,8147,218,2,3500.0
18000,8147,224,2,3500.0
18001,8147,205,2,999.0
18002,8147,226,2,900.0
18003,8148,205,2,999.0
18004,8148,225,4,3000.0
18005,8148,228,3,3200.0
18006,8149,215,3,18000.0
18007,8150,205,3,999.0
18008,8150,219,1,8500.0
18009,8150,221,2,5500.0
18010,8151,228,3,3200.0
18011,8151,224,2,3500.0
18012,8152,217,1,500.0
18013,8152,201,1,55000.0
18014,8152,209,2,2499.0
18015,8152,224,1,3500.0
18016,8153,216,3,1800.0
18017,8153,201,2,55000.0
18018,8153,220,4,7000.0
18019,8154,227,2,1800.0
18020,8154,203,1,1500.0
18021,8154,206,2,1999.0
18022,8155,214,4,28000.0
18023,8155,204,2,2500.0
18024,8156,225,1,3000.0
18025,8156,206,2,1999.0
18026,8156,203,4,1500.0
18027,8156,217,3,500.0
18028,8157,219,3,8500.0
18029,8158,214,4,28000.0
18030,8158,218,1,3500.0
18031,8159,227,2,1800.0
18032,8160,218,4,3500.0
18033,8160,203,2,1500.0
18034,8160,201,2,55000.0
18035,8160,216,3,1800.0
18036,8161,202,4,800.0
18037,8161,230,3,4800.0
18038,8162,227,1,1800.0
18039,8162,207,2,2999.0
18040,8163,212,4,12500.0
18041,8163,221,4,5500.0
18042,8164,220,4,7000.0
18043,8164,228,3,3200.0
18044,8164,211,4,1500.0
18045,8164,209,3,2499.0
18046,8165,227,4,1800.0
18047,8165,230,3,4800.0
18048,8165,212,1,12500.0
18049,8166,226,4,900.0
18050,8166,223,3,900.0
18051,8166,227,3,1800.0
18052,8167,205,4,999.0
18053,8168,214,3,28000.0
18054,8168,229,2,6500.0
18055,8169,211,2,1500.0
18056,8169,224,4,3500.0
18057,8169,202,4,800.0
18058,8170,209,3,2499.0
18059,8170,221,1,5500.0
18060,8171,220,2,7000.0
18061,8171,222,4,1800.0
18062,8171,207,1,2999.0
18063,8172,203,3,1500.0
18064,8173,221,3,5500.0
18065,8173,214,2,28000.0
18066,8173,228,1,3200.0
18067,8173,205,3,999.0
18068,8174,227,2,1800.0
18069,8174,207,2,2999.0
18070,8174,210,3,25000.0
18071,8175,217,4,500.0
18072,8175,219,4,8500.0
18073,8175,218,1,3500.0
18074,8176,220,2,7000.0
18075,8176,210,3,25000.0
18076,8176,225,4,3000.0
18077,8176,219,2,8500.0
18078,8177,210,4,25000.0
18079,8177,218,2,3500.0
18080,8178,220,2,7000.0
18081,8179,213,2,2200.0
18082,8179,229,2,6500.0
18083,8179,230,2,4800.0
18084,8180,208,4,1499.0
18085,8181,211,2,1500.0
18086,8181,217,2,500.0
18087,8181,209,1,2499.0
18088,8182,203,1,1500.0
18089,8183,206,4,1999.0
18090,8183,225,2,3000.0
18091,8183,227,4,1800.0
18092,8184,224,1,3500.0
18093,8185,220,1,7000.0
18094,8185,225,4,3000.0
18095,8185,210,2,25000.0
18096,8186,204,3,2500.0
18097,8186,215,1,18000.0
18098,8186,222,3,1800.0
18099,8187,206,2,1999.0
18100,8188,217,4,500.0
18101,8188,211,3,1500.0
18102,8189,220,4,7000.0
18103,8189,216,2,1800.0
18104,8189,203,4,1500.0
18105,8189,230,3,4800.0
18106,8190,216,2,1800.0
18107,8191,216,3,1800.0
18108,8192,210,2,25000.0
18109,8192,209,4,2499.0
18110,8192,227,2,1800.0
18111,8193,204,2,2500.0
18112,8193,211,4,1500.0
18113,8193,214,4,28000.0
18114,8194,211,2,1500.0
18115,8194,221,3,5500.0
18116,8194,229,1,6500.0
18117,8194,203,4,1500.0
18118,8195,219,1,8500.0
18119,8195,220,2,7000.0
18120,8195,216,2,1800.0
18121,8196,225,2,3000.0
18122,8197,226,4,900.0
18123,8198,217,4,500.0
18124,8198,207,1,2999.0
18125,8198,222,1,1800.0
18126,8199,217,3,500.0
18127,8200,211,2,1500.0
18128,8200,202,3,800.0
18129,8201,203,3,1500.0
18130,8202,208,3,1499.0
18131,8202,206,2,1999.0
18132,8203,215,2,18000.0
18133,8203,228,4,3200.0
18134,8203,216,4,1800.0
18135,8204,212,1,12500.0
18136,8204,225,1,3000.0
18137,8204,211,3,1500.0
18138,8204,216,4,1800.0
18139,8205,214,2,28000.0
18140,8205,207,4,2999.0
18141,8206,208,4,1499.0
18142,8206,204,2,2500.0
18143,8206,219,4,8500.0
18144,8207,223,2,900.0
18145,8207,202,3,800.0
18146,8207,230,2,4800.0
18147,8207,213,2,2200.0
18148,8208,230,4,4800.0
18149,8208,211,1,1500.0
18150,8208,223,2,900.0
18151,8209,222,3,1800.0
18152,8209,215,3,18000.0
18153,8209,230,3,4800.0
18154,8210,209,2,2499.0
18155,8210,223,3,900.0
18156,8210,212,4,12500.0
18157,8211,227,1,1800.0
18158,8212,211,1,1500.0
18159,8212,207,1,2999.0
18160,8212,205,4,999.0
18161,8213,224,4,3500.0
18162,8214,201,1,55000.0
18163,8214,221,4,5500.0
18164,8215,210,4,25000.0
18165,8215,213,2,2200.0
18166,8215,211,3,1500.0
18167,8216,202,4,800.0
18168,8217,229,1,6500.0
18169,8217,223,2,900.0
18170,8217,216,4,1800.0
18171,8218,224,2,3500.0
18172,8218,207,4,2999.0
18173,8218,221,3,5500.0
18174,8219,203,4,1500.0
18175,8219,212,4,12500.0
18176,8220,222,4,1800.0
18177,8221,208,1,1499.0
18178,8221,220,4,7000.0
18179,8221,202,4,800.0
18180,8221,222,2,1800.0
18181,8222,219,4,8500.0
18182,8222,202,3,800.0
18183,8222,201,3,55000.0
18184,8223,211,4,1500.0
18185,8223,206,3,1999.0
18186,8223,212,3,12500.0
18187,8224,224,1,3500.0
18188,8224,228,1,3200.0
18189,8224,222,1,1800.0
18190,8225,227,4,1800.0
18191,8225,223,2,900.0
18192,8225,207,3,2999.0
18193,8226,209,4,2499.0
18194,8226,230,3,4800.0
18195,8226,218,1,3500.0
18196,8226,221,3,5500.0
18197,8227,217,4,500.0
18198,8227,228,3,3200.0
18199,8228,218,4,3500.0
18200,8228,213,1,2200.0
18201,8228,209,1,2499.0
18202,8229,215,4,18000.0
18203,8229,202,2,800.0
18204,8229,219,4,8500.0
18205,8229,207,3,2999.0
18206,8230,203,3,1500.0
18207,8230,230,2,4800.0
18208,8231,228,4,3200.0
18209,8231,210,3,25000.0
18210,8231,213,3,2200.0
18211,8232,218,4,3500.0
18212,8232,228,2,3200.0
18213,8232,204,2,2500.0
18214,8232,229,2,6500.0
18215,8233,214,4,28000.0
18216,8233,208,1,1499.0
18217,8233,225,3,3000.0
18218,8234,225,3,3000.0
18219,8234,226,3,900.0
18220,8234,210,2,25000.0
18221,8234,222,3,1800.0
18222,8235,216,2,1800.0
18223,8236,221,1,5500.0
18224,8236,222,1,1800.0
18225,8237,214,2,28000.0
18226,8237,219,3,8500.0
18227,8237,220,4,7000.0
18228,8237,211,3,1500.0
18229,8238,211,3,1500.0
18230,8238,202,1,800.0
18231,8239,213,3,2200.0
18232,8240,212,2,12500.0
18233,8240,229,4,6500.0
18234,8240,202,4,800.0
18235,8241,205,2,999.0
18236,8241,208,3,1499.0
18237,8241,206,2,1999.0
18238,8242,229,4,6500.0
18239,8242,207,4,2999.0
18240,8242,218,3,3500.0
18241,8243,227,2,1800.0
18242,8243,219,4,8500.0
18243,8243,208,1,1499.0
18244,8244,220,1,7000.0
18245,8244,214,4,28000.0
18246,8244,219,2,8500.0
18247,8245,218,2,3500.0
18248,8245,228,1,3200.0
18249,8246,210,3,25000.0
18250,8246,216,1,1800.0
18251,8246,209,4,2499.0
18252,8247,205,4,999.0
18253,8247,214,4,28000.0
18254,8248,227,4,1800.0
18255,8248,220,4,7000.0
18256,8248,216,2,1800.0
18257,8248,211,1,1500.0
18258,8249,220,2,7000.0
18259,8250,214,4,28000.0
18260,8251,227,1,1800.0
18261,8251,219,2,8500.0
18262,8252,203,1,1500.0
18263,8253,201,4,55000.0
18264,8254,228,3,3200.0
18265,8254,220,4,7000.0
18266,8255,227,1,1800.0
18267,8255,226,4,900.0
18268,8255,212,2,12500.0
18269,8256,211,3,1500.0
18270,8256,206,1,1999.0
18271,8256,229,3,6500.0
18272,8257,229,3,6500.0
18273,8257,223,3,900.0
18274,8257,218,1,3500.0
18275,8257,205,3,999.0
18276,8258,210,3,25000.0
18277,8258,223,3,900.0
18278,8258,206,2,1999.0
18279,8258,216,1,1800.0
18280,8259,209,2,2499.0
18281,8259,207,1,2999.0
18282,8259,225,3,3000.0
18283,8260,209,1,2499.0
18284,8260,203,3,1500.0
18285,8261,201,4,55000.0
18286,8261,205,4,999.0
18287,8261,203,3,1500.0
18288,8262,217,4,500.0
18289,8262,215,1,18000.0
18290,8262,210,2,25000.0
18291,8262,222,4,1800.0
18292,8263,201,1,55000.0
18293,8263,219,1,8500.0
18294,8264,224,1,3500.0
18295,8265,203,2,1500.0
18296,8265,210,2,25000.0
18297,8266,223,2,900.0
18298,8267,230,3,4800.0
18299,8267,217,2,500.0
18300,8268,220,4,7000.0
18301,8268,217,1,500.0
18302,8269,221,4,5500.0
18303,8269,208,4,1499.0
18304,8269,206,4,1999.0
18305,8269,213,4,2200.0
18306,8270,222,2,1800.0
18307,8270,205,4,999.0
18308,8270,206,1,1999.0
18309,8271,226,2,900.0
18310,8271,201,1,55000.0
18311,8271,228,2,3200.0
18312,8272,213,3,2200.0
18313,8272,205,2,999.0
18314,8273,230,3,4800.0
18315,8274,206,4,1999.0
18316,8275,207,3,2999.0
18317,8276,213,3,2200.0
18318,8276,220,2,7000.0
18319,8276,202,2,800.0
18320,8277,210,1,25000.0
18321,8277,220,2,7000.0
18322,8277,213,4,2200.0
18323,8277,212,4,12500.0
18324,8278,230,1,4800.0
18325,8279,201,4,55000.0
18326,8279,216,1,1800.0
18327,8279,219,4,8500.0
18328,8279,213,2,2200.0
18329,8280,222,3,1800.0
18330,8280,205,3,999.0
18331,8280,207,4,2999.0
18332,8281,205,2,999.0
18333,8282,218,1,3500.0
18334,8282,227,3,1800.0
18335,8282,211,1,1500.0
18336,8282,201,3,55000.0
18337,8283,214,1,28000.0
18338,8283,225,4,3000.0
18339,8284,223,3,900.0
18340,8284,217,3,500.0
18341,8284,205,4,999.0
18342,8284,207,2,2999.0
18343,8285,217,2,500.0
18344,8285,216,4,1800.0
18345,8285,214,3,28000.0
18346,8285,228,2,3200.0
18347,8286,212,2,12500.0
18348,8287,206,4,1999.0
18349,8287,224,2,3500.0
18350,8287,203,1,1500.0
18351,8288,228,3,3200.0
18352,8288,205,3,999.0
18353,8289,215,1,18000.0
18354,8290,205,1,999.0
18355,8290,230,3,4800.0
18356,8290,209,1,2499.0
18357,8291,225,1,3000.0
18358,8291,212,4,12500.0
18359,8291,206,3,1999.0
18360,8291,211,4,1500.0
18361,8292,227,2,1800.0
18362,8293,206,4,1999.0
18363,8293,203,3,1500.0
18364,8293,222,1,1800.0
18365,8293,221,2,5500.0
18366,8294,216,4,1800.0
18367,8294,207,2,2999.0
18368,8295,212,3,12500.0
18369,8295,209,4,2499.0
18370,8295,214,2,28000.0
18371,8296,211,4,1500.0
18372,8296,214,1,28000.0
18373,8297,219,1,8500.0
18374,8298,222,2,1800.0
18375,8298,208,2,1499.0
18376,8298,229,1,6500.0
18377,8298,219,3,8500.0
18378,8299,206,1,1999.0
18379,8299,215,2,18000.0
18380,8299,208,2,1499.0
18381,8299,224,3,3500.0
18382,8300,217,4,500.0
18383,8300,227,2,1800.0
18384,8300,221,4,5500.0
18385,8300,208,4,1499.0
18386,8301,226,2,900.0
18387,8301,225,4,3000.0
18388,8302,229,1,6500.0
18389,8302,215,1,18000.0
18390,8302,217,3,500.0
18391,8302,226,3,900.0
18392,8303,214,2,28000.0
18393,8303,217,1,500.0
18394,8304,217,1,500.0
18395,8304,220,2,7000.0
18396,8304,224,3,3500.0
18397,8305,203,1,1500.0
18398,8305,225,1,3000.0
18399,8305,207,1,2999.0
18400,8306,212,3,12500.0
18401,8307,229,4,6500.0
18402,8307,201,4,55000.0
18403,8307,219,4,8500.0
18404,8308,216,3,1800.0
18405,8308,209,2,2499.0
18406,8309,225,3,3000.0
18407,8309,209,3,2499.0
18408,8309,222,4,1800.0
18409,8310,230,2,4800.0
18410,8310,207,3,2999.0
18411,8310,212,2,12500.0
18412,8311,207,2,2999.0
18413,8311,225,4,3000.0
18414,8311,226,2,900.0
18415,8311,223,4,900.0
18416,8312,214,4,28000.0
18417,8313,220,1,7000.0
18418,8313,217,1,500.0
18419,8314,201,4,55000.0
18420,8314,220,1,7000.0
18421,8314,218,2,3500.0
18422,8315,224,4,3500.0
18423,8316,222,3,1800.0
18424,8316,207,4,2999.0
18425,8316,225,3,3000.0
18426,8316,217,4,500.0
18427,8317,221,1,5500.0
18428,8317,226,1,900.0
18429,8317,207,2,2999.0
18430,8318,227,2,1800.0
18431,8319,225,2,3000.0
18432,8319,206,1,1999.0
18433,8320,222,1,1800.0
18434,8320,223,3,900.0
18435,8320,215,4,18000.0
18436,8320,226,2,900.0
18437,8321,212,3,12500.0
18438,8321,205,1,999.0
18439,8321,223,1,900.0
18440,8322,209,2,2499.0
18441,8322,225,2,3000.0
18442,8323,202,1,800.0
18443,8323,211,3,1500.0
18444,8324,214,4,28000.0
18445,8325,204,4,2500.0
18446,8325,226,2,900.0
18447,8325,230,2,4800.0
18448,8325,210,4,25000.0
18449,8326,227,1,1800.0
18450,8327,228,1,3200.0
18451,8327,218,1,3500.0
18452,8327,229,1,6500.0
18453,8328,205,3,999.0
18454,8328,202,3,800.0
18455,8328,212,2,12500.0
18456,8329,210,4,25000.0
18457,8329,225,2,3000.0
18458,8329,213,3,2200.0
18459,8330,218,4,3500.0
18460,8330,221,1,5500.0
18461,8330,224,4,3500.0
18462,8330,223,3,900.0
18463,8331,222,3,1800.0
18464,8332,206,4,1999.0
18465,8332,226,1,900.0
18466,8332,201,1,55000.0
18467,8333,203,3,1500.0
18468,8333,208,3,1499.0
18469,8334,213,2,2200.0
18470,8335,214,1,28000.0
18471,8335,228,4,3200.0
18472,8335,215,4,18000.0
18473,8336,213,1,2200.0
18474,8337,228,1,3200.0
18475,8338,208,3,1499.0
18476,8339,220,3,7000.0
18477,8339,226,1,900.0
18478,8339,214,2,28000.0
18479,8340,203,4,1500.0
18480,8340,207,4,2999.0
18481,8340,217,1,500.0
18482,8340,205,4,999.0
18483,8341,226,3,900.0
18484,8342,219,1,8500.0
18485,8342,208,1,1499.0
18486,8343,223,4,900.0
18487,8343,212,3,12500.0
18488,8344,204,4,2500.0
18489,8344,212,1,12500.0
18490,8344,203,4,1500.0
18491,8345,214,1,28000.0
18492,8345,203,3,1500.0
18493,8346,211,1,1500.0
18494,8346,227,3,1800.0
18495,8347,218,1,3500.0
18496,8348,207,1,2999.0
18497,8348,223,4,900.0
18498,8349,213,2,2200.0
18499,8350,205,2,999.0
18500,8350,216,3,1800.0
18501,8350,209,1,2499.0
18502,8351,202,3,800.0
18503,8351,204,3,2500.0
18504,8351,210,1,25000.0
18505,8351,227,1,1800.0
18506,8352,210,1,25000.0
18507,8352,216,2,1800.0
18508,8353,202,1,800.0
18509,8354,206,4,1999.0
18510,8354,224,2,3500.0
18511,8354,230,1,4800.0
18512,8355,211,4,1500.0
18513,8355,213,1,2200.0
18514,8355,201,4,55000.0
18515,8355,205,1,999.0
18516,8356,224,2,3500.0
18517,8356,208,2,1499.0
18518,8356,217,3,500.0
18519,8357,215,1,18000.0
18520,8358,228,1,3200.0
18521,8359,210,3,25000.0
18522,8359,207,4,2999.0
18523,8359,226,3,900.0
18524,8359,228,1,3200.0
18525,8360,215,1,18000.0
18526,8361,229,1,6500.0
18527,8362,204,4,2500.0
18528,8362,205,2,999.0
18529,8363,222,1,1800.0
18530,8364,202,2,800.0
18531,8365,209,1,2499.0
18532,8365,228,1,3200.0
18533,8366,216,4,1800.0
18534,8366,203,2,1500.0
18535,8366,225,1,3000.0
18536,8367,213,3,2200.0
18537,8367,221,2,5500.0
18538,8367,229,3,6500.0
18539,8368,214,3,28000.0
18540,8369,211,2,1500.0
18541,8369,215,4,18000.0
18542,8369,220,4,7000.0
18543,8369,212,4,12500.0
18544,8370,226,3,900.0
18545,8370,218,1,3500.0
18546,8370,207,3,2999.0
18547,8370,230,4,4800.0
18548,8371,213,4,2200.0
18549,8371,225,1,3000.0
18550,8371,219,1,8500.0
18551,8371,228,1,3200.0
18552,8372,228,3,3200.0
18553,8372,220,4,7000.0
18554,8373,218,2,3500.0
18555,8374,210,1,25000.0
18556,8374,219,2,8500.0
18557,8374,211,3,1500.0
18558,8374,224,4,3500.0
18559,8375,214,1,28000.0
18560,8375,228,3,3200.0
18561,8375,216,3,1800.0
18562,8376,206,3,1999.0
18563,8376,214,3,28000.0
18564,8376,222,4,1800.0
18565,8377,228,4,3200.0
18566,8378,205,1,999.0
18567,8378,224,1,3500.0
18568,8379,212,3,12500.0
18569,8380,229,2,6500.0
18570,8380,225,2,3000.0
18571,8380,202,4,800.0
18572,8381,226,3,900.0
18573,8381,225,3,3000.0
18574,8382,229,4,6500.0
18575,8382,222,2,1800.0
18576,8383,216,1,1800.0
18577,8383,220,4,7000.0
18578,8383,222,3,1800.0
18579,8384,218,3,3500.0
18580,8385,215,3,18000.0
18581,8386,209,2,2499.0
18582,8386,230,4,4800.0
18583,8386,223,4,900.0
18584,8387,229,1,6500.0
18585,8388,229,4,6500.0
18586,8389,214,2,28000.0
18587,8389,230,1,4800.0
18588,8390,205,1,999.0
18589,8391,228,3,3200.0
18590,8391,206,4,1999.0
18591,8391,210,3,25000.0
18592,8391,216,4,1800.0
18593,8392,204,2,2500.0
18594,8392,212,2,12500.0
18595,8393,223,3,900.0
18596,8393,205,1,999.0
18597,8393,203,2,1500.0
18598,8393,208,2,1499.0
18599,8394,209,4,2499.0
18600,8394,203,2,1500.0
18601,8395,204,2,2500.0
18602,8395,212,2,12500.0
18603,8396,230,3,4800.0
18604,8397,228,3,3200.0
18605,8397,204,4,2500.0
18606,8398,215,1,18000.0
18607,8398,220,1,7000.0
18608,8398,214,1,28000.0
18609,8399,219,4,8500.0
18610,8399,221,3,5500.0
18611,8400,211,3,1500.0
18612,8401,208,1,1499.0
18613,8401,206,3,1999.0
18614,8401,209,4,2499.0
18615,8401,224,1,3500.0
18616,8402,213,3,2200.0
18617,8403,226,2,900.0
18618,8403,209,2,2499.0
18619,8403,210,4,25000.0
18620,8404,214,1,28000.0
18621,8404,209,3,2499.0
18622,8404,213,2,2200.0
18623,8404,202,3,800.0
18624,8405,225,3,3000.0
18625,8406,224,2,3500.0
18626,8407,214,3,28000.0
18627,8407,224,2,3500.0
18628,8407,227,4,1800.0
18629,8408,220,3,7000.0
18630,8408,204,2,2500.0
18631,8409,227,4,1800.0
18632,8409,219,4,8500.0
18633,8409,208,1,1499.0
18634,8410,201,4,55000.0
18635,8410,213,3,2200.0
18636,8410,222,4,1800.0
18637,8410,226,4,900.0
18638,8411,212,2,12500.0
18639,8412,229,4,6500.0
18640,8412,219,3,8500.0
18641,8412,215,4,18000.0
18642,8413,204,1,2500.0
18643,8414,212,3,12500.0
18644,8414,218,1,3500.0
18645,8414,226,3,900.0
18646,8415,221,4,5500.0
18647,8415,218,2,3500.0
18648,8415,208,3,1499.0
18649,8416,225,1,3000.0
18650,8416,216,1,1800.0
18651,8416,229,4,6500.0
18652,8416,211,2,1500.0
18653,8417,203,2,1500.0
18654,8417,230,1,4800.0
18655,8418,211,1,1500.0
18656,8418,225,3,3000.0
18657,8419,207,4,2999.0
18658,8420,222,4,1800.0
18659,8420,226,4,900.0
18660,8420,212,2,12500.0
18661,8421,208,4,1499.0
18662,8421,223,4,900.0
18663,8421,216,4,1800.0
18664,8421,202,1,800.0
18665,8422,218,1,3500.0
18666,8422,217,4,500.0
18667,8422,215,2,18000.0
18668,8422,213,3,2200.0
18669,8423,222,3,1800.0
18670,8423,215,1,18000.0
18671,8423,209,2,2499.0
18672,8423,211,4,1500.0
18673,8424,226,4,900.0
18674,8424,206,1,1999.0
18675,8424,230,2,4800.0
18676,8425,228,1,3200.0
18677,8425,229,4,6500.0
18678,8426,219,4,8500.0
18679,8426,210,4,25000.0
18680,8426,221,3,5500.0
18681,8427,209,4,2499.0
18682,8427,228,3,3200.0
18683,8427,216,1,1800.0
18684,8427,222,4,1800.0
18685,8428,219,4,8500.0
18686,8429,223,1,900.0
18687,8429,207,4,2999.0
18688,8429,214,3,28000.0
18689,8430,226,2,900.0
18690,8431,220,3,7000.0
18691,8431,201,4,55000.0
18692,8431,214,1,28000.0
18693,8431,226,1,900.0
18694,8432,206,4,1999.0
18695,8433,224,1,3500.0
18696,8433,201,4,55000.0
18697,8433,210,3,25000.0
18698,8434,228,4,3200.0
18699,8435,202,4,800.0
18700,8436,214,1,28000.0
18701,8436,201,2,55000.0
18702,8437,208,1,1499.0
18703,8438,201,4,55000.0
18704,8439,226,2,900.0
18705,8439,205,4,999.0
18706,8440,210,2,25000.0
18707,8440,223,1,900.0
18708,8440,213,2,2200.0
18709,8440,204,4,2500.0
18710,8441,220,1,7000.0
18711,8442,213,4,2200.0
18712,8442,203,3,1500.0
18713,8443,216,4,1800.0
18714,8443,206,3,1999.0
18715,8444,211,1,1500.0
18716,8444,216,3,1800.0
18717,8444,223,2,900.0
18718,8444,217,3,500.0
18719,8445,222,4,1800.0
18720,8446,221,4,5500.0
18721,8447,223,1,900.0
18722,8447,218,1,3500.0
18723,8447,207,4,2999.0
18724,8448,226,1,900.0
18725,8448,207,3,2999.0
18726,8449,204,2,2500.0
18727,8449,230,1,4800.0
18728,8449,217,2,500.0
18729,8450,212,1,12500.0
18730,8450,217,1,500.0
18731,8451,206,3,1999.0
18732,8452,213,4,2200.0
18733,8452,207,4,2999.0
18734,8452,205,2,999.0
18735,8452,224,2,3500.0
18736,8453,210,4,25000.0
18737,8453,216,2,1800.0
18738,8453,208,4,1499.0
18739,8453,228,2,3200.0
18740,8454,217,4,500.0
18741,8454,212,4,12500.0
18742,8454,225,4,3000.0
18743,8454,203,3,1500.0
18744,8455,221,1,5500.0
18745,8456,226,2,900.0
18746,8456,220,1,7000.0
18747,8456,214,1,28000.0
18748,8456,222,2,1800.0
18749,8457,228,1,3200.0
18750,8457,205,1,999.0
18751,8458,208,4,1499.0
18752,8459,204,1,2500.0
18753,8460,222,4,1800.0
18754,8460,210,1,25000.0
18755,8460,228,4,3200.0
18756,8460,208,3,1499.0
18757,8461,219,2,8500.0
18758,8461,218,4,3500.0
18759,8462,221,1,5500.0
18760,8463,229,3,6500.0
18761,8464,205,1,999.0
18762,8465,208,2,1499.0
18763,8465,220,4,7000.0
18764,8466,208,1,1499.0
18765,8466,213,1,2200.0
18766,8466,201,3,55000.0
18767,8466,224,3,3500.0
18768,8467,205,3,999.0
18769,8467,208,4,1499.0
18770,8467,219,3,8500.0
18771,8468,204,2,2500.0
18772,8468,205,1,999.0
18773,8468,229,1,6500.0
18774,8468,219,4,8500.0
18775,8469,228,3,3200.0
18776,8469,209,3,2499.0
18777,8469,222,1,1800.0
18778,8469,226,2,900.0
18779,8470,205,3,999.0
18780,8470,210,1,25000.0
18781,8470,227,1,1800.0
18782,8470,223,3,900.0
18783,8471,216,4,1800.0
18784,8471,208,4,1499.0
18785,8471,202,1,800.0
18786,8472,210,4,25000.0
18787,8472,204,3,2500.0
18788,8472,222,4,1800.0
18789,8472,223,4,900.0
18790,8473,225,3,3000.0
18791,8473,212,3,12500.0
18792,8474,224,4,3500.0
18793,8474,205,2,999.0
18794,8475,203,2,1500.0
18795,8475,205,2,999.0
18796,8475,208,3,1499.0
18797,8476,225,3,3000.0
18798,8476,201,1,55000.0
18799,8476,207,2,2999.0
18800,8477,227,3,1800.0
18801,8477,207,2,2999.0
18802,8478,215,1,18000.0
18803,8479,207,2,2999.0
18804,8479,208,2,1499.0
18805,8480,220,1,7000.0
18806,8480,218,4,3500.0
18807,8481,203,3,1500.0
18808,8481,213,1,2200.0
18809,8482,211,3,1500.0
18810,8482,203,2,1500.0
18811,8483,203,3,1500.0
18812,8483,207,1,2999.0
18813,8484,220,3,7000.0
18814,8485,215,4,18000.0
18815,8486,215,1,18000.0
18816,8486,216,2,1800.0
18817,8487,205,2,999.0
18818,8488,211,1,1500.0
18819,8488,209,1,2499.0
18820,8489,228,1,3200.0
18821,8489,226,1,900.0
18822,8490,224,3,3500.0
18823,8490,209,3,2499.0
18824,8491,203,1,1500.0
18825,8491,213,3,2200.0
18826,8491,223,2,900.0
18827,8491,224,2,3500.0
18828,8492,206,2,1999.0
18829,8493,222,4,1800.0
18830,8493,228,2,3200.0
18831,8494,211,2,1500.0
18832,8494,219,1,8500.0
18833,8494,207,4,2999.0
18834,8494,223,1,900.0
18835,8495,229,1,6500.0
18836,8495,230,3,4800.0
18837,8495,217,3,500.0
18838,8496,224,2,3500.0
18839,8496,213,1,2200.0
18840,8497,213,2,2200.0
18841,8497,218,4,3500.0
18842,8497,204,1,2500.0
18843,8497,206,3,1999.0
18844,8498,208,1,1499.0
18845,8499,220,3,7000.0
18846,8499,213,1,2200.0
18847,8500,224,4,3500.0
18848,8500,205,3,999.0
18849,8501,215,2,18000.0
18850,8502,205,2,999.0
18851,8502,224,2,3500.0
18852,8502,223,1,900.0
18853,8502,210,3,25000.0
18854,8503,219,4,8500.0
18855,8503,206,3,1999.0
18856,8503,213,3,2200.0
18857,8503,230,1,4800.0
18858,8504,203,4,1500.0
18859,8505,222,2,1800.0
18860,8505,201,3,55000.0
18861,8505,208,3,1499.0
18862,8506,208,3,1499.0
18863,8506,222,2,1800.0
18864,8506,207,3,2999.0
18865,8507,229,2,6500.0
18866,8507,210,1,25000.0
18867,8508,216,4,1800.0
18868,8508,229,4,6500.0
18869,8509,204,4,2500.0
18870,8509,216,2,1800.0
18871,8509,226,1,900.0
18872,8510,226,4,900.0
18873,8510,214,4,28000.0
18874,8510,205,4,999.0
18875,8511,219,2,8500.0
18876,8512,227,4,1800.0
18877,8512,205,4,999.0
18878,8512,220,1,7000.0
18879,8513,201,2,55000.0
18880,8514,203,4,1500.0
18881,8514,215,4,18000.0
18882,8514,207,4,2999.0
18883,8514,212,3,12500.0
18884,8515,227,4,1800.0
18885,8515,214,3,28000.0
18886,8516,219,1,8500.0
18887,8516,201,3,55000.0
18888,8516,223,2,900.0
18889,8517,221,2,5500.0
18890,8518,223,1,900.0
18891,8518,215,2,18000.0
18892,8518,228,2,3200.0
18893,8519,222,4,1800.0
18894,8520,211,2,1500.0
18895,8521,203,3,1500.0
18896,8521,214,2,28000.0
18897,8522,210,1,25000.0
18898,8523,205,2,999.0
18899,8523,215,3,18000.0
18900,8523,210,4,25000.0
18901,8524,203,3,1500.0
18902,8524,204,1,2500.0
18903,8524,205,2,999.0
18904,8525,228,4,3200.0
18905,8526,213,1,2200.0
18906,8526,225,3,3000.0
18907,8526,207,4,2999.0
18908,8527,206,4,1999.0
18909,8527,211,1,1500.0
18910,8527,220,1,7000.0
18911,8528,205,2,999.0
18912,8529,218,2,3500.0
18913,8529,213,3,2200.0
18914,8529,212,2,12500.0
18915,8529,227,1,1800.0
18916,8530,220,1,7000.0
18917,8530,228,1,3200.0
18918,8530,229,2,6500.0
18919,8530,224,4,3500.0
18920,8531,219,4,8500.0
18921,8531,227,4,1800.0
18922,8531,207,1,2999.0
18923,8532,215,2,18000.0
18924,8532,222,2,1800.0
18925,8533,214,3,28000.0
18926,8533,228,4,3200.0
18927,8533,221,2,5500.0
18928,8533,205,4,999.0
18929,8534,228,1,3200.0
18930,8535,229,1,6500.0
18931,8536,217,2,500.0
18932,8536,202,3,800.0
18933,8536,208,3,1499.0
18934,8537,208,4,1499.0
18935,8537,217,4,500.0
18936,8537,201,3,55000.0
18937,8537,211,4,1500.0
18938,8538,226,4,900.0
18939,8538,213,1,2200.0
18940,8538,220,2,7000.0
18941,8538,209,1,2499.0
18942,8539,222,1,1800.0
18943,8539,219,2,8500.0
18944,8539,227,4,1800.0
18945,8540,222,3,1800.0
18946,8540,216,1,1800.0
18947,8541,205,4,999.0
18948,8541,212,2,12500.0
18949,8542,215,1,18000.0
18950,8542,201,2,55000.0
18951,8543,216,1,1800.0
18952,8543,223,2,900.0
18953,8543,201,2,55000.0
18954,8543,225,2,3000.0
18955,8544,218,2,3500.0
18956,8544,206,2,1999.0
18957,8544,228,2,3200.0
18958,8545,229,1,6500.0
18959,8545,216,1,1800.0
18960,8545,213,4,2200.0
18961,8545,225,2,3000.0
18962,8546,220,1,7000.0
18963,8546,214,4,28000.0
18964,8547,222,1,1800.0
18965,8548,210,3,25000.0
18966,8548,204,1,2500.0
18967,8548,208,2,1499.0
18968,8548,205,3,999.0
18969,8549,202,4,800.0
18970,8549,207,2,2999.0
18971,8549,222,3,1800.0
18972,8550,214,2,28000.0
18973,8550,227,1,1800.0
18974,8550,228,4,3200.0
18975,8550,218,3,3500.0
18976,8551,213,3,2200.0
18977,8552,203,4,1500.0
18978,8552,224,2,3500.0
18979,8553,207,2,2999.0
18980,8553,223,4,900.0
18981,8553,211,3,1500.0
18982,8554,207,3,2999.0
18983,8554,220,2,7000.0
18984,8555,208,2,1499.0
18985,8555,227,3,1800.0
18986,8555,210,4,25000.0
18987,8555,218,2,3500.0
18988,8556,229,2,6500.0
18989,8556,202,2,800.0
18990,8557,228,4,3200.0
18991,8558,220,3,7000.0
18992,8558,221,2,5500.0
18993,8558,207,4,2999.0
18994,8558,212,1,12500.0
18995,8559,226,3,900.0
18996,8559,215,4,18000.0
18997,8559,213,4,2200.0
18998,8560,208,1,1499.0
18999,8560,215,3,18000.0
19000,8560,219,2,8500.0
19001,8560,213,3,2200.0
19002,8561,215,2,18000.0
19003,8561,203,1,1500.0
19004,8562,205,2,999.0
19005,8562,213,2,2200.0
19006,8563,204,4,2500.0
19007,8563,206,3,1999.0
19008,8563,226,3,900.0
19009,8564,227,2,1800.0
19010,8564,211,3,1500.0
19011,8564,208,1,1499.0
19012,8564,221,1,5500.0
19013,8565,212,1,12500.0
19014,8565,213,1,2200.0
19015,8565,214,4,28000.0
19016,8566,202,3,800.0
19017,8566,209,4,2499.0
19018,8567,221,2,5500.0
19019,8567,208,1,1499.0
19020,8568,221,3,5500.0
19021,8568,224,3,3500.0
19022,8569,227,2,1800.0
19023,8569,211,3,1500.0
19024,8569,222,3,1800.0
19025,8570,208,2,1499.0
19026,8570,202,4,800.0
19027,8571,227,2,1800.0
19028,8572,226,2,900.0
19029,8573,227,1,1800.0
19030,8573,217,2,500.0
19031,8574,201,4,55000.0
19032,8574,214,1,28000.0
19033,8574,221,1,5500.0
19034,8574,228,1,3200.0
19035,8575,201,4,55000.0
19036,8575,208,3,1499.0
19037,8575,213,2,2200.0
19038,8576,207,1,2999.0
19039,8576,222,4,1800.0
19040,8577,204,2,2500.0
19041,8577,221,3,5500.0
19042,8577,222,2,1800.0
19043,8577,209,4,2499.0
19044,8578,203,3,1500.0
19045,8578,213,1,2200.0
19046,8579,218,3,3500.0
19047,8580,201,3,55000.0
19048,8580,223,4,900.0
19049,8581,203,3,1500.0
19050,8582,204,1,2500.0
19051,8582,224,4,3500.0
19052,8583,229,2,6500.0
19053,8583,214,1,28000.0
19054,8584,201,1,55000.0
19055,8584,228,2,3200.0
19056,8584,206,3,1999.0
19057,8585,222,3,1800.0
19058,8586,206,4,1999.0
19059,8586,221,2,5500.0
19060,8586,227,2,1800.0
19061,8586,202,3,800.0
19062,8587,217,1,500.0
19063,8587,218,3,3500.0
19064,8587,228,4,3200.0
19065,8587,209,2,2499.0
19066,8588,209,1,2499.0
19067,8588,219,3,8500.0
19068,8589,218,1,3500.0
19069,8590,207,1,2999.0
19070,8591,225,1,3000.0
19071,8592,205,3,999.0
19072,8593,213,3,2200.0
19073,8593,215,2,18000.0
19074,8593,212,4,12500.0
19075,8593,221,3,5500.0
19076,8594,227,2,1800.0
19077,8595,203,2,1500.0
19078,8595,206,2,1999.0
19079,8596,229,1,6500.0
19080,8596,210,1,25000.0
19081,8596,208,4,1499.0
19082,8596,216,4,1800.0
19083,8597,217,2,500.0
19084,8597,220,4,7000.0
19085,8598,220,2,7000.0
19086,8599,204,4,2500.0
19087,8599,224,4,3500.0
19088,8599,216,2,1800.0
19089,8599,228,3,3200.0
19090,8600,228,1,3200.0
19091,8600,227,4,1800.0
19092,8600,215,2,18000.0
19093,8601,215,4,18000.0
19094,8601,205,4,999.0
19095,8601,202,4,800.0
19096,8602,228,2,3200.0
19097,8602,227,1,1800.0
19098,8602,209,1,2499.0
19099,8603,224,3,3500.0
19100,8603,223,4,900.0
19101,8603,219,1,8500.0
19102,8603,214,3,28000.0
19103,8604,210,3,25000.0
19104,8605,206,1,1999.0
19105,8605,211,2,1500.0
19106,8605,210,3,25000.0
19107,8606,221,4,5500.0
19108,8606,216,4,1800.0
19109,8606,218,3,3500.0
19110,8607,211,3,1500.0
19111,8607,209,2,2499.0
19112,8608,221,1,5500.0
19113,8608,215,4,18000.0
19114,8609,206,1,1999.0
19115,8610,222,3,1800.0
19116,8610,218,3,3500.0
19117,8611,216,3,1800.0
19118,8612,214,4,28000.0
19119,8612,221,1,5500.0
19120,8612,224,1,3500.0
19121,8612,222,1,1800.0
19122,8613,217,1,500.0
19123,8613,224,2,3500.0
19124,8613,205,4,999.0
19125,8614,209,4,2499.0
19126,8615,211,2,1500.0
19127,8615,220,4,7000.0
19128,8616,206,2,1999.0
19129,8616,221,3,5500.0
19130,8617,205,3,999.0
19131,8617,212,4,12500.0
19132,8618,216,1,1800.0
19133,8619,230,1,4800.0
19134,8619,225,1,3000.0
19135,8619,220,4,7000.0
19136,8620,225,4,3000.0
19137,8620,209,1,2499.0
19138,8621,213,2,2200.0
19139,8621,202,1,800.0
19140,8622,210,3,25000.0
19141,8622,227,2,1800.0
19142,8622,220,2,7000.0
19143,8622,207,3,2999.0
19144,8623,223,2,900.0
19145,8623,216,2,1800.0
19146,8623,201,4,55000.0
19147,8624,201,4,55000.0
19148,8625,217,3,500.0
19149,8626,222,1,1800.0
19150,8626,208,3,1499.0
19151,8627,218,1,3500.0
19152,8627,211,2,1500.0
19153,8628,207,2,2999.0
19154,8628,203,2,1500.0
19155,8628,223,3,900.0
19156,8629,215,3,18000.0
19157,8630,207,1,2999.0
19158,8630,222,4,1800.0
19159,8631,219,1,8500.0
19160,8631,214,4,28000.0
19161,8631,230,2,4800.0
19162,8632,208,3,1499.0
19163,8632,225,1,3000.0
19164,8632,205,3,999.0
19165,8633,213,4,2200.0
19166,8633,203,4,1500.0
19167,8634,225,3,3000.0
19168,8635,208,1,1499.0
19169,8636,222,4,1800.0
19170,8637,228,4,3200.0
19171,8637,206,2,1999.0
19172,8638,222,1,1800.0
19173,8639,219,3,8500.0
19174,8640,223,1,900.0
19175,8640,219,3,8500.0
19176,8640,229,1,6500.0
19177,8641,203,3,1500.0
19178,8641,204,4,2500.0
19179,8642,216,3,1800.0
19180,8643,221,1,5500.0
19181,8643,204,3,2500.0
19182,8643,211,1,1500.0
19183,8644,207,3,2999.0
19184,8644,220,4,7000.0
19185,8645,201,1,55000.0
19186,8645,217,2,500.0
19187,8645,221,2,5500.0
19188,8645,224,2,3500.0
19189,8646,217,4,500.0
19190,8647,206,4,1999.0
19191,8648,226,2,900.0
19192,8648,211,1,1500.0
19193,8648,210,4,25000.0
19194,8649,229,4,6500.0
19195,8649,203,2,1500.0
19196,8650,203,1,1500.0
19197,8651,226,2,900.0
19198,8652,218,4,3500.0
19199,8652,207,4,2999.0
19200,8652,227,3,1800.0
19201,8653,213,1,2200.0
19202,8653,211,1,1500.0
19203,8653,210,1,25000.0
19204,8653,228,3,3200.0
19205,8654,230,4,4800.0
19206,8654,201,2,55000.0
19207,8654,220,2,7000.0
19208,8654,228,2,3200.0
19209,8655,212,4,12500.0
19210,8655,208,3,1499.0
19211,8655,230,1,4800.0
19212,8656,212,2,12500.0
19213,8656,208,1,1499.0
19214,8656,225,4,3000.0
19215,8657,214,2,28000.0
19216,8658,228,4,3200.0
19217,8658,204,3,2500.0
19218,8658,217,4,500.0
19219,8658,210,4,25000.0
19220,8659,227,3,1800.0
19221,8659,217,4,500.0
19222,8659,212,1,12500.0
19223,8659,208,2,1499.0
19224,8660,213,3,2200.0
19225,8660,216,4,1800.0
19226,8660,224,2,3500.0
19227,8660,210,2,25000.0
19228,8661,206,4,1999.0
19229,8661,204,4,2500.0
19230,8661,227,3,1800.0
19231,8662,202,2,800.0
19232,8662,222,3,1800.0
19233,8662,204,1,2500.0
19234,8662,223,2,900.0
19235,8663,212,2,12500.0
19236,8663,201,3,55000.0
19237,8664,223,4,900.0
19238,8664,228,1,3200.0
19239,8664,204,1,2500.0
19240,8664,209,2,2499.0
19241,8665,206,3,1999.0
19242,8665,228,2,3200.0
19243,8665,207,4,2999.0
19244,8666,203,4,1500.0
19245,8666,222,1,1800.0
19246,8666,207,3,2999.0
19247,8666,224,3,3500.0
19248,8667,225,4,3000.0
19249,8667,203,3,1500.0
19250,8668,207,4,2999.0
19251,8668,211,1,1500.0
19252,8668,214,3,28000.0
19253,8668,224,4,3500.0
19254,8669,225,1,3000.0
19255,8669,222,3,1800.0
19256,8669,212,1,12500.0
19257,8669,210,4,25000.0
19258,8670,216,2,1800.0
19259,8671,216,1,1800.0
19260,8671,209,3,2499.0
19261,8671,230,4,4800.0
19262,8672,213,2,2200.0
19263,8672,230,2,4800.0
19264,8672,216,1,1800.0
19265,8672,206,4,1999.0
19266,8673,204,3,2500.0
19267,8673,228,1,3200.0
19268,8673,221,2,5500.0
19269,8674,204,2,2500.0
19270,8674,210,3,25000.0
19271,8674,226,3,900.0
19272,8674,222,4,1800.0
19273,8675,201,3,55000.0
19274,8675,216,3,1800.0
19275,8675,210,4,25000.0
19276,8676,203,2,1500.0
19277,8676,227,2,1800.0
19278,8676,212,3,12500.0
19279,8677,207,3,2999.0
19280,8677,201,3,55000.0
19281,8678,204,4,2500.0
19282,8678,218,1,3500.0
19283,8678,229,2,6500.0
19284,8679,216,2,1800.0
19285,8679,213,3,2200.0
19286,8680,204,4,2500.0
19287,8681,221,1,5500.0
19288,8681,228,3,3200.0
19289,8681,212,4,12500.0
19290,8682,204,2,2500.0
19291,8682,227,2,1800.0
19292,8682,220,1,7000.0
19293,8682,219,2,8500.0
19294,8683,223,1,900.0
19295,8684,220,3,7000.0
19296,8684,224,2,3500.0
19297,8684,202,1,800.0
19298,8684,211,1,1500.0
19299,8685,211,4,1500.0
19300,8686,220,1,7000.0
19301,8686,212,4,12500.0
19302,8686,210,4,25000.0
19303,8687,216,1,1800.0
19304,8687,204,3,2500.0
19305,8687,210,1,25000.0
19306,8687,223,1,900.0
19307,8688,225,1,3000.0
19308,8688,203,1,1500.0
19309,8688,227,4,1800.0
19310,8689,206,3,1999.0
19311,8690,219,1,8500.0
19312,8690,223,1,900.0
19313,8690,211,2,1500.0
19314,8691,221,2,5500.0
19315,8691,225,4,3000.0
19316,8692,207,4,2999.0
19317,8692,202,1,800.0
19318,8693,212,1,12500.0
19319,8693,221,4,5500.0
19320,8693,204,1,2500.0
19321,8693,202,4,800.0
19322,8694,203,1,1500.0
19323,8695,228,3,3200.0
19324,8696,223,4,900.0
19325,8696,208,2,1499.0
19326,8697,211,4,1500.0
19327,8697,225,3,3000.0
19328,8698,225,3,3000.0
19329,8698,218,1,3500.0
19330,8698,230,3,4800.0
19331,8699,229,2,6500.0
19332,8699,212,4,12500.0
19333,8699,219,4,8500.0
19334,8699,204,4,2500.0
19335,8700,212,3,12500.0
19336,8700,217,3,500.0
19337,8700,221,2,5500.0
19338,8701,217,2,500.0
19339,8701,221,1,5500.0
19340,8702,214,1,28000.0
19341,8702,210,4,25000.0
19342,8702,206,2,1999.0
19343,8702,208,3,1499.0
19344,8703,210,2,25000.0
19345,8703,204,2,2500.0
19346,8703,227,1,1800.0
19347,8704,230,4,4800.0
19348,8704,222,1,1800.0
19349,8704,212,1,12500.0
19350,8705,225,3,3000.0
19351,8706,223,3,900.0
19352,8707,207,1,2999.0
19353,8707,222,1,1800.0
19354,8708,214,4,28000.0
19355,8708,212,3,12500.0
19356,8709,214,2,28000.0
19357,8709,218,4,3500.0
19358,8709,212,2,12500.0
19359,8709,222,3,1800.0
19360,8710,218,3,3500.0
19361,8711,219,2,8500.0
19362,8711,203,3,1500.0
19363,8712,211,2,1500.0
19364,8712,202,4,800.0
19365,8712,224,1,3500.0
19366,8712,222,3,1800.0
19367,8713,211,2,1500.0
19368,8714,210,4,25000.0
19369,8714,203,3,1500.0
19370,8714,208,3,1499.0
19371,8715,219,4,8500.0
19372,8715,211,1,1500.0
19373,8716,205,2,999.0
19374,8717,205,2,999.0
19375,8717,212,1,12500.0
19376,8718,202,3,800.0
19377,8719,202,1,800.0
19378,8719,204,2,2500.0
19379,8720,206,1,1999.0
19380,8721,219,4,8500.0
19381,8721,209,4,2499.0
19382,8721,227,1,1800.0
19383,8722,211,3,1500.0
19384,8722,229,1,6500.0
19385,8722,221,3,5500.0
19386,8723,202,2,800.0
19387,8723,206,1,1999.0
19388,8723,215,4,18000.0
19389,8724,224,4,3500.0
19390,8724,229,4,6500.0
19391,8725,214,2,28000.0
19392,8725,217,4,500.0
19393,8726,230,3,4800.0
19394,8726,226,4,900.0
19395,8726,202,1,800.0
19396,8726,220,1,7000.0
19397,8727,206,3,1999.0
19398,8728,203,1,1500.0
19399,8728,220,3,7000.0
19400,8728,216,4,1800.0
19401,8729,211,3,1500.0
19402,8729,218,3,3500.0
19403,8730,229,3,6500.0
19404,8730,215,1,18000.0
19405,8731,212,3,12500.0
19406,8731,220,2,7000.0
19407,8731,219,2,8500.0
19408,8732,214,3,28000.0
19409,8733,226,2,900.0
19410,8733,216,4,1800.0
19411,8734,213,1,2200.0
19412,8735,211,2,1500.0
19413,8735,213,1,2200.0
19414,8735,216,3,1800.0
19415,8735,229,4,6500.0
19416,8736,214,3,28000.0
19417,8736,217,2,500.0
19418,8736,226,4,900.0
19419,8736,203,1,1500.0
19420,8737,221,4,5500.0
19421,8737,205,2,999.0
19422,8737,201,3,55000.0
19423,8738,204,4,2500.0
19424,8738,226,4,900.0
19425,8738,208,2,1499.0
19426,8738,218,4,3500.0
19427,8739,205,2,999.0
19428,8739,207,3,2999.0
19429,8740,228,2,3200.0
19430,8740,208,2,1499.0
19431,8740,209,1,2499.0
19432,8741,203,1,1500.0
19433,8742,217,4,500.0
19434,8743,207,1,2999.0
19435,8744,206,1,1999.0
19436,8744,208,3,1499.0
19437,8744,215,1,18000.0
19438,8744,227,4,1800.0
19439,8745,210,1,25000.0
19440,8746,223,2,900.0
19441,8746,217,2,500.0
19442,8747,221,3,5500.0
19443,8747,219,4,8500.0
19444,8748,219,4,8500.0
19445,8749,223,4,900.0
19446,8749,212,1,12500.0
19447,8749,216,3,1800.0
19448,8750,201,4,55000.0
19449,8750,213,1,2200.0
19450,8750,205,2,999.0
19451,8750,227,4,1800.0
19452,8751,206,1,1999.0
19453,8751,213,1,2200.0
19454,8751,222,2,1800.0
19455,8751,201,2,55000.0
19456,8752,209,3,2499.0
19457,8752,203,1,1500.0
19458,8753,229,2,6500.0
19459,8754,211,1,1500.0
19460,8754,204,2,2500.0
19461,8755,212,4,12500.0
19462,8756,216,2,1800.0
19463,8756,221,4,5500.0
19464,8757,202,3,800.0
19465,8758,205,4,999.0
19466,8758,224,2,3500.0
19467,8758,214,3,28000.0
19468,8759,215,1,18000.0
19469,8759,228,2,3200.0
19470,8760,226,1,900.0
19471,8760,213,4,2200.0
19472,8761,226,2,900.0
19473,8761,208,4,1499.0
19474,8761,207,3,2999.0
19475,8762,207,2,2999.0
19476,8762,212,3,12500.0
19477,8763,227,4,1800.0
19478,8763,224,2,3500.0
19479,8763,228,4,3200.0
19480,8764,214,1,28000.0
19481,8764,204,1,2500.0
19482,8764,205,2,999.0
19483,8764,216,3,1800.0
19484,8765,218,4,3500.0
19485,8765,219,2,8500.0
19486,8765,217,2,500.0
19487,8766,217,3,500.0
19488,8767,230,3,4800.0
19489,8767,225,4,3000.0
19490,8767,201,4,55000.0
19491,8768,208,3,1499.0
19492,8768,222,2,1800.0
19493,8768,210,1,25000.0
19494,8768,220,2,7000.0
19495,8769,207,4,2999.0
19496,8769,219,3,8500.0
19497,8769,210,2,25000.0
19498,8770,217,4,500.0
19499,8771,218,1,3500.0
19500,8771,220,1,7000.0
19501,8772,212,2,12500.0
19502,8773,201,3,55000.0
19503,8774,203,3,1500.0
19504,8774,226,2,900.0
19505,8775,205,4,999.0
19506,8776,218,4,3500.0
19507,8776,216,3,1800.0
19508,8776,202,1,800.0
19509,8776,211,1,1500.0
19510,8777,203,1,1500.0
19511,8777,217,1,500.0
19512,8778,227,4,1800.0
19513,8778,228,2,3200.0
19514,8778,206,4,1999.0
19515,8779,221,1,5500.0
19516,8779,215,3,18000.0
19517,8779,228,1,3200.0
19518,8779,214,4,28000.0
19519,8780,220,1,7000.0
19520,8781,229,1,6500.0
19521,8781,201,4,55000.0
19522,8781,230,3,4800.0
19523,8782,206,1,1999.0
19524,8782,209,2,2499.0
19525,8783,213,2,2200.0
19526,8783,208,2,1499.0
19527,8783,207,1,2999.0
19528,8783,230,3,4800.0
19529,8784,218,2,3500.0
19530,8784,226,1,900.0
19531,8784,216,1,1800.0
19532,8784,221,2,5500.0
19533,8785,223,4,900.0
19534,8786,221,1,5500.0
19535,8786,211,2,1500.0
19536,8786,215,3,18000.0
19537,8786,205,2,999.0
19538,8787,206,4,1999.0
19539,8787,224,1,3500.0
19540,8788,218,1,3500.0
19541,8788,212,2,12500.0
19542,8788,227,2,1800.0
19543,8788,228,1,3200.0
19544,8789,217,1,500.0
19545,8789,224,4,3500.0
19546,8789,214,4,28000.0
19547,8789,221,2,5500.0
19548,8790,205,3,999.0
19549,8791,218,3,3500.0
19550,8791,214,2,28000.0
19551,8791,215,3,18000.0
19552,8792,222,4,1800.0
19553,8793,229,3,6500.0
19554,8793,208,4,1499.0
19555,8793,221,3,5500.0
19556,8794,203,1,1500.0
19557,8795,214,4,28000.0
19558,8795,202,4,800.0
19559,8795,210,3,25000.0
19560,8795,213,4,2200.0
19561,8796,204,2,2500.0
19562,8796,210,2,25000.0
19563,8797,221,1,5500.0
19564,8798,222,3,1800.0
19565,8798,206,3,1999.0
19566,8799,203,4,1500.0
19567,8799,213,2,2200.0
19568,8800,207,4,2999.0
19569,8800,228,2,3200.0
19570,8800,215,3,18000.0
19571,8800,218,4,3500.0
19572,8801,214,1,28000.0
19573,8801,226,1,900.0
19574,8801,220,1,7000.0
19575,8801,219,4,8500.0
19576,8802,216,4,1800.0
19577,8802,226,3,900.0
19578,8802,203,3,1500.0
19579,8802,227,4,1800.0
19580,8803,201,1,55000.0
19581,8803,229,1,6500.0
19582,8803,225,2,3000.0
19583,8803,224,4,3500.0
19584,8804,201,3,55000.0
19585,8804,222,2,1800.0
19586,8805,224,4,3500.0
19587,8805,209,2,2499.0
19588,8805,213,2,2200.0
19589,8805,208,3,1499.0
19590,8806,208,2,1499.0
19591,8807,207,3,2999.0
19592,8808,213,1,2200.0
19593,8809,212,1,12500.0
19594,8810,224,2,3500.0
19595,8810,228,3,3200.0
19596,8811,214,2,28000.0
19597,8812,209,1,2499.0
19598,8812,210,3,25000.0
19599,8812,220,2,7000.0
19600,8813,224,3,3500.0
19601,8814,224,4,3500.0
19602,8814,214,1,28000.0
19603,8815,215,1,18000.0
19604,8816,223,4,900.0
19605,8817,206,3,1999.0
19606,8818,223,2,900.0
19607,8818,226,2,900.0
19608,8819,217,3,500.0
19609,8819,209,2,2499.0
19610,8819,225,2,3000.0
19611,8819,201,4,55000.0
19612,8820,218,3,3500.0
19613,8820,201,4,55000.0
19614,8820,204,3,2500.0
19615,8821,222,1,1800.0
19616,8822,230,1,4800.0
19617,8823,202,3,800.0
19618,8823,209,2,2499.0
19619,8824,212,1,12500.0
19620,8825,209,4,2499.0
19621,8825,203,2,1500.0
19622,8826,224,1,3500.0
19623,8827,219,4,8500.0
19624,8828,228,1,3200.0
19625,8829,230,1,4800.0
19626,8829,222,1,1800.0
19627,8830,225,4,3000.0
19628,8830,212,4,12500.0
19629,8830,223,2,900.0
19630,8831,227,1,1800.0
19631,8831,223,3,900.0
19632,8832,205,3,999.0
19633,8832,203,3,1500.0
19634,8832,229,2,6500.0
19635,8832,219,4,8500.0
19636,8833,207,4,2999.0
19637,8833,227,3,1800.0
19638,8834,220,4,7000.0
19639,8834,202,2,800.0
19640,8834,206,4,1999.0
19641,8835,209,1,2499.0
19642,8835,214,4,28000.0
19643,8835,230,1,4800.0
19644,8836,218,1,3500.0
19645,8836,211,2,1500.0
19646,8837,212,3,12500.0
19647,8838,206,4,1999.0
19648,8838,221,4,5500.0
19649,8838,210,1,25000.0
19650,8838,215,3,18000.0
19651,8839,205,3,999.0
19652,8840,224,4,3500.0
19653,8840,215,4,18000.0
19654,8840,203,2,1500.0
19655,8841,226,1,900.0
19656,8841,222,2,1800.0
19657,8841,217,3,500.0
19658,8841,211,4,1500.0
19659,8842,205,4,999.0
19660,8843,224,4,3500.0
19661,8843,220,2,7000.0
19662,8844,227,3,1800.0
19663,8844,228,4,3200.0
19664,8844,230,4,4800.0
19665,8844,209,2,2499.0
19666,8845,201,2,55000.0
19667,8845,205,3,999.0
19668,8845,215,3,18000.0
19669,8846,225,4,3000.0
19670,8846,204,4,2500.0
19671,8847,212,1,12500.0
19672,8847,206,3,1999.0
19673,8848,207,3,2999.0
19674,8848,202,4,800.0
19675,8849,227,1,1800.0
19676,8849,221,1,5500.0
19677,8849,230,4,4800.0
19678,8850,206,1,1999.0
19679,8850,205,3,999.0
19680,8850,229,3,6500.0
19681,8851,207,3,2999.0
19682,8852,207,3,2999.0
19683,8852,215,3,18000.0
19684,8852,201,1,55000.0
19685,8852,221,4,5500.0
19686,8853,216,4,1800.0
19687,8853,214,4,28000.0
19688,8853,230,3,4800.0
19689,8854,201,3,55000.0
19690,8855,209,4,2499.0
19691,8855,202,4,800.0
19692,8855,207,2,2999.0
19693,8855,227,4,1800.0
19694,8856,216,4,1800.0
19695,8856,228,4,3200.0
19696,8856,211,2,1500.0
19697,8857,217,4,500.0
19698,8857,227,1,1800.0
19699,8858,204,1,2500.0
19700,8859,206,1,1999.0
19701,8860,206,3,1999.0
19702,8860,213,4,2200.0
19703,8860,214,3,28000.0
19704,8860,215,3,18000.0
19705,8861,208,3,1499.0
19706,8861,226,1,900.0
19707,8862,230,1,4800.0
19708,8863,202,2,800.0
19709,8863,215,2,18000.0
19710,8863,205,2,999.0
19711,8864,219,3,8500.0
19712,8864,213,4,2200.0
19713,8864,208,2,1499.0
19714,8864,229,1,6500.0
19715,8865,207,2,2999.0
19716,8865,206,3,1999.0
19717,8865,216,2,1800.0
19718,8866,203,1,1500.0
19719,8866,217,2,500.0
19720,8867,217,4,500.0
19721,8868,208,4,1499.0
19722,8869,227,2,1800.0
19723,8869,210,2,25000.0
19724,8870,208,1,1499.0
19725,8871,215,2,18000.0
19726,8871,217,2,500.0
19727,8871,212,3,12500.0
19728,8872,211,4,1500.0
19729,8872,224,1,3500.0
19730,8872,216,3,1800.0
19731,8873,209,3,2499.0
19732,8873,204,1,2500.0
19733,8873,220,2,7000.0
19734,8873,216,1,1800.0
19735,8874,205,3,999.0
19736,8874,221,2,5500.0
19737,8874,211,1,1500.0
19738,8874,223,3,900.0
19739,8875,207,1,2999.0
19740,8875,211,4,1500.0
19741,8875,225,3,3000.0
19742,8876,207,3,2999.0
19743,8876,214,3,28000.0
19744,8876,216,3,1800.0
19745,8876,208,1,1499.0
19746,8877,208,3,1499.0
19747,8877,202,2,800.0
19748,8877,229,3,6500.0
19749,8878,214,4,28000.0
19750,8878,205,4,999.0
19751,8879,202,2,800.0
19752,8880,228,4,3200.0
19753,8880,201,2,55000.0
19754,8881,219,2,8500.0
19755,8881,225,2,3000.0
19756,8881,206,3,1999.0
19757,8882,202,1,800.0
19758,8882,216,3,1800.0
19759,8882,221,3,5500.0
19760,8882,203,3,1500.0
19761,8883,220,2,7000.0
19762,8883,213,4,2200.0
19763,8883,227,4,1800.0
19764,8884,209,4,2499.0
19765,8884,211,3,1500.0
19766,8884,210,1,25000.0
19767,8884,229,1,6500.0
19768,8885,221,2,5500.0
19769,8885,206,1,1999.0
19770,8886,224,1,3500.0
19771,8886,206,3,1999.0
19772,8887,217,3,500.0
19773,8887,221,2,5500.0
19774,8887,202,3,800.0
19775,8887,207,4,2999.0
19776,8888,206,1,1999.0
19777,8888,224,3,3500.0
19778,8889,228,3,3200.0
19779,8889,205,1,999.0
19780,8889,220,1,7000.0
19781,8890,214,3,28000.0
19782,8890,204,4,2500.0
19783,8890,213,1,2200.0
19784,8891,217,3,500.0
19785,8891,220,3,7000.0
19786,8892,204,4,2500.0
19787,8892,215,4,18000.0
19788,8892,209,3,2499.0
19789,8893,204,4,2500.0
19790,8893,203,1,1500.0
19791,8893,226,1,900.0
19792,8894,227,4,1800.0
19793,8894,218,3,3500.0
19794,8894,223,2,900.0
19795,8894,214,3,28000.0
19796,8895,230,4,4800.0
19797,8896,209,2,2499.0
19798,8896,204,3,2500.0
19799,8896,229,4,6500.0
19800,8896,206,2,1999.0
19801,8897,215,4,18000.0
19802,8897,209,4,2499.0
19803,8898,202,3,800.0
19804,8898,214,4,28000.0
19805,8898,211,4,1500.0
19806,8899,205,3,999.0
19807,8899,214,2,28000.0
19808,8900,205,2,999.0
19809,8900,209,4,2499.0
19810,8900,207,1,2999.0
19811,8900,230,1,4800.0
19812,8901,213,3,2200.0
19813,8901,206,3,1999.0
19814,8902,210,3,25000.0
19815,8903,204,3,2500.0
19816,8903,228,3,3200.0
19817,8903,218,3,3500.0
19818,8904,217,2,500.0
19819,8904,225,4,3000.0
19820,8905,203,2,1500.0
19821,8905,229,2,6500.0
19822,8906,226,1,900.0
19823,8906,229,2,6500.0
19824,8906,210,2,25000.0
19825,8907,230,4,4800.0
19826,8907,207,3,2999.0
19827,8907,229,3,6500.0
19828,8907,208,4,1499.0
19829,8908,214,4,28000.0
19830,8908,229,4,6500.0
19831,8908,230,2,4800.0
19832,8909,205,3,999.0
19833,8909,220,3,7000.0
19834,8909,203,4,1500.0
19835,8909,226,4,900.0
19836,8910,221,1,5500.0
19837,8910,208,1,1499.0
19838,8910,215,1,18000.0
19839,8911,201,3,55000.0
19840,8911,217,4,500.0
19841,8911,205,4,999.0
19842,8912,220,1,7000.0
19843,8912,228,3,3200.0
19844,8913,223,2,900.0
19845,8913,206,3,1999.0
19846,8913,230,4,4800.0
19847,8913,209,1,2499.0
19848,8914,220,4,7000.0
19849,8915,222,1,1800.0
19850,8915,227,1,1800.0
19851,8916,229,4,6500.0
19852,8916,215,4,18000.0
19853,8917,219,1,8500.0
19854,8917,204,1,2500.0
19855,8917,201,2,55000.0
19856,8918,214,1,28000.0
19857,8918,207,1,2999.0
19858,8919,222,1,1800.0
19859,8919,216,4,1800.0
19860,8920,215,1,18000.0
19861,8920,216,1,1800.0
19862,8920,224,4,3500.0
19863,8920,223,2,900.0
19864,8921,210,1,25000.0
19865,8921,209,2,2499.0
19866,8921,204,1,2500.0
19867,8921,229,1,6500.0
19868,8922,204,3,2500.0
19869,8923,218,1,3500.0
19870,8923,206,1,1999.0
19871,8923,212,1,12500.0
19872,8923,227,1,1800.0
19873,8924,227,2,1800.0
19874,8924,223,4,900.0
19875,8925,209,3,2499.0
19876,8926,209,2,2499.0
19877,8926,229,2,6500.0
19878,8926,224,4,3500.0
19879,8926,208,4,1499.0
19880,8927,226,2,900.0
19881,8927,205,2,999.0
19882,8927,230,3,4800.0
19883,8927,219,4,8500.0
19884,8928,225,1,3000.0
19885,8928,208,1,1499.0
19886,8928,229,1,6500.0
19887,8928,222,1,1800.0
19888,8929,216,1,1800.0
19889,8929,228,1,3200.0
19890,8930,227,2,1800.0
19891,8930,224,3,3500.0
19892,8930,219,2,8500.0
19893,8931,223,3,900.0
19894,8932,204,2,2500.0
19895,8932,210,3,25000.0
19896,8933,202,4,800.0
19897,8933,223,1,900.0
19898,8933,206,3,1999.0
19899,8933,203,4,1500.0
19900,8934,201,1,55000.0
19901,8934,208,3,1499.0
19902,8934,225,2,3000.0
19903,8934,226,3,900.0
19904,8935,226,3,900.0
19905,8936,204,2,2500.0
19906,8936,216,2,1800.0
19907,8937,222,3,1800.0
19908,8938,213,4,2200.0
19909,8939,209,1,2499.0
19910,8939,225,2,3000.0
19911,8940,218,4,3500.0
19912,8941,202,2,800.0
19913,8941,222,3,1800.0
19914,8941,230,1,4800.0
19915,8941,226,3,900.0
19916,8942,220,2,7000.0
19917,8943,201,4,55000.0
19918,8943,227,4,1800.0
19919,8944,208,4,1499.0
19920,8945,218,3,3500.0
19921,8945,204,2,2500.0
19922,8945,222,3,1800.0
19923,8945,216,2,1800.0
19924,8946,201,2,55000.0
19925,8947,204,2,2500.0
19926,8947,228,4,3200.0
19927,8947,220,4,7000.0
19928,8948,224,1,3500.0
19929,8948,214,1,28000.0
19930,8949,215,2,18000.0
19931,8949,207,3,2999.0
19932,8949,225,3,3000.0
19933,8949,222,1,1800.0
19934,8950,206,1,1999.0
19935,8950,205,2,999.0
19936,8950,223,2,900.0
19937,8951,213,3,2200.0
19938,8951,201,2,55000.0
19939,8952,215,2,18000.0
19940,8952,218,4,3500.0
19941,8952,213,2,2200.0
19942,8952,203,1,1500.0
19943,8953,230,3,4800.0
19944,8953,217,4,500.0
19945,8954,227,4,1800.0
19946,8955,216,1,1800.0
19947,8955,211,3,1500.0
19948,8956,229,3,6500.0
19949,8956,230,1,4800.0
19950,8956,226,4,900.0
19951,8956,212,2,12500.0
19952,8957,213,3,2200.0
19953,8958,227,1,1800.0
19954,8958,207,3,2999.0
19955,8958,216,1,1800.0
19956,8958,220,3,7000.0
19957,8959,208,4,1499.0
19958,8959,226,2,900.0
19959,8960,214,2,28000.0
19960,8960,203,4,1500.0
19961,8960,211,4,1500.0
19962,8960,219,1,8500.0
19963,8961,216,4,1800.0
19964,8961,219,2,8500.0
19965,8961,214,4,28000.0
19966,8961,204,4,2500.0
19967,8962,225,3,3000.0
19968,8962,214,4,28000.0
19969,8962,226,1,900.0
19970,8962,223,2,900.0
19971,8963,212,3,12500.0
19972,8963,204,1,2500.0
19973,8964,229,3,6500.0
19974,8965,210,1,25000.0
19975,8965,204,2,2500.0
19976,8965,202,1,800.0
19977,8966,208,3,1499.0
19978,8966,209,1,2499.0
19979,8967,214,4,28000.0
19980,8967,230,1,4800.0
19981,8967,229,1,6500.0
19982,8967,202,2,800.0
19983,8968,214,1,28000.0
19984,8969,224,1,3500.0
19985,8969,221,1,5500.0
19986,8969,215,1,18000.0
19987,8970,225,2,3000.0
19988,8971,204,2,2500.0
19989,8971,209,2,2499.0
19990,8971,207,2,2999.0
19991,8971,221,1,5500.0
19992,8972,229,1,6500.0
19993,8973,224,2,3500.0
19994,8973,205,3,999.0
19995,8973,201,4,55000.0
19996,8974,219,2,8500.0
19997,8974,217,3,500.0
19998,8974,224,4,3500.0
19999,8975,206,2,1999.0
20000,8975,201,2,55000.0
20001,8976,228,1,3200.0
20002,8977,203,1,1500.0
20003,8977,209,3,2499.0
20004,8978,226,1,900.0
20005,8978,208,3,1499.0
20006,8979,225,2,3000.0
20007,8979,208,4,1499.0
20008,8979,223,4,900.0
20009,8979,221,2,5500.0
20010,8980,212,2,12500.0
20011,8980,216,3,1800.0
20012,8980,211,3,1500.0
20013,8980,217,4,500.0
20014,8981,223,3,900.0
20015,8982,213,3,2200.0
20016,8983,227,4,1800.0
20017,8983,202,2,800.0
20018,8984,212,4,12500.0
20019,8984,229,3,6500.0
20020,8985,207,1,2999.0
20021,8985,201,3,55000.0
20022,8985,223,1,900.0
20023,8986,209,1,2499.0
20024,8986,226,1,900.0
20025,8986,224,1,3500.0
20026,8986,221,3,5500.0
20027,8987,212,3,12500.0
20028,8987,210,1,25000.0
20029,8988,205,4,999.0
20030,8988,204,4,2500.0
20031,8988,202,4,800.0
20032,8988,229,3,6500.0
20033,8989,210,3,25000.0
20034,8989,224,3,3500.0
20035,8989,207,4,2999.0
20036,8990,203,1,1500.0
20037,8990,220,2,7000.0
20038,8990,212,2,12500.0
20039,8990,211,4,1500.0
20040,8991,206,3,1999.0
20041,8991,224,3,3500.0
20042,8992,216,2,1800.0
20043,8992,204,1,2500.0
20044,8992,212,1,12500.0
20045,8992,221,3,5500.0
20046,8993,219,3,8500.0
20047,8994,203,3,1500.0
20048,8994,215,4,18000.0
20049,8995,201,4,55000.0
20050,8995,226,3,900.0
20051,8995,208,1,1499.0
20052,8995,204,2,2500.0
20053,8996,216,1,1800.0
20054,8996,225,4,3000.0
20055,8996,212,4,12500.0
20056,8997,208,4,1499.0
20057,8997,204,2,2500.0
20058,8998,212,1,12500.0
20059,8999,223,1,900.0
20060,9000,205,3,999.0
20061,9000,214,1,28000.0
20062,9000,210,3,25000.0
20063,9001,229,3,6500.0
20064,9001,225,4,3000.0
20065,9002,203,1,1500.0
20066,9002,208,3,1499.0
20067,9003,217,4,500.0
20068,9004,212,1,12500.0
20069,9005,207,3,2999.0
20070,9005,219,3,8500.0
20071,9005,227,1,1800.0
20072,9006,224,3,3500.0
20073,9006,209,2,2499.0
20074,9006,225,4,3000.0
20075,9006,222,4,1800.0
20076,9007,211,2,1500.0
20077,9007,216,4,1800.0
20078,9007,210,3,25000.0
20079,9008,211,2,1500.0
20080,9009,220,3,7000.0
20081,9009,227,3,1800.0
20082,9009,206,3,1999.0
20083,9009,215,4,18000.0
20084,9010,223,2,900.0
20085,9010,214,4,28000.0
20086,9011,215,3,18000.0
20087,9012,216,4,1800.0
20088,9013,213,3,2200.0
20089,9013,223,1,900.0
20090,9013,226,2,900.0
20091,9013,216,4,1800.0
20092,9014,218,2,3500.0
20093,9014,220,4,7000.0
20094,9015,204,2,2500.0
20095,9015,201,2,55000.0
20096,9015,209,1,2499.0
20097,9016,229,3,6500.0
20098,9016,225,1,3000.0
20099,9016,208,1,1499.0
20100,9017,209,4,2499.0
20101,9017,208,4,1499.0
20102,9018,210,2,25000.0
20103,9018,218,1,3500.0
20104,9018,229,2,6500.0
20105,9019,217,1,500.0
20106,9019,211,2,1500.0
20107,9019,212,3,12500.0
20108,9019,215,3,18000.0
20109,9020,228,3,3200.0
20110,9020,215,1,18000.0
20111,9020,212,1,12500.0
20112,9020,225,2,3000.0
20113,9021,210,1,25000.0
20114,9022,221,3,5500.0
20115,9022,222,2,1800.0
20116,9022,215,2,18000.0
20117,9023,206,2,1999.0
20118,9023,204,2,2500.0
20119,9023,202,4,800.0
20120,9023,203,2,1500.0
20121,9024,220,1,7000.0
20122,9024,206,2,1999.0
20123,9024,211,1,1500.0
20124,9025,212,2,12500.0
20125,9025,230,3,4800.0
20126,9025,220,2,7000.0
20127,9025,204,2,2500.0
20128,9026,208,4,1499.0
20129,9026,215,2,18000.0
20130,9026,222,4,1800.0
20131,9026,202,2,800.0
20132,9027,209,3,2499.0
20133,9027,208,3,1499.0
20134,9027,214,1,28000.0
20135,9028,217,1,500.0
20136,9028,218,4,3500.0
20137,9028,221,2,5500.0
20138,9029,206,4,1999.0
20139,9030,225,4,3000.0
20140,9031,209,1,2499.0
20141,9031,206,1,1999.0
20142,9032,201,2,55000.0
20143,9032,218,1,3500.0
20144,9032,206,4,1999.0
20145,9033,216,3,1800.0
20146,9033,227,4,1800.0
20147,9033,223,1,900.0
20148,9033,211,3,1500.0
20149,9034,221,2,5500.0
20150,9034,207,2,2999.0
20151,9034,208,2,1499.0
20152,9034,222,4,1800.0
20153,9035,228,1,3200.0
20154,9035,202,4,800.0
20155,9036,204,4,2500.0
20156,9037,221,4,5500.0
20157,9038,226,3,900.0
20158,9038,223,2,900.0
20159,9038,205,2,999.0
20160,9039,229,4,6500.0
20161,9039,227,3,1800.0
20162,9040,230,1,4800.0
20163,9040,227,3,1800.0
20164,9041,228,2,3200.0
20165,9041,205,2,999.0
20166,9041,210,2,25000.0
20167,9041,227,3,1800.0
20168,9042,217,3,500.0
20169,9042,215,1,18000.0
20170,9042,211,1,1500.0
20171,9042,209,1,2499.0
20172,9043,212,2,12500.0
20173,9044,214,2,28000.0
20174,9044,202,4,800.0
20175,9044,229,1,6500.0
20176,9044,223,2,900.0
20177,9045,230,2,4800.0
20178,9045,206,2,1999.0
20179,9045,210,2,25000.0
20180,9046,202,3,800.0
20181,9046,211,2,1500.0
20182,9046,215,4,18000.0
20183,9047,229,1,6500.0
20184,9047,230,2,4800.0
20185,9048,226,1,900.0
20186,9049,227,3,1800.0
20187,9049,211,1,1500.0
20188,9049,223,4,900.0
20189,9049,222,3,1800.0
20190,9050,226,4,900.0
20191,9051,218,2,3500.0
20192,9052,203,1,1500.0
20193,9053,229,3,6500.0
20194,9054,228,1,3200.0
20195,9055,208,3,1499.0
20196,9055,219,2,8500.0
20197,9056,217,1,500.0
20198,9056,224,2,3500.0
20199,9057,207,3,2999.0
20200,9057,203,3,1500.0
20201,9058,213,3,2200.0
20202,9059,218,2,3500.0
20203,9059,208,1,1499.0
20204,9059,219,2,8500.0
20205,9059,225,4,3000.0
20206,9060,219,4,8500.0
20207,9060,208,3,1499.0
20208,9061,230,4,4800.0
20209,9061,210,2,25000.0
20210,9061,217,3,500.0
20211,9062,222,1,1800.0
20212,9062,208,2,1499.0
20213,9062,205,3,999.0
20214,9063,217,1,500.0
20215,9063,204,4,2500.0
20216,9063,219,2,8500.0
20217,9064,220,3,7000.0
20218,9064,228,1,3200.0
20219,9064,226,4,900.0
20220,9065,227,2,1800.0
20221,9065,211,2,1500.0
20222,9065,214,2,28000.0
20223,9065,221,4,5500.0
20224,9066,212,4,12500.0
20225,9066,220,3,7000.0
20226,9066,229,4,6500.0
20227,9066,202,4,800.0
20228,9067,229,2,6500.0
20229,9068,218,1,3500.0
20230,9069,201,4,55000.0
20231,9069,222,3,1800.0
20232,9069,203,1,1500.0
20233,9069,223,4,900.0
20234,9070,227,4,1800.0
20235,9070,204,1,2500.0
20236,9071,210,4,25000.0
20237,9071,224,1,3500.0
20238,9071,207,4,2999.0
20239,9071,203,2,1500.0
20240,9072,223,2,900.0
20241,9072,227,4,1800.0
20242,9072,218,2,3500.0
20243,9072,222,3,1800.0
20244,9073,212,1,12500.0
20245,9073,206,4,1999.0
20246,9073,208,3,1499.0
20247,9073,217,2,500.0
20248,9074,226,1,900.0
20249,9074,227,3,1800.0
20250,9074,230,2,4800.0
20251,9075,228,1,3200.0
20252,9075,220,4,7000.0
20253,9075,205,2,999.0
20254,9075,216,2,1800.0
20255,9076,201,3,55000.0
20256,9076,212,1,12500.0
20257,9077,222,4,1800.0
20258,9077,213,1,2200.0
20259,9077,212,3,12500.0
20260,9078,217,1,500.0
20261,9078,201,2,55000.0
20262,9079,230,4,4800.0
20263,9079,213,1,2200.0
20264,9079,228,1,3200.0
20265,9080,224,2,3500.0
20266,9080,218,2,3500.0
20267,9080,207,1,2999.0
20268,9081,218,3,3500.0
20269,9082,224,4,3500.0
20270,9082,230,2,4800.0
20271,9082,203,2,1500.0
20272,9083,229,1,6500.0
20273,9084,228,3,3200.0
20274,9084,203,2,1500.0
20275,9084,211,1,1500.0
20276,9085,213,2,2200.0
20277,9086,221,3,5500.0
20278,9086,213,4,2200.0
20279,9086,225,1,3000.0
20280,9087,230,2,4800.0
20281,9087,215,4,18000.0
20282,9087,229,2,6500.0
20283,9087,226,3,900.0
20284,9088,202,4,800.0
20285,9089,204,4,2500.0
20286,9089,201,1,55000.0
20287,9089,205,2,999.0
20288,9089,229,3,6500.0
20289,9090,205,1,999.0
20290,9091,207,3,2999.0
20291,9092,209,4,2499.0
20292,9092,225,3,3000.0
20293,9093,219,3,8500.0
20294,9093,203,4,1500.0
20295,9094,219,4,8500.0
20296,9095,226,3,900.0
20297,9095,201,1,55000.0
20298,9096,217,4,500.0
20299,9096,222,3,1800.0
20300,9096,221,1,5500.0
20301,9097,219,1,8500.0
20302,9097,210,1,25000.0
20303,9097,221,4,5500.0
20304,9097,229,2,6500.0
20305,9098,201,2,55000.0
20306,9098,210,3,25000.0
20307,9099,217,3,500.0
20308,9099,201,3,55000.0
20309,9099,213,4,2200.0
20310,9100,211,3,1500.0
20311,9101,206,1,1999.0
20312,9102,215,1,18000.0
20313,9102,214,3,28000.0
20314,9102,222,4,1800.0
20315,9102,223,1,900.0
20316,9103,203,1,1500.0
20317,9104,218,1,3500.0
20318,9105,212,3,12500.0
20319,9105,202,3,800.0
20320,9105,205,1,999.0
20321,9105,227,2,1800.0
20322,9106,226,3,900.0
20323,9106,230,4,4800.0
20324,9106,204,3,2500.0
20325,9107,211,1,1500.0
20326,9107,227,3,1800.0
20327,9107,213,4,2200.0
20328,9108,201,4,55000.0
20329,9108,202,3,800.0
20330,9109,228,2,3200.0
20331,9109,202,1,800.0
20332,9109,226,1,900.0
20333,9110,219,1,8500.0
20334,9111,206,1,1999.0
20335,9111,218,4,3500.0
20336,9111,222,3,1800.0
20337,9112,210,1,25000.0
20338,9112,218,2,3500.0
20339,9113,202,1,800.0
20340,9113,229,4,6500.0
20341,9113,208,3,1499.0
20342,9114,229,1,6500.0
20343,9114,218,1,3500.0
20344,9114,216,3,1800.0
20345,9114,217,3,500.0
20346,9115,202,1,800.0
20347,9115,228,3,3200.0
20348,9115,212,1,12500.0
20349,9115,229,2,6500.0
20350,9116,216,3,1800.0
20351,9116,227,4,1800.0
20352,9116,223,2,900.0
20353,9117,221,1,5500.0
20354,9118,204,4,2500.0
20355,9118,215,4,18000.0
20356,9118,225,1,3000.0
20357,9119,221,3,5500.0
20358,9119,217,4,500.0
20359,9119,227,1,1800.0
20360,9120,228,1,3200.0
20361,9120,225,1,3000.0
20362,9120,220,3,7000.0
20363,9121,212,2,12500.0
20364,9121,213,3,2200.0
20365,9121,207,4,2999.0
20366,9121,202,4,800.0
20367,9122,210,4,25000.0
20368,9122,211,4,1500.0
20369,9122,205,2,999.0
20370,9123,217,2,500.0
20371,9123,213,1,2200.0
20372,9123,220,2,7000.0
20373,9124,225,3,3000.0
20374,9125,209,3,2499.0
20375,9125,207,3,2999.0
20376,9125,224,1,3500.0
20377,9126,213,2,2200.0
20378,9126,209,4,2499.0
20379,9126,226,3,900.0
20380,9127,214,1,28000.0
20381,9127,208,4,1499.0
20382,9127,220,3,7000.0
20383,9127,211,4,1500.0
20384,9128,221,3,5500.0
20385,9128,209,1,2499.0
20386,9128,208,4,1499.0
20387,9128,227,2,1800.0
20388,9129,205,1,999.0
20389,9130,219,4,8500.0
20390,9130,230,1,4800.0
20391,9131,207,3,2999.0
20392,9131,218,1,3500.0
20393,9131,210,3,25000.0
20394,9132,220,3,7000.0
20395,9132,230,2,4800.0
20396,9132,225,4,3000.0
20397,9133,207,4,2999.0
20398,9134,209,1,2499.0
20399,9134,225,4,3000.0
20400,9135,206,4,1999.0
20401,9135,207,3,2999.0
20402,9136,222,4,1800.0
20403,9136,216,1,1800.0
20404,9137,214,1,28000.0
20405,9137,211,4,1500.0
20406,9138,223,3,900.0
20407,9138,203,2,1500.0
20408,9138,210,2,25000.0
20409,9139,229,2,6500.0
20410,9139,218,1,3500.0
20411,9139,220,2,7000.0
20412,9139,227,1,1800.0
20413,9140,228,2,3200.0
20414,9140,216,4,1800.0
20415,9140,209,4,2499.0
20416,9140,229,1,6500.0
20417,9141,222,2,1800.0
20418,9141,213,3,2200.0
20419,9141,212,4,12500.0
20420,9141,229,3,6500.0
20421,9142,220,1,7000.0
20422,9142,221,4,5500.0
20423,9142,225,3,3000.0
20424,9142,218,2,3500.0
20425,9143,220,1,7000.0
20426,9143,212,2,12500.0
20427,9144,227,1,1800.0
20428,9145,209,2,2499.0
20429,9146,205,2,999.0
20430,9146,207,4,2999.0
20431,9146,215,3,18000.0
20432,9146,224,4,3500.0
20433,9147,214,1,28000.0
20434,9147,218,3,3500.0
20435,9147,215,4,18000.0
20436,9147,229,3,6500.0
20437,9148,227,4,1800.0
20438,9148,209,1,2499.0
20439,9148,205,4,999.0
20440,9149,211,4,1500.0
20441,9149,225,1,3000.0
20442,9149,230,2,4800.0
20443,9150,214,1,28000.0
20444,9150,221,4,5500.0
20445,9150,209,4,2499.0
20446,9151,225,3,3000.0
20447,9151,208,4,1499.0
20448,9151,202,4,800.0
20449,9152,224,1,3500.0
20450,9153,203,4,1500.0
20451,9153,220,1,7000.0
20452,9154,212,3,12500.0
20453,9154,230,3,4800.0
20454,9155,212,2,12500.0
20455,9155,204,3,2500.0
20456,9155,201,3,55000.0
20457,9155,220,4,7000.0
20458,9156,214,1,28000.0
20459,9156,228,1,3200.0
20460,9156,229,3,6500.0
20461,9157,210,3,25000.0
20462,9157,214,1,28000.0
20463,9157,215,2,18000.0
20464,9158,202,1,800.0
20465,9159,213,3,2200.0
20466,9159,225,4,3000.0
20467,9160,204,2,2500.0
20468,9160,223,1,900.0
20469,9161,210,1,25000.0
20470,9161,221,4,5500.0
20471,9161,227,4,1800.0
20472,9162,218,4,3500.0
20473,9162,203,2,1500.0
20474,9163,222,3,1800.0
20475,9163,228,3,3200.0
20476,9163,219,4,8500.0
20477,9163,221,2,5500.0
20478,9164,226,4,900.0
20479,9164,212,3,12500.0
20480,9165,226,3,900.0
20481,9165,207,4,2999.0
20482,9166,229,3,6500.0
20483,9167,222,2,1800.0
20484,9167,228,1,3200.0
20485,9167,227,3,1800.0
20486,9168,221,3,5500.0
20487,9168,223,3,900.0
20488,9168,205,3,999.0
20489,9168,225,2,3000.0
20490,9169,206,3,1999.0
20491,9169,227,3,1800.0
20492,9170,218,4,3500.0
20493,9171,206,4,1999.0
20494,9171,222,3,1800.0
20495,9171,217,4,500.0
20496,9172,229,2,6500.0
20497,9173,213,2,2200.0
20498,9173,209,3,2499.0
20499,9174,213,4,2200.0
20500,9174,215,4,18000.0
20501,9175,215,4,18000.0
20502,9176,214,4,28000.0
20503,9176,213,4,2200.0
20504,9176,207,2,2999.0
20505,9176,203,3,1500.0
20506,9177,223,3,900.0
20507,9177,217,3,500.0
20508,9178,215,4,18000.0
20509,9178,208,3,1499.0
20510,9179,229,3,6500.0
20511,9179,216,4,1800.0
20512,9180,214,4,28000.0
20513,9180,217,3,500.0
20514,9180,226,1,900.0
20515,9181,229,2,6500.0
20516,9181,219,3,8500.0
20517,9181,202,2,800.0
20518,9182,215,4,18000.0
20519,9182,208,2,1499.0
20520,9182,205,3,999.0
20521,9183,221,2,5500.0
20522,9184,209,2,2499.0
20523,9185,201,2,55000.0
20524,9186,217,3,500.0
20525,9187,203,1,1500.0
20526,9187,208,3,1499.0
20527,9187,224,3,3500.0
20528,9188,223,3,900.0
20529,9188,211,1,1500.0
20530,9189,223,1,900.0
20531,9190,210,1,25000.0
20532,9190,207,1,2999.0
20533,9190,203,1,1500.0
20534,9190,214,1,28000.0
20535,9191,211,3,1500.0
20536,9191,208,1,1499.0
20537,9192,210,2,25000.0
20538,9192,226,1,900.0
20539,9193,216,1,1800.0
20540,9193,204,4,2500.0
20541,9194,219,2,8500.0
20542,9194,222,1,1800.0
20543,9194,205,3,999.0
20544,9195,214,1,28000.0
20545,9195,230,1,4800.0
20546,9195,215,3,18000.0
20547,9196,213,4,2200.0
20548,9196,210,3,25000.0
20549,9197,226,3,900.0
20550,9197,210,1,25000.0
20551,9198,216,4,1800.0
20552,9198,227,4,1800.0
20553,9198,215,4,18000.0
20554,9199,215,4,18000.0
20555,9200,221,4,5500.0
20556,9200,224,2,3500.0
20557,9201,219,4,8500.0
20558,9201,222,3,1800.0
20559,9201,205,3,999.0
20560,9201,213,4,2200.0
20561,9202,202,2,800.0
20562,9202,219,1,8500.0
20563,9202,225,2,3000.0
20564,9203,227,3,1800.0
20565,9203,228,2,3200.0
20566,9204,203,4,1500.0
20567,9204,211,4,1500.0
20568,9204,217,4,500.0
20569,9205,224,1,3500.0
20570,9205,203,2,1500.0
20571,9205,211,4,1500.0
20572,9206,221,3,5500.0
20573,9206,213,3,2200.0
20574,9206,212,2,12500.0
20575,9207,210,1,25000.0
20576,9207,214,1,28000.0
20577,9207,225,4,3000.0
20578,9207,208,2,1499.0
20579,9208,217,1,500.0
20580,9208,230,2,4800.0
20581,9208,220,2,7000.0
20582,9209,206,3,1999.0
20583,9209,215,4,18000.0
20584,9209,224,2,3500.0
20585,9209,223,1,900.0
20586,9210,220,3,7000.0
20587,9211,219,3,8500.0
20588,9211,215,1,18000.0
20589,9211,213,4,2200.0
20590,9211,228,1,3200.0
20591,9212,205,3,999.0
20592,9212,208,3,1499.0
20593,9212,201,3,55000.0
20594,9213,208,2,1499.0
20595,9213,220,4,7000.0
20596,9213,229,3,6500.0
20597,9214,217,3,500.0
20598,9214,226,3,900.0
20599,9214,223,2,900.0
20600,9214,214,1,28000.0
20601,9215,213,1,2200.0
20602,9216,228,4,3200.0
20603,9216,214,2,28000.0
20604,9216,220,3,7000.0
20605,9216,218,4,3500.0
20606,9217,210,2,25000.0
20607,9217,207,2,2999.0
20608,9218,223,2,900.0
20609,9218,207,4,2999.0
20610,9218,217,1,500.0
20611,9219,206,3,1999.0
20612,9219,205,3,999.0
20613,9220,225,2,3000.0
20614,9221,221,4,5500.0
20615,9221,228,2,3200.0
20616,9221,224,4,3500.0
20617,9222,226,1,900.0
20618,9222,216,4,1800.0
20619,9222,227,1,1800.0
20620,9223,219,2,8500.0
20621,9224,227,3,1800.0
20622,9225,202,2,800.0
20623,9225,212,4,12500.0
20624,9225,210,1,25000.0
20625,9226,206,1,1999.0
20626,9226,213,3,2200.0
20627,9226,205,1,999.0
20628,9226,228,4,3200.0
20629,9227,230,3,4800.0
20630,9227,217,1,500.0
20631,9227,204,4,2500.0
20632,9228,223,3,900.0
20633,9228,220,2,7000.0
20634,9229,218,2,3500.0
20635,9229,213,3,2200.0
20636,9229,209,2,2499.0
20637,9229,206,2,1999.0
20638,9230,220,2,7000.0
20639,9230,210,2,25000.0
20640,9230,228,2,3200.0
20641,9230,208,2,1499.0
20642,9231,205,4,999.0
20643,9231,207,4,2999.0
20644,9231,211,1,1500.0
20645,9232,223,1,900.0
20646,9232,204,2,2500.0
20647,9233,214,2,28000.0
20648,9233,210,2,25000.0
20649,9233,203,1,1500.0
20650,9234,230,4,4800.0
20651,9234,212,2,12500.0
20652,9234,210,2,25000.0
20653,9235,210,2,25000.0
20654,9236,215,1,18000.0
20655,9237,227,2,1800.0
20656,9237,209,1,2499.0
20657,9237,216,1,1800.0
20658,9238,213,3,2200.0
20659,9238,222,2,1800.0
20660,9238,203,3,1500.0
20661,9239,203,3,1500.0
20662,9239,222,1,1800.0
20663,9240,215,4,18000.0
20664,9240,228,2,3200.0
20665,9241,216,2,1800.0
20666,9242,205,2,999.0
20667,9242,208,1,1499.0
20668,9242,201,1,55000.0
20669,9243,214,2,28000.0
20670,9243,220,1,7000.0
20671,9244,202,4,800.0
20672,9245,210,4,25000.0
20673,9245,218,2,3500.0
20674,9246,223,2,900.0
20675,9246,221,2,5500.0
20676,9246,214,3,28000.0
20677,9247,215,3,18000.0
20678,9247,226,3,900.0
20679,9248,203,1,1500.0
20680,9248,220,1,7000.0
20681,9248,224,3,3500.0
20682,9248,210,3,25000.0
20683,9249,201,4,55000.0
20684,9249,206,3,1999.0
20685,9249,202,3,800.0
20686,9249,225,1,3000.0
20687,9250,212,4,12500.0
20688,9250,206,3,1999.0
20689,9250,210,1,25000.0
20690,9251,215,3,18000.0
20691,9251,207,4,2999.0
20692,9252,206,3,1999.0
20693,9253,208,2,1499.0
20694,9253,221,1,5500.0
20695,9254,227,3,1800.0
20696,9254,213,3,2200.0
20697,9254,215,3,18000.0
20698,9254,202,4,800.0
20699,9255,214,3,28000.0
20700,9255,229,1,6500.0
20701,9256,228,4,3200.0
20702,9256,202,2,800.0
20703,9256,220,4,7000.0
20704,9257,204,2,2500.0
20705,9258,225,1,3000.0
20706,9259,203,3,1500.0
20707,9259,229,1,6500.0
20708,9259,227,3,1800.0
20709,9259,206,2,1999.0
20710,9260,204,4,2500.0
20711,9261,201,1,55000.0
20712,9262,209,2,2499.0
20713,9262,222,3,1800.0
20714,9262,219,1,8500.0
20715,9262,228,3,3200.0
20716,9263,227,1,1800.0
20717,9263,213,4,2200.0
20718,9263,215,2,18000.0
20719,9264,210,4,25000.0
20720,9264,202,3,800.0
20721,9264,214,1,28000.0
20722,9265,224,2,3500.0
20723,9265,210,2,25000.0
20724,9265,218,2,3500.0
20725,9266,203,3,1500.0
20726,9266,214,4,28000.0
20727,9266,217,1,500.0
20728,9267,229,1,6500.0
20729,9267,219,3,8500.0
20730,9267,211,1,1500.0
20731,9267,222,2,1800.0
20732,9268,216,3,1800.0
20733,9269,228,4,3200.0
20734,9270,211,1,1500.0
20735,9270,214,1,28000.0
20736,9270,222,2,1800.0
20737,9270,212,2,12500.0
20738,9271,225,4,3000.0
20739,9272,203,2,1500.0
20740,9272,222,3,1800.0
20741,9272,213,4,2200.0
20742,9273,223,4,900.0
20743,9273,221,3,5500.0
20744,9274,227,3,1800.0
20745,9274,204,2,2500.0
20746,9274,221,1,5500.0
20747,9275,216,4,1800.0
20748,9275,226,3,900.0
20749,9275,222,2,1800.0
20750,9275,219,2,8500.0
20751,9276,218,3,3500.0
20752,9277,221,2,5500.0
20753,9278,206,3,1999.0
20754,9278,201,4,55000.0
20755,9278,225,1,3000.0
20756,9279,213,4,2200.0
20757,9280,211,4,1500.0
20758,9280,229,3,6500.0
20759,9281,210,3,25000.0
20760,9281,208,4,1499.0
20761,9282,208,1,1499.0
20762,9283,213,2,2200.0
20763,9283,203,3,1500.0
20764,9284,220,4,7000.0
20765,9284,230,3,4800.0
20766,9284,213,3,2200.0
20767,9285,204,3,2500.0
20768,9285,226,1,900.0
20769,9286,211,4,1500.0
20770,9286,226,4,900.0
20771,9287,224,4,3500.0
20772,9287,223,2,900.0
20773,9287,212,2,12500.0
20774,9288,207,2,2999.0
20775,9288,220,4,7000.0
20776,9289,204,3,2500.0
20777,9289,224,1,3500.0
20778,9289,210,1,25000.0
20779,9289,212,3,12500.0
20780,9290,207,2,2999.0
20781,9290,225,4,3000.0
20782,9291,210,3,25000.0
20783,9291,219,4,8500.0
20784,9291,215,2,18000.0
20785,9292,225,1,3000.0
20786,9292,219,3,8500.0
20787,9292,230,2,4800.0
20788,9292,217,2,500.0
20789,9293,205,4,999.0
20790,9293,215,3,18000.0
20791,9293,226,4,900.0
20792,9294,225,1,3000.0
20793,9294,226,2,900.0
20794,9294,210,4,25000.0
20795,9294,223,2,900.0
20796,9295,208,4,1499.0
20797,9295,217,3,500.0
20798,9296,210,4,25000.0
20799,9296,221,3,5500.0
20800,9296,215,2,18000.0
20801,9297,216,2,1800.0
20802,9297,202,4,800.0
20803,9297,213,2,2200.0
20804,9297,217,4,500.0
20805,9298,209,4,2499.0
20806,9298,226,2,900.0
20807,9298,214,1,28000.0
20808,9299,216,1,1800.0
20809,9300,228,4,3200.0
20810,9301,206,4,1999.0
20811,9301,213,3,2200.0
20812,9301,222,4,1800.0
20813,9302,217,2,500.0
20814,9303,223,3,900.0
20815,9303,206,1,1999.0
20816,9304,202,2,800.0
20817,9304,226,2,900.0
20818,9304,211,3,1500.0
20819,9305,201,4,55000.0
20820,9305,208,2,1499.0
20821,9305,221,3,5500.0
20822,9305,220,1,7000.0
20823,9306,223,4,900.0
20824,9306,210,4,25000.0
20825,9306,217,2,500.0
20826,9306,204,3,2500.0
20827,9307,201,2,55000.0
20828,9307,230,1,4800.0
20829,9308,217,3,500.0
20830,9309,210,2,25000.0
20831,9309,216,2,1800.0
20832,9310,211,3,1500.0
20833,9310,230,3,4800.0
20834,9311,213,4,2200.0
20835,9312,227,4,1800.0
20836,9313,214,1,28000.0
20837,9313,216,2,1800.0
20838,9313,208,2,1499.0
20839,9314,207,4,2999.0
20840,9314,225,2,3000.0
20841,9315,202,4,800.0
20842,9315,217,3,500.0
20843,9315,230,3,4800.0
20844,9316,226,3,900.0
20845,9317,205,1,999.0
20846,9318,210,3,25000.0
20847,9318,230,4,4800.0
20848,9319,226,4,900.0
20849,9319,203,3,1500.0
20850,9320,224,3,3500.0
20851,9320,208,3,1499.0
20852,9320,220,1,7000.0
20853,9320,217,2,500.0
20854,9321,206,1,1999.0
20855,9322,228,3,3200.0
20856,9322,216,4,1800.0
20857,9322,204,2,2500.0
20858,9323,224,1,3500.0
20859,9323,221,4,5500.0
20860,9324,212,1,12500.0
20861,9324,207,2,2999.0
20862,9324,220,2,7000.0
20863,9324,210,3,25000.0
20864,9325,229,1,6500.0
20865,9325,213,4,2200.0
20866,9325,211,1,1500.0
20867,9326,202,4,800.0
20868,9326,224,4,3500.0
20869,9326,215,3,18000.0
20870,9326,209,1,2499.0
20871,9327,223,1,900.0
20872,9328,204,4,2500.0
20873,9328,222,1,1800.0
20874,9328,224,1,3500.0
20875,9329,204,3,2500.0
20876,9329,207,1,2999.0
20877,9330,229,4,6500.0
20878,9330,203,4,1500.0
20879,9330,206,2,1999.0
20880,9331,208,2,1499.0
20881,9332,205,1,999.0
20882,9332,212,4,12500.0
20883,9332,201,3,55000.0
20884,9332,221,3,5500.0
20885,9333,207,2,2999.0
20886,9333,202,2,800.0
20887,9333,216,4,1800.0
20888,9333,213,2,2200.0
20889,9334,201,3,55000.0
20890,9335,202,4,800.0
20891,9336,208,4,1499.0
20892,9336,222,1,1800.0
20893,9336,214,4,28000.0
20894,9336,217,1,500.0
20895,9337,202,4,800.0
20896,9337,228,1,3200.0
20897,9338,230,4,4800.0
20898,9338,212,4,12500.0
20899,9339,206,4,1999.0
20900,9340,203,4,1500.0
20901,9340,220,1,7000.0
20902,9340,202,2,800.0
20903,9341,222,4,1800.0
20904,9341,208,1,1499.0
20905,9342,216,3,1800.0
20906,9342,215,2,18000.0
20907,9343,215,1,18000.0
20908,9343,206,4,1999.0
20909,9344,215,4,18000.0
20910,9344,207,3,2999.0
20911,9344,206,1,1999.0
20912,9344,220,4,7000.0
20913,9345,220,3,7000.0
20914,9345,221,2,5500.0
20915,9345,218,1,3500.0
20916,9346,207,2,2999.0
20917,9347,208,1,1499.0
20918,9347,215,2,18000.0
20919,9347,223,4,900.0
20920,9347,222,4,1800.0
20921,9348,210,4,25000.0
20922,9348,218,3,3500.0
20923,9348,205,4,999.0
20924,9348,217,1,500.0
20925,9349,218,2,3500.0
20926,9349,207,2,2999.0
20927,9350,230,2,4800.0
20928,9350,227,4,1800.0
20929,9350,203,3,1500.0
20930,9351,201,3,55000.0
20931,9351,229,3,6500.0
20932,9352,224,2,3500.0
20933,9352,226,1,900.0
20934,9353,230,3,4800.0
20935,9353,223,3,900.0
20936,9353,220,4,7000.0
20937,9354,229,3,6500.0
20938,9354,221,4,5500.0
20939,9354,216,4,1800.0
20940,9355,212,2,12500.0
20941,9355,202,4,800.0
20942,9355,214,3,28000.0
20943,9355,227,2,1800.0
20944,9356,221,2,5500.0
20945,9357,224,4,3500.0
20946,9357,226,1,900.0
20947,9357,219,4,8500.0
20948,9357,205,4,999.0
20949,9358,221,2,5500.0
20950,9359,210,1,25000.0
20951,9359,206,4,1999.0
20952,9359,203,3,1500.0
20953,9360,202,2,800.0
20954,9360,207,2,2999.0
20955,9360,209,4,2499.0
20956,9360,220,2,7000.0
20957,9361,204,4,2500.0
20958,9361,223,1,900.0
20959,9361,215,1,18000.0
20960,9361,202,4,800.0
20961,9362,206,4,1999.0
20962,9362,204,3,2500.0
20963,9362,216,2,1800.0
20964,9362,208,4,1499.0
20965,9363,228,3,3200.0
20966,9364,209,1,2499.0
20967,9364,210,3,25000.0
20968,9364,220,4,7000.0
20969,9364,216,4,1800.0
20970,9365,217,3,500.0
20971,9366,223,3,900.0
20972,9367,220,4,7000.0
20973,9367,229,1,6500.0
20974,9367,210,1,25000.0
20975,9368,204,1,2500.0
20976,9368,201,4,55000.0
20977,9369,204,4,2500.0
20978,9369,213,3,2200.0
20979,9369,230,3,4800.0
20980,9369,220,3,7000.0
20981,9370,224,3,3500.0
20982,9370,208,1,1499.0
20983,9370,204,4,2500.0
20984,9371,211,1,1500.0
20985,9371,219,4,8500.0
20986,9372,205,3,999.0
20987,9373,214,3,28000.0
20988,9374,225,1,3000.0
20989,9374,206,4,1999.0
20990,9374,221,4,5500.0
20991,9375,228,4,3200.0
20992,9375,221,2,5500.0
20993,9375,214,2,28000.0
20994,9375,207,3,2999.0
20995,9376,212,1,12500.0
20996,9376,208,1,1499.0
20997,9376,228,1,3200.0
20998,9376,214,3,28000.0
20999,9377,215,2,18000.0
21000,9378,202,2,800.0
21001,9378,226,3,900.0
21002,9378,218,1,3500.0
21003,9378,214,2,28000.0
21004,9379,215,1,18000.0
21005,9380,212,2,12500.0
21006,9380,215,2,18000.0
21007,9380,210,3,25000.0
21008,9381,217,2,500.0
21009,9381,218,3,3500.0
21010,9382,202,2,800.0
21011,9383,228,1,3200.0
21012,9383,202,2,800.0
21013,9383,220,3,7000.0
21014,9383,225,1,3000.0
21015,9384,214,3,28000.0
21016,9384,225,1,3000.0
21017,9384,222,3,1800.0
21018,9384,210,2,25000.0
21019,9385,214,1,28000.0
21020,9385,213,2,2200.0
21021,9385,206,3,1999.0
21022,9386,224,1,3500.0
21023,9386,228,1,3200.0
21024,9386,217,3,500.0
21025,9386,201,1,55000.0
21026,9387,203,2,1500.0
21027,9387,227,4,1800.0
21028,9388,214,1,28000.0
21029,9389,209,4,2499.0
21030,9389,229,1,6500.0
21031,9389,208,1,1499.0
21032,9390,225,2,3000.0
21033,9390,211,3,1500.0
21034,9391,205,2,999.0
21035,9392,230,3,4800.0
21036,9392,204,1,2500.0
21037,9392,227,3,1800.0
21038,9392,207,4,2999.0
21039,9393,224,3,3500.0
21040,9393,226,4,900.0
21041,9394,217,3,500.0
21042,9394,226,3,900.0
21043,9394,225,3,3000.0
21044,9395,214,1,28000.0
21045,9395,219,3,8500.0
21046,9396,203,2,1500.0
21047,9396,225,2,3000.0
21048,9396,209,4,2499.0
21049,9396,229,2,6500.0
21050,9397,221,2,5500.0
21051,9397,210,2,25000.0
21052,9397,205,2,999.0
21053,9398,202,1,800.0
21054,9398,213,1,2200.0
21055,9398,214,3,28000.0
21056,9398,220,2,7000.0
21057,9399,209,4,2499.0
21058,9399,229,3,6500.0
21059,9400,206,2,1999.0
21060,9400,221,1,5500.0
21061,9400,229,1,6500.0
21062,9400,218,2,3500.0
21063,9401,220,1,7000.0
21064,9401,202,1,800.0
21065,9401,211,1,1500.0
21066,9401,224,1,3500.0
21067,9402,201,1,55000.0
21068,9403,201,2,55000.0
21069,9403,223,2,900.0
21070,9403,217,1,500.0
21071,9403,211,3,1500.0
21072,9404,218,1,3500.0
21073,9405,223,3,900.0
21074,9405,220,1,7000.0
21075,9405,213,4,2200.0
21076,9405,221,1,5500.0
21077,9406,216,1,1800.0
21078,9407,208,3,1499.0
21079,9407,226,1,900.0
21080,9407,218,4,3500.0
21081,9408,210,3,25000.0
21082,9408,224,1,3500.0
21083,9408,208,4,1499.0
21084,9408,223,1,900.0
21085,9409,207,3,2999.0
21086,9409,210,2,25000.0
21087,9409,225,1,3000.0
21088,9410,225,4,3000.0
21089,9410,220,3,7000.0
21090,9410,214,1,28000.0
21091,9410,207,3,2999.0
21092,9411,225,2,3000.0
21093,9411,211,3,1500.0
21094,9411,213,2,2200.0
21095,9411,223,1,900.0
21096,9412,215,3,18000.0
21097,9412,214,3,28000.0
21098,9412,220,2,7000.0
21099,9412,222,2,1800.0
21100,9413,225,1,3000.0
21101,9414,228,1,3200.0
21102,9414,205,3,999.0
21103,9414,219,2,8500.0
21104,9414,225,4,3000.0
21105,9415,223,2,900.0
21106,9415,229,1,6500.0
21107,9415,221,1,5500.0
21108,9415,201,4,55000.0
21109,9416,226,3,900.0
21110,9416,229,1,6500.0
21111,9416,220,3,7000.0
21112,9416,228,3,3200.0
21113,9417,214,3,28000.0
21114,9417,203,3,1500.0
21115,9417,230,1,4800.0
21116,9418,209,2,2499.0
21117,9418,207,1,2999.0
21118,9418,206,4,1999.0
21119,9419,201,2,55000.0
21120,9419,228,4,3200.0
21121,9419,213,1,2200.0
21122,9419,205,4,999.0
21123,9420,212,3,12500.0
21124,9420,209,3,2499.0
21125,9421,222,2,1800.0
21126,9421,221,1,5500.0
21127,9422,202,3,800.0
21128,9422,203,1,1500.0
21129,9422,224,1,3500.0
21130,9422,210,4,25000.0
21131,9423,230,4,4800.0
21132,9423,201,2,55000.0
21133,9423,226,4,900.0
21134,9424,219,1,8500.0
21135,9425,226,3,900.0
21136,9426,215,1,18000.0
21137,9427,209,2,2499.0
21138,9427,226,4,900.0
21139,9428,201,3,55000.0
21140,9428,216,1,1800.0
21141,9428,218,2,3500.0
21142,9428,212,1,12500.0
21143,9429,222,3,1800.0
21144,9429,229,1,6500.0
21145,9429,201,4,55000.0
21146,9430,206,2,1999.0
21147,9431,226,3,900.0
21148,9432,204,4,2500.0
21149,9432,215,2,18000.0
21150,9432,221,4,5500.0
21151,9432,211,2,1500.0
21152,9433,201,1,55000.0
21153,9433,208,3,1499.0
21154,9433,230,2,4800.0
21155,9434,208,3,1499.0
21156,9434,215,2,18000.0
21157,9434,204,4,2500.0
21158,9434,213,1,2200.0
21159,9435,226,1,900.0
21160,9435,211,2,1500.0
21161,9436,227,2,1800.0
21162,9437,214,4,28000.0
21163,9437,207,1,2999.0
21164,9438,214,2,28000.0
21165,9438,203,4,1500.0
21166,9438,202,2,800.0
21167,9438,206,3,1999.0
21168,9439,217,1,500.0
21169,9439,223,3,900.0
21170,9440,227,1,1800.0
21171,9440,226,1,900.0
21172,9440,222,4,1800.0
21173,9441,207,2,2999.0
21174,9442,204,2,2500.0
21175,9442,201,4,55000.0
21176,9442,216,4,1800.0
21177,9442,212,3,12500.0
21178,9443,230,2,4800.0
21179,9444,222,3,1800.0
21180,9444,217,3,500.0
21181,9444,224,1,3500.0
21182,9445,228,2,3200.0
21183,9445,223,1,900.0
21184,9445,220,3,7000.0
21185,9445,216,4,1800.0
21186,9446,213,1,2200.0
21187,9447,225,4,3000.0
21188,9447,206,1,1999.0
21189,9447,227,4,1800.0
21190,9448,205,3,999.0
21191,9449,210,3,25000.0
21192,9449,227,4,1800.0
21193,9449,203,2,1500.0
21194,9449,206,2,1999.0
21195,9450,221,4,5500.0
21196,9450,220,3,7000.0
21197,9450,212,4,12500.0
21198,9451,218,2,3500.0
21199,9451,212,3,12500.0
21200,9451,217,2,500.0
21201,9452,228,1,3200.0
21202,9452,216,2,1800.0
21203,9453,230,1,4800.0
21204,9454,204,4,2500.0
21205,9454,230,3,4800.0
21206,9454,201,2,55000.0
21207,9455,202,1,800.0
21208,9456,211,2,1500.0
21209,9456,223,2,900.0
21210,9456,212,2,12500.0
21211,9457,210,3,25000.0
21212,9457,223,4,900.0
21213,9458,204,3,2500.0
21214,9458,226,2,900.0
21215,9458,220,1,7000.0
21216,9458,218,3,3500.0
21217,9459,219,2,8500.0
21218,9459,214,3,28000.0
21219,9459,222,3,1800.0
21220,9459,223,4,900.0
21221,9460,207,4,2999.0
21222,9460,220,4,7000.0
21223,9460,217,3,500.0
21224,9461,201,4,55000.0
21225,9462,220,4,7000.0
21226,9462,216,1,1800.0
21227,9462,213,4,2200.0
21228,9462,227,2,1800.0
21229,9463,202,1,800.0
21230,9463,208,3,1499.0
21231,9463,216,1,1800.0
21232,9463,209,2,2499.0
21233,9464,205,2,999.0
21234,9464,218,4,3500.0
21235,9464,210,3,25000.0
21236,9465,211,4,1500.0
21237,9465,208,4,1499.0
21238,9466,222,4,1800.0
21239,9466,218,2,3500.0
21240,9467,203,4,1500.0
21241,9467,213,1,2200.0
21242,9468,206,1,1999.0
21243,9468,212,3,12500.0
21244,9469,210,1,25000.0
21245,9470,207,1,2999.0
21246,9470,223,2,900.0
21247,9470,224,3,3500.0
21248,9470,205,4,999.0
21249,9471,206,2,1999.0
21250,9471,217,1,500.0
21251,9472,216,2,1800.0
21252,9472,203,4,1500.0
21253,9473,217,4,500.0
21254,9474,220,2,7000.0
21255,9474,214,3,28000.0
21256,9474,215,2,18000.0
21257,9475,230,2,4800.0
21258,9475,211,3,1500.0
21259,9475,213,3,2200.0
21260,9475,217,1,500.0
21261,9476,214,2,28000.0
21262,9476,211,3,1500.0
21263,9476,216,3,1800.0
21264,9476,223,3,900.0
21265,9477,230,4,4800.0
21266,9477,229,4,6500.0
21267,9477,207,4,2999.0
21268,9478,217,4,500.0
21269,9478,216,1,1800.0
21270,9479,222,4,1800.0
21271,9479,230,4,4800.0
21272,9479,223,4,900.0
21273,9479,207,3,2999.0
21274,9480,224,2,3500.0
21275,9480,229,3,6500.0
21276,9480,209,1,2499.0
21277,9481,218,3,3500.0
21278,9482,216,1,1800.0
21279,9482,225,3,3000.0
21280,9482,211,4,1500.0
21281,9483,209,1,2499.0
21282,9483,206,4,1999.0
21283,9483,230,3,4800.0
21284,9484,222,3,1800.0
21285,9484,206,1,1999.0
21286,9485,204,3,2500.0
21287,9485,206,1,1999.0
21288,9485,205,1,999.0
21289,9485,224,3,3500.0
21290,9486,215,4,18000.0
21291,9487,219,3,8500.0
21292,9487,225,4,3000.0
21293,9487,210,1,25000.0
21294,9488,230,4,4800.0
21295,9488,224,2,3500.0
21296,9488,219,1,8500.0
21297,9489,223,1,900.0
21298,9490,228,1,3200.0
21299,9490,201,4,55000.0
21300,9490,211,2,1500.0
21301,9490,205,4,999.0
21302,9491,214,3,28000.0
21303,9492,212,2,12500.0
21304,9492,213,3,2200.0
21305,9492,216,2,1800.0
21306,9493,225,2,3000.0
21307,9493,215,2,18000.0
21308,9494,216,1,1800.0
21309,9495,205,3,999.0
21310,9495,207,1,2999.0
21311,9496,202,3,800.0
21312,9496,210,4,25000.0
21313,9496,223,4,900.0
21314,9496,219,2,8500.0
21315,9497,229,3,6500.0
21316,9497,218,3,3500.0
21317,9498,217,1,500.0
21318,9498,215,2,18000.0
21319,9499,223,1,900.0
21320,9499,214,2,28000.0
21321,9500,214,3,28000.0
21322,9501,207,4,2999.0
21323,9501,208,1,1499.0
21324,9502,225,2,3000.0
21325,9502,218,1,3500.0
21326,9502,220,3,7000.0
21327,9503,207,1,2999.0
21328,9503,201,4,55000.0
21329,9503,230,4,4800.0
21330,9503,217,3,500.0
21331,9504,225,3,3000.0
21332,9504,222,2,1800.0
21333,9504,220,3,7000.0
21334,9504,204,1,2500.0
21335,9505,220,4,7000.0
21336,9505,223,3,900.0
21337,9505,228,1,3200.0
21338,9506,214,2,28000.0
21339,9506,213,3,2200.0
21340,9506,207,2,2999.0
21341,9506,204,3,2500.0
21342,9507,211,4,1500.0
21343,9507,225,1,3000.0
21344,9507,207,3,2999.0
21345,9507,212,2,12500.0
21346,9508,222,4,1800.0
21347,9508,206,3,1999.0
21348,9509,215,4,18000.0
21349,9509,220,2,7000.0
21350,9509,207,2,2999.0
21351,9510,224,4,3500.0
21352,9511,205,1,999.0
21353,9511,206,2,1999.0
21354,9512,206,1,1999.0
21355,9512,203,1,1500.0
21356,9513,213,3,2200.0
21357,9513,219,2,8500.0
21358,9513,230,3,4800.0
21359,9514,215,1,18000.0
21360,9514,224,1,3500.0
21361,9515,224,2,3500.0
21362,9515,208,4,1499.0
21363,9516,212,1,12500.0
21364,9516,208,2,1499.0
21365,9516,228,2,3200.0
21366,9517,225,2,3000.0
21367,9518,203,4,1500.0
21368,9519,202,3,800.0
21369,9519,214,2,28000.0
21370,9520,228,2,3200.0
21371,9520,205,2,999.0
21372,9521,210,2,25000.0
21373,9521,206,1,1999.0
21374,9522,209,4,2499.0
21375,9522,215,3,18000.0
21376,9522,204,3,2500.0
21377,9523,217,2,500.0
21378,9523,228,1,3200.0
21379,9523,221,4,5500.0
21380,9524,221,4,5500.0
21381,9524,229,3,6500.0
21382,9525,222,2,1800.0
21383,9525,210,4,25000.0
21384,9526,203,1,1500.0
21385,9526,206,4,1999.0
21386,9526,217,3,500.0
21387,9527,213,2,2200.0
21388,9528,229,2,6500.0
21389,9528,223,1,900.0
21390,9528,226,1,900.0
21391,9528,218,2,3500.0
21392,9529,223,2,900.0
21393,9530,220,3,7000.0
21394,9530,204,4,2500.0
21395,9531,222,2,1800.0
21396,9531,206,4,1999.0
21397,9531,211,2,1500.0
21398,9531,229,2,6500.0
21399,9532,212,2,12500.0
21400,9532,214,1,28000.0
21401,9533,217,4,500.0
21402,9533,227,3,1800.0
21403,9533,207,4,2999.0
21404,9534,227,1,1800.0
21405,9535,201,2,55000.0
21406,9535,215,4,18000.0
21407,9535,203,1,1500.0
21408,9535,221,4,5500.0
21409,9536,230,4,4800.0
21410,9537,214,3,28000.0
21411,9537,229,3,6500.0
21412,9537,216,3,1800.0
21413,9537,211,2,1500.0
21414,9538,202,4,800.0
21415,9538,206,4,1999.0
21416,9538,203,3,1500.0
21417,9538,214,4,28000.0
21418,9539,209,4,2499.0
21419,9539,229,4,6500.0
21420,9539,201,3,55000.0
21421,9539,226,3,900.0
21422,9540,212,2,12500.0
21423,9540,204,2,2500.0
21424,9541,223,4,900.0
21425,9541,228,4,3200.0
21426,9542,213,2,2200.0
21427,9542,216,4,1800.0
21428,9542,223,1,900.0
21429,9542,224,4,3500.0
21430,9543,224,2,3500.0
21431,9544,228,2,3200.0
21432,9545,222,3,1800.0
21433,9546,225,3,3000.0
21434,9546,206,3,1999.0
21435,9546,211,4,1500.0
21436,9547,228,4,3200.0
21437,9548,213,1,2200.0
21438,9548,221,1,5500.0
21439,9549,208,4,1499.0
21440,9549,223,1,900.0
21441,9549,220,3,7000.0
21442,9550,205,4,999.0
21443,9550,212,1,12500.0
21444,9551,208,3,1499.0
21445,9551,202,3,800.0
21446,9552,214,1,28000.0
21447,9552,227,1,1800.0
21448,9552,230,1,4800.0
21449,9553,210,1,25000.0
21450,9553,211,1,1500.0
21451,9554,216,3,1800.0
21452,9554,210,4,25000.0
21453,9554,223,1,900.0
21454,9555,206,1,1999.0
21455,9556,225,1,3000.0
21456,9556,214,3,28000.0
21457,9557,229,1,6500.0
21458,9557,227,4,1800.0
21459,9557,218,3,3500.0
21460,9557,206,2,1999.0
21461,9558,213,2,2200.0
21462,9559,226,4,900.0
21463,9560,217,2,500.0
21464,9560,206,4,1999.0
21465,9560,210,4,25000.0
21466,9560,207,3,2999.0
21467,9561,201,2,55000.0
21468,9561,213,4,2200.0
21469,9562,217,4,500.0
21470,9562,208,1,1499.0
21471,9563,216,2,1800.0
21472,9564,229,2,6500.0
21473,9564,223,2,900.0
21474,9564,207,1,2999.0
21475,9564,201,1,55000.0
21476,9565,228,3,3200.0
21477,9565,221,1,5500.0
21478,9565,226,3,900.0
21479,9565,230,2,4800.0
21480,9566,206,2,1999.0
21481,9566,229,3,6500.0
21482,9566,215,3,18000.0
21483,9566,214,2,28000.0
21484,9567,214,3,28000.0
21485,9567,229,4,6500.0
21486,9568,214,1,28000.0
21487,9568,210,4,25000.0
21488,9568,230,4,4800.0
21489,9569,210,1,25000.0
21490,9570,219,3,8500.0
21491,9570,206,1,1999.0
21492,9570,222,3,1800.0
21493,9571,204,1,2500.0
21494,9571,218,4,3500.0
21495,9571,223,1,900.0
21496,9572,208,2,1499.0
21497,9572,219,2,8500.0
21498,9572,205,4,999.0
21499,9572,228,1,3200.0
21500,9573,223,1,900.0
21501,9574,226,4,900.0
21502,9575,213,2,2200.0
21503,9576,205,3,999.0
21504,9576,221,2,5500.0
21505,9576,228,2,3200.0
21506,9577,208,2,1499.0
21507,9577,210,4,25000.0
21508,9577,228,1,3200.0
21509,9578,218,1,3500.0
21510,9578,219,3,8500.0
21511,9578,215,2,18000.0
21512,9579,209,1,2499.0
21513,9579,223,2,900.0
21514,9580,210,3,25000.0
21515,9580,226,4,900.0
21516,9581,202,2,800.0
21517,9582,210,3,25000.0
21518,9582,214,1,28000.0
21519,9582,228,2,3200.0
21520,9583,214,3,28000.0
21521,9583,218,4,3500.0
21522,9583,208,2,1499.0
21523,9583,205,2,999.0
21524,9584,229,3,6500.0
21525,9584,207,3,2999.0
21526,9584,222,1,1800.0
21527,9585,219,1,8500.0
21528,9585,216,3,1800.0
21529,9585,207,2,2999.0
21530,9586,218,3,3500.0
21531,9586,212,3,12500.0
21532,9586,213,2,2200.0
21533,9586,223,1,900.0
21534,9587,223,1,900.0
21535,9587,207,2,2999.0
21536,9587,204,3,2500.0
21537,9588,208,4,1499.0
21538,9588,212,3,12500.0
21539,9588,227,4,1800.0
21540,9588,214,1,28000.0
21541,9589,204,3,2500.0
21542,9590,213,3,2200.0
21543,9590,203,3,1500.0
21544,9590,212,1,12500.0
21545,9590,222,4,1800.0
21546,9591,223,1,900.0
21547,9591,216,3,1800.0
21548,9591,207,2,2999.0
21549,9592,216,4,1800.0
21550,9593,208,2,1499.0
21551,9593,226,3,900.0
21552,9593,213,1,2200.0
21553,9593,210,1,25000.0
21554,9594,230,3,4800.0
21555,9594,224,2,3500.0
21556,9595,208,4,1499.0
21557,9595,220,4,7000.0
21558,9595,202,4,800.0
21559,9596,211,3,1500.0
21560,9597,213,1,2200.0
21561,9598,216,3,1800.0
21562,9598,214,4,28000.0
21563,9599,226,2,900.0
21564,9599,213,1,2200.0
21565,9599,212,1,12500.0
21566,9600,219,2,8500.0
21567,9600,218,4,3500.0
21568,9600,215,1,18000.0
21569,9600,224,3,3500.0
21570,9601,226,3,900.0
21571,9601,222,2,1800.0
21572,9602,229,2,6500.0
21573,9602,206,4,1999.0
21574,9602,221,2,5500.0
21575,9603,201,1,55000.0
21576,9603,205,1,999.0
21577,9604,207,3,2999.0
21578,9604,224,3,3500.0
21579,9604,210,4,25000.0
21580,9605,208,3,1499.0
21581,9606,203,4,1500.0
21582,9606,220,1,7000.0
21583,9606,202,4,800.0
21584,9606,215,3,18000.0
21585,9607,224,1,3500.0
21586,9607,206,4,1999.0
21587,9607,216,4,1800.0
21588,9607,213,3,2200.0
21589,9608,210,4,25000.0
21590,9608,204,3,2500.0
21591,9608,217,2,500.0
21592,9609,203,4,1500.0
21593,9609,229,3,6500.0
21594,9610,205,3,999.0
21595,9610,211,2,1500.0
21596,9610,214,3,28000.0
21597,9611,204,3,2500.0
21598,9611,205,3,999.0
21599,9611,225,1,3000.0
21600,9611,213,2,2200.0
21601,9612,208,2,1499.0
21602,9613,202,3,800.0
21603,9613,228,3,3200.0
21604,9613,222,3,1800.0
21605,9614,202,4,800.0
21606,9614,229,4,6500.0
21607,9615,214,4,28000.0
21608,9615,203,2,1500.0
21609,9616,229,4,6500.0
21610,9617,212,3,12500.0
21611,9617,223,4,900.0
21612,9617,213,2,2200.0
21613,9617,229,2,6500.0
21614,9618,215,4,18000.0
21615,9618,208,2,1499.0
21616,9619,201,4,55000.0
21617,9619,216,2,1800.0
21618,9619,212,3,12500.0
21619,9619,215,2,18000.0
21620,9620,205,2,999.0
21621,9621,214,4,28000.0
21622,9622,201,3,55000.0
21623,9622,214,4,28000.0
21624,9622,223,3,900.0
21625,9623,213,3,2200.0
21626,9624,209,1,2499.0
21627,9624,205,2,999.0
21628,9624,230,2,4800.0
21629,9625,212,4,12500.0
21630,9625,223,3,900.0
21631,9625,228,1,3200.0
21632,9626,203,1,1500.0
21633,9626,204,4,2500.0
21634,9626,230,3,4800.0
21635,9626,217,3,500.0
21636,9627,214,1,28000.0
21637,9628,211,2,1500.0
21638,9628,213,2,2200.0
21639,9629,206,1,1999.0
21640,9629,215,4,18000.0
21641,9629,228,4,3200.0
21642,9630,205,4,999.0
21643,9630,206,2,1999.0
21644,9630,224,2,3500.0
21645,9630,230,3,4800.0
21646,9631,226,2,900.0
21647,9632,214,4,28000.0
21648,9632,224,1,3500.0
21649,9632,202,3,800.0
21650,9632,212,1,12500.0
21651,9633,219,3,8500.0
21652,9633,227,3,1800.0
21653,9633,215,4,18000.0
21654,9633,209,3,2499.0
21655,9634,230,3,4800.0
21656,9635,224,2,3500.0
21657,9635,202,4,800.0
21658,9635,219,4,8500.0
21659,9636,228,3,3200.0
21660,9636,211,4,1500.0
21661,9637,221,3,5500.0
21662,9637,226,3,900.0
21663,9637,223,4,900.0
21664,9637,201,3,55000.0
21665,9638,203,1,1500.0
21666,9638,219,4,8500.0
21667,9638,214,1,28000.0
21668,9638,226,3,900.0
21669,9639,226,1,900.0
21670,9639,213,3,2200.0
21671,9639,225,4,3000.0
21672,9639,202,1,800.0
21673,9640,223,4,900.0
21674,9640,213,1,2200.0
21675,9640,226,3,900.0
21676,9640,228,1,3200.0
21677,9641,207,1,2999.0
21678,9642,223,4,900.0
21679,9642,210,4,25000.0
21680,9642,203,2,1500.0
21681,9643,220,4,7000.0
21682,9643,219,4,8500.0
21683,9643,225,1,3000.0
21684,9643,226,4,900.0
21685,9644,220,2,7000.0
21686,9644,202,1,800.0
21687,9644,228,2,3200.0
21688,9644,212,3,12500.0
21689,9645,206,2,1999.0
21690,9645,207,4,2999.0
21691,9645,220,4,7000.0
21692,9645,204,2,2500.0
21693,9646,211,2,1500.0
21694,9647,202,3,800.0
21695,9647,212,4,12500.0
21696,9647,208,3,1499.0
21697,9647,217,4,500.0
21698,9648,216,1,1800.0
21699,9648,213,1,2200.0
21700,9648,217,2,500.0
21701,9648,214,3,28000.0
21702,9649,230,2,4800.0
21703,9649,221,3,5500.0
21704,9649,206,4,1999.0
21705,9650,210,4,25000.0
21706,9651,209,4,2499.0
21707,9651,218,4,3500.0
21708,9652,216,1,1800.0
21709,9653,220,1,7000.0
21710,9653,227,4,1800.0
21711,9654,216,1,1800.0
21712,9655,226,3,900.0
21713,9655,217,3,500.0
21714,9655,202,1,800.0
21715,9656,202,3,800.0
21716,9657,204,3,2500.0
21717,9658,209,1,2499.0
21718,9658,223,4,900.0
21719,9658,221,3,5500.0
21720,9659,215,3,18000.0
21721,9660,224,2,3500.0
21722,9660,214,4,28000.0
21723,9661,216,3,1800.0
21724,9661,210,4,25000.0
21725,9661,207,3,2999.0
21726,9662,212,2,12500.0
21727,9662,206,3,1999.0
21728,9662,214,3,28000.0
21729,9662,217,4,500.0
21730,9663,213,2,2200.0
21731,9663,215,3,18000.0
21732,9663,222,4,1800.0
21733,9664,210,2,25000.0
21734,9664,214,3,28000.0
21735,9665,221,3,5500.0
21736,9665,230,3,4800.0
21737,9665,214,2,28000.0
21738,9665,204,3,2500.0
21739,9666,203,3,1500.0
21740,9667,213,1,2200.0
21741,9667,225,4,3000.0
21742,9667,227,1,1800.0
21743,9667,203,1,1500.0
21744,9668,225,3,3000.0
21745,9668,222,2,1800.0
21746,9668,208,3,1499.0
21747,9668,226,3,900.0
21748,9669,227,4,1800.0
21749,9669,206,1,1999.0
21750,9669,219,1,8500.0
21751,9669,217,4,500.0
21752,9670,207,2,2999.0
21753,9670,217,2,500.0
21754,9670,210,2,25000.0
21755,9671,205,4,999.0
21756,9671,228,3,3200.0
21757,9671,209,2,2499.0
21758,9672,210,4,25000.0
21759,9672,211,3,1500.0
21760,9673,225,3,3000.0
21761,9673,230,4,4800.0
21762,9673,212,4,12500.0
21763,9673,205,1,999.0
21764,9674,223,4,900.0
21765,9674,207,1,2999.0
21766,9675,215,2,18000.0
21767,9675,214,1,28000.0
21768,9676,226,4,900.0
21769,9676,214,4,28000.0
21770,9676,218,3,3500.0
21771,9677,213,4,2200.0
21772,9677,211,2,1500.0
21773,9678,218,3,3500.0
21774,9678,208,1,1499.0
21775,9678,216,1,1800.0
21776,9678,219,4,8500.0
21777,9679,224,3,3500.0
21778,9679,204,4,2500.0
21779,9679,226,4,900.0
21780,9679,205,3,999.0
21781,9680,206,2,1999.0
21782,9681,207,3,2999.0
21783,9681,221,4,5500.0
21784,9681,229,4,6500.0
21785,9681,228,1,3200.0
21786,9682,205,1,999.0
21787,9682,226,1,900.0
21788,9682,209,3,2499.0
21789,9682,206,4,1999.0
21790,9683,223,2,900.0
21791,9683,225,1,3000.0
21792,9683,218,4,3500.0
21793,9683,215,3,18000.0
21794,9684,205,1,999.0
21795,9684,224,4,3500.0
21796,9684,217,3,500.0
21797,9684,207,3,2999.0
21798,9685,221,4,5500.0
21799,9685,202,4,800.0
21800,9686,223,3,900.0
21801,9687,214,2,28000.0
21802,9687,208,1,1499.0
21803,9687,228,3,3200.0
21804,9688,220,3,7000.0
21805,9688,228,2,3200.0
21806,9688,201,4,55000.0
21807,9689,224,2,3500.0
21808,9689,230,1,4800.0
21809,9689,207,1,2999.0
21810,9690,203,2,1500.0
21811,9690,221,3,5500.0
21812,9691,227,1,1800.0
21813,9691,225,1,3000.0
21814,9692,215,3,18000.0
21815,9692,225,1,3000.0
21816,9692,210,1,25000.0
21817,9693,222,3,1800.0
21818,9693,202,3,800.0
21819,9693,203,2,1500.0
21820,9693,228,3,3200.0
21821,9694,223,1,900.0
21822,9694,222,2,1800.0
21823,9695,212,3,12500.0
21824,9696,225,2,3000.0
21825,9696,230,3,4800.0
21826,9697,218,3,3500.0
21827,9697,216,2,1800.0
21828,9697,222,1,1800.0
21829,9697,213,2,2200.0
21830,9698,214,4,28000.0
21831,9698,202,3,800.0
21832,9698,201,3,55000.0
21833,9698,228,1,3200.0
21834,9699,210,3,25000.0
21835,9700,223,4,900.0
21836,9700,205,2,999.0
21837,9701,229,2,6500.0
21838,9702,216,3,1800.0
21839,9702,225,4,3000.0
21840,9702,201,4,55000.0
21841,9703,201,3,55000.0
21842,9703,223,3,900.0
21843,9703,220,3,7000.0
21844,9704,224,3,3500.0
21845,9704,221,1,5500.0
21846,9705,222,2,1800.0
21847,9705,213,3,2200.0
21848,9705,221,3,5500.0
21849,9706,212,2,12500.0
21850,9707,226,3,900.0
21851,9708,207,1,2999.0
21852,9709,204,1,2500.0
21853,9710,216,2,1800.0
21854,9711,218,1,3500.0
21855,9711,219,4,8500.0
21856,9711,202,2,800.0
21857,9711,228,2,3200.0
21858,9712,211,3,1500.0
21859,9712,220,2,7000.0
21860,9712,212,2,12500.0
21861,9713,221,2,5500.0
21862,9714,215,4,18000.0
21863,9714,230,1,4800.0
21864,9714,229,2,6500.0
21865,9715,215,2,18000.0
21866,9715,202,3,800.0
21867,9715,206,1,1999.0
21868,9715,223,4,900.0
21869,9716,218,1,3500.0
21870,9716,203,3,1500.0
21871,9716,224,3,3500.0
21872,9716,216,3,1800.0
21873,9717,215,4,18000.0
21874,9717,226,3,900.0
21875,9718,210,4,25000.0
21876,9718,203,4,1500.0
21877,9718,214,3,28000.0
21878,9719,228,1,3200.0
21879,9719,214,1,28000.0
21880,9719,206,4,1999.0
21881,9719,207,4,2999.0
21882,9720,212,1,12500.0
21883,9720,208,1,1499.0
21884,9720,216,4,1800.0
21885,9721,218,4,3500.0
21886,9722,218,3,3500.0
21887,9723,227,2,1800.0
21888,9724,229,4,6500.0
21889,9724,202,1,800.0
21890,9724,220,1,7000.0
21891,9725,215,2,18000.0
21892,9725,216,1,1800.0
21893,9725,209,2,2499.0
21894,9726,216,3,1800.0
21895,9726,210,1,25000.0
21896,9726,227,2,1800.0
21897,9726,221,2,5500.0
21898,9727,215,1,18000.0
21899,9727,207,1,2999.0
21900,9727,213,3,2200.0
21901,9727,208,1,1499.0
21902,9728,211,3,1500.0
21903,9728,204,1,2500.0
21904,9729,230,2,4800.0
21905,9730,230,4,4800.0
21906,9730,211,2,1500.0
21907,9731,211,1,1500.0
21908,9731,220,4,7000.0
21909,9731,225,4,3000.0
21910,9731,229,3,6500.0
21911,9732,227,1,1800.0
21912,9732,222,3,1800.0
21913,9733,205,1,999.0
21914,9734,208,2,1499.0
21915,9734,217,1,500.0
21916,9735,218,3,3500.0
21917,9735,219,4,8500.0
21918,9735,214,1,28000.0
21919,9736,217,4,500.0
21920,9737,221,1,5500.0
21921,9737,202,1,800.0
21922,9737,206,4,1999.0
21923,9738,229,2,6500.0
21924,9738,215,3,18000.0
21925,9738,206,2,1999.0
21926,9739,209,3,2499.0
21927,9739,219,3,8500.0
21928,9740,203,4,1500.0
21929,9741,207,1,2999.0
21930,9742,212,3,12500.0
21931,9743,208,2,1499.0
21932,9743,228,3,3200.0
21933,9744,228,1,3200.0
21934,9744,210,3,25000.0
21935,9744,203,1,1500.0
21936,9744,226,1,900.0
21937,9745,212,2,12500.0
21938,9746,220,1,7000.0
21939,9747,222,3,1800.0
21940,9747,214,2,28000.0
21941,9747,206,2,1999.0
21942,9748,227,3,1800.0
21943,9748,201,1,55000.0
21944,9748,222,4,1800.0
21945,9748,214,1,28000.0
21946,9749,221,3,5500.0
21947,9749,211,1,1500.0
21948,9749,227,2,1800.0
21949,9750,206,4,1999.0
21950,9750,220,4,7000.0
21951,9750,201,4,55000.0
21952,9751,215,4,18000.0
21953,9751,214,4,28000.0
21954,9752,228,3,3200.0
21955,9752,213,3,2200.0
21956,9752,205,3,999.0
21957,9753,222,2,1800.0
21958,9753,221,4,5500.0
21959,9754,226,3,900.0
21960,9755,211,3,1500.0
21961,9755,210,4,25000.0
21962,9755,219,1,8500.0
21963,9756,210,2,25000.0
21964,9757,202,3,800.0
21965,9758,204,2,2500.0
21966,9759,229,2,6500.0
21967,9759,201,4,55000.0
21968,9759,226,4,900.0
21969,9760,230,1,4800.0
21970,9760,210,3,25000.0
21971,9761,202,1,800.0
21972,9761,227,3,1800.0
21973,9762,211,2,1500.0
21974,9763,221,1,5500.0
21975,9763,227,2,1800.0
21976,9763,206,1,1999.0
21977,9764,218,2,3500.0
21978,9764,203,3,1500.0
21979,9765,212,3,12500.0
21980,9765,228,2,3200.0
21981,9765,223,3,900.0
21982,9765,203,3,1500.0
21983,9766,226,2,900.0
21984,9766,227,3,1800.0
21985,9766,217,3,500.0
21986,9767,220,4,7000.0
21987,9767,201,3,55000.0
21988,9767,226,1,900.0
21989,9768,221,3,5500.0
21990,9768,203,3,1500.0
21991,9769,213,3,2200.0
21992,9770,218,4,3500.0
21993,9771,216,4,1800.0
21994,9771,217,1,500.0
21995,9771,211,4,1500.0
21996,9771,207,1,2999.0
21997,9772,216,4,1800.0
21998,9773,206,2,1999.0
21999,9773,205,4,999.0
22000,9773,201,1,55000.0
22001,9774,218,4,3500.0
22002,9775,205,4,999.0
22003,9775,215,2,18000.0
22004,9775,218,1,3500.0
22005,9776,217,4,500.0
22006,9776,222,1,1800.0
22007,9776,214,1,28000.0
22008,9776,210,1,25000.0
22009,9777,217,4,500.0
22010,9777,230,4,4800.0
22011,9777,227,4,1800.0
22012,9778,204,3,2500.0
22013,9778,220,4,7000.0
22014,9779,228,3,3200.0
22015,9779,207,2,2999.0
22016,9779,210,2,25000.0
22017,9779,216,3,1800.0
22018,9780,207,4,2999.0
22019,9780,218,2,3500.0
22020,9780,220,2,7000.0
22021,9780,219,2,8500.0
22022,9781,222,3,1800.0
22023,9781,219,1,8500.0
22024,9781,211,1,1500.0
22025,9782,222,3,1800.0
22026,9782,205,2,999.0
22027,9782,202,4,800.0
22028,9783,214,4,28000.0
22029,9783,228,4,3200.0
22030,9784,227,3,1800.0
22031,9784,205,3,999.0
22032,9784,202,3,800.0
22033,9784,215,3,18000.0
22034,9785,215,4,18000.0
22035,9785,209,4,2499.0
22036,9785,223,2,900.0
22037,9785,201,1,55000.0
22038,9786,201,3,55000.0
22039,9786,222,3,1800.0
22040,9786,213,4,2200.0
22041,9786,230,3,4800.0
22042,9787,203,1,1500.0
22043,9787,205,2,999.0
22044,9788,215,3,18000.0
22045,9789,217,1,500.0
22046,9789,220,3,7000.0
22047,9790,207,3,2999.0
22048,9790,203,2,1500.0
22049,9790,222,2,1800.0
22050,9791,230,1,4800.0
22051,9791,221,2,5500.0
22052,9791,225,1,3000.0
22053,9792,228,1,3200.0
22054,9792,203,3,1500.0
22055,9792,221,4,5500.0
22056,9792,210,2,25000.0
22057,9793,226,1,900.0
22058,9794,215,2,18000.0
22059,9795,229,1,6500.0
22060,9795,215,2,18000.0
22061,9795,217,2,500.0
22062,9795,230,1,4800.0
22063,9796,223,4,900.0
22064,9797,208,3,1499.0
22065,9797,213,3,2200.0
22066,9797,226,1,900.0
22067,9797,204,4,2500.0
22068,9798,213,2,2200.0
22069,9798,210,2,25000.0
22070,9799,229,2,6500.0
22071,9799,226,3,900.0
22072,9799,210,1,25000.0
22073,9800,229,1,6500.0
22074,9800,219,3,8500.0
22075,9800,209,4,2499.0
22076,9800,204,1,2500.0
22077,9801,208,2,1499.0
22078,9801,204,3,2500.0
22079,9801,224,3,3500.0
22080,9802,219,2,8500.0
22081,9802,207,3,2999.0
22082,9802,201,1,55000.0
22083,9802,214,2,28000.0
22084,9803,201,4,55000.0
22085,9803,215,4,18000.0
22086,9803,223,1,900.0
22087,9804,230,2,4800.0
22088,9804,208,2,1499.0
22089,9805,211,2,1500.0
22090,9805,224,2,3500.0
22091,9805,210,4,25000.0
22092,9806,203,1,1500.0
22093,9807,206,4,1999.0
22094,9807,211,4,1500.0
22095,9807,216,2,1800.0
22096,9808,211,1,1500.0
22097,9808,217,3,500.0
22098,9809,202,3,800.0
22099,9809,223,3,900.0
22100,9809,228,4,3200.0
22101,9810,205,3,999.0
22102,9811,210,4,25000.0
22103,9811,229,1,6500.0
22104,9811,228,4,3200.0
22105,9812,220,1,7000.0
22106,9812,208,2,1499.0
22107,9812,206,2,1999.0
22108,9812,229,4,6500.0
22109,9813,223,3,900.0
22110,9814,218,2,3500.0
22111,9815,208,4,1499.0
22112,9815,216,4,1800.0
22113,9816,219,4,8500.0
22114,9817,206,3,1999.0
22115,9817,219,4,8500.0
22116,9817,209,4,2499.0
22117,9817,221,1,5500.0
22118,9818,210,3,25000.0
22119,9819,224,2,3500.0
22120,9819,202,3,800.0
22121,9820,227,2,1800.0
22122,9820,211,2,1500.0
22123,9821,212,2,12500.0
22124,9821,213,2,2200.0
22125,9821,215,1,18000.0
22126,9822,207,1,2999.0
22127,9822,210,2,25000.0
22128,9823,225,4,3000.0
22129,9823,215,2,18000.0
22130,9823,227,1,1800.0
22131,9823,229,2,6500.0
22132,9824,203,4,1500.0
22133,9824,208,4,1499.0
22134,9825,222,1,1800.0
22135,9825,209,3,2499.0
22136,9825,212,4,12500.0
22137,9826,213,1,2200.0
22138,9826,205,2,999.0
22139,9827,215,4,18000.0
22140,9827,204,2,2500.0
22141,9827,228,1,3200.0
22142,9827,212,2,12500.0
22143,9828,220,2,7000.0
22144,9829,207,1,2999.0
22145,9829,214,3,28000.0
22146,9829,213,4,2200.0
22147,9830,219,2,8500.0
22148,9830,213,1,2200.0
22149,9830,206,3,1999.0
22150,9831,227,4,1800.0
22151,9832,214,4,28000.0
22152,9832,222,4,1800.0
22153,9833,227,4,1800.0
22154,9833,218,1,3500.0
22155,9833,207,2,2999.0
22156,9833,214,2,28000.0
22157,9834,206,3,1999.0
22158,9834,221,4,5500.0
22159,9834,208,4,1499.0
22160,9835,205,3,999.0
22161,9836,228,3,3200.0
22162,9836,211,1,1500.0
22163,9837,204,1,2500.0
22164,9837,226,3,900.0
22165,9837,215,3,18000.0
22166,9838,207,1,2999.0
22167,9838,218,2,3500.0
22168,9839,212,2,12500.0
22169,9839,216,4,1800.0
22170,9839,217,1,500.0
22171,9839,214,1,28000.0
22172,9840,213,3,2200.0
22173,9840,220,1,7000.0
22174,9840,203,4,1500.0
22175,9841,229,2,6500.0
22176,9841,213,1,2200.0
22177,9841,209,1,2499.0
22178,9842,227,1,1800.0
22179,9842,207,3,2999.0
22180,9842,206,3,1999.0
22181,9842,205,4,999.0
22182,9843,209,3,2499.0
22183,9843,202,4,800.0
22184,9843,211,3,1500.0
22185,9843,208,1,1499.0
22186,9844,201,2,55000.0
22187,9844,228,3,3200.0
22188,9845,210,1,25000.0
22189,9845,216,1,1800.0
22190,9845,221,2,5500.0
22191,9846,212,3,12500.0
22192,9846,228,1,3200.0
22193,9847,210,2,25000.0
22194,9847,220,2,7000.0
22195,9847,228,2,3200.0
22196,9848,205,1,999.0
22197,9848,227,3,1800.0
22198,9848,210,2,25000.0
22199,9848,229,4,6500.0
22200,9849,216,2,1800.0
22201,9849,222,2,1800.0
22202,9849,203,3,1500.0
22203,9849,215,3,18000.0
22204,9850,207,1,2999.0
22205,9850,208,1,1499.0
22206,9850,204,2,2500.0
22207,9850,212,1,12500.0
22208,9851,213,1,2200.0
22209,9851,209,3,2499.0
22210,9851,228,2,3200.0
22211,9852,209,2,2499.0
22212,9852,220,3,7000.0
22213,9852,208,1,1499.0
22214,9853,221,3,5500.0
22215,9853,218,4,3500.0
22216,9853,219,1,8500.0
22217,9854,222,4,1800.0
22218,9854,223,2,900.0
22219,9854,211,2,1500.0
22220,9855,229,1,6500.0
22221,9856,227,4,1800.0
22222,9857,220,1,7000.0
22223,9857,225,3,3000.0
22224,9857,206,3,1999.0
22225,9857,211,4,1500.0
22226,9858,202,4,800.0
22227,9858,228,1,3200.0
22228,9859,217,1,500.0
22229,9860,204,2,2500.0
22230,9860,212,2,12500.0
22231,9860,220,2,7000.0
22232,9860,223,4,900.0
22233,9861,203,4,1500.0
22234,9862,228,3,3200.0
22235,9862,229,2,6500.0
22236,9862,212,4,12500.0
22237,9862,217,1,500.0
22238,9863,211,4,1500.0
22239,9863,230,2,4800.0
22240,9863,222,2,1800.0
22241,9863,223,4,900.0
22242,9864,218,3,3500.0
22243,9864,221,1,5500.0
22244,9864,215,4,18000.0
22245,9864,205,2,999.0
22246,9865,213,4,2200.0
22247,9865,212,1,12500.0
22248,9866,217,4,500.0
22249,9866,212,1,12500.0
22250,9867,217,4,500.0
22251,9867,228,4,3200.0
22252,9868,205,4,999.0
22253,9868,224,4,3500.0
22254,9868,217,3,500.0
22255,9868,218,1,3500.0
22256,9869,215,1,18000.0
22257,9870,210,2,25000.0
22258,9870,203,2,1500.0
22259,9870,226,3,900.0
22260,9871,228,2,3200.0
22261,9871,226,4,900.0
22262,9872,225,1,3000.0
22263,9873,223,3,900.0
22264,9873,219,2,8500.0
22265,9874,208,3,1499.0
22266,9874,224,1,3500.0
22267,9874,220,3,7000.0
22268,9875,205,1,999.0
22269,9875,229,1,6500.0
22270,9876,210,3,25000.0
22271,9877,217,2,500.0
22272,9877,215,2,18000.0
22273,9877,204,3,2500.0
22274,9878,226,1,900.0
22275,9878,223,4,900.0
22276,9878,203,4,1500.0
22277,9879,210,4,25000.0
22278,9880,228,1,3200.0
22279,9881,220,3,7000.0
22280,9881,213,2,2200.0
22281,9882,227,1,1800.0
22282,9883,226,2,900.0
22283,9883,219,3,8500.0
22284,9883,203,1,1500.0
22285,9883,221,2,5500.0
22286,9884,228,4,3200.0
22287,9884,206,1,1999.0
22288,9884,229,1,6500.0
22289,9885,202,3,800.0
22290,9885,227,2,1800.0
22291,9886,207,2,2999.0
22292,9886,208,3,1499.0
22293,9886,221,1,5500.0
22294,9886,205,4,999.0
22295,9887,209,2,2499.0
22296,9887,228,2,3200.0
22297,9888,229,2,6500.0
22298,9888,213,4,2200.0
22299,9888,210,2,25000.0
22300,9888,202,3,800.0
22301,9889,201,3,55000.0
22302,9889,223,2,900.0
22303,9889,214,1,28000.0
22304,9889,228,2,3200.0
22305,9890,230,1,4800.0
22306,9891,205,2,999.0
22307,9892,228,3,3200.0
22308,9893,211,4,1500.0
22309,9894,216,3,1800.0
22310,9894,220,1,7000.0
22311,9894,222,3,1800.0
22312,9894,209,3,2499.0
22313,9895,209,3,2499.0
22314,9896,226,1,900.0
22315,9897,206,3,1999.0
22316,9897,212,4,12500.0
22317,9897,203,1,1500.0
22318,9898,213,2,2200.0
22319,9898,212,3,12500.0
22320,9899,219,4,8500.0
22321,9900,210,1,25000.0
22322,9900,212,2,12500.0
22323,9901,228,1,3200.0
22324,9902,223,2,900.0
22325,9902,230,1,4800.0
22326,9903,201,1,55000.0
22327,9903,223,2,900.0
22328,9903,222,1,1800.0
22329,9904,225,2,3000.0
22330,9904,203,1,1500.0
22331,9904,208,2,1499.0
22332,9905,217,4,500.0
22333,9905,228,4,3200.0
22334,9905,211,1,1500.0
22335,9905,209,3,2499.0
22336,9906,214,2,28000.0
22337,9906,207,2,2999.0
22338,9906,223,1,900.0
22339,9907,201,1,55000.0
22340,9908,203,1,1500.0
22341,9908,207,2,2999.0
22342,9908,205,2,999.0
22343,9909,214,3,28000.0
22344,9909,215,1,18000.0
22345,9910,217,2,500.0
22346,9910,223,4,900.0
22347,9910,213,3,2200.0
22348,9911,223,1,900.0
22349,9911,213,3,2200.0
22350,9911,219,3,8500.0
22351,9911,220,4,7000.0
22352,9912,214,2,28000.0
22353,9913,220,4,7000.0
22354,9913,228,4,3200.0
22355,9914,227,1,1800.0
22356,9914,207,2,2999.0
22357,9914,230,3,4800.0
22358,9915,213,4,2200.0
22359,9915,224,1,3500.0
22360,9916,213,4,2200.0
22361,9917,220,2,7000.0
22362,9917,218,1,3500.0
22363,9917,227,4,1800.0
22364,9918,202,1,800.0
22365,9918,215,3,18000.0
22366,9919,222,1,1800.0
22367,9919,223,1,900.0
22368,9919,207,1,2999.0
22369,9919,218,1,3500.0
22370,9920,217,4,500.0
22371,9920,215,4,18000.0
22372,9921,214,1,28000.0
22373,9921,219,3,8500.0
22374,9922,216,4,1800.0
22375,9922,218,1,3500.0
22376,9922,225,4,3000.0
22377,9922,213,3,2200.0
22378,9923,229,3,6500.0
22379,9923,225,1,3000.0
22380,9924,230,4,4800.0
22381,9924,202,4,800.0
22382,9924,220,3,7000.0
22383,9924,225,1,3000.0
22384,9925,204,4,2500.0
22385,9925,224,3,3500.0
22386,9925,229,1,6500.0
22387,9925,205,2,999.0
22388,9926,210,4,25000.0
22389,9927,203,3,1500.0
22390,9927,214,2,28000.0
22391,9927,215,3,18000.0
22392,9928,221,2,5500.0
22393,9929,218,2,3500.0
22394,9929,221,4,5500.0
22395,9930,201,3,55000.0
22396,9930,225,3,3000.0
22397,9930,230,1,4800.0
22398,9931,224,3,3500.0
22399,9931,203,1,1500.0
22400,9931,212,3,12500.0
22401,9932,205,1,999.0
22402,9932,218,3,3500.0
22403,9933,222,4,1800.0
22404,9933,211,1,1500.0
22405,9933,208,2,1499.0
22406,9933,228,1,3200.0
22407,9934,218,3,3500.0
22408,9935,207,4,2999.0
22409,9935,214,2,28000.0
22410,9935,215,4,18000.0
22411,9935,222,1,1800.0
22412,9936,202,2,800.0
22413,9936,208,2,1499.0
22414,9937,201,1,55000.0
22415,9937,222,4,1800.0
22416,9938,211,3,1500.0
22417,9938,226,3,900.0
22418,9938,219,1,8500.0
22419,9938,218,4,3500.0
22420,9939,219,3,8500.0
22421,9939,218,3,3500.0
22422,9940,226,4,900.0
22423,9940,227,3,1800.0
22424,9940,209,4,2499.0
22425,9941,209,1,2499.0
22426,9941,220,2,7000.0
22427,9941,205,3,999.0
22428,9941,206,4,1999.0
22429,9942,209,4,2499.0
22430,9942,204,1,2500.0
22431,9942,206,3,1999.0
22432,9943,226,3,900.0
22433,9944,214,4,28000.0
22434,9945,205,2,999.0
22435,9945,215,1,18000.0
22436,9946,206,3,1999.0
22437,9946,207,1,2999.0
22438,9946,227,2,1800.0
22439,9947,206,3,1999.0
22440,9947,204,3,2500.0
22441,9947,226,3,900.0
22442,9948,203,2,1500.0
22443,9949,220,4,7000.0
22444,9949,225,4,3000.0
22445,9950,230,3,4800.0
22446,9950,214,2,28000.0
22447,9951,203,3,1500.0
22448,9951,213,4,2200.0
22449,9951,208,2,1499.0
22450,9951,221,1,5500.0
22451,9952,209,2,2499.0
22452,9952,221,1,5500.0
22453,9952,216,4,1800.0
22454,9953,226,3,900.0
22455,9954,209,4,2499.0
22456,9954,216,3,1800.0
22457,9955,205,2,999.0
22458,9955,210,4,25000.0
22459,9955,228,1,3200.0
22460,9955,213,3,2200.0
22461,9956,209,4,2499.0
22462,9956,219,4,8500.0
22463,9956,208,3,1499.0
22464,9956,227,2,1800.0
22465,9957,208,2,1499.0
22466,9957,229,2,6500.0
22467,9957,214,1,28000.0
22468,9957,220,2,7000.0
22469,9958,215,2,18000.0
22470,9958,202,1,800.0
22471,9959,206,2,1999.0
22472,9959,220,1,7000.0
22473,9959,214,2,28000.0
22474,9960,216,3,1800.0
22475,9960,203,4,1500.0
22476,9961,208,2,1499.0
22477,9961,210,2,25000.0
22478,9961,206,1,1999.0
22479,9961,201,4,55000.0
22480,9962,211,1,1500.0
22481,9963,207,1,2999.0
22482,9964,224,1,3500.0
22483,9964,202,3,800.0
22484,9964,207,4,2999.0
22485,9964,220,4,7000.0
22486,9965,217,4,500.0
22487,9965,207,1,2999.0
22488,9966,218,4,3500.0
22489,9966,202,1,800.0
22490,9967,229,1,6500.0
22491,9967,213,3,2200.0
22492,9967,230,2,4800.0
22493,9967,206,2,1999.0
22494,9968,226,1,900.0
22495,9968,224,4,3500.0
22496,9969,228,3,3200.0
22497,9969,201,2,55000.0
22498,9970,227,2,1800.0
22499,9970,220,3,7000.0
22500,9971,223,4,900.0
22501,9971,212,2,12500.0
22502,9971,228,3,3200.0
22503,9972,213,3,2200.0
22504,9972,216,1,1800.0
22505,9972,226,2,900.0
22506,9972,202,2,800.0
22507,9973,221,3,5500.0
22508,9973,203,2,1500.0
22509,9974,221,3,5500.0
22510,9974,208,3,1499.0
22511,9974,211,2,1500.0
22512,9974,220,2,7000.0
22513,9975,203,4,1500.0
22514,9975,218,2,3500.0
22515,9975,204,3,2500.0
22516,9975,201,3,55000.0
22517,9976,223,4,900.0
22518,9976,201,1,55000.0
22519,9976,202,3,800.0
22520,9976,206,2,1999.0
22521,9977,205,1,999.0
22522,9977,218,2,3500.0
22523,9977,213,4,2200.0
22524,9978,209,2,2499.0
22525,9978,216,2,1800.0
22526,9979,206,2,1999.0
22527,9979,220,1,7000.0
22528,9980,220,4,7000.0
22529,9980,206,2,1999.0
22530,9980,214,3,28000.0
22531,9981,217,2,500.0
22532,9981,224,4,3500.0
22533,9982,227,1,1800.0
22534,9982,218,4,3500.0
22535,9983,230,3,4800.0
22536,9983,228,4,3200.0
22537,9983,201,4,55000.0
22538,9983,220,1,7000.0
22539,9984,230,2,4800.0
22540,9985,225,2,3000.0
22541,9985,212,1,12500.0
22542,9985,215,1,18000.0
22543,9986,227,4,1800.0
22544,9987,219,4,8500.0
22545,9987,216,3,1800.0
22546,9988,203,2,1500.0
22547,9988,221,1,5500.0
22548,9989,215,2,18000.0
22549,9989,212,3,12500.0
22550,9990,221,2,5500.0
22551,9990,209,4,2499.0
22552,9991,211,4,1500.0
22553,9991,206,4,1999.0
22554,9991,215,2,18000.0
22555,9992,207,4,2999.0
22556,9992,221,4,5500.0
22557,9992,223,4,900.0
22558,9993,228,1,3200.0
22559,9993,218,4,3500.0
22560,9993,207,1,2999.0
22561,9993,202,2,800.0
22562,9994,219,2,8500.0
22563,9994,212,1,12500.0
22564,9995,214,2,28000.0
22565,9995,222,2,1800.0
22566,9995,208,1,1499.0
22567,9996,202,1,800.0
22568,9996,218,1,3500.0
22569,9996,213,2,2200.0
22570,9996,223,2,900.0
22571,9997,206,1,1999.0
22572,9997,227,1,1800.0
22573,9997,229,4,6500.0
22574,9997,202,4,800.0
22575,9998,218,2,3500.0
22576,9998,202,2,800.0
22577,9998,226,1,900.0
22578,9999,214,3,28000.0
22579,9999,208,4,1499.0
22580,9999,222,4,1800.0
22581,10000,227,1,1800.0
22582,10000,202,2,800.0
22583,10001,224,2,3500.0
22584,10001,203,2,1500.0
22585,10002,230,4,4800.0
22586,10002,218,1,3500.0
22587,10002,206,2,1999.0
22588,10003,212,1,12500.0
22589,10003,216,4,1800.0
22590,10003,223,1,900.0
22591,10004,229,1,6500.0
22592,10004,205,4,999.0
22593,10004,202,4,800.0
22594,10004,214,1,28000.0
22595,10005,214,1,28000.0
22596,10005,218,2,3500.0
22597,10006,201,4,55000.0
22598,10006,224,4,3500.0
22599,10006,219,4,8500.0
22600,10007,229,2,6500.0
22601,10008,214,1,28000.0
22602,10008,212,1,12500.0
22603,10008,222,2,1800.0
22604,10008,210,3,25000.0
22605,10009,214,3,28000.0
22606,10010,211,3,1500.0
22607,10011,208,3,1499.0
22608,10011,228,1,3200.0
22609,10011,223,3,900.0
22610,10012,203,1,1500.0
22611,10012,214,3,28000.0
22612,10012,210,3,25000.0
22613,10013,216,1,1800.0
22614,10013,226,4,900.0
22615,10014,211,4,1500.0
22616,10014,203,4,1500.0
22617,10014,204,2,2500.0
22618,10015,204,4,2500.0
22619,10015,221,4,5500.0
22620,10016,218,3,3500.0
22621,10016,219,1,8500.0
22622,10016,206,4,1999.0
22623,10017,208,1,1499.0
22624,10017,227,3,1800.0
22625,10017,217,3,500.0
22626,10018,202,1,800.0
22627,10018,210,1,25000.0
22628,10019,202,2,800.0
22629,10020,212,3,12500.0
22630,10020,220,2,7000.0
22631,10020,203,2,1500.0
22632,10020,208,1,1499.0
22633,10021,209,2,2499.0
22634,10021,212,2,12500.0
22635,10021,225,1,3000.0
22636,10022,229,4,6500.0
22637,10022,225,2,3000.0
22638,10023,221,3,5500.0
22639,10023,219,3,8500.0
22640,10023,215,4,18000.0
22641,10023,216,2,1800.0
22642,10024,215,3,18000.0
22643,10024,223,4,900.0
22644,10024,207,2,2999.0
22645,10024,224,3,3500.0
22646,10025,218,3,3500.0
22647,10025,222,1,1800.0
22648,10025,229,3,6500.0
22649,10025,209,1,2499.0
22650,10026,211,1,1500.0
22651,10026,205,1,999.0
22652,10026,201,4,55000.0
22653,10026,204,4,2500.0
22654,10027,221,2,5500.0
22655,10027,204,4,2500.0
22656,10027,227,4,1800.0
22657,10028,224,2,3500.0
22658,10028,221,4,5500.0
22659,10028,223,1,900.0
22660,10029,229,4,6500.0
22661,10029,216,1,1800.0
22662,10029,202,3,800.0
22663,10030,215,4,18000.0
22664,10030,230,2,4800.0
22665,10030,214,3,28000.0
22666,10031,225,4,3000.0
22667,10031,227,2,1800.0
22668,10031,203,3,1500.0
22669,10032,226,4,900.0
22670,10032,201,3,55000.0
22671,10032,206,4,1999.0
22672,10033,208,3,1499.0
22673,10033,217,4,500.0
22674,10033,224,3,3500.0
22675,10033,207,2,2999.0
22676,10034,230,4,4800.0
22677,10034,219,4,8500.0
22678,10034,220,2,7000.0
22679,10035,217,1,500.0
22680,10035,227,1,1800.0
22681,10035,223,2,900.0
22682,10035,214,1,28000.0
22683,10036,219,3,8500.0
22684,10036,203,1,1500.0
22685,10036,209,1,2499.0
22686,10036,208,2,1499.0
22687,10037,221,1,5500.0
22688,10037,226,1,900.0
22689,10038,203,1,1500.0
22690,10038,226,1,900.0
22691,10039,201,1,55000.0
22692,10040,210,4,25000.0
22693,10040,217,1,500.0
22694,10041,210,2,25000.0
22695,10042,222,4,1800.0
22696,10042,210,1,25000.0
22697,10043,218,3,3500.0
22698,10043,223,3,900.0
22699,10043,224,4,3500.0
22700,10043,201,3,55000.0
22701,10044,208,3,1499.0
22702,10045,223,3,900.0
22703,10045,201,3,55000.0
22704,10045,209,1,2499.0
22705,10045,227,3,1800.0
22706,10046,229,1,6500.0
22707,10047,202,1,800.0
22708,10047,201,1,55000.0
22709,10047,221,1,5500.0
22710,10047,220,3,7000.0
22711,10048,210,3,25000.0
22712,10048,219,4,8500.0
22713,10049,214,1,28000.0
22714,10049,204,3,2500.0
22715,10050,229,4,6500.0
22716,10050,218,3,3500.0
22717,10050,212,4,12500.0
22718,10051,221,4,5500.0
22719,10051,203,4,1500.0
22720,10052,206,1,1999.0
22721,10052,202,1,800.0
22722,10053,229,4,6500.0
22723,10054,218,4,3500.0
22724,10054,221,1,5500.0
22725,10055,223,3,900.0
22726,10056,230,2,4800.0
22727,10056,205,2,999.0
22728,10056,209,1,2499.0
22729,10057,225,3,3000.0
22730,10058,224,2,3500.0
22731,10058,218,3,3500.0
22732,10059,214,3,28000.0
22733,10059,227,4,1800.0
22734,10060,208,3,1499.0
22735,10060,216,3,1800.0
22736,10061,219,3,8500.0
22737,10061,205,2,999.0
22738,10061,208,2,1499.0
22739,10062,230,2,4800.0
22740,10062,225,2,3000.0
22741,10062,222,2,1800.0
22742,10062,221,1,5500.0
22743,10063,210,2,25000.0
22744,10063,213,1,2200.0
22745,10063,215,3,18000.0
22746,10063,224,2,3500.0
22747,10064,219,3,8500.0
22748,10065,222,1,1800.0
22749,10065,229,2,6500.0
22750,10066,221,3,5500.0
22751,10067,222,2,1800.0
22752,10067,201,1,55000.0
22753,10068,230,4,4800.0
22754,10068,217,4,500.0
22755,10069,207,4,2999.0
22756,10070,222,3,1800.0
22757,10070,217,3,500.0
22758,10070,216,3,1800.0
22759,10071,203,4,1500.0
22760,10071,208,1,1499.0
22761,10071,202,4,800.0
22762,10071,218,4,3500.0
22763,10072,229,4,6500.0
22764,10073,216,2,1800.0
22765,10073,204,2,2500.0
22766,10074,230,2,4800.0
22767,10074,204,3,2500.0
22768,10074,228,3,3200.0
22769,10075,201,1,55000.0
22770,10076,217,3,500.0
22771,10076,213,2,2200.0
22772,10076,219,2,8500.0
22773,10077,218,4,3500.0
22774,10077,211,2,1500.0
22775,10077,222,1,1800.0
22776,10078,219,4,8500.0
22777,10079,214,1,28000.0
22778,10080,225,1,3000.0
22779,10080,226,2,900.0
22780,10081,203,4,1500.0
22781,10081,202,3,800.0
22782,10081,221,3,5500.0
22783,10082,223,3,900.0
22784,10082,227,1,1800.0
22785,10083,215,3,18000.0
22786,10084,210,4,25000.0
22787,10085,225,3,3000.0
22788,10085,224,2,3500.0
22789,10086,230,2,4800.0
22790,10086,229,1,6500.0
22791,10087,209,3,2499.0
22792,10088,209,2,2499.0
22793,10089,205,1,999.0
22794,10089,202,3,800.0
22795,10090,204,4,2500.0
22796,10090,218,2,3500.0
22797,10090,229,2,6500.0
22798,10091,211,1,1500.0
22799,10091,224,3,3500.0
22800,10091,221,3,5500.0
22801,10091,218,3,3500.0
22802,10092,216,4,1800.0
22803,10092,225,3,3000.0
22804,10093,227,4,1800.0
22805,10093,224,2,3500.0
22806,10093,209,4,2499.0
22807,10093,205,3,999.0
22808,10094,203,4,1500.0
22809,10095,217,3,500.0
22810,10096,228,3,3200.0
22811,10096,218,3,3500.0
22812,10096,204,4,2500.0
22813,10097,204,4,2500.0
22814,10097,205,4,999.0
22815,10098,214,2,28000.0
22816,10098,202,4,800.0
22817,10098,208,3,1499.0
22818,10098,220,1,7000.0
22819,10099,221,3,5500.0
22820,10099,209,4,2499.0
22821,10099,218,3,3500.0
22822,10099,223,2,900.0
22823,10100,208,1,1499.0
22824,10100,218,2,3500.0
22825,10100,212,2,12500.0
22826,10100,204,3,2500.0
22827,10101,222,4,1800.0
22828,10101,203,4,1500.0
22829,10101,211,4,1500.0
22830,10101,207,3,2999.0
22831,10102,203,3,1500.0
22832,10102,223,4,900.0
22833,10102,213,2,2200.0
22834,10102,219,1,8500.0
22835,10103,202,1,800.0
22836,10103,208,4,1499.0
22837,10104,220,1,7000.0
22838,10104,205,4,999.0
22839,10105,223,3,900.0
22840,10105,206,3,1999.0
22841,10105,221,2,5500.0
22842,10105,220,4,7000.0
22843,10106,218,2,3500.0
22844,10107,222,2,1800.0
22845,10107,219,3,8500.0
22846,10107,224,2,3500.0
22847,10108,217,3,500.0
22848,10108,223,3,900.0
22849,10108,215,4,18000.0
22850,10108,228,4,3200.0
22851,10109,220,1,7000.0
22852,10109,226,3,900.0
22853,10110,214,1,28000.0
22854,10111,225,4,3000.0
22855,10111,222,2,1800.0
22856,10112,216,4,1800.0
22857,10112,204,2,2500.0
22858,10112,201,2,55000.0
22859,10112,208,4,1499.0
22860,10113,203,1,1500.0
22861,10113,208,1,1499.0
22862,10114,209,1,2499.0
22863,10114,212,3,12500.0
22864,10114,221,1,5500.0
22865,10114,222,1,1800.0
22866,10115,222,4,1800.0
22867,10116,222,2,1800.0
22868,10116,207,4,2999.0
22869,10117,206,2,1999.0
22870,10118,212,4,12500.0
22871,10118,228,1,3200.0
22872,10118,215,4,18000.0
22873,10119,212,4,12500.0
22874,10119,219,1,8500.0
22875,10119,216,2,1800.0
22876,10120,205,4,999.0
22877,10120,216,1,1800.0
22878,10120,209,3,2499.0
22879,10120,210,4,25000.0
22880,10121,225,3,3000.0
22881,10121,227,1,1800.0
22882,10121,224,1,3500.0
22883,10122,202,3,800.0
22884,10122,212,2,12500.0
22885,10123,205,2,999.0
22886,10123,225,1,3000.0
22887,10123,209,3,2499.0
22888,10123,224,4,3500.0
22889,10124,204,1,2500.0
22890,10124,226,4,900.0
22891,10124,207,4,2999.0
22892,10125,215,2,18000.0
22893,10126,221,1,5500.0
22894,10126,206,4,1999.0
22895,10127,206,4,1999.0
22896,10127,209,2,2499.0
22897,10128,220,3,7000.0
22898,10129,230,2,4800.0
22899,10129,223,3,900.0
22900,10129,222,4,1800.0
22901,10129,220,4,7000.0
22902,10130,213,1,2200.0
22903,10130,230,1,4800.0
22904,10130,211,2,1500.0
22905,10131,216,3,1800.0
22906,10131,222,2,1800.0
22907,10131,203,2,1500.0
22908,10131,213,1,2200.0
22909,10132,205,2,999.0
22910,10133,221,4,5500.0
22911,10133,201,2,55000.0
22912,10133,223,4,900.0
22913,10134,215,1,18000.0
22914,10134,226,3,900.0
22915,10134,210,3,25000.0
22916,10135,222,3,1800.0
22917,10136,207,1,2999.0
22918,10136,201,4,55000.0
22919,10137,210,4,25000.0
22920,10137,230,4,4800.0
22921,10137,209,3,2499.0
22922,10138,218,1,3500.0
22923,10138,212,3,12500.0
22924,10138,205,1,999.0
22925,10139,201,3,55000.0
22926,10139,221,1,5500.0
22927,10139,209,2,2499.0
22928,10139,226,2,900.0
22929,10140,228,3,3200.0
22930,10140,217,2,500.0
22931,10141,207,4,2999.0
22932,10141,216,3,1800.0
22933,10141,202,4,800.0
22934,10142,221,4,5500.0
22935,10142,219,2,8500.0
22936,10142,225,3,3000.0
22937,10143,226,2,900.0
22938,10143,219,4,8500.0
22939,10143,230,1,4800.0
22940,10143,215,2,18000.0
22941,10144,202,1,800.0
22942,10144,207,2,2999.0
22943,10144,201,2,55000.0
22944,10144,209,3,2499.0
22945,10145,209,4,2499.0
22946,10146,210,3,25000.0
22947,10147,219,4,8500.0
22948,10147,228,4,3200.0
22949,10147,221,3,5500.0
22950,10147,225,4,3000.0
22951,10148,220,4,7000.0
22952,10148,212,2,12500.0
22953,10149,214,4,28000.0
22954,10149,219,1,8500.0
22955,10149,225,3,3000.0
22956,10149,209,1,2499.0
22957,10150,221,2,5500.0
22958,10150,202,4,800.0
22959,10150,225,3,3000.0
22960,10151,218,1,3500.0
22961,10151,212,3,12500.0
22962,10151,205,4,999.0
22963,10152,226,3,900.0
22964,10153,214,1,28000.0
22965,10153,219,4,8500.0
22966,10153,226,4,900.0
22967,10153,213,4,2200.0
22968,10154,219,4,8500.0
22969,10154,221,2,5500.0
22970,10155,229,2,6500.0
22971,10155,218,2,3500.0
22972,10156,219,1,8500.0
22973,10156,229,2,6500.0
22974,10156,221,1,5500.0
22975,10157,217,3,500.0
22976,10157,205,4,999.0
22977,10158,224,1,3500.0
22978,10158,212,2,12500.0
22979,10159,218,1,3500.0
22980,10159,224,3,3500.0
22981,10160,215,2,18000.0
22982,10161,217,3,500.0
22983,10161,229,4,6500.0
22984,10162,227,3,1800.0
22985,10163,210,1,25000.0
22986,10163,218,4,3500.0
22987,10164,201,4,55000.0
22988,10164,207,2,2999.0
22989,10164,205,4,999.0
22990,10164,230,3,4800.0
22991,10165,216,2,1800.0
22992,10165,210,4,25000.0
22993,10166,216,4,1800.0
22994,10166,207,2,2999.0
22995,10166,218,2,3500.0
22996,10167,202,1,800.0
22997,10167,228,1,3200.0
22998,10168,205,4,999.0
22999,10168,212,2,12500.0
23000,10168,223,1,900.0
23001,10168,211,2,1500.0
23002,10169,209,2,2499.0
23003,10169,223,2,900.0
23004,10169,215,2,18000.0
23005,10169,204,3,2500.0
23006,10170,228,2,3200.0
23007,10170,202,1,800.0
23008,10171,219,3,8500.0
23009,10171,209,3,2499.0
23010,10171,223,3,900.0
23011,10171,224,3,3500.0
23012,10172,207,2,2999.0
23013,10172,203,4,1500.0
23014,10172,220,4,7000.0
23015,10173,223,2,900.0
23016,10174,202,3,800.0
23017,10175,214,3,28000.0
23018,10175,222,2,1800.0
23019,10175,216,2,1800.0
23020,10176,204,2,2500.0
23021,10176,207,1,2999.0
23022,10177,209,4,2499.0
23023,10177,203,1,1500.0
23024,10177,220,3,7000.0
23025,10178,213,3,2200.0
23026,10179,202,2,800.0
23027,10180,220,4,7000.0
23028,10180,228,2,3200.0
23029,10180,226,4,900.0
23030,10180,208,3,1499.0
23031,10181,228,2,3200.0
23032,10181,206,2,1999.0
23033,10182,223,2,900.0
23034,10182,227,1,1800.0
23035,10182,218,1,3500.0
23036,10183,222,3,1800.0
23037,10183,211,2,1500.0
23038,10183,206,1,1999.0
23039,10183,208,2,1499.0
23040,10184,226,1,900.0
23041,10185,204,4,2500.0
23042,10185,218,2,3500.0
23043,10186,202,1,800.0
23044,10186,211,1,1500.0
23045,10186,220,1,7000.0
23046,10186,228,2,3200.0
23047,10187,205,2,999.0
23048,10188,202,4,800.0
23049,10188,226,3,900.0
23050,10188,214,2,28000.0
23051,10189,202,2,800.0
23052,10189,211,4,1500.0
23053,10190,205,3,999.0
23054,10191,230,4,4800.0
23055,10191,201,3,55000.0
23056,10192,214,3,28000.0
23057,10192,223,2,900.0
23058,10192,215,4,18000.0
23059,10192,219,4,8500.0
23060,10193,230,1,4800.0
23061,10193,201,4,55000.0
23062,10193,213,3,2200.0
23063,10194,212,2,12500.0
23064,10194,223,1,900.0
23065,10194,215,2,18000.0
23066,10195,213,3,2200.0
23067,10196,219,2,8500.0
23068,10196,229,3,6500.0
23069,10196,225,3,3000.0
23070,10196,214,4,28000.0
23071,10197,212,3,12500.0
23072,10198,230,2,4800.0
23073,10199,201,2,55000.0
23074,10199,225,4,3000.0
23075,10200,214,3,28000.0
23076,10200,217,1,500.0
23077,10201,219,4,8500.0
23078,10201,209,2,2499.0
23079,10201,208,4,1499.0
23080,10202,207,3,2999.0
23081,10203,219,4,8500.0
23082,10204,210,3,25000.0
23083,10205,225,3,3000.0
23084,10205,224,2,3500.0
23085,10206,226,4,900.0
23086,10206,213,2,2200.0
23087,10206,219,3,8500.0
23088,10206,229,2,6500.0
23089,10207,210,2,25000.0
23090,10208,207,1,2999.0
23091,10208,225,4,3000.0
23092,10208,228,4,3200.0
23093,10209,220,3,7000.0
23094,10209,225,4,3000.0
23095,10209,217,1,500.0
23096,10210,202,1,800.0
23097,10210,208,1,1499.0
23098,10210,225,3,3000.0
23099,10210,226,2,900.0
23100,10211,208,2,1499.0
23101,10212,202,1,800.0
23102,10212,212,1,12500.0
23103,10212,217,2,500.0
23104,10212,216,1,1800.0
23105,10213,225,3,3000.0
23106,10213,219,3,8500.0
23107,10213,228,1,3200.0
23108,10214,216,3,1800.0
23109,10215,227,3,1800.0
23110,10215,202,2,800.0
23111,10215,207,2,2999.0
23112,10215,211,4,1500.0
23113,10216,221,1,5500.0
23114,10216,207,1,2999.0
23115,10216,220,1,7000.0
23116,10216,219,1,8500.0
23117,10217,217,1,500.0
23118,10218,226,3,900.0
23119,10218,213,2,2200.0
23120,10219,220,4,7000.0
23121,10219,207,2,2999.0
23122,10219,215,2,18000.0
23123,10219,227,3,1800.0
23124,10220,211,4,1500.0
23125,10221,218,1,3500.0
23126,10221,213,1,2200.0
23127,10221,229,1,6500.0
23128,10221,228,1,3200.0
23129,10222,220,1,7000.0
23130,10222,213,1,2200.0
23131,10223,218,4,3500.0
23132,10223,209,2,2499.0
23133,10224,209,2,2499.0
23134,10225,203,2,1500.0
23135,10225,221,3,5500.0
23136,10225,216,4,1800.0
23137,10225,220,1,7000.0
23138,10226,230,4,4800.0
23139,10227,214,1,28000.0
23140,10227,219,4,8500.0
23141,10227,222,1,1800.0
23142,10228,205,4,999.0
23143,10228,229,1,6500.0
23144,10228,201,4,55000.0
23145,10229,226,2,900.0
23146,10229,216,4,1800.0
23147,10229,208,2,1499.0
23148,10229,204,3,2500.0
23149,10230,207,3,2999.0
23150,10231,218,3,3500.0
23151,10231,215,3,18000.0
23152,10232,218,2,3500.0
23153,10232,228,2,3200.0
23154,10232,203,1,1500.0
23155,10232,210,1,25000.0
23156,10233,226,3,900.0
23157,10233,230,3,4800.0
23158,10234,225,4,3000.0
23159,10235,226,1,900.0
23160,10235,201,4,55000.0
23161,10235,214,2,28000.0
23162,10235,208,2,1499.0
23163,10236,222,4,1800.0
23164,10237,212,4,12500.0
23165,10238,201,3,55000.0
23166,10239,206,4,1999.0
23167,10239,219,2,8500.0
23168,10239,227,3,1800.0
23169,10240,208,2,1499.0
23170,10241,214,4,28000.0
23171,10242,230,2,4800.0
23172,10242,201,4,55000.0
23173,10242,205,1,999.0
23174,10242,219,2,8500.0
23175,10243,220,4,7000.0
23176,10243,218,1,3500.0
23177,10243,203,3,1500.0
23178,10244,223,2,900.0
23179,10245,204,3,2500.0
23180,10245,225,2,3000.0
23181,10246,205,4,999.0
23182,10246,207,2,2999.0
23183,10246,217,1,500.0
23184,10246,211,2,1500.0
23185,10247,210,2,25000.0
23186,10248,229,1,6500.0
23187,10248,218,4,3500.0
23188,10248,204,1,2500.0
23189,10249,206,1,1999.0
23190,10249,218,1,3500.0
23191,10250,214,1,28000.0
23192,10250,226,2,900.0
23193,10251,214,3,28000.0
23194,10251,211,3,1500.0
23195,10251,226,4,900.0
23196,10252,226,2,900.0
23197,10252,229,1,6500.0
23198,10252,204,1,2500.0
23199,10252,206,1,1999.0
23200,10253,226,2,900.0
23201,10253,221,1,5500.0
23202,10254,209,4,2499.0
23203,10254,229,2,6500.0
23204,10255,202,2,800.0
23205,10255,221,4,5500.0
23206,10256,212,3,12500.0
23207,10256,214,4,28000.0
23208,10256,211,2,1500.0
23209,10256,225,1,3000.0
23210,10257,229,1,6500.0
23211,10257,210,1,25000.0
23212,10257,227,4,1800.0
23213,10258,202,4,800.0
23214,10258,230,4,4800.0
23215,10258,225,4,3000.0
23216,10258,212,1,12500.0
23217,10259,218,1,3500.0
23218,10259,204,2,2500.0
23219,10260,203,3,1500.0
23220,10260,216,3,1800.0
23221,10260,217,4,500.0
23222,10260,215,3,18000.0
23223,10261,205,1,999.0
23224,10261,209,3,2499.0
23225,10261,206,1,1999.0
23226,10262,229,3,6500.0
23227,10262,216,2,1800.0
23228,10263,224,2,3500.0
23229,10263,229,2,6500.0
23230,10263,201,4,55000.0
23231,10264,223,3,900.0
23232,10265,206,1,1999.0
23233,10265,214,3,28000.0
23234,10265,224,4,3500.0
23235,10265,203,4,1500.0
23236,10266,211,2,1500.0
23237,10266,216,1,1800.0
23238,10266,227,3,1800.0
23239,10266,224,4,3500.0
23240,10267,219,2,8500.0
23241,10267,217,2,500.0
23242,10268,230,3,4800.0
23243,10269,227,2,1800.0
23244,10269,210,1,25000.0
23245,10270,225,2,3000.0
23246,10270,203,4,1500.0
23247,10270,206,2,1999.0
23248,10270,204,2,2500.0
23249,10271,204,2,2500.0
23250,10271,214,4,28000.0
23251,10271,227,1,1800.0
23252,10271,205,4,999.0
23253,10272,205,1,999.0
23254,10273,202,4,800.0
23255,10273,229,1,6500.0
23256,10273,222,3,1800.0
23257,10273,212,2,12500.0
23258,10274,221,1,5500.0
23259,10274,228,2,3200.0
23260,10274,225,1,3000.0
23261,10274,229,3,6500.0
23262,10275,227,4,1800.0
23263,10275,201,1,55000.0
23264,10275,206,4,1999.0
23265,10275,221,2,5500.0
23266,10276,221,3,5500.0
23267,10276,203,4,1500.0
23268,10276,204,2,2500.0
23269,10276,230,4,4800.0
23270,10277,228,3,3200.0
23271,10277,210,4,25000.0
23272,10277,226,4,900.0
23273,10277,206,4,1999.0
23274,10278,216,3,1800.0
23275,10278,228,3,3200.0
23276,10278,229,1,6500.0
23277,10278,201,3,55000.0
23278,10279,224,4,3500.0
23279,10279,222,1,1800.0
23280,10279,202,3,800.0
23281,10280,215,2,18000.0
23282,10280,223,1,900.0
23283,10280,229,1,6500.0
23284,10281,214,3,28000.0
23285,10282,222,2,1800.0
23286,10282,218,2,3500.0
23287,10282,205,1,999.0
23288,10282,207,1,2999.0
23289,10283,212,1,12500.0
23290,10283,202,3,800.0
23291,10283,208,2,1499.0
23292,10283,204,4,2500.0
23293,10284,230,2,4800.0
23294,10284,202,2,800.0
23295,10284,210,3,25000.0
23296,10285,223,1,900.0
23297,10285,209,1,2499.0
23298,10285,206,2,1999.0
23299,10285,229,1,6500.0
23300,10286,214,4,28000.0
23301,10286,205,1,999.0
23302,10287,204,2,2500.0
23303,10287,222,1,1800.0
23304,10287,209,2,2499.0
23305,10288,228,3,3200.0
23306,10288,214,1,28000.0
23307,10288,229,1,6500.0
23308,10289,219,2,8500.0
23309,10289,223,3,900.0
23310,10289,221,4,5500.0
23311,10290,210,4,25000.0
23312,10290,218,3,3500.0
23313,10290,206,3,1999.0
23314,10291,219,1,8500.0
23315,10291,202,4,800.0
23316,10291,213,1,2200.0
23317,10292,211,1,1500.0
23318,10292,215,1,18000.0
23319,10293,207,1,2999.0
23320,10294,220,1,7000.0
23321,10294,224,3,3500.0
23322,10294,216,3,1800.0
23323,10295,210,3,25000.0
23324,10295,226,2,900.0
23325,10295,230,3,4800.0
23326,10295,214,4,28000.0
23327,10296,227,4,1800.0
23328,10297,230,1,4800.0
23329,10297,204,3,2500.0
23330,10298,223,2,900.0
23331,10298,204,4,2500.0
23332,10298,225,4,3000.0
23333,10298,210,1,25000.0
23334,10299,203,3,1500.0
23335,10299,216,3,1800.0
23336,10300,214,3,28000.0
23337,10301,206,1,1999.0
23338,10301,216,3,1800.0
23339,10302,218,2,3500.0
23340,10302,221,2,5500.0
23341,10302,213,2,2200.0
23342,10302,228,2,3200.0
23343,10303,230,4,4800.0
23344,10303,203,2,1500.0
23345,10303,218,2,3500.0
23346,10304,203,3,1500.0
23347,10304,224,4,3500.0
23348,10305,211,1,1500.0
23349,10306,229,4,6500.0
23350,10306,221,4,5500.0
23351,10306,201,2,55000.0
23352,10307,210,2,25000.0
23353,10308,220,2,7000.0
23354,10309,209,4,2499.0
23355,10309,207,1,2999.0
23356,10309,203,4,1500.0
23357,10310,225,4,3000.0
23358,10310,228,4,3200.0
23359,10310,226,2,900.0
23360,10311,219,3,8500.0
23361,10311,216,3,1800.0
23362,10311,212,3,12500.0
23363,10312,207,4,2999.0
23364,10312,224,4,3500.0
23365,10313,217,1,500.0
23366,10313,207,3,2999.0
23367,10313,214,4,28000.0
23368,10314,203,2,1500.0
23369,10314,216,2,1800.0
23370,10315,217,4,500.0
23371,10316,222,4,1800.0
23372,10316,227,2,1800.0
23373,10317,229,2,6500.0
23374,10317,209,2,2499.0
23375,10317,224,1,3500.0
23376,10317,216,1,1800.0
23377,10318,220,4,7000.0
23378,10318,229,1,6500.0
23379,10319,230,1,4800.0
23380,10320,202,4,800.0
23381,10320,203,3,1500.0
23382,10320,201,1,55000.0
23383,10321,207,1,2999.0
23384,10321,219,2,8500.0
23385,10321,228,2,3200.0
23386,10321,218,1,3500.0
23387,10322,208,1,1499.0
23388,10322,226,2,900.0
23389,10322,214,4,28000.0
23390,10322,228,3,3200.0
23391,10323,224,2,3500.0
23392,10323,216,1,1800.0
23393,10324,208,4,1499.0
23394,10324,205,4,999.0
23395,10325,215,1,18000.0
23396,10325,211,3,1500.0
23397,10325,217,1,500.0
23398,10325,216,2,1800.0
23399,10326,213,1,2200.0
23400,10326,217,3,500.0
23401,10327,218,3,3500.0
23402,10328,215,2,18000.0
23403,10328,203,1,1500.0
23404,10328,220,2,7000.0
23405,10328,210,2,25000.0
23406,10329,225,2,3000.0
23407,10329,204,2,2500.0
23408,10329,206,4,1999.0
23409,10330,209,1,2499.0
23410,10330,211,4,1500.0
23411,10331,219,4,8500.0
23412,10331,210,2,25000.0
23413,10332,227,4,1800.0
23414,10332,222,1,1800.0
23415,10332,216,1,1800.0
23416,10333,202,2,800.0
23417,10333,211,3,1500.0
23418,10334,217,4,500.0
23419,10334,214,3,28000.0
23420,10335,225,2,3000.0
23421,10335,223,2,900.0
23422,10336,218,1,3500.0
23423,10336,223,2,900.0
23424,10336,202,1,800.0
23425,10337,206,4,1999.0
23426,10337,226,1,900.0
23427,10337,229,4,6500.0
23428,10338,210,3,25000.0
23429,10338,201,2,55000.0
23430,10339,227,1,1800.0
23431,10340,210,4,25000.0
23432,10340,215,4,18000.0
23433,10340,213,2,2200.0
23434,10340,206,1,1999.0
23435,10341,222,2,1800.0
23436,10342,226,3,900.0
23437,10342,216,2,1800.0
23438,10343,224,3,3500.0
23439,10343,220,4,7000.0
23440,10344,216,3,1800.0
23441,10344,230,4,4800.0
23442,10344,208,4,1499.0
23443,10345,228,1,3200.0
23444,10345,215,1,18000.0
23445,10346,205,3,999.0
23446,10346,230,3,4800.0
23447,10346,229,3,6500.0
23448,10347,203,3,1500.0
23449,10347,219,4,8500.0
23450,10347,213,1,2200.0
23451,10347,202,3,800.0
23452,10348,206,3,1999.0
23453,10349,202,1,800.0
23454,10350,224,4,3500.0
23455,10351,229,1,6500.0
23456,10351,209,1,2499.0
23457,10351,215,2,18000.0
23458,10351,204,1,2500.0
23459,10352,225,1,3000.0
23460,10352,220,2,7000.0
23461,10352,224,1,3500.0
23462,10353,223,4,900.0
23463,10353,221,1,5500.0
23464,10354,219,2,8500.0
23465,10354,210,2,25000.0
23466,10354,204,1,2500.0
23467,10354,202,4,800.0
23468,10355,225,2,3000.0
23469,10355,203,1,1500.0
23470,10355,222,3,1800.0
23471,10355,228,2,3200.0
23472,10356,228,1,3200.0
23473,10356,227,2,1800.0
23474,10356,207,2,2999.0
23475,10356,229,1,6500.0
23476,10357,225,2,3000.0
23477,10357,216,2,1800.0
23478,10357,211,3,1500.0
23479,10358,223,4,900.0
23480,10358,229,4,6500.0
23481,10359,228,1,3200.0
23482,10360,225,3,3000.0
23483,10360,229,4,6500.0
23484,10360,207,1,2999.0
23485,10361,223,4,900.0
23486,10362,219,3,8500.0
23487,10363,208,1,1499.0
23488,10363,210,3,25000.0
23489,10363,216,2,1800.0
23490,10364,213,4,2200.0
23491,10364,204,4,2500.0
23492,10364,228,2,3200.0
23493,10364,209,4,2499.0
23494,10365,201,4,55000.0
23495,10365,218,4,3500.0
23496,10366,216,2,1800.0
23497,10366,222,1,1800.0
23498,10366,217,3,500.0
23499,10367,216,2,1800.0
23500,10367,220,2,7000.0
23501,10367,227,2,1800.0
23502,10367,208,3,1499.0
23503,10368,229,3,6500.0
23504,10368,207,4,2999.0
23505,10368,218,2,3500.0
23506,10369,218,4,3500.0
23507,10370,224,4,3500.0
23508,10370,228,4,3200.0
23509,10370,220,4,7000.0
23510,10370,203,1,1500.0
23511,10371,207,3,2999.0
23512,10371,211,3,1500.0
23513,10371,210,2,25000.0
23514,10371,209,4,2499.0
23515,10372,220,2,7000.0
23516,10373,215,3,18000.0
23517,10373,208,4,1499.0
23518,10373,204,1,2500.0
23519,10374,225,2,3000.0
23520,10374,222,3,1800.0
23521,10375,225,1,3000.0
23522,10375,212,2,12500.0
23523,10375,210,3,25000.0
23524,10376,224,4,3500.0
23525,10376,205,1,999.0
23526,10376,221,3,5500.0
23527,10377,226,3,900.0
23528,10377,210,1,25000.0
23529,10378,226,2,900.0
23530,10378,215,2,18000.0
23531,10378,206,3,1999.0
23532,10379,208,1,1499.0
23533,10379,202,4,800.0
23534,10380,225,2,3000.0
23535,10380,227,2,1800.0
23536,10380,218,4,3500.0
23537,10381,201,2,55000.0
23538,10381,217,4,500.0
23539,10381,224,2,3500.0
23540,10382,215,2,18000.0
23541,10382,211,1,1500.0
23542,10383,214,1,28000.0
23543,10383,210,1,25000.0
23544,10383,222,1,1800.0
23545,10383,215,2,18000.0
23546,10384,229,1,6500.0
23547,10385,204,3,2500.0
23548,10385,210,4,25000.0
23549,10386,204,3,2500.0
23550,10386,218,2,3500.0
23551,10387,202,3,800.0
23552,10387,208,1,1499.0
23553,10387,217,4,500.0
23554,10388,221,2,5500.0
23555,10388,207,2,2999.0
23556,10389,203,4,1500.0
23557,10389,208,1,1499.0
23558,10390,215,2,18000.0
23559,10391,217,1,500.0
23560,10391,201,2,55000.0
23561,10391,227,1,1800.0
23562,10392,224,4,3500.0
23563,10392,220,4,7000.0
23564,10393,229,4,6500.0
23565,10393,215,3,18000.0
23566,10394,202,4,800.0
23567,10394,226,3,900.0
23568,10395,214,3,28000.0
23569,10395,203,1,1500.0
23570,10395,213,2,2200.0
23571,10396,230,3,4800.0
23572,10396,209,1,2499.0
23573,10397,224,3,3500.0
23574,10398,203,3,1500.0
23575,10398,216,1,1800.0
23576,10399,202,1,800.0
23577,10400,227,4,1800.0
23578,10400,221,4,5500.0
23579,10401,210,4,25000.0
23580,10401,223,4,900.0
23581,10401,224,3,3500.0
23582,10401,212,1,12500.0
23583,10402,204,3,2500.0
23584,10402,220,3,7000.0
23585,10402,224,3,3500.0
23586,10402,206,2,1999.0
23587,10403,215,4,18000.0
23588,10404,202,1,800.0
23589,10405,217,2,500.0
23590,10405,228,1,3200.0
23591,10405,210,2,25000.0
23592,10406,212,4,12500.0
23593,10406,224,3,3500.0
23594,10406,205,1,999.0
23595,10407,225,2,3000.0
23596,10407,218,1,3500.0
23597,10407,226,3,900.0
23598,10407,209,2,2499.0
23599,10408,214,3,28000.0
23600,10409,216,4,1800.0
23601,10409,222,4,1800.0
23602,10409,201,2,55000.0
23603,10409,207,4,2999.0
23604,10410,224,3,3500.0
23605,10410,226,4,900.0
23606,10411,205,4,999.0
23607,10411,203,3,1500.0
23608,10411,227,1,1800.0
23609,10411,214,2,28000.0
23610,10412,210,1,25000.0
23611,10412,227,4,1800.0
23612,10413,213,3,2200.0
23613,10413,220,2,7000.0
23614,10413,207,2,2999.0
23615,10414,220,3,7000.0
23616,10415,226,2,900.0
23617,10415,219,3,8500.0
23618,10416,215,1,18000.0
23619,10416,221,2,5500.0
23620,10417,212,3,12500.0
23621,10417,215,4,18000.0
23622,10417,228,1,3200.0
23623,10417,210,2,25000.0
23624,10418,212,1,12500.0
23625,10418,225,4,3000.0
23626,10418,221,3,5500.0
23627,10419,207,1,2999.0
23628,10419,210,1,25000.0
23629,10419,226,1,900.0
23630,10420,216,3,1800.0
23631,10420,201,1,55000.0
23632,10421,215,2,18000.0
23633,10421,228,4,3200.0
23634,10421,223,2,900.0
23635,10421,206,3,1999.0
23636,10422,202,2,800.0
23637,10422,230,1,4800.0
23638,10423,224,2,3500.0
23639,10423,217,1,500.0
23640,10423,202,4,800.0
23641,10424,221,4,5500.0
23642,10424,225,2,3000.0
23643,10424,204,2,2500.0
23644,10424,230,3,4800.0
23645,10425,208,4,1499.0
23646,10425,228,1,3200.0
23647,10426,230,4,4800.0
23648,10426,218,3,3500.0
23649,10426,206,1,1999.0
23650,10427,202,1,800.0
23651,10427,224,1,3500.0
23652,10427,210,4,25000.0
23653,10428,215,3,18000.0
23654,10428,208,4,1499.0
23655,10428,224,2,3500.0
23656,10428,228,1,3200.0
23657,10429,221,2,5500.0
23658,10430,203,1,1500.0
23659,10430,206,2,1999.0
23660,10431,203,3,1500.0
23661,10431,210,1,25000.0
23662,10431,209,3,2499.0
23663,10431,204,3,2500.0
23664,10432,219,2,8500.0
23665,10432,228,2,3200.0
23666,10432,230,3,4800.0
23667,10432,206,1,1999.0
23668,10433,220,1,7000.0
23669,10433,207,1,2999.0
23670,10433,214,1,28000.0
23671,10434,209,2,2499.0
23672,10434,212,4,12500.0
23673,10434,202,2,800.0
23674,10435,220,2,7000.0
23675,10436,207,3,2999.0
23676,10436,227,1,1800.0
23677,10437,210,4,25000.0
23678,10437,220,2,7000.0
23679,10437,224,2,3500.0
23680,10437,211,1,1500.0
23681,10438,203,3,1500.0
23682,10438,214,3,28000.0
23683,10438,213,2,2200.0
23684,10439,210,3,25000.0
23685,10439,204,1,2500.0
23686,10440,226,2,900.0
23687,10440,208,3,1499.0
23688,10440,218,1,3500.0
23689,10440,203,3,1500.0
23690,10441,224,2,3500.0
23691,10442,218,4,3500.0
23692,10443,207,4,2999.0
23693,10444,221,3,5500.0
23694,10444,211,4,1500.0
23695,10444,226,2,900.0
23696,10445,207,1,2999.0
23697,10446,227,2,1800.0
23698,10447,211,2,1500.0
23699,10447,212,3,12500.0
23700,10448,230,2,4800.0
23701,10448,212,2,12500.0
23702,10448,210,1,25000.0
23703,10449,229,3,6500.0
23704,10450,229,2,6500.0
23705,10450,230,2,4800.0
23706,10450,214,3,28000.0
23707,10450,222,4,1800.0
23708,10451,211,2,1500.0
23709,10451,217,1,500.0
23710,10451,201,4,55000.0
23711,10452,225,2,3000.0
23712,10452,205,4,999.0
23713,10452,216,2,1800.0
23714,10452,204,3,2500.0
23715,10453,202,4,800.0
23716,10453,206,1,1999.0
23717,10454,210,1,25000.0
23718,10454,206,3,1999.0
23719,10454,205,1,999.0
23720,10455,213,2,2200.0
23721,10455,218,1,3500.0
23722,10455,206,1,1999.0
23723,10456,220,1,7000.0
23724,10456,221,2,5500.0
23725,10456,228,3,3200.0
23726,10457,222,3,1800.0
23727,10457,219,3,8500.0
23728,10457,229,2,6500.0
23729,10457,206,2,1999.0
23730,10458,203,2,1500.0
23731,10458,212,1,12500.0
23732,10458,222,1,1800.0
23733,10459,215,4,18000.0
23734,10459,202,1,800.0
23735,10460,219,2,8500.0
23736,10460,213,1,2200.0
23737,10460,217,1,500.0
23738,10460,202,2,800.0
23739,10461,208,1,1499.0
23740,10461,215,2,18000.0
23741,10461,227,3,1800.0
23742,10462,220,3,7000.0
23743,10462,206,2,1999.0
23744,10462,227,4,1800.0
23745,10462,221,3,5500.0
23746,10463,203,2,1500.0
23747,10464,219,2,8500.0
23748,10464,209,1,2499.0
23749,10464,220,1,7000.0
23750,10464,223,3,900.0
23751,10465,216,2,1800.0
23752,10465,207,3,2999.0
23753,10465,201,4,55000.0
23754,10466,223,3,900.0
23755,10466,230,3,4800.0
23756,10466,210,2,25000.0
23757,10466,207,3,2999.0
23758,10467,219,1,8500.0
23759,10468,230,1,4800.0
23760,10469,229,3,6500.0
23761,10470,228,2,3200.0
23762,10470,214,1,28000.0
23763,10470,223,4,900.0
23764,10471,223,2,900.0
23765,10471,225,3,3000.0
23766,10472,201,3,55000.0
23767,10472,230,4,4800.0
23768,10473,217,2,500.0
23769,10474,203,3,1500.0
23770,10474,228,3,3200.0
23771,10474,230,1,4800.0
23772,10475,218,3,3500.0
23773,10475,216,2,1800.0
23774,10475,209,1,2499.0
23775,10475,229,1,6500.0
23776,10476,219,3,8500.0
23777,10476,208,2,1499.0
23778,10476,202,3,800.0
23779,10476,225,1,3000.0
23780,10477,223,3,900.0
23781,10478,222,3,1800.0
23782,10478,204,4,2500.0
23783,10478,221,3,5500.0
23784,10478,212,1,12500.0
23785,10479,215,2,18000.0
23786,10480,211,4,1500.0
23787,10480,213,3,2200.0
23788,10480,230,2,4800.0
23789,10480,209,1,2499.0
23790,10481,208,2,1499.0
23791,10481,226,3,900.0
23792,10481,218,1,3500.0
23793,10482,202,4,800.0
23794,10482,222,3,1800.0
23795,10482,214,3,28000.0
23796,10483,202,2,800.0
23797,10484,214,4,28000.0
23798,10484,205,1,999.0
23799,10484,228,2,3200.0
23800,10485,218,1,3500.0
23801,10485,213,4,2200.0
23802,10485,219,2,8500.0
23803,10485,216,1,1800.0
23804,10486,207,3,2999.0
23805,10487,212,1,12500.0
23806,10487,216,3,1800.0
23807,10487,207,3,2999.0
23808,10487,227,4,1800.0
23809,10488,219,1,8500.0
23810,10488,220,3,7000.0
23811,10488,209,4,2499.0
23812,10489,206,1,1999.0
23813,10490,230,3,4800.0
23814,10490,226,4,900.0
23815,10490,204,4,2500.0
23816,10491,214,4,28000.0
23817,10491,220,4,7000.0
23818,10491,208,4,1499.0
23819,10492,216,2,1800.0
23820,10492,223,3,900.0
23821,10492,205,1,999.0
23822,10493,224,2,3500.0
23823,10493,216,4,1800.0
23824,10493,229,3,6500.0
23825,10494,229,4,6500.0
23826,10494,204,4,2500.0
23827,10494,210,1,25000.0
23828,10495,209,4,2499.0
23829,10496,210,2,25000.0
23830,10496,221,1,5500.0
23831,10496,214,4,28000.0
23832,10496,228,1,3200.0
23833,10497,211,1,1500.0
23834,10497,201,4,55000.0
23835,10497,203,3,1500.0
23836,10498,227,2,1800.0
23837,10498,215,1,18000.0
23838,10498,202,3,800.0
23839,10498,226,2,900.0
23840,10499,230,3,4800.0
23841,10500,222,3,1800.0
23842,10500,211,4,1500.0
23843,10501,223,1,900.0
23844,10501,202,1,800.0
23845,10502,210,1,25000.0
23846,10502,205,3,999.0
23847,10502,217,3,500.0
23848,10503,219,4,8500.0
23849,10503,202,1,800.0
23850,10504,213,4,2200.0
23851,10504,206,4,1999.0
23852,10504,208,2,1499.0
23853,10504,202,1,800.0
23854,10505,206,2,1999.0
23855,10505,226,1,900.0
23856,10505,216,2,1800.0
23857,10505,203,2,1500.0
23858,10506,218,1,3500.0
23859,10506,219,3,8500.0
23860,10506,212,2,12500.0
23861,10506,209,4,2499.0
23862,10507,221,4,5500.0
23863,10507,213,3,2200.0
23864,10507,212,1,12500.0
23865,10508,228,1,3200.0
23866,10508,220,3,7000.0
23867,10508,211,2,1500.0
23868,10509,215,3,18000.0
23869,10510,203,3,1500.0
23870,10510,218,1,3500.0
23871,10511,210,2,25000.0
23872,10511,204,3,2500.0
23873,10512,214,4,28000.0
23874,10512,226,3,900.0
23875,10512,209,1,2499.0
23876,10512,216,1,1800.0
23877,10513,216,1,1800.0
23878,10513,212,4,12500.0
23879,10513,206,2,1999.0
23880,10513,202,2,800.0
23881,10514,205,2,999.0
23882,10515,221,2,5500.0
23883,10515,206,2,1999.0
23884,10515,223,1,900.0
23885,10516,208,3,1499.0
23886,10516,225,3,3000.0
23887,10516,217,1,500.0
23888,10517,201,1,55000.0
23889,10517,207,4,2999.0
23890,10518,209,2,2499.0
23891,10519,214,1,28000.0
23892,10519,211,1,1500.0
23893,10520,222,2,1800.0
23894,10520,216,4,1800.0
23895,10520,217,1,500.0
23896,10521,216,4,1800.0
23897,10521,207,2,2999.0
23898,10522,214,2,28000.0
23899,10522,205,4,999.0
23900,10522,224,2,3500.0
23901,10523,224,1,3500.0
23902,10523,211,3,1500.0
23903,10523,215,3,18000.0
23904,10524,226,1,900.0
23905,10524,221,3,5500.0
23906,10524,216,1,1800.0
23907,10524,203,4,1500.0
23908,10525,215,1,18000.0
23909,10525,201,3,55000.0
23910,10526,214,4,28000.0
23911,10526,225,1,3000.0
23912,10527,210,2,25000.0
23913,10527,230,3,4800.0
23914,10527,201,1,55000.0
23915,10528,201,1,55000.0
23916,10528,205,3,999.0
23917,10528,227,3,1800.0
23918,10529,209,1,2499.0
23919,10529,226,2,900.0
23920,10529,228,1,3200.0
23921,10529,204,1,2500.0
23922,10530,217,3,500.0
23923,10531,202,4,800.0
23924,10531,208,2,1499.0
23925,10532,215,2,18000.0
23926,10533,222,3,1800.0
23927,10534,216,4,1800.0
23928,10534,220,1,7000.0
23929,10534,214,1,28000.0
23930,10535,218,3,3500.0
23931,10535,206,1,1999.0
23932,10535,229,3,6500.0
23933,10535,223,1,900.0
23934,10536,227,3,1800.0
23935,10536,202,1,800.0
23936,10536,230,4,4800.0
23937,10537,212,4,12500.0
23938,10537,222,3,1800.0
23939,10537,203,3,1500.0
23940,10537,219,4,8500.0
23941,10538,223,3,900.0
23942,10539,227,3,1800.0
23943,10539,216,1,1800.0
23944,10539,223,2,900.0
23945,10540,218,2,3500.0
23946,10540,203,4,1500.0
23947,10540,227,1,1800.0
23948,10541,209,3,2499.0
23949,10541,201,1,55000.0
23950,10541,206,1,1999.0
23951,10542,212,2,12500.0
23952,10542,222,3,1800.0
23953,10542,203,1,1500.0
23954,10543,207,3,2999.0
23955,10543,230,4,4800.0
23956,10544,218,1,3500.0
23957,10545,202,2,800.0
23958,10545,228,2,3200.0
23959,10546,206,1,1999.0
23960,10547,209,2,2499.0
23961,10547,206,2,1999.0
23962,10548,227,2,1800.0
23963,10549,230,4,4800.0
23964,10550,201,3,55000.0
23965,10550,217,2,500.0
23966,10550,211,3,1500.0
23967,10551,203,4,1500.0
23968,10551,223,2,900.0
23969,10551,217,2,500.0
23970,10552,211,1,1500.0
23971,10553,202,3,800.0
23972,10553,219,1,8500.0
23973,10554,221,1,5500.0
23974,10554,213,1,2200.0
23975,10555,211,3,1500.0
23976,10555,212,3,12500.0
23977,10555,229,3,6500.0
23978,10556,203,2,1500.0
23979,10556,230,3,4800.0
23980,10556,227,4,1800.0
23981,10556,220,4,7000.0
23982,10557,206,4,1999.0
23983,10558,219,4,8500.0
23984,10559,211,4,1500.0
23985,10560,209,4,2499.0
23986,10560,223,4,900.0
23987,10560,221,2,5500.0
23988,10560,206,4,1999.0
23989,10561,209,3,2499.0
23990,10562,230,3,4800.0
23991,10562,212,2,12500.0
23992,10562,224,4,3500.0
23993,10563,202,3,800.0
23994,10563,219,3,8500.0
23995,10563,230,2,4800.0
23996,10564,208,4,1499.0
23997,10564,227,3,1800.0
23998,10565,222,3,1800.0
23999,10565,227,1,1800.0
24000,10565,213,2,2200.0
24001,10566,219,4,8500.0
24002,10566,218,3,3500.0
24003,10567,218,3,3500.0
24004,10568,221,4,5500.0
24005,10568,229,2,6500.0
24006,10568,202,4,800.0
24007,10569,228,1,3200.0
24008,10570,229,3,6500.0
24009,10570,223,1,900.0
24010,10570,219,1,8500.0
24011,10571,204,2,2500.0
24012,10571,224,4,3500.0
24013,10571,228,2,3200.0
24014,10571,219,3,8500.0
24015,10572,219,3,8500.0
24016,10572,209,1,2499.0
24017,10572,207,4,2999.0
24018,10573,219,1,8500.0
24019,10573,209,4,2499.0
24020,10573,225,3,3000.0
24021,10573,215,1,18000.0
24022,10574,224,1,3500.0
24023,10574,212,2,12500.0
24024,10574,230,3,4800.0
24025,10574,204,3,2500.0
24026,10575,220,4,7000.0
24027,10575,229,3,6500.0
24028,10575,217,3,500.0
24029,10575,219,2,8500.0
24030,10576,219,2,8500.0
24031,10577,219,4,8500.0
24032,10578,202,2,800.0
24033,10578,219,1,8500.0
24034,10578,223,2,900.0
24035,10579,211,1,1500.0
24036,10579,218,3,3500.0
24037,10579,208,1,1499.0
24038,10579,213,2,2200.0
24039,10580,215,2,18000.0
24040,10580,223,1,900.0
24041,10581,219,4,8500.0
24042,10581,227,2,1800.0
24043,10581,228,1,3200.0
24044,10582,204,3,2500.0
24045,10582,229,4,6500.0
24046,10582,201,2,55000.0
24047,10583,230,3,4800.0
24048,10584,201,4,55000.0
24049,10584,215,1,18000.0
24050,10585,220,2,7000.0
24051,10585,214,1,28000.0
24052,10586,207,1,2999.0
24053,10587,226,1,900.0
24054,10588,208,1,1499.0
24055,10589,229,1,6500.0
24056,10589,215,4,18000.0
24057,10589,214,3,28000.0
24058,10589,216,4,1800.0
24059,10590,227,2,1800.0
24060,10591,227,2,1800.0
24061,10591,208,3,1499.0
24062,10591,228,4,3200.0
24063,10592,208,3,1499.0
24064,10592,230,2,4800.0
24065,10592,225,1,3000.0
24066,10592,220,1,7000.0
24067,10593,216,2,1800.0
24068,10593,230,4,4800.0
24069,10594,224,4,3500.0
24070,10594,212,4,12500.0
24071,10594,222,2,1800.0
24072,10595,209,1,2499.0
24073,10596,222,3,1800.0
24074,10597,225,2,3000.0
24075,10597,220,1,7000.0
24076,10597,204,4,2500.0
24077,10597,223,4,900.0
24078,10598,222,4,1800.0
24079,10599,219,4,8500.0
24080,10600,213,4,2200.0
24081,10600,212,1,12500.0
24082,10601,205,3,999.0
24083,10601,220,1,7000.0
24084,10602,209,3,2499.0
24085,10603,228,3,3200.0
24086,10603,222,2,1800.0
24087,10603,208,4,1499.0
24088,10603,213,3,2200.0
24089,10604,217,4,500.0
24090,10604,220,3,7000.0
24091,10605,206,2,1999.0
24092,10605,201,2,55000.0
24093,10605,215,3,18000.0
24094,10605,225,4,3000.0
24095,10606,201,4,55000.0
24096,10606,213,1,2200.0
24097,10606,226,3,900.0
24098,10607,220,1,7000.0
24099,10607,201,1,55000.0
24100,10607,207,3,2999.0
24101,10608,204,3,2500.0
24102,10608,227,2,1800.0
24103,10609,207,1,2999.0
24104,10609,214,4,28000.0
24105,10610,210,3,25000.0
24106,10610,219,1,8500.0
24107,10611,214,4,28000.0
24108,10612,225,4,3000.0
24109,10612,201,2,55000.0
24110,10612,230,1,4800.0
24111,10612,226,4,900.0
24112,10613,218,4,3500.0
24113,10613,214,2,28000.0
24114,10614,230,1,4800.0
24115,10615,226,3,900.0
24116,10616,224,1,3500.0
24117,10616,208,1,1499.0
24118,10617,217,1,500.0
24119,10617,203,2,1500.0
24120,10618,206,3,1999.0
24121,10618,203,4,1500.0
24122,10619,202,3,800.0
24123,10619,215,1,18000.0
24124,10619,220,2,7000.0
24125,10619,228,3,3200.0
24126,10620,218,4,3500.0
24127,10620,214,4,28000.0
24128,10620,207,4,2999.0
24129,10621,205,4,999.0
24130,10622,219,3,8500.0
24131,10622,203,4,1500.0
24132,10623,209,4,2499.0
24133,10623,228,1,3200.0
24134,10623,204,3,2500.0
24135,10624,215,3,18000.0
24136,10625,230,1,4800.0
24137,10625,210,4,25000.0
24138,10625,209,4,2499.0
24139,10626,228,4,3200.0
24140,10626,230,3,4800.0
24141,10626,226,3,900.0
24142,10626,210,2,25000.0
24143,10627,216,4,1800.0
24144,10627,218,3,3500.0
24145,10627,230,2,4800.0
24146,10628,216,3,1800.0
24147,10628,230,2,4800.0
24148,10629,214,2,28000.0
24149,10629,204,4,2500.0
24150,10630,218,3,3500.0
24151,10631,221,3,5500.0
24152,10631,214,1,28000.0
24153,10631,215,4,18000.0
24154,10631,227,4,1800.0
24155,10632,207,3,2999.0
24156,10632,211,2,1500.0
24157,10632,213,4,2200.0
24158,10633,216,4,1800.0
24159,10634,223,4,900.0
24160,10634,208,3,1499.0
24161,10635,225,1,3000.0
24162,10636,209,4,2499.0
24163,10636,228,1,3200.0
24164,10636,230,2,4800.0
24165,10636,225,4,3000.0
24166,10637,210,4,25000.0
24167,10638,219,2,8500.0
24168,10638,229,4,6500.0
24169,10638,210,2,25000.0
24170,10638,226,2,900.0
24171,10639,210,2,25000.0
24172,10640,221,2,5500.0
24173,10640,203,2,1500.0
24174,10640,213,3,2200.0
24175,10641,208,3,1499.0
24176,10641,222,2,1800.0
24177,10641,204,4,2500.0
24178,10641,228,3,3200.0
24179,10642,227,3,1800.0
24180,10642,228,2,3200.0
24181,10643,218,2,3500.0
24182,10643,210,2,25000.0
24183,10643,214,1,28000.0
24184,10643,206,1,1999.0
24185,10644,216,3,1800.0
24186,10645,207,3,2999.0
24187,10645,203,3,1500.0
24188,10645,205,1,999.0
24189,10645,222,3,1800.0
24190,10646,211,4,1500.0
24191,10646,210,4,25000.0
24192,10646,222,2,1800.0
24193,10646,205,1,999.0
24194,10647,214,2,28000.0
24195,10647,228,1,3200.0
24196,10647,222,1,1800.0
24197,10647,213,1,2200.0
24198,10648,219,1,8500.0
24199,10648,201,2,55000.0
24200,10648,212,3,12500.0
24201,10648,205,1,999.0
24202,10649,206,1,1999.0
24203,10649,212,3,12500.0
24204,10649,201,3,55000.0
24205,10650,202,3,800.0
24206,10650,219,3,8500.0
24207,10650,214,1,28000.0
24208,10650,227,2,1800.0
24209,10651,207,2,2999.0
24210,10651,206,3,1999.0
24211,10651,203,4,1500.0
24212,10651,218,4,3500.0
24213,10652,220,2,7000.0
24214,10652,221,4,5500.0
24215,10653,210,3,25000.0
24216,10653,229,1,6500.0
24217,10653,216,4,1800.0
24218,10653,221,2,5500.0
24219,10654,204,4,2500.0
24220,10654,226,4,900.0
24221,10655,227,3,1800.0
24222,10655,221,2,5500.0
24223,10655,205,1,999.0
24224,10656,220,4,7000.0
24225,10656,213,2,2200.0
24226,10656,208,4,1499.0
24227,10657,212,3,12500.0
24228,10658,214,2,28000.0
24229,10659,206,3,1999.0
24230,10660,213,1,2200.0
24231,10660,212,4,12500.0
24232,10661,221,2,5500.0
24233,10661,216,2,1800.0
24234,10661,219,4,8500.0
24235,10662,208,3,1499.0
24236,10663,205,2,999.0
24237,10664,220,3,7000.0
24238,10665,216,3,1800.0
24239,10665,211,2,1500.0
24240,10665,208,2,1499.0
24241,10666,212,3,12500.0
24242,10666,214,1,28000.0
24243,10666,203,3,1500.0
24244,10666,202,4,800.0
24245,10667,208,1,1499.0
24246,10668,201,3,55000.0
24247,10668,223,1,900.0
24248,10668,225,3,3000.0
24249,10669,204,1,2500.0
24250,10670,209,4,2499.0
24251,10670,230,3,4800.0
24252,10670,213,4,2200.0
24253,10671,201,2,55000.0
24254,10672,226,2,900.0
24255,10672,203,4,1500.0
24256,10672,206,2,1999.0
24257,10672,202,2,800.0
24258,10673,203,3,1500.0
24259,10673,202,3,800.0
24260,10674,209,4,2499.0
24261,10675,216,4,1800.0
24262,10675,201,2,55000.0
24263,10675,219,1,8500.0
24264,10676,228,3,3200.0
24265,10677,227,2,1800.0
24266,10678,230,2,4800.0
24267,10678,210,2,25000.0
24268,10679,205,3,999.0
24269,10679,215,1,18000.0
24270,10679,210,4,25000.0
24271,10679,209,1,2499.0
24272,10680,203,2,1500.0
24273,10680,217,1,500.0
24274,10680,209,1,2499.0
24275,10680,229,4,6500.0
24276,10681,219,2,8500.0
24277,10681,208,3,1499.0
24278,10682,222,3,1800.0
24279,10682,207,2,2999.0
24280,10683,217,4,500.0
24281,10683,228,2,3200.0
24282,10683,229,2,6500.0
24283,10684,201,1,55000.0
24284,10684,208,4,1499.0
24285,10684,230,2,4800.0
24286,10684,227,1,1800.0
24287,10685,205,3,999.0
24288,10685,219,3,8500.0
24289,10685,230,3,4800.0
24290,10686,218,3,3500.0
24291,10686,224,2,3500.0
24292,10686,203,2,1500.0
24293,10686,221,3,5500.0
24294,10687,205,3,999.0
24295,10687,215,2,18000.0
24296,10687,213,2,2200.0
24297,10688,218,4,3500.0
24298,10688,220,4,7000.0
24299,10689,217,1,500.0
24300,10689,230,1,4800.0
24301,10689,222,4,1800.0
24302,10689,227,1,1800.0
24303,10690,209,4,2499.0
24304,10690,218,4,3500.0
24305,10691,219,2,8500.0
24306,10691,205,2,999.0
24307,10691,226,4,900.0
24308,10692,222,3,1800.0
24309,10692,224,2,3500.0
24310,10692,208,2,1499.0
24311,10693,212,3,12500.0
24312,10693,201,3,55000.0
24313,10693,216,3,1800.0
24314,10693,205,3,999.0
24315,10694,214,1,28000.0
24316,10694,207,2,2999.0
24317,10695,225,4,3000.0
24318,10695,204,4,2500.0
24319,10696,229,4,6500.0
24320,10696,228,1,3200.0
24321,10697,201,1,55000.0
24322,10697,210,2,25000.0
24323,10698,204,2,2500.0
24324,10698,221,1,5500.0
24325,10698,208,2,1499.0
24326,10699,220,3,7000.0
24327,10699,208,3,1499.0
24328,10699,213,4,2200.0
24329,10700,226,1,900.0
24330,10700,201,1,55000.0
24331,10700,206,2,1999.0
24332,10701,228,3,3200.0
24333,10701,227,1,1800.0
24334,10701,202,3,800.0
24335,10702,223,2,900.0
24336,10702,218,3,3500.0
24337,10702,224,3,3500.0
24338,10702,230,4,4800.0
24339,10703,214,2,28000.0
24340,10703,215,1,18000.0
24341,10703,201,1,55000.0
24342,10703,213,4,2200.0
24343,10704,211,1,1500.0
24344,10705,212,1,12500.0
24345,10706,204,2,2500.0
24346,10707,215,3,18000.0
24347,10707,206,2,1999.0
24348,10708,230,2,4800.0
24349,10708,218,1,3500.0
24350,10708,225,4,3000.0
24351,10709,215,1,18000.0
24352,10709,202,3,800.0
24353,10710,209,4,2499.0
24354,10710,227,2,1800.0
24355,10710,225,3,3000.0
24356,10711,226,2,900.0
24357,10711,230,1,4800.0
24358,10711,204,4,2500.0
24359,10712,220,4,7000.0
24360,10713,207,2,2999.0
24361,10714,214,3,28000.0
24362,10714,203,2,1500.0
24363,10715,210,3,25000.0
24364,10715,214,3,28000.0
24365,10716,224,2,3500.0
24366,10717,228,1,3200.0
24367,10717,212,3,12500.0
24368,10717,213,1,2200.0
24369,10717,206,3,1999.0
24370,10718,217,2,500.0
24371,10718,230,1,4800.0
24372,10718,202,3,800.0
24373,10719,230,4,4800.0
24374,10719,229,1,6500.0
24375,10719,207,4,2999.0
24376,10720,224,4,3500.0
24377,10720,230,4,4800.0
24378,10721,230,4,4800.0
24379,10721,224,1,3500.0
24380,10721,221,4,5500.0
24381,10721,201,2,55000.0
24382,10722,228,2,3200.0
24383,10722,215,1,18000.0
24384,10723,202,2,800.0
24385,10723,213,4,2200.0
24386,10723,223,4,900.0
24387,10723,228,4,3200.0
24388,10724,225,3,3000.0
24389,10724,226,2,900.0
24390,10724,202,1,800.0
24391,10724,205,4,999.0
24392,10725,222,1,1800.0
24393,10725,203,3,1500.0
24394,10726,203,2,1500.0
24395,10727,226,1,900.0
24396,10727,230,1,4800.0
24397,10728,210,3,25000.0
24398,10728,201,3,55000.0
24399,10729,204,3,2500.0
24400,10729,205,3,999.0
24401,10729,217,3,500.0
24402,10730,220,4,7000.0
24403,10730,216,4,1800.0
24404,10730,204,4,2500.0
24405,10730,228,2,3200.0
24406,10731,203,3,1500.0
24407,10731,226,2,900.0
24408,10731,204,2,2500.0
24409,10732,212,4,12500.0
24410,10732,201,2,55000.0
24411,10733,214,2,28000.0
24412,10733,217,4,500.0
24413,10734,215,1,18000.0
24414,10734,217,3,500.0
24415,10734,222,2,1800.0
24416,10735,218,2,3500.0
24417,10735,219,4,8500.0
24418,10736,206,2,1999.0
24419,10736,203,4,1500.0
24420,10737,202,2,800.0
24421,10737,214,2,28000.0
24422,10737,209,1,2499.0
24423,10738,212,1,12500.0
24424,10738,228,1,3200.0
24425,10738,219,1,8500.0
24426,10739,222,4,1800.0
24427,10739,202,3,800.0
24428,10739,218,2,3500.0
24429,10739,230,4,4800.0
24430,10740,226,1,900.0
24431,10741,206,2,1999.0
24432,10742,212,1,12500.0
24433,10742,207,3,2999.0
24434,10742,201,4,55000.0
24435,10742,222,4,1800.0
24436,10743,214,4,28000.0
24437,10743,202,3,800.0
24438,10744,208,1,1499.0
24439,10744,230,2,4800.0
24440,10745,211,3,1500.0
24441,10745,216,1,1800.0
24442,10745,206,3,1999.0
24443,10745,227,2,1800.0
24444,10746,207,3,2999.0
24445,10746,209,2,2499.0
24446,10746,228,3,3200.0
24447,10747,224,2,3500.0
24448,10747,226,1,900.0
24449,10747,220,3,7000.0
24450,10748,219,3,8500.0
24451,10748,225,1,3000.0
24452,10749,205,1,999.0
24453,10749,203,2,1500.0
24454,10749,202,2,800.0
24455,10749,222,4,1800.0
24456,10750,219,4,8500.0
24457,10751,215,1,18000.0
24458,10751,229,2,6500.0
24459,10751,222,4,1800.0
24460,10752,209,2,2499.0
24461,10752,201,1,55000.0
24462,10752,219,4,8500.0
24463,10753,202,2,800.0
24464,10753,214,2,28000.0
24465,10754,223,2,900.0
24466,10755,204,2,2500.0
24467,10755,229,3,6500.0
24468,10755,213,1,2200.0
24469,10755,214,1,28000.0
24470,10756,218,1,3500.0
24471,10756,204,2,2500.0
24472,10756,219,1,8500.0
24473,10757,226,3,900.0
24474,10757,212,2,12500.0
24475,10757,225,1,3000.0
24476,10757,227,2,1800.0
24477,10758,216,1,1800.0
24478,10759,216,1,1800.0
24479,10759,206,4,1999.0
24480,10759,202,3,800.0
24481,10760,221,4,5500.0
24482,10760,209,3,2499.0
24483,10760,229,2,6500.0
24484,10760,218,2,3500.0
24485,10761,204,1,2500.0
24486,10761,217,4,500.0
24487,10761,226,3,900.0
24488,10762,206,1,1999.0
24489,10762,218,2,3500.0
24490,10762,220,4,7000.0
24491,10762,223,1,900.0
24492,10763,218,4,3500.0
24493,10763,204,3,2500.0
24494,10763,216,4,1800.0
24495,10764,202,3,800.0
24496,10764,206,2,1999.0
24497,10764,213,3,2200.0
24498,10764,216,1,1800.0
24499,10765,204,1,2500.0
24500,10765,205,3,999.0
24501,10766,219,4,8500.0
24502,10766,227,1,1800.0
24503,10766,218,3,3500.0
24504,10766,211,4,1500.0
24505,10767,208,1,1499.0
24506,10768,221,2,5500.0
24507,10768,230,3,4800.0
24508,10768,208,2,1499.0
24509,10768,223,1,900.0
24510,10769,206,1,1999.0
24511,10769,222,2,1800.0
24512,10769,228,2,3200.0
24513,10770,226,1,900.0
24514,10770,211,1,1500.0
24515,10771,221,4,5500.0
24516,10771,225,4,3000.0
24517,10771,227,1,1800.0
24518,10771,218,1,3500.0
24519,10772,224,4,3500.0
24520,10773,219,3,8500.0
24521,10773,215,1,18000.0
24522,10774,209,2,2499.0
24523,10774,222,4,1800.0
24524,10774,208,3,1499.0
24525,10775,227,2,1800.0
24526,10776,210,3,25000.0
24527,10776,205,1,999.0
24528,10776,226,3,900.0
24529,10776,204,4,2500.0
24530,10777,216,4,1800.0
24531,10778,207,3,2999.0
24532,10778,223,3,900.0
24533,10778,221,3,5500.0
24534,10779,218,1,3500.0
24535,10779,213,4,2200.0
24536,10780,221,2,5500.0
24537,10780,203,2,1500.0
24538,10781,203,1,1500.0
24539,10781,216,3,1800.0
24540,10782,229,2,6500.0
24541,10783,214,2,28000.0
24542,10783,206,3,1999.0
24543,10783,220,4,7000.0
24544,10783,223,3,900.0
24545,10784,215,4,18000.0
24546,10784,221,1,5500.0
24547,10785,222,3,1800.0
24548,10785,214,4,28000.0
24549,10785,216,1,1800.0
24550,10786,226,4,900.0
24551,10786,219,3,8500.0
24552,10787,230,2,4800.0
24553,10788,211,4,1500.0
24554,10788,218,3,3500.0
24555,10788,221,2,5500.0
24556,10789,204,2,2500.0
24557,10789,222,3,1800.0
24558,10789,211,3,1500.0
24559,10790,218,2,3500.0
24560,10790,202,2,800.0
24561,10790,230,1,4800.0
24562,10791,215,2,18000.0
24563,10791,220,2,7000.0
24564,10791,204,3,2500.0
24565,10792,220,2,7000.0
24566,10793,204,3,2500.0
24567,10793,225,3,3000.0
24568,10793,229,2,6500.0
24569,10794,216,4,1800.0
24570,10794,230,3,4800.0
24571,10795,214,1,28000.0
24572,10795,212,1,12500.0
24573,10795,215,3,18000.0
24574,10796,202,4,800.0
24575,10797,201,4,55000.0
24576,10798,203,2,1500.0
24577,10798,211,2,1500.0
24578,10798,226,3,900.0
24579,10798,228,3,3200.0
24580,10799,204,4,2500.0
24581,10799,214,4,28000.0
24582,10800,201,1,55000.0
24583,10800,212,4,12500.0
24584,10800,209,1,2499.0
24585,10800,225,4,3000.0
24586,10801,217,3,500.0
24587,10801,205,1,999.0
24588,10801,208,4,1499.0
24589,10801,229,1,6500.0
24590,10802,201,4,55000.0
24591,10802,204,1,2500.0
24592,10803,209,3,2499.0
24593,10803,215,2,18000.0
24594,10803,222,4,1800.0
24595,10803,201,1,55000.0
24596,10804,212,2,12500.0
24597,10804,214,4,28000.0
24598,10804,221,1,5500.0
24599,10804,202,2,800.0
24600,10805,221,3,5500.0
24601,10805,219,2,8500.0
24602,10806,224,1,3500.0
24603,10806,201,2,55000.0
24604,10807,204,4,2500.0
24605,10807,202,2,800.0
24606,10807,228,1,3200.0
24607,10807,230,1,4800.0
24608,10808,217,1,500.0
24609,10808,206,2,1999.0
24610,10808,214,1,28000.0
24611,10808,211,4,1500.0
24612,10809,224,1,3500.0
24613,10809,221,2,5500.0
24614,10810,218,1,3500.0
24615,10810,227,2,1800.0
24616,10810,205,1,999.0
24617,10811,219,4,8500.0
24618,10812,207,2,2999.0
24619,10812,220,1,7000.0
24620,10812,217,4,500.0
24621,10812,223,3,900.0
24622,10813,229,1,6500.0
24623,10813,230,1,4800.0
24624,10813,223,2,900.0
24625,10814,211,4,1500.0
24626,10815,225,1,3000.0
24627,10816,224,1,3500.0
24628,10816,221,4,5500.0
24629,10816,204,2,2500.0
24630,10816,206,2,1999.0
24631,10817,225,2,3000.0
24632,10817,212,2,12500.0
24633,10818,209,4,2499.0
24634,10818,220,1,7000.0
24635,10819,211,4,1500.0
24636,10819,227,1,1800.0
24637,10820,229,1,6500.0
24638,10820,212,3,12500.0
24639,10821,228,4,3200.0
24640,10822,218,3,3500.0
24641,10822,209,2,2499.0
24642,10823,227,4,1800.0
24643,10823,229,4,6500.0
24644,10823,218,3,3500.0
24645,10823,225,2,3000.0
24646,10824,229,1,6500.0
24647,10824,228,1,3200.0
24648,10824,209,3,2499.0
24649,10825,222,2,1800.0
24650,10825,229,1,6500.0
24651,10825,227,3,1800.0
24652,10826,223,2,900.0
24653,10827,214,1,28000.0
24654,10827,225,2,3000.0
24655,10828,210,2,25000.0
24656,10829,221,3,5500.0
24657,10829,209,2,2499.0
24658,10829,217,1,500.0
24659,10829,230,4,4800.0
24660,10830,211,1,1500.0
24661,10830,204,4,2500.0
24662,10831,228,3,3200.0
24663,10832,205,4,999.0
24664,10832,206,1,1999.0
24665,10832,219,2,8500.0
24666,10832,218,1,3500.0
24667,10833,213,4,2200.0
24668,10833,221,4,5500.0
24669,10834,223,2,900.0
24670,10834,206,3,1999.0
24671,10834,204,4,2500.0
24672,10835,225,3,3000.0
24673,10835,201,4,55000.0
24674,10835,216,1,1800.0
24675,10836,201,2,55000.0
24676,10837,222,2,1800.0
24677,10837,211,1,1500.0
24678,10838,220,2,7000.0
24679,10838,210,2,25000.0
24680,10838,204,1,2500.0
24681,10838,219,4,8500.0
24682,10839,204,1,2500.0
24683,10839,220,2,7000.0
24684,10840,214,3,28000.0
24685,10840,216,1,1800.0
24686,10840,215,2,18000.0
24687,10840,218,1,3500.0
24688,10841,221,3,5500.0
24689,10842,224,4,3500.0
24690,10843,225,1,3000.0
24691,10843,229,4,6500.0
24692,10843,218,3,3500.0
24693,10843,228,4,3200.0
24694,10844,226,2,900.0
24695,10844,216,1,1800.0
24696,10844,218,1,3500.0
24697,10845,204,2,2500.0
24698,10846,218,1,3500.0
24699,10847,223,1,900.0
24700,10847,227,2,1800.0
24701,10848,230,4,4800.0
24702,10848,207,4,2999.0
24703,10848,222,1,1800.0
24704,10849,221,2,5500.0
24705,10849,213,3,2200.0
24706,10850,227,4,1800.0
24707,10850,211,1,1500.0
24708,10850,210,4,25000.0
24709,10850,205,3,999.0
24710,10851,211,3,1500.0
24711,10851,209,1,2499.0
24712,10852,227,1,1800.0
24713,10852,215,4,18000.0
24714,10852,218,2,3500.0
24715,10852,203,2,1500.0
24716,10853,225,2,3000.0
24717,10853,217,3,500.0
24718,10853,216,3,1800.0
24719,10854,221,3,5500.0
24720,10854,203,2,1500.0
24721,10854,216,4,1800.0
24722,10854,225,2,3000.0
24723,10855,212,4,12500.0
24724,10856,229,3,6500.0
24725,10856,215,3,18000.0
24726,10856,216,4,1800.0
24727,10856,212,3,12500.0
24728,10857,215,3,18000.0
24729,10857,211,2,1500.0
24730,10857,224,1,3500.0
24731,10858,201,1,55000.0
24732,10859,201,2,55000.0
24733,10859,230,1,4800.0
24734,10859,206,4,1999.0
24735,10860,206,1,1999.0
24736,10861,224,2,3500.0
24737,10861,201,1,55000.0
24738,10862,211,4,1500.0
24739,10862,210,2,25000.0
24740,10862,203,2,1500.0
24741,10862,206,4,1999.0
24742,10863,228,2,3200.0
24743,10863,225,3,3000.0
24744,10863,204,2,2500.0
24745,10864,221,2,5500.0
24746,10864,212,2,12500.0
24747,10864,209,4,2499.0
24748,10864,204,2,2500.0
24749,10865,210,1,25000.0
24750,10865,207,4,2999.0
24751,10865,202,4,800.0
24752,10866,225,2,3000.0
24753,10866,210,1,25000.0
24754,10866,214,2,28000.0
24755,10866,206,1,1999.0
24756,10867,204,2,2500.0
24757,10868,224,2,3500.0
24758,10869,229,2,6500.0
24759,10869,203,1,1500.0
24760,10869,211,4,1500.0
24761,10869,221,4,5500.0
24762,10870,204,2,2500.0
24763,10870,202,1,800.0
24764,10870,218,4,3500.0
24765,10870,215,3,18000.0
24766,10871,205,1,999.0
24767,10872,209,4,2499.0
24768,10873,202,4,800.0
24769,10874,212,3,12500.0
24770,10874,225,2,3000.0
24771,10874,220,4,7000.0
24772,10874,226,3,900.0
24773,10875,222,1,1800.0
24774,10875,229,3,6500.0
24775,10875,227,3,1800.0
24776,10876,214,1,28000.0
24777,10877,220,3,7000.0
24778,10877,211,1,1500.0
24779,10878,219,2,8500.0
24780,10878,210,4,25000.0
24781,10878,207,3,2999.0
24782,10878,229,4,6500.0
24783,10879,207,1,2999.0
24784,10879,229,4,6500.0
24785,10879,209,4,2499.0
24786,10879,226,4,900.0
24787,10880,222,3,1800.0
24788,10880,225,1,3000.0
24789,10880,220,4,7000.0
24790,10880,224,2,3500.0
24791,10881,222,2,1800.0
24792,10882,212,2,12500.0
24793,10882,216,2,1800.0
24794,10882,201,3,55000.0
24795,10883,221,1,5500.0
24796,10883,218,3,3500.0
24797,10884,223,1,900.0
24798,10884,224,3,3500.0
24799,10884,216,2,1800.0
24800,10884,217,1,500.0
24801,10885,209,2,2499.0
24802,10885,202,1,800.0
24803,10886,214,3,28000.0
24804,10886,228,3,3200.0
24805,10887,228,1,3200.0
24806,10887,230,3,4800.0
24807,10887,229,3,6500.0
24808,10887,226,3,900.0
24809,10888,227,2,1800.0
24810,10888,201,3,55000.0
24811,10888,219,2,8500.0
24812,10889,220,3,7000.0
24813,10890,208,3,1499.0
24814,10890,225,1,3000.0
24815,10890,205,2,999.0
24816,10890,211,1,1500.0
24817,10891,229,2,6500.0
24818,10891,213,3,2200.0
24819,10891,223,1,900.0
24820,10892,221,4,5500.0
24821,10892,230,3,4800.0
24822,10893,203,3,1500.0
24823,10893,209,2,2499.0
24824,10893,204,3,2500.0
24825,10894,216,1,1800.0
24826,10894,208,2,1499.0
24827,10894,215,3,18000.0
24828,10895,219,2,8500.0
24829,10895,225,3,3000.0
24830,10895,221,4,5500.0
24831,10895,216,3,1800.0
24832,10896,210,3,25000.0
24833,10896,212,2,12500.0
24834,10897,221,3,5500.0
24835,10897,208,4,1499.0
24836,10897,218,1,3500.0
24837,10898,202,4,800.0
24838,10898,214,4,28000.0
24839,10898,225,3,3000.0
24840,10898,228,3,3200.0
24841,10899,216,3,1800.0
24842,10899,222,2,1800.0
24843,10899,205,4,999.0
24844,10899,223,4,900.0
24845,10900,225,3,3000.0
24846,10901,227,4,1800.0
24847,10902,208,3,1499.0
24848,10903,227,2,1800.0
24849,10904,226,2,900.0
24850,10904,218,3,3500.0
24851,10905,225,4,3000.0
24852,10905,212,3,12500.0
24853,10906,215,4,18000.0
24854,10907,215,3,18000.0
24855,10907,208,4,1499.0
24856,10908,204,3,2500.0
24857,10908,221,3,5500.0
24858,10908,213,3,2200.0
24859,10908,202,1,800.0
24860,10909,217,3,500.0
24861,10909,220,1,7000.0
24862,10909,225,2,3000.0
24863,10909,228,3,3200.0
24864,10910,226,3,900.0
24865,10911,218,2,3500.0
24866,10911,210,1,25000.0
24867,10911,209,2,2499.0
24868,10912,219,3,8500.0
24869,10912,211,1,1500.0
24870,10913,212,3,12500.0
24871,10913,221,3,5500.0
24872,10913,227,2,1800.0
24873,10914,204,3,2500.0
24874,10914,226,1,900.0
24875,10914,215,4,18000.0
24876,10914,201,1,55000.0
24877,10915,205,3,999.0
24878,10915,229,2,6500.0
24879,10916,202,2,800.0
24880,10916,208,4,1499.0
24881,10916,212,2,12500.0
24882,10917,201,3,55000.0
24883,10917,206,3,1999.0
24884,10918,218,1,3500.0
24885,10918,204,1,2500.0
24886,10918,219,3,8500.0
24887,10918,205,2,999.0
24888,10919,211,2,1500.0
24889,10920,205,1,999.0
24890,10921,227,2,1800.0
24891,10921,201,2,55000.0
24892,10922,220,3,7000.0
24893,10923,207,1,2999.0
24894,10923,215,2,18000.0
24895,10924,225,3,3000.0
24896,10924,219,2,8500.0
24897,10924,221,2,5500.0
24898,10925,215,2,18000.0
24899,10925,211,3,1500.0
24900,10925,209,3,2499.0
24901,10925,212,1,12500.0
24902,10926,225,3,3000.0
24903,10927,205,3,999.0
24904,10927,226,2,900.0
24905,10927,227,1,1800.0
24906,10928,229,1,6500.0
24907,10928,223,2,900.0
24908,10928,211,3,1500.0
24909,10929,224,4,3500.0
24910,10930,225,4,3000.0
24911,10930,217,1,500.0
24912,10930,214,2,28000.0
24913,10930,212,1,12500.0
24914,10931,227,2,1800.0
24915,10932,215,4,18000.0
24916,10932,213,3,2200.0
24917,10932,230,1,4800.0
24918,10933,222,3,1800.0
24919,10933,211,4,1500.0
24920,10933,212,1,12500.0
24921,10933,207,2,2999.0
24922,10934,228,1,3200.0
24923,10934,204,4,2500.0
24924,10934,221,4,5500.0
24925,10934,212,3,12500.0
24926,10935,229,4,6500.0
24927,10935,204,3,2500.0
24928,10936,209,4,2499.0
24929,10936,202,2,800.0
24930,10936,230,2,4800.0
24931,10936,203,3,1500.0
24932,10937,224,4,3500.0
24933,10937,203,4,1500.0
24934,10938,227,3,1800.0
24935,10938,224,3,3500.0
24936,10938,218,2,3500.0
24937,10939,211,4,1500.0
24938,10939,209,2,2499.0
24939,10939,227,1,1800.0
24940,10939,225,3,3000.0
24941,10940,205,2,999.0
24942,10940,229,4,6500.0
24943,10940,213,3,2200.0
24944,10940,222,2,1800.0
24945,10941,207,4,2999.0
24946,10942,229,1,6500.0
24947,10942,202,4,800.0
24948,10943,202,3,800.0
24949,10943,221,3,5500.0
24950,10943,213,3,2200.0
24951,10943,226,4,900.0
24952,10944,230,4,4800.0
24953,10944,217,4,500.0
24954,10945,212,4,12500.0
24955,10945,201,2,55000.0
24956,10946,213,4,2200.0
24957,10946,210,2,25000.0
24958,10947,206,4,1999.0
24959,10948,216,2,1800.0
24960,10948,211,2,1500.0
24961,10948,223,3,900.0
24962,10949,227,2,1800.0
24963,10949,210,2,25000.0
24964,10950,225,2,3000.0
24965,10950,214,4,28000.0
24966,10951,212,4,12500.0
24967,10951,230,4,4800.0
24968,10951,202,4,800.0
24969,10951,208,4,1499.0
24970,10952,226,1,900.0
24971,10952,214,3,28000.0
24972,10952,207,4,2999.0
24973,10953,228,4,3200.0
24974,10953,208,4,1499.0
24975,10954,207,4,2999.0
24976,10954,203,3,1500.0
24977,10954,218,3,3500.0
24978,10955,221,3,5500.0
24979,10955,222,2,1800.0
24980,10955,219,2,8500.0
24981,10955,209,2,2499.0
24982,10956,229,1,6500.0
24983,10956,218,2,3500.0
24984,10957,226,1,900.0
24985,10957,217,2,500.0
24986,10957,221,3,5500.0
24987,10957,225,3,3000.0
24988,10958,228,4,3200.0
24989,10958,225,2,3000.0
24990,10959,206,4,1999.0
24991,10959,219,4,8500.0
24992,10960,206,4,1999.0
24993,10960,225,1,3000.0
24994,10960,229,4,6500.0
24995,10960,215,2,18000.0
24996,10961,225,2,3000.0
24997,10961,216,1,1800.0
24998,10961,203,2,1500.0
24999,10961,220,3,7000.0
25000,10962,208,4,1499.0
25001,10962,219,2,8500.0
25002,10963,219,3,8500.0
25003,10963,201,1,55000.0
25004,10963,228,4,3200.0
25005,10964,218,3,3500.0
25006,10964,228,4,3200.0
25007,10964,202,1,800.0
25008,10965,203,3,1500.0
25009,10965,206,1,1999.0
25010,10966,215,4,18000.0
25011,10966,212,3,12500.0
25012,10966,201,1,55000.0
25013,10966,206,4,1999.0
25014,10967,218,3,3500.0
25015,10967,208,4,1499.0
25016,10967,220,4,7000.0
25017,10967,205,3,999.0
25018,10968,207,4,2999.0
25019,10968,221,2,5500.0
25020,10968,226,3,900.0
25021,10969,210,2,25000.0
25022,10969,229,1,6500.0
25023,10969,228,4,3200.0
25024,10970,225,1,3000.0
25025,10970,217,4,500.0
25026,10970,226,3,900.0
25027,10971,228,2,3200.0
25028,10971,201,3,55000.0
25029,10972,228,1,3200.0
25030,10972,211,1,1500.0
25031,10972,216,3,1800.0
25032,10972,227,3,1800.0
25033,10973,225,3,3000.0
25034,10973,212,2,12500.0
25035,10973,222,2,1800.0
25036,10973,218,4,3500.0
25037,10974,213,1,2200.0
25038,10974,227,4,1800.0
25039,10974,209,1,2499.0
25040,10975,203,1,1500.0
25041,10975,206,3,1999.0
25042,10976,203,1,1500.0
25043,10976,210,4,25000.0
25044,10976,230,4,4800.0
25045,10976,220,2,7000.0
25046,10977,225,2,3000.0
25047,10977,208,4,1499.0
25048,10977,217,2,500.0
25049,10977,211,3,1500.0
25050,10978,208,1,1499.0
25051,10978,230,2,4800.0
25052,10978,220,4,7000.0
25053,10979,202,3,800.0
25054,10979,204,1,2500.0
25055,10980,214,1,28000.0
25056,10980,213,3,2200.0
25057,10980,226,2,900.0
25058,10981,214,4,28000.0
25059,10981,216,4,1800.0
25060,10981,228,2,3200.0
25061,10981,226,2,900.0
25062,10982,203,2,1500.0
25063,10982,207,3,2999.0
25064,10983,224,3,3500.0
25065,10984,220,3,7000.0
25066,10984,222,4,1800.0
25067,10984,209,4,2499.0
25068,10985,212,1,12500.0
25069,10985,206,1,1999.0
25070,10986,205,4,999.0
25071,10986,221,2,5500.0
25072,10986,223,4,900.0
25073,10986,211,3,1500.0
25074,10987,204,2,2500.0
25075,10988,208,3,1499.0
25076,10988,222,1,1800.0
25077,10989,211,4,1500.0
25078,10989,219,4,8500.0
25079,10990,228,1,3200.0
25080,10990,226,2,900.0
25081,10990,210,2,25000.0
25082,10991,215,4,18000.0
25083,10991,206,1,1999.0
25084,10991,217,2,500.0
25085,10992,204,3,2500.0
25086,10993,214,3,28000.0
25087,10994,214,3,28000.0
25088,10994,222,4,1800.0
25089,10995,207,3,2999.0
25090,10996,216,4,1800.0
25091,10996,211,2,1500.0
25092,10996,221,1,5500.0
25093,10996,213,3,2200.0
25094,10997,220,3,7000.0
25095,10997,215,4,18000.0
25096,10997,204,1,2500.0
25097,10997,227,1,1800.0
25098,10998,226,1,900.0
25099,10998,227,4,1800.0
25100,10998,228,3,3200.0
25101,10999,214,4,28000.0
25102,10999,215,4,18000.0
25103,10999,228,4,3200.0
25104,11000,222,2,1800.0
25105,11000,229,3,6500.0
25106,11000,212,1,12500.0
25107,11000,202,1,800.0
