payment_id,order_id,payment_date,amount,payment_status
3587,4087,2016-01-08,66396.0,Paid
7859,8359,2016-01-08,92896.0,Paid
4968,5468,2016-01-25,10500.0,Paid
6857,7357,2016-01-25,17996.0,Paid
8241,8741,2016-02-14,1500.0,Paid
2155,2655,2016-02-16,13795.0,Paid
4074,4574,2016-02-19,2500.0,Paid
3662,4162,2016-02-27,6000.0,Paid
2741,3241,2016-02-29,14496.0,Paid
7317,7817,2016-02-29,10999.0,Refunded
5685,6185,2016-03-07,38700.0,Paid
9076,9576,2016-03-09,20397.0,Paid
6674,7174,2016-03-09,14500.0,Paid
1123,1623,2016-03-11,13797.0,Paid
8968,9468,2016-03-12,39499.0,Paid
6109,6609,2016-03-21,85600.0,Paid
9665,10165,2016-03-22,0.0,Pending
9662,10162,2016-03-23,5400.0,Paid
7092,7592,2016-03-23,18196.0,Paid
5788,6288,2016-03-24,76998.0,Paid
3438,3938,2016-03-25,1499.0,Paid
6344,6844,2016-03-25,14800.0,Paid
9132,9632,2016-03-28,130400.0,Paid
3823,4323,2016-03-30,100000.0,Refunded
3216,3716,2016-03-31,17600.0,Paid
2433,2933,2016-04-02,37100.0,Paid
1863,2363,2016-04-05,21596.0,Paid
5551,6051,2016-04-07,32797.0,Paid
2736,3236,2016-04-09,6000.0,Paid
8002,8502,2016-04-09,84898.0,Paid
10025,10525,2016-04-12,183000.0,Paid
4465,4965,2016-04-14,22100.0,Paid
5058,5558,2016-04-14,23500.0,Paid
8427,8927,2016-04-14,52198.0,Paid
6301,6801,2016-04-14,96897.0,Paid
2973,3473,2016-04-19,8099.0,Paid
5295,5795,2016-04-22,6500.0,Paid
4248,4748,2016-04-23,47800.0,Paid
6452,6952,2016-05-01,14998.0,Paid
1011,1511,2016-05-01,178798.0,Paid
600,1100,2016-05-02,9798.0,Paid
4854,5354,2016-05-05,45495.0,Refunded
9286,9786,2016-05-06,193600.0,Paid
4655,5155,2016-05-07,239800.0,Paid
6159,6659,2016-05-09,16000.0,Paid
7971,8471,2016-05-10,13996.0,Paid
8311,8811,2016-05-11,56000.0,Paid
1867,2367,2016-05-12,7900.0,Paid
2353,2853,2016-05-13,90900.0,Paid
7252,7752,2016-05-15,13499.0,Paid
7420,7920,2016-05-15,8496.0,Paid
7631,8131,2016-05-16,141400.0,Paid
7377,7877,2016-05-17,15500.0,Paid
1208,1708,2016-05-19,67200.0,Paid
899,1399,2016-05-20,252600.0,Paid
2458,2958,2016-05-20,0.0,Pending
9264,9764,2016-05-24,11500.0,Paid
10005,10505,2016-05-25,11498.0,Paid
1842,2342,2016-05-25,5997.0,Paid
4098,4598,2016-05-26,24600.0,Paid
8259,8759,2016-05-28,24400.0,Paid
597,1097,2016-05-29,18200.0,Paid
6802,7302,2016-05-29,38800.0,Paid
8166,8666,2016-05-31,27297.0,Paid
7824,8324,2016-05-31,112000.0,Paid
6633,7133,2016-06-03,13400.0,Paid
3161,3661,2016-06-05,6400.0,Paid
1119,1619,2016-06-05,87000.0,Paid
4315,4815,2016-06-06,168600.0,Paid
6546,7046,2016-06-10,64499.0,Paid
3539,4039,2016-06-11,100000.0,Paid
5693,6193,2016-06-11,7000.0,Refunded
9950,10450,2016-06-11,113800.0,Paid
7814,8314,2016-06-12,234000.0,Paid
6382,6882,2016-06-13,3200.0,Paid
4876,5376,2016-06-14,94599.0,Paid
3075,3575,2016-06-14,14396.0,Paid
9334,9834,2016-06-15,33993.0,Paid
543,1043,2016-06-15,3000.0,Paid
902,1402,2016-06-16,92000.0,Paid
8525,9025,2016-06-17,58400.0,Paid
1821,2321,2016-06-17,34396.0,Paid
4020,4520,2016-06-19,4998.0,Paid
8455,8955,2016-06-19,6300.0,Paid
7975,8475,2016-06-20,9495.0,Paid
4944,5444,2016-06-20,6600.0,Paid
10449,10949,2016-06-21,53600.0,Paid
6918,7418,2016-06-21,8997.0,Paid
4781,5281,2016-06-26,1500.0,Paid
9295,9795,2016-06-26,48300.0,Paid
1839,2339,2016-06-26,1999.0,Paid
3835,4335,2016-06-27,229000.0,Paid
9002,9502,2016-06-27,30500.0,Paid
9616,10116,2016-06-28,15596.0,Paid
8558,9058,2016-06-29,6600.0,Paid
7466,7966,2016-06-30,19997.0,Paid
7603,8103,2016-07-01,7200.0,Paid
8023,8523,2016-07-03,155998.0,Paid
9409,9909,2016-07-04,102000.0,Paid
6604,7104,2016-07-05,2000.0,Paid
1442,1942,2016-07-08,148400.0,Paid
724,1224,2016-07-08,4400.0,Paid
9529,10029,2016-07-09,0.0,Pending
668,1168,2016-07-09,58900.0,Paid
2676,3176,2016-07-09,14400.0,Paid
3425,3925,2016-07-11,66596.0,Paid
5829,6329,2016-07-12,8500.0,Paid
7783,8283,2016-07-12,40000.0,Paid
6271,6771,2016-07-14,10497.0,Paid
3083,3583,2016-07-14,16800.0,Paid
8271,8771,2016-07-15,10500.0,Paid
9493,9993,2016-07-16,21799.0,Paid
2320,2820,2016-07-16,7000.0,Paid
2745,3245,2016-07-16,18800.0,Paid
2201,2701,2016-07-17,7200.0,Paid
9099,9599,2016-07-18,16500.0,Paid
9713,10213,2016-07-18,37700.0,Paid
9248,9748,2016-07-20,95600.0,Paid
6150,6650,2016-07-21,184097.0,Paid
5168,5668,2016-07-21,5400.0,Refunded
6538,7038,2016-07-21,72000.0,Paid
9153,9653,2016-07-22,0.0,Pending
1400,1900,2016-07-24,1998.0,Paid
8089,8589,2016-07-25,3500.0,Paid
1581,2081,2016-07-26,252500.0,Paid
3504,4004,2016-07-27,8296.0,Paid
2590,3090,2016-07-27,8000.0,Paid
5491,5991,2016-07-28,23100.0,Paid
6019,6519,2016-07-29,1500.0,Paid
9075,9575,2016-07-29,0.0,Pending
6923,7423,2016-07-31,0.0,Pending
5269,5769,2016-08-01,14100.0,Paid
6180,6680,2016-08-03,9000.0,Refunded
3168,3668,2016-08-04,0.0,Pending
10190,10690,2016-08-05,23996.0,Paid
9524,10024,2016-08-05,74098.0,Paid
9500,10000,2016-08-06,3400.0,Paid
8497,8997,2016-08-06,10996.0,Paid
2240,2740,2016-08-09,6500.0,Paid
4057,4557,2016-08-10,0.0,Pending
6295,6795,2016-08-11,28799.0,Paid
3357,3857,2016-08-12,25497.0,Paid
5790,6290,2016-08-13,67797.0,Paid
1666,2166,2016-08-13,30999.0,Paid
2924,3424,2016-08-16,46099.0,Paid
7763,8263,2016-08-16,63500.0,Refunded
9079,9579,2016-08-17,4299.0,Paid
4438,4938,2016-08-17,27497.0,Paid
3685,4185,2016-08-19,24697.0,Paid
2633,3133,2016-08-19,3600.0,Paid
5316,5816,2016-08-20,110000.0,Paid
2721,3221,2016-08-20,66497.0,Paid
5525,6025,2016-08-20,110500.0,Paid
3106,3606,2016-08-20,0.0,Failed
8169,8669,2016-08-20,120900.0,Paid
1362,1862,2016-08-21,165000.0,Paid
2735,3235,2016-08-22,72000.0,Paid
1313,1813,2016-08-22,58797.0,Paid
1231,1731,2016-08-22,5200.0,Paid
4408,4908,2016-08-23,14998.0,Paid
6816,7316,2016-08-23,34400.0,Paid
664,1164,2016-08-23,99998.0,Paid
8560,9060,2016-08-23,38497.0,Paid
7164,7664,2016-08-24,6000.0,Paid
4312,4812,2016-08-25,13000.0,Paid
3741,4241,2016-08-26,73300.0,Paid
8755,9255,2016-08-28,90500.0,Paid
9731,10231,2016-08-29,64500.0,Paid
10053,10553,2016-08-30,10900.0,Paid
5338,5838,2016-08-31,15000.0,Paid
2725,3225,2016-09-01,45297.0,Paid
2785,3285,2016-09-02,31599.0,Paid
3700,4200,2016-09-03,52200.0,Paid
2489,2989,2016-09-04,47600.0,Paid
5493,5993,2016-09-04,2997.0,Paid
6832,7332,2016-09-05,8000.0,Paid
6782,7282,2016-09-06,24498.0,Paid
6973,7473,2016-09-08,44196.0,Paid
9100,9600,2016-09-09,59500.0,Refunded
4907,5407,2016-09-09,32900.0,Paid
5810,6310,2016-09-09,89997.0,Paid
1293,1793,2016-09-10,0.0,Pending
9206,9706,2016-09-10,25000.0,Paid
6313,6813,2016-09-10,2400.0,Paid
8964,9464,2016-09-11,90998.0,Paid
1632,2132,2016-09-12,15200.0,Paid
4458,4958,2016-09-13,121700.0,Paid
4599,5099,2016-09-13,0.0,Pending
8632,9132,2016-09-14,42600.0,Paid
9791,10291,2016-09-15,13900.0,Paid
5778,6278,2016-09-15,17799.0,Paid
6671,7171,2016-09-16,125500.0,Refunded
5410,5910,2016-09-17,77900.0,Refunded
3619,4119,2016-09-17,13499.0,Refunded
8341,8841,2016-09-17,0.0,Failed
4764,5264,2016-09-17,3600.0,Paid
6033,6533,2016-09-20,6800.0,Paid
5961,6461,2016-09-22,92900.0,Paid
5708,6208,2016-09-22,900.0,Paid
2001,2501,2016-09-22,1800.0,Paid
5177,5677,2016-09-22,4800.0,Paid
8487,8987,2016-09-23,62500.0,Paid
9625,10125,2016-09-23,36000.0,Paid
6555,7055,2016-09-24,14696.0,Paid
8624,9124,2016-09-24,9000.0,Paid
9171,9671,2016-09-24,18594.0,Paid
1729,2229,2016-09-24,34000.0,Paid
7756,8256,2016-09-25,25999.0,Paid
3087,3587,2016-09-26,2499.0,Paid
7483,7983,2016-09-27,56197.0,Paid
5923,6423,2016-09-27,1800.0,Paid
2564,3064,2016-09-27,11196.0,Paid
10149,10649,2016-09-27,204499.0,Paid
3144,3644,2016-09-28,0.0,Pending
1320,1820,2016-09-28,83495.0,Paid
2981,3481,2016-09-30,10798.0,Paid
9175,9675,2016-10-01,64000.0,Paid
1300,1800,2016-10-03,2499.0,Paid
2096,2596,2016-10-05,0.0,Pending
8322,8822,2016-10-05,4800.0,Paid
10071,10571,2016-10-05,0.0,Failed
1379,1879,2016-10-05,21100.0,Paid
1184,1684,2016-10-06,5000.0,Paid
596,1096,2016-10-07,101500.0,Paid
9228,9728,2016-10-08,7000.0,Paid
4893,5393,2016-10-09,49296.0,Paid
5463,5963,2016-10-09,68300.0,Paid
5236,5736,2016-10-09,26000.0,Paid
2814,3314,2016-10-09,2000.0,Paid
4699,5199,2016-10-10,18496.0,Paid
8805,9305,2016-10-10,246498.0,Paid
6717,7217,2016-10-10,7100.0,Paid
2013,2513,2016-10-11,7497.0,Paid
1305,1805,2016-10-12,80000.0,Paid
2888,3388,2016-10-13,113500.0,Paid
605,1105,2016-10-13,2600.0,Paid
8587,9087,2016-10-14,0.0,Pending
4385,4885,2016-10-14,91200.0,Paid
5227,5727,2016-10-15,77700.0,Paid
5243,5743,2016-10-16,2999.0,Paid
5212,5712,2016-10-16,37500.0,Paid
3597,4097,2016-10-17,1500.0,Paid
7388,7888,2016-10-18,3700.0,Paid
8744,9244,2016-10-19,3200.0,Refunded
3964,4464,2016-10-19,61996.0,Refunded
9044,9544,2016-10-19,6400.0,Paid
7595,8095,2016-10-20,12499.0,Paid
6458,6958,2016-10-21,120600.0,Paid
1667,2167,2016-10-22,12500.0,Paid
1404,1904,2016-10-22,11496.0,Paid
3756,4256,2016-10-23,10798.0,Paid
7154,7654,2016-10-24,66396.0,Paid
4606,5106,2016-10-24,19999.0,Paid
4822,5322,2016-10-25,16900.0,Paid
1211,1711,2016-10-26,12099.0,Paid
3278,3778,2016-10-27,3000.0,Paid
8918,9418,2016-10-28,15993.0,Paid
4469,4969,2016-10-28,54997.0,Paid
1397,1897,2016-10-30,47998.0,Paid
3558,4058,2016-10-30,134497.0,Paid
5905,6405,2016-10-31,123300.0,Paid
5477,5977,2016-10-31,18700.0,Paid
6770,7270,2016-10-31,96100.0,Paid
2097,2597,2016-10-31,48496.0,Paid
9149,9649,2016-11-01,34096.0,Paid
9805,10305,2016-11-01,0.0,Pending
8220,8720,2016-11-02,1999.0,Paid
4028,4528,2016-11-02,46500.0,Paid
4460,4960,2016-11-03,19300.0,Paid
2635,3135,2016-11-03,0.0,Pending
5144,5644,2016-11-03,102600.0,Paid
2378,2878,2016-11-04,23996.0,Paid
10284,10784,2016-11-04,77500.0,Paid
5184,5684,2016-11-05,0.0,Pending
9477,9977,2016-11-05,16799.0,Paid
9466,9966,2016-11-05,14800.0,Paid
8672,9172,2016-11-05,13000.0,Paid
5557,6057,2016-11-06,10400.0,Paid
5892,6392,2016-11-06,7996.0,Paid
1580,2080,2016-11-07,36400.0,Paid
6745,7245,2016-11-07,26800.0,Paid
4500,5000,2016-11-07,277500.0,Paid
1887,2387,2016-11-09,7000.0,Paid
1234,1734,2016-11-09,11997.0,Paid
8614,9114,2016-11-09,0.0,Pending
7728,8228,2016-11-10,18699.0,Paid
1193,1693,2016-11-11,0.0,Failed
3712,4212,2016-11-11,41000.0,Paid
10479,10979,2016-11-11,4900.0,Paid
10377,10877,2016-11-12,22500.0,Paid
7915,8415,2016-11-12,0.0,Pending
5364,5864,2016-11-12,27597.0,Paid
7782,8282,2016-11-12,175400.0,Paid
6388,6888,2016-11-12,26897.0,Paid
4420,4920,2016-11-12,9399.0,Refunded
2222,2722,2016-11-13,6000.0,Refunded
6300,6800,2016-11-13,167998.0,Paid
9422,9922,2016-11-13,29300.0,Paid
5556,6056,2016-11-14,120496.0,Paid
7866,8366,2016-11-14,13200.0,Paid
2774,3274,2016-11-14,50997.0,Paid
2204,2704,2016-11-14,13600.0,Paid
3824,4324,2016-11-14,2499.0,Paid
2416,2916,2016-11-14,16998.0,Paid
4682,5182,2016-11-15,34397.0,Paid
8287,8787,2016-11-16,11496.0,Paid
5758,6258,2016-11-16,10199.0,Paid
8417,8917,2016-11-16,0.0,Pending
8367,8867,2016-11-16,2000.0,Paid
1849,2349,2016-11-16,19094.0,Paid
8838,9338,2016-11-16,69200.0,Paid
7990,8490,2016-11-17,17997.0,Paid
6998,7498,2016-11-17,80700.0,Paid
2056,2556,2016-11-18,0.0,Pending
4251,4751,2016-11-18,124200.0,Paid
8361,8861,2016-11-18,5397.0,Paid
3732,4232,2016-11-18,4800.0,Paid
638,1138,2016-11-18,0.0,Pending
7297,7797,2016-11-19,90300.0,Paid
8507,9007,2016-11-19,85200.0,Paid
6404,6904,2016-11-20,27300.0,Paid
2461,2961,2016-11-20,25800.0,Paid
6748,7248,2016-11-20,14000.0,Paid
6490,6990,2016-11-21,85600.0,Paid
5883,6383,2016-11-22,5997.0,Paid
8205,8705,2016-11-22,9000.0,Paid
2813,3313,2016-11-22,1600.0,Paid
5907,6407,2016-11-23,121000.0,Paid
7211,7711,2016-11-23,10000.0,Paid
6485,6985,2016-11-24,46396.0,Paid
5771,6271,2016-11-24,8100.0,Paid
10426,10926,2016-11-24,9000.0,Paid
10114,10614,2016-11-25,4800.0,Paid
8899,9399,2016-11-25,29496.0,Paid
9435,9935,2016-11-25,141796.0,Paid
9728,10228,2016-11-26,230496.0,Paid
4313,4813,2016-11-26,22494.0,Paid
942,1442,2016-11-27,125199.0,Paid
8286,8786,2016-11-27,64498.0,Paid
1578,2078,2016-11-28,0.0,Pending
2654,3154,2016-11-28,2998.0,Paid
672,1172,2016-11-28,50000.0,Paid
1980,2480,2016-11-28,25595.0,Paid
5137,5637,2016-11-28,3200.0,Paid
9379,9879,2016-11-29,100000.0,Paid
9083,9583,2016-11-29,102996.0,Paid
2659,3159,2016-11-29,55000.0,Paid
5441,5941,2016-11-29,1800.0,Paid
9429,9929,2016-11-30,29000.0,Paid
7713,8213,2016-12-01,14000.0,Paid
2032,2532,2016-12-01,27800.0,Paid
9495,9995,2016-12-01,61099.0,Paid
2474,2974,2016-12-01,85400.0,Paid
7998,8498,2016-12-01,1499.0,Paid
2500,3000,2016-12-02,2000.0,Paid
3296,3796,2016-12-02,59400.0,Paid
1328,1828,2016-12-03,18499.0,Paid
9593,10093,2016-12-03,27193.0,Paid
4510,5010,2016-12-03,0.0,Pending
9247,9747,2016-12-03,65398.0,Paid
3955,4455,2016-12-04,46596.0,Paid
9701,10201,2016-12-04,0.0,Pending
10202,10702,2016-12-04,42000.0,Refunded
9339,9839,2016-12-04,60700.0,Paid
9745,10245,2016-12-04,13500.0,Paid
4488,4988,2016-12-05,325000.0,Refunded
6967,7467,2016-12-06,64300.0,Paid
1511,2011,2016-12-06,78800.0,Paid
5254,5754,2016-12-07,110000.0,Refunded
1558,2058,2016-12-07,48997.0,Paid
5324,5824,2016-12-07,19000.0,Paid
7576,8076,2016-12-07,12000.0,Paid
9210,9710,2016-12-08,3600.0,Refunded
6861,7361,2016-12-08,2700.0,Paid
2169,2669,2016-12-08,51999.0,Paid
8997,9497,2016-12-08,30000.0,Paid
3120,3620,2016-12-09,5200.0,Paid
8157,8657,2016-12-10,56000.0,Paid
4548,5048,2016-12-10,71000.0,Paid
1003,1503,2016-12-10,9600.0,Paid
3418,3918,2016-12-11,83400.0,Paid
4456,4956,2016-12-11,6000.0,Paid
3924,4424,2016-12-11,99698.0,Refunded
4624,5124,2016-12-11,40000.0,Paid
6026,6526,2016-12-11,3497.0,Paid
3850,4350,2016-12-12,21300.0,Paid
6727,7227,2016-12-12,11298.0,Paid
7144,7644,2016-12-12,0.0,Pending
7991,8491,2016-12-12,16900.0,Paid
5930,6430,2016-12-13,33500.0,Paid
10430,10930,2016-12-13,81000.0,Paid
9108,9608,2016-12-13,108500.0,Refunded
2542,3042,2016-12-13,93400.0,Paid
10309,10809,2016-12-13,14500.0,Paid
7359,7859,2016-12-13,43598.0,Paid
4706,5206,2016-12-14,140396.0,Paid
4287,4787,2016-12-14,14997.0,Paid
5204,5704,2016-12-15,6597.0,Refunded
8155,8655,2016-12-15,59297.0,Paid
8940,9440,2016-12-15,0.0,Pending
10438,10938,2016-12-16,22900.0,Paid
2537,3037,2016-12-16,15900.0,Paid
3563,4063,2016-12-16,124000.0,Paid
7976,8476,2016-12-16,69998.0,Paid
6043,6543,2016-12-16,10500.0,Refunded
9333,9833,2016-12-17,72698.0,Paid
2162,2662,2016-12-17,3500.0,Paid
1603,2103,2016-12-17,0.0,Pending
3620,4120,2016-12-17,3500.0,Paid
6860,7360,2016-12-17,26000.0,Paid
7714,8214,2016-12-17,77000.0,Paid
9836,10336,2016-12-17,6100.0,Paid
5355,5855,2016-12-18,13993.0,Paid
9654,10154,2016-12-18,45000.0,Paid
6009,6509,2016-12-18,117398.0,Paid
9467,9967,2016-12-18,26698.0,Paid
1176,1676,2016-12-18,11398.0,Paid
4055,4555,2016-12-18,118994.0,Paid
1434,1934,2016-12-18,999.0,Paid
10181,10681,2016-12-18,21497.0,Paid
5869,6369,2016-12-18,4500.0,Refunded
9423,9923,2016-12-18,22500.0,Paid
4273,4773,2016-12-18,1500.0,Paid
1222,1722,2016-12-19,12399.0,Paid
5033,5533,2016-12-19,6798.0,Refunded
8704,9204,2016-12-19,14000.0,Paid
3514,4014,2016-12-19,5997.0,Paid
5552,6052,2016-12-19,26296.0,Paid
3783,4283,2016-12-19,84000.0,Paid
9608,10108,2016-12-19,89000.0,Paid
4587,5087,2016-12-20,16197.0,Paid
2588,3088,2016-12-21,140700.0,Paid
1334,1834,2016-12-21,64000.0,Paid
8462,8962,2016-12-21,123700.0,Paid
6291,6791,2016-12-21,29498.0,Paid
9323,9823,2016-12-21,62800.0,Paid
7874,8374,2016-12-21,60500.0,Paid
3841,4341,2016-12-22,221499.0,Paid
6509,7009,2016-12-22,134000.0,Refunded
6106,6606,2016-12-22,28000.0,Paid
1676,2176,2016-12-22,3200.0,Paid
2122,2622,2016-12-22,22998.0,Paid
2152,2652,2016-12-22,11400.0,Paid
9019,9519,2016-12-22,58400.0,Paid
850,1350,2016-12-22,50496.0,Paid
5440,5940,2016-12-22,17700.0,Paid
6688,7188,2016-12-23,35597.0,Paid
1670,2170,2016-12-23,45100.0,Paid
5337,5837,2016-12-23,0.0,Pending
4120,4620,2016-12-23,13200.0,Paid
5135,5635,2016-12-23,8800.0,Paid
9531,10031,2016-12-24,20100.0,Paid
715,1215,2016-12-24,37500.0,Paid
7922,8422,2016-12-24,48100.0,Paid
7256,7756,2016-12-24,175895.0,Paid
3429,3929,2016-12-24,28199.0,Paid
4141,4641,2016-12-24,121696.0,Paid
3723,4223,2016-12-24,90896.0,Paid
7040,7540,2016-12-24,11996.0,Paid
9118,9618,2016-12-24,74998.0,Paid
6849,7349,2016-12-25,3798.0,Paid
6258,6758,2016-12-25,5996.0,Paid
2093,2593,2016-12-25,13000.0,Paid
8172,8672,2016-12-25,23796.0,Paid
3926,4426,2016-12-25,19400.0,Paid
2877,3377,2016-12-25,4200.0,Paid
4733,5233,2016-12-26,82396.0,Paid
9694,10194,2016-12-26,61900.0,Paid
1783,2283,2016-12-26,43996.0,Paid
1816,2316,2016-12-26,8500.0,Paid
4921,5421,2016-12-26,29500.0,Paid
7581,8081,2016-12-27,13500.0,Paid
3701,4201,2016-12-27,47500.0,Paid
6911,7411,2016-12-27,9300.0,Refunded
1025,1525,2016-12-28,1998.0,Paid
7997,8497,2016-12-28,26897.0,Paid
10014,10514,2016-12-28,1998.0,Paid
7153,7653,2016-12-28,17798.0,Paid
6772,7272,2016-12-28,13599.0,Paid
1412,1912,2016-12-28,57600.0,Paid
646,1146,2016-12-29,151596.0,Paid
5402,5902,2016-12-29,42900.0,Paid
8292,8792,2016-12-29,7200.0,Paid
4085,4585,2016-12-29,25598.0,Paid
5805,6305,2016-12-29,103995.0,Paid
9233,9733,2016-12-29,999.0,Refunded
3159,3659,2016-12-29,25495.0,Paid
7908,8408,2016-12-29,26000.0,Paid
2615,3115,2016-12-29,141000.0,Paid
6936,7436,2016-12-30,16398.0,Paid
9036,9536,2016-12-30,19200.0,Paid
3449,3949,2016-12-30,6000.0,Paid
10464,10964,2016-12-30,24100.0,Paid
7149,7649,2016-12-30,25497.0,Paid
6603,7103,2016-12-31,67500.0,Paid
9561,10061,2016-12-31,30496.0,Paid
10001,10501,2016-12-31,1700.0,Paid
9397,9897,2017-01-01,57497.0,Paid
2439,2939,2017-01-01,0.0,Pending
2603,3103,2017-01-01,26500.0,Paid
1853,2353,2017-01-02,12700.0,Paid
3530,4030,2017-01-02,16000.0,Paid
7048,7548,2017-01-02,1500.0,Paid
2980,3480,2017-01-02,35600.0,Paid
4763,5263,2017-01-02,21500.0,Paid
2582,3082,2017-01-03,13198.0,Paid
7286,7786,2017-01-03,4500.0,Paid
653,1153,2017-01-04,20895.0,Paid
7457,7957,2017-01-04,6500.0,Paid
1276,1776,2017-01-04,5700.0,Refunded
4644,5144,2017-01-04,13397.0,Paid
4742,5242,2017-01-05,50000.0,Paid
8756,9256,2017-01-05,42400.0,Paid
7236,7736,2017-01-05,6999.0,Paid
3096,3596,2017-01-06,0.0,Failed
906,1406,2017-01-06,20000.0,Paid
2709,3209,2017-01-07,76000.0,Paid
3241,3741,2017-01-07,27400.0,Paid
9138,9638,2017-01-08,66200.0,Paid
4845,5345,2017-01-10,9996.0,Paid
3301,3801,2017-01-10,10500.0,Paid
9261,9761,2017-01-10,6200.0,Paid
3500,4000,2017-01-10,13800.0,Paid
684,1184,2017-01-13,36300.0,Paid
1524,2024,2017-01-14,10098.0,Paid
2490,2990,2017-01-18,41000.0,Paid
7738,8238,2017-01-19,5300.0,Paid
857,1357,2017-01-19,0.0,Pending
8115,8615,2017-01-21,31000.0,Paid
7372,7872,2017-01-22,35400.0,Paid
1606,2106,2017-01-23,28600.0,Paid
1089,1589,2017-01-26,6100.0,Paid
7530,8030,2017-01-27,900.0,Paid
9147,9647,2017-01-27,58897.0,Paid
8052,8552,2017-01-27,13000.0,Paid
1118,1618,2017-01-28,17996.0,Paid
2047,2547,2017-01-29,64600.0,Paid
6307,6807,2017-01-30,3600.0,Paid
2245,2745,2017-01-30,62098.0,Paid
10384,10884,2017-01-30,15500.0,Paid
5001,5501,2017-02-01,56300.0,Paid
5229,5729,2017-02-06,38800.0,Paid
9254,9754,2017-02-07,2700.0,Paid
10496,10996,2017-02-07,22300.0,Paid
8147,8647,2017-02-09,7996.0,Paid
6163,6663,2017-02-09,36600.0,Paid
3248,3748,2017-02-09,150200.0,Paid
3045,3545,2017-02-15,9100.0,Paid
4342,4842,2017-02-16,0.0,Pending
676,1176,2017-02-17,25200.0,Paid
10406,10906,2017-02-17,72000.0,Paid
3606,4106,2017-02-18,5400.0,Refunded
1108,1608,2017-02-22,21395.0,Paid
9041,9541,2017-02-24,16400.0,Paid
2683,3183,2017-02-24,5000.0,Paid
3613,4113,2017-02-25,71000.0,Paid
7697,8197,2017-02-26,3600.0,Paid
8654,9154,2017-02-27,51900.0,Paid
4041,4541,2017-03-01,23993.0,Paid
9679,10179,2017-03-02,1600.0,Paid
2566,3066,2017-03-07,13698.0,Paid
8149,8649,2017-03-08,29000.0,Paid
5438,5938,2017-03-08,58595.0,Refunded
2545,3045,2017-03-10,204300.0,Refunded
1240,1740,2017-03-13,126998.0,Paid
1758,2258,2017-03-15,21100.0,Refunded
3694,4194,2017-03-15,34600.0,Paid
5182,5682,2017-03-17,9996.0,Paid
9700,10200,2017-03-17,84500.0,Paid
9814,10314,2017-03-21,0.0,Pending
3222,3722,2017-03-21,75000.0,Paid
2962,3462,2017-03-21,16597.0,Paid
1342,1842,2017-03-23,14494.0,Paid
4007,4507,2017-03-28,28599.0,Paid
9213,9713,2017-03-29,11000.0,Paid
3833,4333,2017-03-29,135600.0,Paid
7677,8177,2017-03-30,107000.0,Paid
9511,10011,2017-03-30,10397.0,Paid
1248,1748,2017-03-30,0.0,Failed
2314,2814,2017-03-30,15197.0,Paid
3575,4075,2017-03-31,1600.0,Paid
10172,10672,2017-03-31,13398.0,Paid
9017,9517,2017-04-01,6000.0,Paid
2987,3487,2017-04-01,2200.0,Paid
1622,2122,2017-04-02,6400.0,Paid
4902,5402,2017-04-02,126497.0,Paid
4534,5034,2017-04-04,0.0,Pending
2291,2791,2017-04-06,47900.0,Paid
4911,5411,2017-04-07,3200.0,Paid
1432,1932,2017-04-08,220900.0,Paid
5836,6336,2017-04-08,20300.0,Paid
7615,8115,2017-04-09,27494.0,Paid
1745,2245,2017-04-12,74496.0,Paid
7054,7554,2017-04-12,15095.0,Paid
10130,10630,2017-04-13,10500.0,Paid
9811,10311,2017-04-13,68400.0,Paid
6467,6967,2017-04-14,20997.0,Paid
2571,3071,2017-04-16,0.0,Pending
3473,3973,2017-04-18,11996.0,Paid
7544,8044,2017-04-18,13798.0,Paid
5028,5528,2017-04-19,15998.0,Paid
8496,8996,2017-04-19,63800.0,Refunded
2300,2800,2017-04-20,39398.0,Paid
2282,2782,2017-04-23,9500.0,Paid
3727,4227,2017-04-24,57900.0,Paid
2207,2707,2017-04-25,70197.0,Paid
10342,10842,2017-04-26,14000.0,Paid
6695,7195,2017-04-28,22000.0,Paid
2589,3089,2017-04-28,41996.0,Paid
2468,2968,2017-04-28,98996.0,Paid
4254,4754,2017-04-29,25996.0,Paid
3440,3940,2017-04-30,1800.0,Paid
7917,8417,2017-04-30,7800.0,Paid
7665,8165,2017-05-01,34100.0,Paid
9052,9552,2017-05-03,34600.0,Refunded
7005,7505,2017-05-05,46900.0,Paid
738,1238,2017-05-05,132800.0,Paid
1709,2209,2017-05-05,11700.0,Paid
7180,7680,2017-05-06,35800.0,Paid
8777,9277,2017-05-06,11000.0,Paid
9918,10418,2017-05-07,41000.0,Paid
9730,10230,2017-05-08,0.0,Pending
3373,3873,2017-05-09,1500.0,Paid
5891,6391,2017-05-10,2700.0,Paid
5528,6028,2017-05-10,7000.0,Paid
8000,8500,2017-05-11,16997.0,Paid
5707,6207,2017-05-12,0.0,Pending
1439,1939,2017-05-12,75000.0,Paid
6498,6998,2017-05-12,21800.0,Paid
8579,9079,2017-05-12,24600.0,Paid
3907,4407,2017-05-13,19500.0,Paid
7702,8202,2017-05-13,8495.0,Paid
5393,5893,2017-05-13,69200.0,Paid
2876,3376,2017-05-14,55796.0,Paid
9758,10258,2017-05-16,46900.0,Paid
2562,3062,2017-05-17,12200.0,Paid
8857,9357,2017-05-17,52896.0,Paid
4401,4901,2017-05-18,999.0,Paid
1879,2379,2017-05-21,7900.0,Paid
9090,9590,2017-05-21,0.0,Failed
1479,1979,2017-05-22,1499.0,Paid
9201,9701,2017-05-23,13000.0,Paid
4884,5384,2017-05-23,107000.0,Refunded
8864,9364,2017-05-24,112699.0,Paid
1706,2206,2017-05-25,6900.0,Paid
1624,2124,2017-05-25,18500.0,Paid
7925,8425,2017-05-27,29200.0,Paid
2701,3201,2017-05-27,6897.0,Paid
10359,10859,2017-05-28,122796.0,Paid
1698,2198,2017-05-29,17000.0,Paid
2592,3092,2017-05-29,133200.0,Paid
1346,1846,2017-05-29,30000.0,Paid
5549,6049,2017-05-30,5998.0,Paid
8576,9076,2017-05-31,177500.0,Paid
989,1489,2017-06-01,63500.0,Paid
8553,9053,2017-06-01,19500.0,Paid
2862,3362,2017-06-02,15200.0,Paid
6066,6566,2017-06-04,28600.0,Paid
9501,10001,2017-06-06,10000.0,Paid
2692,3192,2017-06-06,0.0,Pending
6025,6525,2017-06-06,15800.0,Paid
8118,8618,2017-06-08,1800.0,Paid
6017,6517,2017-06-10,69300.0,Paid
6929,7429,2017-06-11,0.0,Pending
8044,8544,2017-06-11,0.0,Pending
8572,9072,2017-06-11,21400.0,Paid
5361,5861,2017-06-14,8200.0,Paid
6814,7314,2017-06-15,127698.0,Paid
2267,2767,2017-06-16,36497.0,Paid
10453,10953,2017-06-17,18796.0,Paid
9873,10373,2017-06-17,62496.0,Paid
2600,3100,2017-06-18,41600.0,Paid
4491,4991,2017-06-19,0.0,Pending
2426,2926,2017-06-20,8000.0,Paid
8958,9458,2017-06-20,26800.0,Paid
3257,3757,2017-06-21,18600.0,Paid
8836,9336,2017-06-21,120296.0,Paid
3263,3763,2017-06-23,6300.0,Paid
3918,4418,2017-06-23,15000.0,Paid
8845,9345,2017-06-23,35500.0,Paid
3517,4017,2017-06-23,39099.0,Paid
2451,2951,2017-06-23,4800.0,Paid
6626,7126,2017-06-24,86998.0,Paid
8807,9307,2017-06-24,114800.0,Paid
3060,3560,2017-06-26,800.0,Paid
2492,2992,2017-06-26,30600.0,Paid
3946,4446,2017-06-27,42400.0,Paid
579,1079,2017-06-27,11000.0,Paid
1604,2104,2017-06-28,37100.0,Paid
1048,1548,2017-06-29,37500.0,Paid
8897,9397,2017-06-29,62998.0,Paid
2074,2574,2017-06-30,26500.0,Paid
6096,6596,2017-06-30,0.0,Failed
5379,5879,2017-06-30,20100.0,Refunded
6703,7203,2017-06-30,21000.0,Paid
2220,2720,2017-07-01,16200.0,Paid
6346,6846,2017-07-02,9700.0,Refunded
6290,6790,2017-07-03,19994.0,Paid
9447,9947,2017-07-04,16197.0,Refunded
6270,6770,2017-07-04,4800.0,Paid
2449,2949,2017-07-06,59900.0,Paid
10431,10931,2017-07-06,3600.0,Paid
5816,6316,2017-07-08,165000.0,Paid
2415,2915,2017-07-09,134200.0,Paid
3634,4134,2017-07-09,172200.0,Paid
7632,8132,2017-07-10,16600.0,Paid
9468,9968,2017-07-10,14900.0,Paid
9961,10461,2017-07-10,42899.0,Paid
9058,9558,2017-07-10,4400.0,Paid
2440,2940,2017-07-10,75000.0,Paid
726,1226,2017-07-12,9198.0,Paid
8754,9254,2017-07-12,69200.0,Refunded
5928,6428,2017-07-12,35397.0,Paid
6666,7166,2017-07-12,20100.0,Paid
6855,7355,2017-07-13,23700.0,Paid
10098,10598,2017-07-14,7200.0,Paid
3485,3985,2017-07-15,291600.0,Paid
7947,8447,2017-07-18,16396.0,Paid
8642,9142,2017-07-19,45000.0,Paid
2334,2834,2017-07-20,65800.0,Paid
4366,4866,2017-07-21,41200.0,Paid
2717,3217,2017-07-21,266097.0,Paid
5545,6045,2017-07-21,26000.0,Paid
3371,3871,2017-07-21,64396.0,Paid
3230,3730,2017-07-21,4998.0,Paid
1429,1929,2017-07-21,22000.0,Paid
4058,4558,2017-07-22,2400.0,Paid
2601,3101,2017-07-23,18191.0,Paid
1941,2441,2017-07-24,4500.0,Paid
9479,9979,2017-07-24,10998.0,Paid
7321,7821,2017-07-24,51900.0,Paid
4419,4919,2017-07-25,0.0,Pending
4969,5469,2017-07-27,75600.0,Paid
8053,8553,2017-07-27,14098.0,Paid
9647,10147,2017-07-28,75300.0,Paid
6028,6528,2017-07-29,56000.0,Paid
6162,6662,2017-07-30,0.0,Failed
3279,3779,2017-08-01,19200.0,Paid
1628,2128,2017-08-01,0.0,Pending
8328,8828,2017-08-01,3200.0,Paid
4718,5218,2017-08-02,88494.0,Paid
9081,9581,2017-08-02,1600.0,Paid
9137,9637,2017-08-03,187800.0,Paid
1631,2131,2017-08-04,151000.0,Paid
2467,2967,2017-08-05,39300.0,Paid
6038,6538,2017-08-06,38900.0,Paid
3989,4489,2017-08-06,25500.0,Paid
4985,5485,2017-08-07,10797.0,Paid
7127,7627,2017-08-08,13796.0,Paid
2543,3043,2017-08-09,1800.0,Paid
7567,8067,2017-08-09,46900.0,Paid
7523,8023,2017-08-12,8697.0,Paid
2516,3016,2017-08-12,228000.0,Paid
6564,7064,2017-08-13,11600.0,Paid
7374,7874,2017-08-13,16496.0,Paid
10150,10650,2017-08-15,59500.0,Paid
1913,2413,2017-08-15,0.0,Pending
1317,1817,2017-08-17,32297.0,Paid
5366,5866,2017-08-18,0.0,Pending
8368,8868,2017-08-19,5996.0,Paid
8792,9292,2017-08-21,39100.0,Paid
5118,5618,2017-08-22,202496.0,Paid
9430,9930,2017-08-22,178800.0,Paid
3142,3642,2017-08-22,1800.0,Paid
7021,7521,2017-08-23,114996.0,Paid
7241,7741,2017-08-23,3600.0,Paid
8333,8833,2017-08-23,17396.0,Paid
2942,3442,2017-08-24,20000.0,Paid
3609,4109,2017-08-26,5497.0,Paid
623,1123,2017-08-27,15896.0,Paid
8780,9280,2017-08-28,25500.0,Paid
5929,6429,2017-08-28,5500.0,Paid
5037,5537,2017-08-28,15800.0,Refunded
6119,6619,2017-08-29,7998.0,Paid
8822,9322,2017-08-29,21800.0,Paid
4916,5416,2017-09-01,7000.0,Paid
8258,8758,2017-09-02,0.0,Pending
7125,7625,2017-09-04,19297.0,Refunded
7277,7777,2017-09-05,295000.0,Paid
924,1424,2017-09-05,900.0,Paid
3818,4318,2017-09-05,72200.0,Paid
951,1451,2017-09-06,29896.0,Paid
2379,2879,2017-09-06,130000.0,Paid
10395,10895,2017-09-07,53400.0,Paid
4930,5430,2017-09-08,3200.0,Paid
8611,9111,2017-09-08,21399.0,Paid
5588,6088,2017-09-09,130100.0,Paid
5172,5672,2017-09-09,20100.0,Paid
4991,5491,2017-09-10,29497.0,Paid
1633,2133,2017-09-11,50000.0,Paid
2480,2980,2017-09-11,12999.0,Paid
709,1209,2017-09-12,10000.0,Paid
6272,6772,2017-09-14,0.0,Failed
4889,5389,2017-09-14,0.0,Failed
7215,7715,2017-09-15,126797.0,Paid
9784,10284,2017-09-18,86200.0,Paid
710,1210,2017-09-18,2500.0,Paid
518,1018,2017-09-19,2999.0,Paid
9910,10410,2017-09-19,0.0,Failed
8779,9279,2017-09-19,8800.0,Paid
6905,7405,2017-09-20,65100.0,Paid
1865,2365,2017-09-21,28497.0,Paid
6890,7390,2017-09-22,26900.0,Paid
2598,3098,2017-09-22,12000.0,Paid
8874,9374,2017-09-23,32996.0,Paid
4669,5169,2017-09-24,2200.0,Paid
6908,7408,2017-09-24,15695.0,Paid
8926,9426,2017-09-24,18000.0,Paid
755,1255,2017-09-25,12197.0,Refunded
6830,7330,2017-09-25,2499.0,Paid
4628,5128,2017-09-25,231000.0,Paid
4745,5245,2017-09-26,74200.0,Paid
9545,10045,2017-09-27,175599.0,Paid
5042,5542,2017-09-27,116195.0,Refunded
6659,7159,2017-09-27,22000.0,Paid
10188,10688,2017-09-28,42000.0,Paid
9770,10270,2017-09-28,20998.0,Paid
534,1034,2017-09-28,17600.0,Paid
2105,2605,2017-09-29,29000.0,Paid
3259,3759,2017-09-29,168500.0,Paid
6293,6793,2017-09-29,24800.0,Paid
1796,2296,2017-09-29,23996.0,Paid
8900,9400,2017-10-02,22998.0,Paid
3891,4391,2017-10-02,60400.0,Paid
1476,1976,2017-10-03,49000.0,Refunded
874,1374,2017-10-03,11399.0,Paid
2178,2678,2017-10-05,0.0,Pending
1950,2450,2017-10-06,3300.0,Paid
1492,1992,2017-10-06,194196.0,Paid
6175,6675,2017-10-06,23100.0,Paid
6128,6628,2017-10-07,62300.0,Paid
2809,3309,2017-10-07,0.0,Pending
3388,3888,2017-10-08,39498.0,Paid
4492,4992,2017-10-09,54000.0,Paid
10482,10982,2017-10-09,11997.0,Paid
817,1317,2017-10-10,53996.0,Paid
5606,6106,2017-10-10,17200.0,Paid
5298,5798,2017-10-10,42096.0,Paid
1644,2144,2017-10-11,9000.0,Paid
6426,6926,2017-10-11,21400.0,Paid
2420,2920,2017-10-12,47900.0,Paid
1850,2350,2017-10-13,143500.0,Paid
5367,5867,2017-10-13,97800.0,Paid
7532,8032,2017-10-13,11998.0,Paid
2023,2523,2017-10-14,23500.0,Paid
3776,4276,2017-10-14,18500.0,Paid
7734,8234,2017-10-14,67100.0,Paid
5812,6312,2017-10-14,10500.0,Paid
8113,8613,2017-10-15,11496.0,Paid
1510,2010,2017-10-16,2700.0,Refunded
5425,5925,2017-10-17,4200.0,Paid
7365,7865,2017-10-18,0.0,Pending
3471,3971,2017-10-18,59000.0,Paid
5005,5505,2017-10-18,1000.0,Paid
6580,7080,2017-10-19,15000.0,Paid
5518,6018,2017-10-20,3600.0,Paid
6386,6886,2017-10-20,3996.0,Paid
8983,9483,2017-10-20,24895.0,Paid
8862,9362,2017-10-20,25092.0,Paid
4520,5020,2017-10-20,15900.0,Paid
4582,5082,2017-10-20,0.0,Failed
4027,4527,2017-10-20,13797.0,Paid
6719,7219,2017-10-21,2200.0,Paid
1072,1572,2017-10-21,32500.0,Refunded
8464,8964,2017-10-21,19500.0,Paid
7055,7555,2017-10-21,8700.0,Paid
5373,5873,2017-10-22,12897.0,Paid
8703,9203,2017-10-23,11800.0,Paid
5715,6215,2017-10-24,80600.0,Paid
7156,7656,2017-10-25,0.0,Pending
8312,8812,2017-10-25,91499.0,Paid
2045,2545,2017-10-26,185000.0,Paid
6221,6721,2017-10-26,40497.0,Paid
4752,5252,2017-10-26,180499.0,Refunded
9352,9852,2017-10-27,27497.0,Paid
8610,9110,2017-10-28,8500.0,Paid
1401,1901,2017-10-29,104399.0,Paid
1515,2015,2017-10-29,56000.0,Paid
10467,10967,2017-10-30,47493.0,Paid
7770,8270,2017-10-30,9595.0,Paid
1182,1682,2017-11-01,23998.0,Paid
9510,10010,2017-11-02,4500.0,Paid
2491,2991,2017-11-02,19700.0,Paid
6319,6819,2017-11-03,87998.0,Refunded
1672,2172,2017-11-03,0.0,Pending
3482,3982,2017-11-03,11996.0,Paid
3027,3527,2017-11-04,7000.0,Paid
10498,10998,2017-11-04,17700.0,Paid
5881,6381,2017-11-05,82397.0,Refunded
1546,2046,2017-11-06,15200.0,Paid
2927,3427,2017-11-06,25000.0,Paid
5002,5502,2017-11-06,14797.0,Paid
9298,9798,2017-11-07,54400.0,Paid
9405,9905,2017-11-07,23797.0,Paid
10083,10583,2017-11-07,14400.0,Paid
9975,10475,2017-11-08,23099.0,Refunded
9403,9903,2017-11-08,58600.0,Refunded
8623,9123,2017-11-08,17200.0,Refunded
9790,10290,2017-11-11,116497.0,Paid
4137,4637,2017-11-11,22394.0,Paid
2918,3418,2017-11-12,28000.0,Paid
4467,4967,2017-11-12,0.0,Pending
1304,1804,2017-11-12,53600.0,Paid
5240,5740,2017-11-13,109600.0,Paid
7953,8453,2017-11-13,115996.0,Paid
4531,5031,2017-11-13,33599.0,Paid
2679,3179,2017-11-13,25099.0,Paid
10182,10682,2017-11-14,11398.0,Paid
10104,10604,2017-11-14,23000.0,Paid
2805,3305,2017-11-14,2499.0,Paid
3940,4440,2017-11-14,37500.0,Paid
5914,6414,2017-11-14,16000.0,Paid
10379,10879,2017-11-15,42595.0,Paid
9459,9959,2017-11-15,66998.0,Paid
764,1264,2017-11-15,113500.0,Paid
7115,7615,2017-11-15,1500.0,Paid
4489,4989,2017-11-16,15996.0,Paid
5566,6066,2017-11-16,4499.0,Paid
5091,5591,2017-11-16,33798.0,Paid
3862,4362,2017-11-16,0.0,Pending
3490,3990,2017-11-16,36498.0,Paid
9145,9645,2017-11-16,48994.0,Paid
5330,5830,2017-11-17,78000.0,Paid
6803,7303,2017-11-17,56499.0,Paid
6702,7202,2017-11-19,4797.0,Paid
9414,9914,2017-11-19,22198.0,Refunded
6776,7276,2017-11-19,19598.0,Paid
2269,2769,2017-11-20,0.0,Pending
7620,8120,2017-11-20,16996.0,Paid
8602,9102,2017-11-21,110100.0,Paid
5287,5787,2017-11-21,11196.0,Paid
3538,4038,2017-11-22,131996.0,Paid
4437,4937,2017-11-22,2499.0,Paid
6589,7089,2017-11-22,34000.0,Paid
1273,1773,2017-11-22,29997.0,Paid
9193,9693,2017-11-22,20400.0,Refunded
4747,5247,2017-11-23,0.0,Failed
7877,8377,2017-11-23,12800.0,Paid
1014,1514,2017-11-23,0.0,Pending
5094,5594,2017-11-24,12397.0,Paid
8851,9351,2017-11-24,184500.0,Paid
7432,7932,2017-11-24,90800.0,Paid
8229,8729,2017-11-24,15000.0,Paid
7275,7775,2017-11-25,18697.0,Paid
1541,2041,2017-11-25,12500.0,Paid
2190,2690,2017-11-25,2997.0,Paid
4224,4724,2017-11-25,17998.0,Paid
6145,6645,2017-11-25,22900.0,Paid
8582,9082,2017-11-25,0.0,Pending
4119,4619,2017-11-25,19200.0,Paid
5194,5694,2017-11-25,6399.0,Paid
9577,10077,2017-11-26,18800.0,Paid
1092,1592,2017-11-26,69596.0,Refunded
5131,5631,2017-11-27,33397.0,Paid
3860,4360,2017-11-27,21596.0,Paid
6548,7048,2017-11-27,18598.0,Paid
5407,5907,2017-11-28,100000.0,Paid
6542,7042,2017-11-29,12497.0,Refunded
6247,6747,2017-11-29,31493.0,Paid
2287,2787,2017-11-29,13200.0,Paid
9862,10362,2017-11-29,25500.0,Paid
6508,7008,2017-11-30,1998.0,Paid
4974,5474,2017-11-30,11500.0,Paid
658,1158,2017-12-01,5397.0,Paid
9881,10381,2017-12-01,119000.0,Paid
10097,10597,2017-12-02,26600.0,Paid
2913,3413,2017-12-02,66994.0,Paid
6648,7148,2017-12-03,1800.0,Paid
1008,1508,2017-12-03,19797.0,Paid
8947,9447,2017-12-03,21199.0,Paid
4793,5293,2017-12-03,11496.0,Paid
2938,3438,2017-12-04,19597.0,Refunded
7498,7998,2017-12-04,14000.0,Paid
3268,3768,2017-12-04,11996.0,Paid
8413,8913,2017-12-04,29496.0,Paid
7605,8105,2017-12-04,28300.0,Paid
2539,3039,2017-12-04,8996.0,Paid
5354,5854,2017-12-05,8800.0,Paid
3615,4115,2017-12-05,12800.0,Refunded
10086,10586,2017-12-05,2999.0,Paid
591,1091,2017-12-06,37000.0,Paid
7379,7879,2017-12-07,12996.0,Paid
1181,1681,2017-12-07,14394.0,Paid
1050,1550,2017-12-07,233200.0,Paid
1701,2201,2017-12-07,17599.0,Paid
3033,3533,2017-12-07,75500.0,Paid
2036,2536,2017-12-07,18997.0,Paid
2064,2564,2017-12-09,24994.0,Paid
768,1268,2017-12-10,10800.0,Paid
7175,7675,2017-12-10,5099.0,Paid
8513,9013,2017-12-10,16500.0,Refunded
7200,7700,2017-12-10,8500.0,Paid
1775,2275,2017-12-10,0.0,Pending
1765,2265,2017-12-10,3499.0,Paid
849,1349,2017-12-10,103400.0,Paid
3275,3775,2017-12-11,8097.0,Paid
8256,8756,2017-12-11,25600.0,Paid
4834,5334,2017-12-11,22796.0,Paid
4060,4560,2017-12-12,5699.0,Paid
8440,8940,2017-12-12,14000.0,Paid
9096,9596,2017-12-12,4500.0,Paid
5403,5903,2017-12-12,17498.0,Paid
4997,5497,2017-12-12,28999.0,Paid
9207,9707,2017-12-13,2700.0,Paid
3063,3563,2017-12-13,3600.0,Paid
3618,4118,2017-12-13,9800.0,Paid
4169,4669,2017-12-13,3200.0,Paid
4272,4772,2017-12-14,25200.0,Paid
7053,7553,2017-12-14,10200.0,Paid
1411,1911,2017-12-14,95500.0,Paid
8225,8725,2017-12-14,0.0,Pending
2164,2664,2017-12-14,34600.0,Paid
9952,10452,2017-12-14,21096.0,Paid
3961,4461,2017-12-15,6599.0,Paid
7896,8396,2017-12-15,14400.0,Paid
4754,5254,2017-12-15,0.0,Pending
7802,8302,2017-12-15,28700.0,Paid
5004,5504,2017-12-15,102897.0,Paid
4982,5482,2017-12-16,4800.0,Paid
4984,5484,2017-12-16,1600.0,Paid
1190,1690,2017-12-17,27600.0,Paid
2265,2765,2017-12-17,22000.0,Paid
3573,4073,2017-12-18,22097.0,Paid
5043,5543,2017-12-18,25600.0,Paid
5654,6154,2017-12-18,26599.0,Paid
5888,6388,2017-12-19,4497.0,Paid
6027,6527,2017-12-19,38998.0,Paid
2975,3475,2017-12-19,300900.0,Paid
10163,10663,2017-12-19,1998.0,Paid
3223,3723,2017-12-20,21200.0,Paid
1046,1546,2017-12-20,7000.0,Paid
7884,8384,2017-12-20,10500.0,Refunded
1788,2288,2017-12-20,32900.0,Paid
3237,3737,2017-12-21,54499.0,Paid
533,1033,2017-12-21,31998.0,Paid
1498,1998,2017-12-21,8700.0,Paid
9346,9846,2017-12-21,0.0,Pending
2626,3126,2017-12-21,64100.0,Paid
5062,5562,2017-12-21,14000.0,Paid
5974,6474,2017-12-21,101197.0,Paid
9799,10299,2017-12-23,9900.0,Paid
5562,6062,2017-12-24,67800.0,Paid
7251,7751,2017-12-24,21698.0,Paid
8976,9476,2017-12-25,0.0,Failed
2130,2630,2017-12-25,6200.0,Paid
8810,9310,2017-12-26,18900.0,Paid
8971,9471,2017-12-26,4498.0,Paid
9374,9874,2017-12-26,28997.0,Paid
526,1026,2017-12-27,34200.0,Refunded
9840,10340,2017-12-27,178399.0,Paid
2171,2671,2017-12-27,15600.0,Refunded
4503,5003,2017-12-28,19999.0,Paid
2696,3196,2017-12-28,73500.0,Paid
9764,10264,2017-12-28,2700.0,Paid
10118,10618,2017-12-28,11997.0,Refunded
4434,4934,2017-12-28,3000.0,Paid
1218,1718,2017-12-29,230000.0,Paid
3574,4074,2017-12-29,10500.0,Paid
4505,5005,2017-12-29,12898.0,Paid
1740,2240,2017-12-29,85998.0,Paid
4603,5103,2017-12-29,3600.0,Paid
2146,2646,2017-12-29,16000.0,Paid
5273,5773,2017-12-29,3200.0,Paid
10411,10911,2017-12-30,0.0,Pending
1594,2094,2017-12-30,11500.0,Paid
690,1190,2017-12-30,0.0,Pending
3047,3547,2017-12-30,4500.0,Paid
3636,4136,2017-12-30,17496.0,Paid
773,1273,2017-12-30,22300.0,Paid
1568,2068,2017-12-31,0.0,Failed
560,1060,2017-12-31,15999.0,Paid
3803,4303,2017-12-31,127500.0,Paid
7167,7667,2017-12-31,4497.0,Paid
9000,9500,2017-12-31,84000.0,Paid
8568,9068,2018-01-01,3500.0,Paid
3469,3969,2018-01-01,44699.0,Paid
2085,2585,2018-01-01,17397.0,Refunded
4965,5465,2018-01-02,12000.0,Paid
5577,6077,2018-01-02,8999.0,Paid
4506,5006,2018-01-02,6000.0,Paid
2968,3468,2018-01-02,38800.0,Paid
6795,7295,2018-01-02,7000.0,Paid
6325,6825,2018-01-03,19000.0,Paid
2087,2587,2018-01-05,2000.0,Paid
9978,10478,2018-01-05,44400.0,Paid
10269,10769,2018-01-06,11999.0,Paid
4739,5239,2018-01-06,34000.0,Paid
5596,6096,2018-01-07,25994.0,Paid
1658,2158,2018-01-07,5400.0,Paid
3347,3847,2018-01-08,146100.0,Paid
8597,9097,2018-01-09,68500.0,Paid
1291,1791,2018-01-10,10795.0,Paid
5157,5657,2018-01-12,0.0,Pending
6244,6744,2018-01-14,116697.0,Paid
4523,5023,2018-01-14,4300.0,Paid
2810,3310,2018-01-15,54200.0,Paid
3470,3970,2018-01-15,0.0,Pending
3651,4151,2018-01-15,19800.0,Paid
7623,8123,2018-01-16,8800.0,Paid
943,1443,2018-01-17,10198.0,Paid
2198,2698,2018-01-18,2700.0,Paid
5400,5900,2018-01-19,16996.0,Paid
10036,10536,2018-01-20,25400.0,Paid
5108,5608,2018-01-21,25500.0,Paid
9871,10371,2018-01-21,73493.0,Paid
2625,3125,2018-01-22,36000.0,Paid
10333,10833,2018-01-24,30800.0,Refunded
936,1436,2018-01-24,10400.0,Paid
5382,5882,2018-01-25,44100.0,Paid
3260,3760,2018-01-26,15396.0,Paid
9520,10020,2018-01-27,55999.0,Paid
1392,1892,2018-01-27,13500.0,Paid
8161,8661,2018-01-28,23396.0,Paid
5225,5725,2018-01-28,88994.0,Paid
9280,9780,2018-01-30,49996.0,Paid
3681,4181,2018-01-31,40697.0,Paid
1290,1790,2018-02-01,86000.0,Paid
7982,8482,2018-02-02,7500.0,Paid
4941,5441,2018-02-02,10500.0,Paid
1830,2330,2018-02-03,3000.0,Paid
3953,4453,2018-02-06,28598.0,Refunded
8690,9190,2018-02-07,57499.0,Paid
3181,3681,2018-02-07,75600.0,Paid
8566,9066,2018-02-08,100200.0,Paid
8859,9359,2018-02-08,0.0,Pending
9406,9906,2018-02-09,62898.0,Paid
2964,3464,2018-02-10,41499.0,Paid
6506,7006,2018-02-11,5500.0,Paid
7957,8457,2018-02-11,4199.0,Paid
7158,7658,2018-02-12,75496.0,Paid
7093,7593,2018-02-12,17598.0,Paid
1473,1973,2018-02-14,8100.0,Paid
1295,1795,2018-02-14,1000.0,Paid
3479,3979,2018-02-15,31699.0,Paid
5586,6086,2018-02-16,19400.0,Paid
9357,9857,2018-02-18,27997.0,Paid
8451,8951,2018-02-19,116600.0,Paid
1066,1566,2018-02-19,22000.0,Refunded
8324,8824,2018-02-21,12500.0,Paid
6178,6678,2018-02-23,19500.0,Paid
9655,10155,2018-02-23,20000.0,Paid
3921,4421,2018-02-23,10498.0,Paid
7989,8489,2018-02-23,4100.0,Paid
2226,2726,2018-02-24,3996.0,Paid
632,1132,2018-02-26,112000.0,Paid
8844,9344,2018-02-26,110996.0,Paid
1808,2308,2018-02-26,114000.0,Paid
716,1216,2018-02-27,38900.0,Paid
8802,9302,2018-02-28,1000.0,Paid
7722,8222,2018-02-28,201400.0,Paid
8972,9472,2018-02-28,9600.0,Paid
7649,8149,2018-03-01,54000.0,Paid
7869,8369,2018-03-01,153000.0,Paid
7892,8392,2018-03-01,30000.0,Paid
9371,9871,2018-03-03,10000.0,Paid
10006,10506,2018-03-03,63996.0,Paid
5819,6319,2018-03-04,0.0,Pending
6667,7167,2018-03-05,9000.0,Paid
1044,1544,2018-03-05,12500.0,Paid
5352,5852,2018-03-06,84000.0,Paid
4129,4629,2018-03-07,36896.0,Paid
7528,8028,2018-03-07,12800.0,Paid
6208,6708,2018-03-07,52998.0,Paid
8984,9484,2018-03-09,7399.0,Paid
4136,4636,2018-03-10,58100.0,Paid
9426,9926,2018-03-10,100000.0,Refunded
3987,4487,2018-03-10,14397.0,Paid
3796,4296,2018-03-10,146200.0,Paid
4414,4914,2018-03-11,1800.0,Refunded
1661,2161,2018-03-12,76100.0,Paid
4799,5299,2018-03-13,19200.0,Refunded
2382,2882,2018-03-14,26197.0,Paid
1548,2048,2018-03-15,37500.0,Paid
9151,9651,2018-03-15,23996.0,Paid
9913,10413,2018-03-15,26598.0,Paid
1381,1881,2018-03-18,22000.0,Paid
5474,5974,2018-03-18,3996.0,Paid
6865,7365,2018-03-18,19599.0,Paid
8125,8625,2018-03-19,1500.0,Paid
7779,8279,2018-03-19,260200.0,Paid
7009,7509,2018-03-21,18198.0,Paid
4331,4831,2018-03-23,21000.0,Paid
3748,4248,2018-03-23,1800.0,Paid
6340,6840,2018-03-23,1800.0,Paid
10265,10765,2018-03-24,5497.0,Paid
3155,3655,2018-03-24,4398.0,Paid
2673,3173,2018-03-25,7996.0,Paid
4451,4951,2018-03-25,9900.0,Paid
1226,1726,2018-03-26,32700.0,Paid
8011,8511,2018-03-26,17000.0,Paid
793,1293,2018-03-27,7800.0,Paid
8722,9222,2018-03-30,9900.0,Paid
2518,3018,2018-03-31,12998.0,Paid
7800,8300,2018-04-01,33596.0,Paid
6983,7483,2018-04-01,108500.0,Paid
2800,3300,2018-04-02,3600.0,Paid
7554,8054,2018-04-03,25797.0,Paid
7821,8321,2018-04-04,39399.0,Refunded
7534,8034,2018-04-04,23896.0,Paid
5339,5839,2018-04-05,44194.0,Paid
8832,9332,2018-04-05,232499.0,Paid
3797,4297,2018-04-06,18900.0,Paid
6317,6817,2018-04-08,31600.0,Paid
697,1197,2018-04-09,72000.0,Paid
4185,4685,2018-04-09,0.0,Pending
3244,3744,2018-04-09,1800.0,Paid
1616,2116,2018-04-11,21000.0,Paid
8432,8932,2018-04-11,80000.0,Paid
6415,6915,2018-04-11,5100.0,Paid
1246,1746,2018-04-12,3798.0,Paid
5524,6024,2018-04-12,8000.0,Paid
2634,3134,2018-04-13,14700.0,Paid
8223,8723,2018-04-15,75599.0,Paid
5299,5799,2018-04-15,500.0,Paid
2694,3194,2018-04-15,10299.0,Paid
10429,10929,2018-04-16,14000.0,Paid
7897,8397,2018-04-17,19600.0,Paid
9558,10058,2018-04-20,17500.0,Paid
4959,5459,2018-04-21,1999.0,Paid
8709,9209,2018-04-22,0.0,Pending
2063,2563,2018-04-24,33499.0,Paid
2527,3027,2018-04-24,0.0,Pending
9407,9907,2018-04-24,55000.0,Paid
2010,2510,2018-04-24,89000.0,Paid
5986,6486,2018-04-24,1500.0,Paid
6459,6959,2018-04-25,11000.0,Paid
650,1150,2018-04-25,180496.0,Paid
10488,10988,2018-04-28,6297.0,Paid
2656,3156,2018-04-29,10300.0,Paid
3173,3673,2018-04-29,0.0,Pending
9245,9745,2018-04-29,25000.0,Paid
872,1372,2018-04-30,0.0,Failed
557,1057,2018-04-30,35799.0,Paid
9143,9643,2018-05-01,68600.0,Paid
811,1311,2018-05-01,13597.0,Paid
10480,10980,2018-05-02,36400.0,Paid
9276,9776,2018-05-03,56800.0,Paid
6716,7216,2018-05-03,5400.0,Paid
9059,9559,2018-05-04,3600.0,Paid
4568,5068,2018-05-06,3797.0,Paid
3481,3981,2018-05-06,7200.0,Paid
6361,6861,2018-05-06,12300.0,Paid
4914,5414,2018-05-07,12500.0,Paid
5508,6008,2018-05-08,40996.0,Paid
7735,8235,2018-05-08,3600.0,Refunded
2092,2592,2018-05-08,3200.0,Paid
5480,5980,2018-05-09,223000.0,Paid
2424,2924,2018-05-09,115500.0,Paid
7194,7694,2018-05-09,25600.0,Paid
2062,2562,2018-05-10,20399.0,Paid
8988,9488,2018-05-10,34700.0,Paid
521,1021,2018-05-10,24693.0,Paid
8456,8956,2018-05-10,52900.0,Paid
7176,7676,2018-05-11,1999.0,Paid
2194,2694,2018-05-11,34800.0,Paid
4324,4824,2018-05-11,0.0,Failed
5776,6276,2018-05-12,73800.0,Paid
4122,4622,2018-05-13,16996.0,Paid
9798,10298,2018-05-13,48800.0,Paid
8837,9337,2018-05-13,6400.0,Paid
3624,4124,2018-05-15,0.0,Pending
5919,6419,2018-05-15,60497.0,Refunded
5160,5660,2018-05-15,114497.0,Paid
2939,3439,2018-05-16,24197.0,Paid
9258,9758,2018-05-16,5000.0,Paid
5540,6040,2018-05-17,6300.0,Paid
10072,10572,2018-05-18,39995.0,Paid
4487,4987,2018-05-18,20500.0,Paid
814,1314,2018-05-18,16500.0,Paid
2172,2672,2018-05-19,14499.0,Paid
6710,7210,2018-05-20,100000.0,Refunded
4690,5190,2018-05-21,17799.0,Paid
9338,9838,2018-05-21,9999.0,Paid
9316,9816,2018-05-23,34000.0,Paid
6658,7158,2018-05-23,122500.0,Paid
6392,6892,2018-05-24,89500.0,Paid
2403,2903,2018-05-26,6000.0,Paid
7254,7754,2018-05-26,7599.0,Paid
7968,8468,2018-05-26,0.0,Failed
6101,6601,2018-05-28,61000.0,Paid
3534,4034,2018-05-29,45892.0,Paid
5374,5874,2018-05-29,92100.0,Paid
1681,2181,2018-05-29,5500.0,Paid
3464,3964,2018-05-29,78396.0,Paid
7247,7747,2018-05-29,64000.0,Paid
7588,8088,2018-05-29,61100.0,Paid
8123,8623,2018-05-31,225400.0,Paid
8168,8668,2018-06-01,111496.0,Paid
7039,7539,2018-06-02,6500.0,Paid
642,1142,2018-06-02,31497.0,Paid
5261,5761,2018-06-02,7700.0,Paid
4744,5244,2018-06-03,50500.0,Paid
6491,6991,2018-06-03,28000.0,Paid
8178,8678,2018-06-03,26500.0,Paid
4979,5479,2018-06-04,33700.0,Paid
9240,9740,2018-06-04,6000.0,Paid
7145,7645,2018-06-05,116200.0,Paid
1861,2361,2018-06-05,6900.0,Paid
5039,5539,2018-06-05,17999.0,Paid
1186,1686,2018-06-06,14998.0,Paid
9785,10285,2018-06-06,13897.0,Paid
2900,3400,2018-06-07,140499.0,Paid
6640,7140,2018-06-07,18798.0,Paid
5797,6297,2018-06-08,0.0,Pending
5840,6340,2018-06-09,12500.0,Paid
6598,7098,2018-06-10,22000.0,Paid
8544,9044,2018-06-10,67500.0,Paid
1466,1966,2018-06-11,40995.0,Paid
4393,4893,2018-06-11,6796.0,Paid
2552,3052,2018-06-11,112900.0,Paid
4131,4631,2018-06-11,14996.0,Paid
2466,2966,2018-06-12,17200.0,Paid
2255,2755,2018-06-13,5996.0,Paid
1194,1694,2018-06-13,68499.0,Paid
4723,5223,2018-06-14,38199.0,Paid
7936,8436,2018-06-15,138000.0,Paid
9032,9532,2018-06-15,53000.0,Paid
7384,7884,2018-06-15,109699.0,Paid
6576,7076,2018-06-15,35000.0,Paid
8224,8724,2018-06-16,40000.0,Paid
5244,5744,2018-06-17,11100.0,Paid
5185,5685,2018-06-17,14400.0,Paid
4917,5417,2018-06-18,12000.0,Paid
9572,10072,2018-06-18,26000.0,Paid
3739,4239,2018-06-18,26494.0,Paid
6006,6506,2018-06-18,1600.0,Paid
1499,1999,2018-06-18,40998.0,Paid
4836,5336,2018-06-20,12500.0,Paid
5286,5786,2018-06-20,12296.0,Paid
6479,6979,2018-06-20,10800.0,Paid
7323,7823,2018-06-22,58000.0,Paid
9303,9803,2018-06-23,292900.0,Paid
6471,6971,2018-06-23,15500.0,Paid
9016,9516,2018-06-23,21898.0,Paid
8502,9002,2018-06-24,0.0,Pending
9310,9810,2018-06-27,2997.0,Paid
9375,9875,2018-06-27,7499.0,Paid
8081,8581,2018-06-28,4500.0,Paid
4750,5250,2018-06-28,1800.0,Paid
9288,9788,2018-06-28,0.0,Pending
9381,9881,2018-06-28,25400.0,Paid
10497,10997,2018-06-28,97300.0,Paid
1642,2142,2018-06-30,63600.0,Paid
9119,9619,2018-07-01,297100.0,Paid
8577,9077,2018-07-02,46900.0,Paid
5390,5890,2018-07-03,5400.0,Paid
10248,10748,2018-07-03,28500.0,Paid
7075,7575,2018-07-03,21900.0,Paid
6093,6593,2018-07-05,7200.0,Paid
7349,7849,2018-07-05,13900.0,Paid
7979,8479,2018-07-06,8996.0,Paid
4608,5108,2018-07-06,11800.0,Paid
9849,10349,2018-07-07,800.0,Paid
5076,5576,2018-07-07,9000.0,Paid
2185,2685,2018-07-07,17497.0,Paid
4484,4984,2018-07-08,98097.0,Refunded
4770,5270,2018-07-09,17297.0,Paid
4389,4889,2018-07-09,3500.0,Paid
3648,4148,2018-07-10,29100.0,Paid
8738,9238,2018-07-12,14700.0,Paid
3936,4436,2018-07-12,11500.0,Paid
9164,9664,2018-07-12,0.0,Pending
725,1225,2018-07-12,5099.0,Refunded
2157,2657,2018-07-13,19298.0,Paid
6753,7253,2018-07-13,34800.0,Paid
7838,8338,2018-07-13,4497.0,Paid
3696,4196,2018-07-14,253600.0,Paid
1197,1697,2018-07-14,18699.0,Paid
9825,10325,2018-07-14,26600.0,Paid
3749,4249,2018-07-14,7000.0,Paid
7807,8307,2018-07-17,280000.0,Paid
799,1299,2018-07-18,128600.0,Paid
8853,9353,2018-07-18,45100.0,Refunded
7518,8018,2018-07-20,81900.0,Paid
10003,10503,2018-07-20,34800.0,Paid
6812,7312,2018-07-20,14099.0,Paid
6273,6773,2018-07-21,27997.0,Paid
4457,4957,2018-07-21,17400.0,Paid
2889,3389,2018-07-22,100000.0,Paid
4616,5116,2018-07-24,2999.0,Paid
7901,8401,2018-07-24,20992.0,Refunded
4071,4571,2018-07-24,37996.0,Paid
8134,8634,2018-07-24,9000.0,Paid
1724,2224,2018-07-25,17699.0,Paid
6419,6919,2018-07-25,30100.0,Paid
10486,10986,2018-07-26,23096.0,Paid
5106,5606,2018-07-27,96396.0,Paid
5487,5987,2018-07-29,6500.0,Paid
2507,3007,2018-07-29,21094.0,Paid
5676,6176,2018-07-30,113998.0,Paid
8453,8953,2018-07-31,16400.0,Paid
8450,8950,2018-08-01,5797.0,Paid
2707,3207,2018-08-01,800.0,Paid
7963,8463,2018-08-02,19500.0,Paid
4789,5289,2018-08-02,62998.0,Paid
2816,3316,2018-08-02,55500.0,Paid
7243,7743,2018-08-02,12300.0,Paid
6632,7132,2018-08-04,105799.0,Paid
3042,3542,2018-08-05,36000.0,Paid
3518,4018,2018-08-05,5600.0,Paid
8083,8583,2018-08-06,41000.0,Paid
1795,2295,2018-08-06,4800.0,Paid
1287,1787,2018-08-06,21900.0,Paid
5680,6180,2018-08-06,0.0,Pending
10121,10621,2018-08-07,3996.0,Paid
7508,8008,2018-08-08,1800.0,Paid
1888,2388,2018-08-08,9900.0,Paid
6771,7271,2018-08-08,14200.0,Refunded
1483,1983,2018-08-09,7200.0,Paid
4607,5107,2018-08-10,26900.0,Paid
7475,7975,2018-08-10,3000.0,Paid
808,1308,2018-08-11,13493.0,Paid
10266,10766,2018-08-11,52300.0,Paid
752,1252,2018-08-12,57499.0,Paid
7630,8130,2018-08-12,5700.0,Paid
8495,8995,2018-08-12,229199.0,Paid
6821,7321,2018-08-13,6196.0,Paid
7893,8393,2018-08-14,9697.0,Paid
4722,5222,2018-08-14,23500.0,Paid
7819,8319,2018-08-14,0.0,Pending
6082,6582,2018-08-16,65198.0,Paid
4266,4766,2018-08-17,32500.0,Paid
4346,4846,2018-08-17,8500.0,Paid
2239,2739,2018-08-17,53000.0,Paid
6235,6735,2018-08-18,73397.0,Paid
5312,5812,2018-08-18,3500.0,Paid
1491,1991,2018-08-18,47398.0,Paid
6343,6843,2018-08-19,0.0,Failed
6118,6618,2018-08-20,47700.0,Paid
6337,6837,2018-08-20,0.0,Pending
6845,7345,2018-08-20,190500.0,Paid
3211,3711,2018-08-20,0.0,Pending
4002,4502,2018-08-20,2999.0,Paid
1771,2271,2018-08-20,4800.0,Paid
7684,8184,2018-08-21,3500.0,Paid
6806,7306,2018-08-21,81300.0,Paid
2854,3354,2018-08-21,15600.0,Paid
7785,8285,2018-08-21,0.0,Pending
9695,10195,2018-08-22,6600.0,Paid
5315,5815,2018-08-23,83400.0,Paid
1468,1968,2018-08-23,3500.0,Paid
3088,3588,2018-08-23,0.0,Pending
8040,8540,2018-08-23,7200.0,Paid
3250,3750,2018-08-24,76496.0,Paid
7397,7897,2018-08-24,18499.0,Paid
9365,9865,2018-08-25,21300.0,Paid
4109,4609,2018-08-25,178898.0,Paid
4645,5145,2018-08-25,141500.0,Paid
8232,8732,2018-08-25,84000.0,Paid
9296,9796,2018-08-26,3600.0,Paid
9936,10436,2018-08-27,10797.0,Refunded
3566,4066,2018-08-27,74800.0,Paid
5412,5912,2018-08-28,34600.0,Refunded
8797,9297,2018-08-28,13200.0,Refunded
8111,8611,2018-08-28,0.0,Pending
537,1037,2018-08-28,24499.0,Paid
6954,7454,2018-08-29,11996.0,Paid
2025,2525,2018-08-29,26700.0,Paid
3086,3586,2018-08-29,20998.0,Paid
7529,8029,2018-08-31,25000.0,Refunded
826,1326,2018-08-31,25598.0,Paid
4846,5346,2018-09-01,4000.0,Paid
3506,4006,2018-09-02,3000.0,Paid
1127,1627,2018-09-03,30996.0,Paid
3821,4321,2018-09-03,26198.0,Paid
7994,8494,2018-09-03,24396.0,Paid
5297,5797,2018-09-03,72097.0,Paid
8478,8978,2018-09-04,5397.0,Paid
2235,2735,2018-09-04,29195.0,Paid
2950,3450,2018-09-04,174197.0,Paid
2173,2673,2018-09-05,165000.0,Paid
5683,6183,2018-09-05,0.0,Failed
10481,10981,2018-09-05,127400.0,Paid
3094,3594,2018-09-05,0.0,Failed
3656,4156,2018-09-06,50000.0,Paid
10474,10974,2018-09-06,0.0,Failed
10427,10927,2018-09-06,6597.0,Paid
9262,9762,2018-09-07,3000.0,Paid
2340,2840,2018-09-08,15099.0,Paid
10057,10557,2018-09-09,7996.0,Paid
8422,8922,2018-09-09,7500.0,Paid
2497,2997,2018-09-10,12999.0,Paid
3254,3754,2018-09-10,1600.0,Refunded
6726,7226,2018-09-11,5500.0,Paid
1395,1895,2018-09-12,47496.0,Paid
6649,7149,2018-09-13,20397.0,Paid
1047,1547,2018-09-13,20996.0,Paid
10218,10718,2018-09-15,8200.0,Paid
5670,6170,2018-09-16,21000.0,Paid
2777,3277,2018-09-16,4400.0,Paid
3361,3861,2018-09-17,48398.0,Paid
9161,9661,2018-09-17,114397.0,Paid
5667,6167,2018-09-17,0.0,Pending
6566,7066,2018-09-18,11300.0,Paid
9684,10184,2018-09-19,900.0,Paid
2148,2648,2018-09-19,68800.0,Paid
1257,1757,2018-09-19,64800.0,Paid
7510,8010,2018-09-20,9100.0,Paid
3588,4088,2018-09-20,50000.0,Paid
5284,5784,2018-09-21,11000.0,Paid
549,1049,2018-09-22,6500.0,Paid
8058,8558,2018-09-23,56496.0,Paid
4121,4621,2018-09-24,6000.0,Paid
5424,5924,2018-09-24,6500.0,Paid
3070,3570,2018-09-24,7500.0,Paid
2445,2945,2018-09-25,32000.0,Paid
1331,1831,2018-09-25,900.0,Paid
10388,10888,2018-09-27,185600.0,Paid
9590,10090,2018-09-27,30000.0,Paid
5498,5998,2018-09-27,57500.0,Refunded
5712,6212,2018-09-28,7700.0,Paid
5980,6480,2018-09-28,12000.0,Paid
3408,3908,2018-09-28,6000.0,Paid
7012,7512,2018-09-28,5599.0,Paid
9474,9974,2018-09-29,0.0,Pending
7348,7848,2018-09-30,63496.0,Paid
2821,3321,2018-10-01,4600.0,Paid
10354,10854,2018-10-01,32700.0,Paid
3291,3791,2018-10-01,10100.0,Paid
535,1035,2018-10-01,15100.0,Paid
8215,8715,2018-10-02,35500.0,Paid
3317,3817,2018-10-02,0.0,Failed
4336,4836,2018-10-03,26400.0,Paid
8981,9481,2018-10-03,10500.0,Paid
5866,6366,2018-10-03,20600.0,Paid
3017,3517,2018-10-04,1800.0,Paid
10433,10933,2018-10-04,29898.0,Paid
8547,9047,2018-10-05,16100.0,Paid
1051,1551,2018-10-05,23000.0,Paid
3692,4192,2018-10-05,5400.0,Refunded
4853,5353,2018-10-06,11000.0,Refunded
1178,1678,2018-10-06,50500.0,Paid
3747,4247,2018-10-07,41500.0,Refunded
6947,7447,2018-10-07,25994.0,Paid
8778,9278,2018-10-07,228997.0,Paid
580,1080,2018-10-08,165000.0,Paid
4801,5301,2018-10-08,57900.0,Paid
8182,8682,2018-10-08,32600.0,Paid
5896,6396,2018-10-09,38899.0,Paid
4858,5358,2018-10-10,14798.0,Paid
4736,5236,2018-10-10,3200.0,Paid
3510,4010,2018-10-12,3600.0,Paid
9709,10209,2018-10-12,33500.0,Paid
6741,7241,2018-10-12,38499.0,Paid
5506,6006,2018-10-12,230500.0,Paid
4244,4744,2018-10-12,0.0,Pending
3183,3683,2018-10-13,128200.0,Paid
1876,2376,2018-10-13,10500.0,Paid
9996,10496,2018-10-14,170700.0,Paid
5593,6093,2018-10-14,10500.0,Paid
3623,4123,2018-10-17,16396.0,Paid
678,1178,2018-10-17,140400.0,Paid
4850,5350,2018-10-17,181400.0,Paid
5621,6121,2018-10-19,23900.0,Paid
9452,9952,2018-10-19,17698.0,Refunded
3294,3794,2018-10-19,94100.0,Paid
6981,7481,2018-10-19,35200.0,Paid
5845,6345,2018-10-20,165000.0,Paid
8358,8858,2018-10-20,2500.0,Paid
1272,1772,2018-10-20,12200.0,Paid
8248,8748,2018-10-21,34000.0,Paid
8399,8899,2018-10-22,58997.0,Paid
8124,8624,2018-10-23,0.0,Pending
6869,7369,2018-10-23,1000.0,Paid
5884,6384,2018-10-23,1600.0,Paid
7652,8152,2018-10-23,0.0,Pending
4785,5285,2018-10-24,27794.0,Paid
10422,10922,2018-10-24,21000.0,Paid
6813,7313,2018-10-25,120497.0,Paid
8483,8983,2018-10-25,0.0,Pending
8861,9361,2018-10-25,32100.0,Paid
967,1467,2018-10-26,137996.0,Paid
1623,2123,2018-10-26,34199.0,Paid
10183,10683,2018-10-26,21400.0,Paid
7279,7779,2018-10-27,38197.0,Paid
4758,5258,2018-10-27,20600.0,Paid
2007,2507,2018-10-27,18500.0,Refunded
6316,6816,2018-10-27,96999.0,Paid
2163,2663,2018-10-28,19500.0,Paid
3076,3576,2018-10-28,0.0,Pending
1063,1563,2018-10-28,111400.0,Paid
9795,10295,2018-10-28,203200.0,Paid
1759,2259,2018-10-29,12997.0,Paid
2926,3426,2018-10-29,30996.0,Paid
4502,5002,2018-10-29,4499.0,Paid
3252,3752,2018-10-30,5998.0,Paid
7568,8068,2018-10-30,8496.0,Refunded
6137,6637,2018-10-31,13000.0,Refunded
8025,8525,2018-10-31,12800.0,Refunded
4163,4663,2018-10-31,105000.0,Paid
8740,9240,2018-10-31,78400.0,Paid
10434,10934,2018-11-01,72700.0,Paid
8935,9435,2018-11-01,3900.0,Paid
9308,9808,2018-11-01,3000.0,Paid
2517,3017,2018-11-01,31100.0,Paid
5794,6294,2018-11-01,20598.0,Paid
7642,8142,2018-11-01,18393.0,Paid
7351,7851,2018-11-02,16796.0,Paid
7110,7610,2018-11-03,118996.0,Paid
5698,6198,2018-11-04,25496.0,Paid
3227,3727,2018-11-04,125796.0,Paid
4218,4718,2018-11-04,55497.0,Paid
3156,3656,2018-11-04,17300.0,Paid
1169,1669,2018-11-05,18499.0,Paid
3710,4210,2018-11-07,236500.0,Paid
522,1022,2018-11-07,0.0,Pending
6634,7134,2018-11-07,5000.0,Paid
1384,1884,2018-11-07,5699.0,Paid
1519,2019,2018-11-08,5497.0,Paid
4148,4648,2018-11-08,14000.0,Paid
8605,9105,2018-11-08,44499.0,Paid
4193,4693,2018-11-08,1800.0,Paid
9360,9860,2018-11-09,47600.0,Paid
1456,1956,2018-11-10,98900.0,Paid
2410,2910,2018-11-10,25000.0,Paid
3959,4459,2018-11-10,9299.0,Paid
9740,10240,2018-11-10,2998.0,Paid
4279,4779,2018-11-11,13495.0,Paid
4686,5186,2018-11-12,37500.0,Paid
8037,8537,2018-11-13,178996.0,Paid
2651,3151,2018-11-13,117398.0,Paid
7731,8231,2018-11-13,94400.0,Paid
6621,7121,2018-11-13,19394.0,Paid
5646,6146,2018-11-13,18799.0,Paid
7667,8167,2018-11-13,3996.0,Paid
5170,5670,2018-11-14,15900.0,Paid
9951,10451,2018-11-14,223500.0,Paid
5156,5656,2018-11-15,14200.0,Paid
8275,8775,2018-11-16,3996.0,Paid
4360,4860,2018-11-16,5000.0,Paid
10301,10801,2018-11-16,0.0,Pending
9074,9574,2018-11-16,3600.0,Paid
2514,3014,2018-11-17,54598.0,Paid
6570,7070,2018-11-17,48898.0,Paid
3847,4347,2018-11-17,220000.0,Paid
8967,9467,2018-11-17,8200.0,Paid
801,1301,2018-11-17,88097.0,Paid
1870,2370,2018-11-18,24997.0,Paid
9703,10203,2018-11-19,34000.0,Paid
4204,4704,2018-11-19,17700.0,Paid
4946,5446,2018-11-20,0.0,Failed
10487,10987,2018-11-20,5000.0,Refunded
4842,5342,2018-11-20,26497.0,Paid
2436,2936,2018-11-21,10500.0,Paid
4797,5297,2018-11-21,51500.0,Paid
8289,8789,2018-11-21,137500.0,Paid
8924,9424,2018-11-21,8500.0,Paid
10032,10532,2018-11-22,36000.0,Paid
2831,3331,2018-11-22,0.0,Failed
5310,5810,2018-11-22,12800.0,Paid
9411,9911,2018-11-22,61000.0,Paid
8903,9403,2018-11-22,116800.0,Paid
2290,2790,2018-11-23,14400.0,Paid
8121,8621,2018-11-24,5200.0,Paid
9098,9598,2018-11-25,117400.0,Paid
1341,1841,2018-11-26,26700.0,Paid
4343,4843,2018-11-26,0.0,Pending
3855,4355,2018-11-26,18098.0,Paid
833,1333,2018-11-26,8800.0,Paid
8135,8635,2018-11-27,1499.0,Paid
9671,10171,2018-11-27,46197.0,Paid
956,1456,2018-11-27,15300.0,Paid
8746,9246,2018-11-27,96800.0,Paid
3568,4068,2018-11-28,9996.0,Paid
1996,2496,2018-11-28,1500.0,Paid
7223,7723,2018-11-28,190998.0,Refunded
2399,2899,2018-11-29,3500.0,Paid
4032,4532,2018-11-29,245000.0,Paid
2308,2808,2018-11-29,15999.0,Paid
4190,4690,2018-11-29,5998.0,Paid
5709,6209,2018-11-29,2700.0,Paid
1803,2303,2018-11-29,1800.0,Paid
6941,7441,2018-11-29,38696.0,Paid
3787,4287,2018-11-29,109900.0,Paid
5989,6489,2018-11-30,81900.0,Paid
1665,2165,2018-11-30,13696.0,Paid
9592,10092,2018-11-30,16200.0,Paid
6250,6750,2018-11-30,114993.0,Paid
9817,10317,2018-12-01,23298.0,Paid
3991,4491,2018-12-01,25998.0,Paid
10381,10881,2018-12-02,3600.0,Paid
8375,8875,2018-12-02,0.0,Pending
4545,5045,2018-12-02,1499.0,Refunded
1599,2099,2018-12-02,8800.0,Paid
6422,6922,2018-12-02,15800.0,Paid
3356,3856,2018-12-02,68398.0,Paid
9769,10269,2018-12-02,28600.0,Paid
4286,4786,2018-12-02,13600.0,Paid
5728,6228,2018-12-03,12600.0,Paid
5818,6318,2018-12-03,0.0,Failed
612,1112,2018-12-03,96300.0,Paid
3654,4154,2018-12-04,3996.0,Paid
3942,4442,2018-12-04,2000.0,Paid
10288,10788,2018-12-04,27500.0,Paid
5208,5708,2018-12-04,28200.0,Paid
4485,4985,2018-12-04,9997.0,Paid
5945,6445,2018-12-05,50000.0,Paid
5837,6337,2018-12-06,67100.0,Paid
9251,9751,2018-12-06,184000.0,Paid
8323,8823,2018-12-06,7398.0,Paid
7643,8143,2018-12-07,19997.0,Paid
4243,4743,2018-12-07,63996.0,Paid
6906,7406,2018-12-07,18400.0,Paid
1125,1625,2018-12-07,85999.0,Paid
4653,5153,2018-12-08,28000.0,Paid
4509,5009,2018-12-08,8800.0,Paid
3658,4158,2018-12-08,3500.0,Paid
6142,6642,2018-12-08,6998.0,Paid
1039,1539,2018-12-09,18597.0,Paid
2680,3180,2018-12-09,11300.0,Paid
6670,7170,2018-12-09,4800.0,Paid
5155,5655,2018-12-10,31500.0,Paid
2233,2733,2018-12-11,5000.0,Paid
10070,10570,2018-12-11,28900.0,Paid
3372,3872,2018-12-11,13495.0,Paid
1799,2299,2018-12-11,12597.0,Paid
3960,4460,2018-12-11,0.0,Pending
5993,6493,2018-12-12,229000.0,Refunded
1703,2203,2018-12-12,6900.0,Paid
1991,2491,2018-12-12,1500.0,Paid
6591,7091,2018-12-12,235000.0,Paid
4344,4844,2018-12-12,51497.0,Paid
5527,6027,2018-12-13,0.0,Pending
4701,5201,2018-12-14,2998.0,Paid
3345,3845,2018-12-14,28400.0,Paid
5898,6398,2018-12-14,6900.0,Paid
9896,10396,2018-12-14,16899.0,Paid
6442,6942,2018-12-14,58596.0,Paid
8834,9334,2018-12-15,165000.0,Paid
1965,2465,2018-12-15,36797.0,Paid
7862,8362,2018-12-16,11998.0,Paid
5757,6257,2018-12-16,24896.0,Paid
5192,5692,2018-12-17,1800.0,Paid
2481,2981,2018-12-17,73800.0,Paid
9943,10443,2018-12-17,11996.0,Paid
3670,4170,2018-12-17,110000.0,Paid
5795,6295,2018-12-17,6000.0,Paid
5673,6173,2018-12-17,91100.0,Paid
4783,5283,2018-12-18,171300.0,Paid
8517,9017,2018-12-18,15992.0,Paid
6177,6677,2018-12-18,81999.0,Paid
884,1384,2018-12-18,16700.0,Paid
4561,5061,2018-12-19,0.0,Pending
9985,10485,2018-12-20,31100.0,Paid
3770,4270,2018-12-20,50000.0,Paid
6565,7065,2018-12-20,75800.0,Paid
4445,4945,2018-12-20,23500.0,Refunded
10399,10899,2018-12-20,16596.0,Paid
6917,7417,2018-12-20,57600.0,Paid
8085,8585,2018-12-21,0.0,Pending
880,1380,2018-12-21,74600.0,Paid
1085,1585,2018-12-22,125400.0,Paid
10484,10984,2018-12-22,38196.0,Paid
5017,5517,2018-12-22,7200.0,Paid
7367,7867,2018-12-23,6800.0,Paid
5886,6386,2018-12-23,5997.0,Paid
3935,4435,2018-12-23,112000.0,Paid
2271,2771,2018-12-25,4497.0,Refunded
5075,5575,2018-12-25,6200.0,Paid
8872,9372,2018-12-25,2997.0,Paid
8365,8865,2018-12-25,0.0,Pending
7764,8264,2018-12-25,3500.0,Paid
6831,7331,2018-12-25,26500.0,Paid
5305,5805,2018-12-25,10000.0,Paid
2471,2971,2018-12-26,119900.0,Paid
4397,4897,2018-12-26,128500.0,Refunded
8660,9160,2018-12-26,5900.0,Paid
3325,3825,2018-12-26,70598.0,Paid
2205,2705,2018-12-26,22000.0,Paid
2988,3488,2018-12-26,0.0,Failed
9888,10388,2018-12-26,0.0,Failed
5958,6458,2018-12-26,23899.0,Paid
3290,3790,2018-12-27,101600.0,Paid
2884,3384,2018-12-27,18000.0,Paid
3899,4399,2018-12-27,8997.0,Paid
4363,4863,2018-12-27,8100.0,Refunded
7216,7716,2018-12-27,7000.0,Paid
10077,10577,2018-12-27,34000.0,Paid
7640,8140,2018-12-28,26900.0,Paid
5151,5651,2018-12-28,0.0,Pending
8662,9162,2018-12-28,17000.0,Paid
10492,10992,2018-12-28,7500.0,Paid
5544,6044,2018-12-28,2999.0,Paid
10154,10654,2018-12-28,13600.0,Paid
5179,5679,2018-12-28,22696.0,Paid
8064,8564,2018-12-29,15099.0,Paid
7370,7870,2018-12-29,16000.0,Paid
4475,4975,2018-12-29,19496.0,Paid
2053,2553,2018-12-29,62098.0,Paid
2364,2864,2018-12-29,82794.0,Paid
675,1175,2018-12-30,2700.0,Paid
4021,4521,2018-12-30,203698.0,Paid
5345,5845,2018-12-30,8400.0,Refunded
3958,4458,2018-12-30,44400.0,Refunded
5992,6492,2018-12-31,15199.0,Paid
7981,8481,2019-01-01,6700.0,Paid
5309,5809,2019-01-01,92999.0,Paid
1978,2478,2019-01-01,62600.0,Paid
5879,6379,2019-01-02,3500.0,Paid
3496,3996,2019-01-02,0.0,Failed
9443,9943,2019-01-02,2700.0,Paid
9136,9636,2019-01-03,15600.0,Paid
8865,9365,2019-01-03,1500.0,Paid
2931,3431,2019-01-05,36000.0,Paid
9127,9627,2019-01-05,0.0,Pending
4667,5167,2019-01-06,84000.0,Paid
3277,3777,2019-01-06,15600.0,Paid
5687,6187,2019-01-06,0.0,Pending
7221,7721,2019-01-07,3500.0,Paid
1890,2390,2019-01-08,11200.0,Paid
5700,6200,2019-01-08,72000.0,Paid
3448,3948,2019-01-08,130000.0,Paid
3837,4337,2019-01-09,74400.0,Paid
5501,6001,2019-01-09,50400.0,Paid
9456,9956,2019-01-09,0.0,Pending
3207,3707,2019-01-09,25999.0,Paid
6692,7192,2019-01-10,112000.0,Paid
2088,2588,2019-01-10,10500.0,Paid
4246,4746,2019-01-12,28994.0,Paid
8179,8679,2019-01-13,10200.0,Paid
4567,5067,2019-01-13,11600.0,Paid
3697,4197,2019-01-13,7900.0,Paid
1564,2064,2019-01-14,0.0,Pending
10415,10915,2019-01-15,15997.0,Paid
6684,7184,2019-01-15,28000.0,Paid
1679,2179,2019-01-16,18397.0,Paid
2464,2964,2019-01-17,900.0,Paid
2934,3434,2019-01-17,8800.0,Paid
10045,10545,2019-01-17,8000.0,Paid
1266,1766,2019-01-18,9000.0,Paid
2158,2658,2019-01-18,18398.0,Paid
3752,4252,2019-01-19,36000.0,Paid
8909,9409,2019-01-19,0.0,Pending
10065,10565,2019-01-19,0.0,Pending
1229,1729,2019-01-20,47993.0,Paid
911,1411,2019-01-20,39000.0,Paid
1567,2067,2019-01-20,119200.0,Paid
1376,1876,2019-01-20,0.0,Pending
7066,7566,2019-01-21,6600.0,Paid
4010,4510,2019-01-23,98600.0,Paid
4932,5432,2019-01-23,10000.0,Paid
7059,7559,2019-01-24,172998.0,Paid
887,1387,2019-01-24,13800.0,Paid
7298,7798,2019-01-26,38998.0,Paid
2029,2529,2019-01-27,3500.0,Paid
10105,10605,2019-01-29,179998.0,Refunded
824,1324,2019-01-29,0.0,Pending
6381,6881,2019-01-30,20696.0,Paid
9184,9684,2019-01-30,0.0,Failed
2241,2741,2019-01-31,5998.0,Paid
3023,3523,2019-02-01,58499.0,Paid
9087,9587,2019-02-02,14398.0,Paid
7815,8315,2019-02-02,14000.0,Paid
8476,8976,2019-02-02,3200.0,Paid
2567,3067,2019-02-02,65993.0,Refunded
1116,1616,2019-02-03,34000.0,Paid
10435,10935,2019-02-04,33500.0,Paid
3706,4206,2019-02-05,39400.0,Paid
3256,3756,2019-02-05,70500.0,Paid
10339,10839,2019-02-07,16500.0,Paid
8183,8683,2019-02-07,900.0,Paid
6213,6713,2019-02-08,121996.0,Paid
9114,9614,2019-02-09,29200.0,Paid
10332,10832,2019-02-09,26495.0,Paid
5983,6483,2019-02-10,91800.0,Paid
8676,9176,2019-02-10,131298.0,Paid
3570,4070,2019-02-11,2499.0,Paid
8441,8941,2019-02-11,14500.0,Paid
939,1439,2019-02-11,1800.0,Paid
5761,6261,2019-02-13,35995.0,Paid
8491,8991,2019-02-14,16497.0,Paid
5504,6004,2019-02-14,45496.0,Paid
898,1398,2019-02-15,1800.0,Paid
4238,4738,2019-02-16,13200.0,Paid
7131,7631,2019-02-16,111999.0,Paid
8734,9234,2019-02-17,94200.0,Paid
7188,7688,2019-02-17,27600.0,Paid
8931,9431,2019-02-18,2700.0,Paid
9525,10025,2019-02-18,34299.0,Refunded
7636,8136,2019-02-18,4599.0,Paid
5658,6158,2019-02-18,3996.0,Paid
6699,7199,2019-02-19,13498.0,Paid
7710,8210,2019-02-20,57698.0,Paid
8243,8743,2019-02-20,0.0,Pending
4659,5159,2019-02-21,27800.0,Refunded
4580,5080,2019-02-21,29700.0,Paid
3557,4057,2019-02-22,84000.0,Paid
2345,2845,2019-02-23,5400.0,Paid
4535,5035,2019-02-24,18000.0,Paid
4154,4654,2019-02-24,12400.0,Paid
3858,4358,2019-02-24,110000.0,Paid
2268,2768,2019-02-24,23000.0,Paid
8790,9290,2019-02-24,17998.0,Paid
1223,1723,2019-02-25,31400.0,Paid
7045,7545,2019-02-26,29200.0,Paid
4264,4764,2019-02-27,60599.0,Paid
5559,6059,2019-02-27,85196.0,Paid
1725,2225,2019-02-28,24600.0,Paid
1610,2110,2019-02-28,35200.0,Paid
2943,3443,2019-03-01,11999.0,Paid
2391,2891,2019-03-01,2499.0,Refunded
10232,10732,2019-03-02,160000.0,Paid
5868,6368,2019-03-02,75397.0,Paid
7281,7781,2019-03-02,17396.0,Paid
1262,1762,2019-03-03,58000.0,Paid
8786,9286,2019-03-04,0.0,Failed
6274,6774,2019-03-04,3000.0,Paid
2019,2519,2019-03-05,17700.0,Paid
5684,6184,2019-03-06,96999.0,Paid
4898,5398,2019-03-07,25397.0,Paid
1170,1670,2019-03-07,26000.0,Paid
3428,3928,2019-03-08,23396.0,Refunded
879,1379,2019-03-08,45598.0,Paid
2247,2747,2019-03-09,50000.0,Paid
1688,2188,2019-03-10,6900.0,Paid
2156,2656,2019-03-11,0.0,Pending
3498,3998,2019-03-12,14100.0,Refunded
9617,10117,2019-03-12,3998.0,Paid
5769,6269,2019-03-14,248300.0,Paid
6260,6760,2019-03-14,107497.0,Paid
8347,8847,2019-03-15,18497.0,Paid
9750,10250,2019-03-15,29800.0,Paid
4051,4551,2019-03-16,53800.0,Paid
1946,2446,2019-03-17,54500.0,Paid
5356,5856,2019-03-18,20694.0,Refunded
8849,9349,2019-03-18,12998.0,Paid
9216,9716,2019-03-19,23900.0,Paid
6310,6810,2019-03-19,8300.0,Paid
8915,9415,2019-03-19,0.0,Pending
9609,10109,2019-03-19,9700.0,Paid
4192,4692,2019-03-20,134100.0,Paid
3203,3703,2019-03-20,17000.0,Refunded
4848,5348,2019-03-20,23995.0,Paid
9418,9918,2019-03-20,54800.0,Paid
7383,7883,2019-03-21,110000.0,Paid
1899,2399,2019-03-21,140800.0,Paid
968,1468,2019-03-21,37200.0,Paid
3225,3725,2019-03-22,10500.0,Paid
9009,9509,2019-03-22,91998.0,Paid
10268,10768,2019-03-24,29298.0,Paid
2949,3449,2019-03-24,8600.0,Paid
3711,4211,2019-03-24,13696.0,Paid
8626,9126,2019-03-25,0.0,Failed
7497,7997,2019-03-25,50000.0,Paid
3328,3828,2019-03-26,27400.0,Paid
9648,10148,2019-03-26,53000.0,Paid
10345,10845,2019-03-26,5000.0,Paid
2341,2841,2019-03-27,0.0,Pending
5258,5758,2019-03-28,22898.0,Paid
7585,8085,2019-03-28,6500.0,Paid
9364,9864,2019-03-29,89998.0,Paid
1306,1806,2019-03-30,38898.0,Paid
9552,10052,2019-03-31,0.0,Failed
5534,6034,2019-04-01,13000.0,Paid
9073,9573,2019-04-01,900.0,Paid
9846,10346,2019-04-02,36897.0,Paid
4615,5115,2019-04-04,54000.0,Paid
732,1232,2019-04-05,231300.0,Paid
4928,5428,2019-04-06,0.0,Pending
7514,8014,2019-04-07,100000.0,Paid
4358,4858,2019-04-07,16099.0,Paid
5130,5630,2019-04-07,25596.0,Paid
727,1227,2019-04-07,18000.0,Paid
2667,3167,2019-04-07,110000.0,Paid
4016,4516,2019-04-08,34000.0,Paid
5801,6301,2019-04-09,6599.0,Paid
8695,9195,2019-04-09,86800.0,Paid
6042,6542,2019-04-09,24300.0,Paid
7112,7612,2019-04-10,18500.0,Paid
3503,4003,2019-04-10,39700.0,Paid
7823,8323,2019-04-11,5300.0,Paid
921,1421,2019-04-11,5400.0,Paid
8219,8719,2019-04-11,5800.0,Paid
7445,7945,2019-04-11,93999.0,Paid
7106,7606,2019-04-11,41499.0,Paid
4237,4737,2019-04-12,114100.0,Refunded
926,1426,2019-04-12,120600.0,Paid
8879,9379,2019-04-13,18000.0,Paid
7360,7860,2019-04-14,107698.0,Paid
5806,6306,2019-04-14,1800.0,Paid
1699,2199,2019-04-15,26398.0,Paid
745,1245,2019-04-15,33996.0,Paid
7228,7728,2019-04-15,31299.0,Paid
1024,1524,2019-04-16,8000.0,Paid
7209,7709,2019-04-16,5400.0,Paid
1912,2412,2019-04-17,223600.0,Paid
6503,7003,2019-04-17,129600.0,Paid
3535,4035,2019-04-17,32499.0,Paid
5029,5529,2019-04-18,25300.0,Paid
6836,7336,2019-04-19,15398.0,Paid
7303,7803,2019-04-19,29996.0,Paid
9557,10057,2019-04-20,0.0,Failed
7451,7951,2019-04-20,21997.0,Paid
8062,8562,2019-04-20,6398.0,Paid
10146,10646,2019-04-21,110599.0,Paid
4720,5220,2019-04-21,86498.0,Paid
9893,10393,2019-04-21,80000.0,Refunded
5824,6324,2019-04-21,39496.0,Paid
8533,9033,2019-04-22,18000.0,Paid
5650,6150,2019-04-23,15500.0,Paid
7967,8467,2019-04-23,34493.0,Paid
9987,10487,2019-04-24,34097.0,Paid
9518,10018,2019-04-25,25800.0,Paid
6721,7221,2019-04-25,7000.0,Paid
927,1427,2019-04-26,4800.0,Paid
4459,4959,2019-04-26,11600.0,Paid
5894,6394,2019-04-26,16500.0,Paid
4318,4818,2019-04-27,0.0,Pending
975,1475,2019-04-29,19100.0,Paid
9568,10068,2019-04-29,21200.0,Paid
8353,8853,2019-04-29,133600.0,Paid
10091,10591,2019-04-30,20897.0,Paid
1221,1721,2019-05-01,35996.0,Paid
4247,4747,2019-05-01,5998.0,Paid
7170,7670,2019-05-01,0.0,Failed
873,1373,2019-05-01,0.0,Pending
9752,10252,2019-05-02,12799.0,Paid
9894,10394,2019-05-02,5900.0,Paid
9203,9703,2019-05-02,188700.0,Paid
4512,5012,2019-05-02,17300.0,Paid
5951,6451,2019-05-03,32400.0,Paid
7355,7855,2019-05-03,11996.0,Paid
9183,9683,2019-05-04,72800.0,Paid
6115,6615,2019-05-04,42496.0,Paid
9645,10145,2019-05-06,9996.0,Paid
3811,4311,2019-05-07,47000.0,Paid
7572,8072,2019-05-08,118800.0,Paid
893,1393,2019-05-08,79800.0,Paid
3019,3519,2019-05-08,111500.0,Refunded
8768,9268,2019-05-09,5400.0,Paid
7844,8344,2019-05-09,28500.0,Paid
8731,9231,2019-05-10,17492.0,Paid
7150,7650,2019-05-12,60996.0,Paid
6098,6598,2019-05-12,34000.0,Paid
8038,8538,2019-05-13,22299.0,Paid
4594,5094,2019-05-15,75000.0,Paid
3626,4126,2019-05-16,8899.0,Paid
1971,2471,2019-05-16,6600.0,Paid
1020,1520,2019-05-17,0.0,Pending
5925,6425,2019-05-18,78000.0,Paid
9688,10188,2019-05-19,61900.0,Paid
739,1239,2019-05-21,23996.0,Paid
3258,3758,2019-05-21,6500.0,Paid
9163,9663,2019-05-21,65600.0,Refunded
8782,9282,2019-05-21,1499.0,Paid
1360,1860,2019-05-22,50000.0,Paid
9020,9520,2019-05-22,8398.0,Paid
1664,2164,2019-05-23,2000.0,Paid
6450,6950,2019-05-23,17000.0,Paid
6080,6580,2019-05-24,35999.0,Paid
5603,6103,2019-05-25,25297.0,Paid
10410,10910,2019-05-27,2700.0,Paid
1596,2096,2019-05-28,141496.0,Paid
5834,6334,2019-05-28,130400.0,Paid
9879,10379,2019-05-30,4699.0,Paid
9747,10247,2019-05-30,50000.0,Paid
9063,9563,2019-05-31,3600.0,Paid
1207,1707,2019-05-31,1800.0,Paid
10174,10674,2019-05-31,9996.0,Paid
6366,6866,2019-06-01,143797.0,Paid
4278,4778,2019-06-02,13699.0,Paid
1780,2280,2019-06-03,9994.0,Refunded
7956,8456,2019-06-05,40400.0,Paid
10471,10971,2019-06-06,171400.0,Paid
4333,4833,2019-06-07,26300.0,Paid
1067,1567,2019-06-07,75000.0,Paid
1797,2297,2019-06-08,0.0,Pending
9490,9990,2019-06-08,20996.0,Paid
7061,7561,2019-06-08,0.0,Pending
2947,3447,2019-06-08,31400.0,Paid
8142,8642,2019-06-09,5400.0,Paid
5421,5921,2019-06-10,7200.0,Paid
4542,5042,2019-06-11,38500.0,Paid
2067,2567,2019-06-11,0.0,Pending
6515,7015,2019-06-12,4500.0,Paid
5497,5997,2019-06-12,6600.0,Paid
7344,7844,2019-06-12,30499.0,Paid
1034,1534,2019-06-13,110800.0,Paid
837,1337,2019-06-13,115400.0,Paid
6675,7175,2019-06-13,7200.0,Paid
8820,9320,2019-06-13,22997.0,Paid
3673,4173,2019-06-14,22298.0,Paid
5216,5716,2019-06-14,2200.0,Paid
6511,7011,2019-06-14,8397.0,Paid
3873,4373,2019-06-15,20592.0,Paid
6354,6854,2019-06-15,25697.0,Paid
3182,3682,2019-06-16,12000.0,Paid
10365,10865,2019-06-16,40196.0,Paid
1351,1851,2019-06-17,112000.0,Paid
5516,6016,2019-06-18,15800.0,Paid
1609,2109,2019-06-18,32700.0,Paid
4494,4994,2019-06-19,6400.0,Paid
2168,2668,2019-06-20,12597.0,Paid
5743,6243,2019-06-20,62000.0,Paid
3633,4133,2019-06-21,5998.0,Paid
2252,2752,2019-06-23,75000.0,Paid
1922,2422,2019-06-23,62297.0,Paid
6928,7428,2019-06-24,20797.0,Paid
9069,9569,2019-06-24,25000.0,Paid
1680,2180,2019-06-25,900.0,Paid
10361,10861,2019-06-25,62000.0,Paid
7307,7807,2019-06-25,34200.0,Paid
517,1017,2019-06-25,279200.0,Paid
4741,5241,2019-06-28,36000.0,Paid
9704,10204,2019-06-28,75000.0,Paid
5370,5870,2019-06-28,220000.0,Paid
6937,7437,2019-06-28,56700.0,Paid
9077,9577,2019-06-29,106198.0,Paid
3066,3566,2019-06-29,14096.0,Paid
7417,7917,2019-06-29,124600.0,Paid
1920,2420,2019-07-02,7797.0,Paid
9471,9971,2019-07-04,38200.0,Paid
3880,4380,2019-07-05,19300.0,Paid
4179,4679,2019-07-06,3000.0,Paid
7655,8155,2019-07-06,117000.0,Paid
7424,7924,2019-07-06,3800.0,Paid
717,1217,2019-07-07,43295.0,Paid
1016,1516,2019-07-07,10500.0,Paid
7087,7587,2019-07-08,34500.0,Paid
6255,6755,2019-07-08,15900.0,Paid
766,1266,2019-07-09,58499.0,Paid
4222,4722,2019-07-10,103000.0,Paid
2473,2973,2019-07-10,89400.0,Paid
4938,5438,2019-07-11,9600.0,Paid
1800,2300,2019-07-11,118100.0,Paid
9491,9991,2019-07-11,49996.0,Paid
5947,6447,2019-07-12,50900.0,Paid
10213,10713,2019-07-12,5998.0,Paid
513,1013,2019-07-12,20600.0,Paid
10187,10687,2019-07-13,43397.0,Paid
750,1250,2019-07-13,113100.0,Paid
9224,9724,2019-07-13,33800.0,Paid
2826,3326,2019-07-14,22400.0,Paid
9285,9785,2019-07-14,138796.0,Paid
5164,5664,2019-07-14,33499.0,Paid
3903,4403,2019-07-14,10500.0,Paid
4023,4523,2019-07-15,127797.0,Paid
2214,2714,2019-07-15,0.0,Pending
4670,5170,2019-07-17,6000.0,Paid
9976,10476,2019-07-17,33898.0,Paid
7480,7980,2019-07-17,900.0,Paid
3704,4204,2019-07-17,50000.0,Paid
2860,3360,2019-07-18,32100.0,Paid
2280,2780,2019-07-18,18000.0,Paid
9773,10273,2019-07-18,40100.0,Paid
10168,10668,2019-07-19,174900.0,Paid
4293,4793,2019-07-19,57500.0,Paid
791,1291,2019-07-19,25500.0,Paid
9953,10453,2019-07-20,5199.0,Paid
3876,4376,2019-07-21,15896.0,Paid
2110,2610,2019-07-21,80000.0,Paid
1133,1633,2019-07-21,17397.0,Paid
4024,4524,2019-07-21,0.0,Pending
9133,9633,2019-07-22,110397.0,Paid
10307,10807,2019-07-23,19600.0,Paid
1866,2366,2019-07-23,4400.0,Paid
8887,9387,2019-07-23,10200.0,Paid
583,1083,2019-07-24,18600.0,Paid
4079,4579,2019-07-24,55000.0,Paid
7597,8097,2019-07-25,20496.0,Paid
3790,4290,2019-07-25,111800.0,Paid
1998,2498,2019-07-25,15100.0,Paid
5057,5557,2019-07-26,70197.0,Paid
6976,7476,2019-07-26,29396.0,Paid
3150,3650,2019-07-26,119598.0,Paid
649,1149,2019-07-27,5100.0,Paid
4511,5011,2019-07-27,8000.0,Paid
10463,10963,2019-07-27,93300.0,Paid
9351,9851,2019-07-27,16097.0,Paid
2384,2884,2019-07-27,13793.0,Paid
6324,6824,2019-07-28,14400.0,Paid
1481,1981,2019-07-28,29300.0,Paid
4329,4829,2019-07-28,7200.0,Paid
4663,5163,2019-07-28,24600.0,Paid
4519,5019,2019-07-28,10500.0,Paid
10243,10743,2019-07-29,0.0,Pending
3024,3524,2019-07-29,121900.0,Paid
1764,2264,2019-07-29,15198.0,Paid
1366,1866,2019-07-30,10499.0,Paid
2967,3467,2019-07-30,202400.0,Paid
7846,8346,2019-07-30,6900.0,Paid
2724,3224,2019-07-30,14494.0,Paid
6708,7208,2019-07-31,62899.0,Paid
2846,3346,2019-07-31,8800.0,Paid
10159,10659,2019-07-31,5997.0,Refunded
2224,2724,2019-07-31,2997.0,Paid
4851,5351,2019-08-02,142000.0,Paid
5842,6342,2019-08-02,1500.0,Paid
2549,3049,2019-08-02,188800.0,Refunded
4323,4823,2019-08-03,39000.0,Paid
7790,8290,2019-08-03,17898.0,Paid
3442,3942,2019-08-03,3996.0,Paid
1402,1902,2019-08-04,5998.0,Paid
7970,8470,2019-08-04,32497.0,Paid
2984,3484,2019-08-05,9200.0,Paid
2585,3085,2019-08-05,189996.0,Paid
8429,8929,2019-08-05,5000.0,Paid
6371,6871,2019-08-05,22600.0,Refunded
2819,3319,2019-08-06,7996.0,Paid
7513,8013,2019-08-07,89600.0,Refunded
8066,8566,2019-08-07,12396.0,Paid
7538,8038,2019-08-08,86998.0,Paid
3154,3654,2019-08-08,10995.0,Paid
1656,2156,2019-08-08,118000.0,Paid
3483,3983,2019-08-09,22000.0,Paid
1198,1698,2019-08-09,29592.0,Paid
4233,4733,2019-08-09,0.0,Pending
7482,7982,2019-08-09,1000.0,Paid
7737,8237,2019-08-10,114000.0,Paid
4270,4770,2019-08-11,14000.0,Paid
7463,7963,2019-08-12,36397.0,Paid
10244,10744,2019-08-12,11099.0,Paid
935,1435,2019-08-12,28000.0,Paid
4483,4983,2019-08-13,0.0,Pending
8974,9474,2019-08-14,134000.0,Paid
7389,7889,2019-08-15,21200.0,Paid
6100,6600,2019-08-15,31498.0,Paid
6315,6815,2019-08-16,10997.0,Paid
6326,6826,2019-08-16,2700.0,Paid
8141,8641,2019-08-17,14500.0,Paid
9472,9972,2019-08-17,11800.0,Paid
3266,3766,2019-08-17,6900.0,Refunded
5100,5600,2019-08-18,26000.0,Paid
6572,7072,2019-08-18,31599.0,Paid
5152,5652,2019-08-19,26000.0,Paid
10443,10943,2019-08-19,29100.0,Paid
6129,6629,2019-08-19,0.0,Pending
1454,1954,2019-08-20,27400.0,Paid
3923,4423,2019-08-20,38500.0,Paid
5110,5610,2019-08-21,24500.0,Paid
9583,10083,2019-08-21,54000.0,Paid
10127,10627,2019-08-21,27300.0,Paid
8982,9482,2019-08-22,16800.0,Paid
4133,4633,2019-08-22,0.0,Pending
7540,8040,2019-08-23,25500.0,Paid
10260,10760,2019-08-23,49497.0,Paid
9834,10334,2019-08-23,86000.0,Paid
8739,9239,2019-08-24,6300.0,Paid
1023,1523,2019-08-24,19898.0,Paid
7689,8189,2019-08-24,52000.0,Paid
9124,9624,2019-08-24,14097.0,Paid
7608,8108,2019-08-24,109400.0,Paid
8138,8638,2019-08-25,1800.0,Paid
6672,7172,2019-08-25,153800.0,Paid
8538,9038,2019-08-25,6498.0,Refunded
586,1086,2019-08-25,13200.0,Paid
4691,5191,2019-08-27,37500.0,Paid
4949,5449,2019-08-27,42000.0,Paid
6733,7233,2019-08-28,0.0,Pending
10340,10840,2019-08-28,125300.0,Paid
2510,3010,2019-08-28,10800.0,Paid
3607,4107,2019-08-28,38400.0,Paid
6139,6639,2019-08-29,1800.0,Paid
1258,1758,2019-08-29,57500.0,Paid
1526,2026,2019-08-29,22095.0,Paid
8068,8568,2019-08-30,27000.0,Paid
3974,4474,2019-08-30,26800.0,Paid
3679,4179,2019-08-30,23500.0,Paid
2936,3436,2019-08-30,52993.0,Paid
1826,2326,2019-08-30,48500.0,Paid
4209,4709,2019-08-30,6900.0,Paid
6807,7307,2019-08-31,38800.0,Paid
8671,9171,2019-08-31,15396.0,Paid
3224,3724,2019-08-31,60097.0,Paid
2199,2699,2019-09-01,23996.0,Paid
8752,9252,2019-09-01,5997.0,Paid
4099,4599,2019-09-01,85000.0,Paid
3802,4302,2019-09-01,22997.0,Paid
5041,5541,2019-09-02,15800.0,Paid
4150,4650,2019-09-02,14199.0,Paid
1747,2247,2019-09-02,16500.0,Paid
910,1410,2019-09-03,15799.0,Paid
2369,2869,2019-09-03,0.0,Pending
10445,10945,2019-09-04,160000.0,Paid
7079,7579,2019-09-04,11000.0,Paid
3830,4330,2019-09-04,7997.0,Paid
4327,4827,2019-09-04,3200.0,Paid
4320,4820,2019-09-04,25200.0,Paid
5219,5719,2019-09-05,9000.0,Paid
2363,2863,2019-09-06,18500.0,Paid
950,1450,2019-09-06,23400.0,Paid
9066,9566,2019-09-07,133498.0,Paid
5350,5850,2019-09-07,28000.0,Paid
10437,10937,2019-09-08,0.0,Pending
10125,10625,2019-09-09,114796.0,Paid
7930,8430,2019-09-10,1800.0,Refunded
1905,2405,2019-09-10,0.0,Pending
4778,5278,2019-09-10,118600.0,Paid
2030,2530,2019-09-11,13200.0,Paid
1571,2071,2019-09-11,37500.0,Paid
2315,2815,2019-09-11,42196.0,Paid
6420,6920,2019-09-11,17600.0,Paid
6401,6901,2019-09-11,6600.0,Paid
6359,6859,2019-09-12,900.0,Paid
5583,6083,2019-09-13,2500.0,Paid
4297,4797,2019-09-13,104100.0,Paid
8585,9085,2019-09-13,4400.0,Paid
10017,10517,2019-09-13,66996.0,Paid
5142,5642,2019-09-14,20000.0,Paid
1461,1961,2019-09-14,106700.0,Paid
3660,4160,2019-09-14,88496.0,Paid
9156,9656,2019-09-16,2400.0,Paid
2690,3190,2019-09-16,15700.0,Paid
9605,10105,2019-09-17,47697.0,Paid
3911,4411,2019-09-17,56400.0,Paid
8284,8784,2019-09-17,20700.0,Paid
10084,10584,2019-09-18,238000.0,Paid
4173,4673,2019-09-18,6700.0,Paid
7905,8405,2019-09-18,0.0,Pending
9656,10156,2019-09-19,27000.0,Paid
4159,4659,2019-09-19,0.0,Pending
2302,2802,2019-09-19,7200.0,Paid
10441,10941,2019-09-19,11996.0,Paid
4260,4760,2019-09-19,119000.0,Paid
5248,5748,2019-09-20,7000.0,Paid
3531,4031,2019-09-20,20496.0,Paid
9465,9965,2019-09-21,4999.0,Paid
7219,7719,2019-09-21,112100.0,Paid
7208,7708,2019-09-21,5998.0,Paid
2698,3198,2019-09-22,45996.0,Paid
1995,2495,2019-09-22,0.0,Pending
619,1119,2019-09-23,15600.0,Paid
5486,5986,2019-09-23,3000.0,Paid
2091,2591,2019-09-25,116600.0,Paid
3172,3672,2019-09-25,7000.0,Paid
2033,2533,2019-09-25,77700.0,Paid
7938,8438,2019-09-26,220000.0,Paid
3766,4266,2019-09-26,26197.0,Paid
6314,6814,2019-09-26,131997.0,Paid
3304,3804,2019-09-26,75000.0,Paid
6441,6941,2019-09-26,64800.0,Paid
1093,1593,2019-09-26,178800.0,Paid
829,1329,2019-09-27,8398.0,Paid
4800,5300,2019-09-28,54997.0,Paid
6863,7363,2019-09-28,7996.0,Paid
9909,10409,2019-09-29,136396.0,Paid
4421,4921,2019-09-29,17000.0,Paid
3492,3992,2019-09-29,9300.0,Paid
4084,4584,2019-09-30,70400.0,Paid
8086,8586,2019-10-01,24996.0,Paid
6143,6643,2019-10-01,29796.0,Paid
2432,2932,2019-10-01,16600.0,Paid
3084,3584,2019-10-01,2999.0,Refunded
10276,10776,2019-10-02,88699.0,Paid
2612,3112,2019-10-02,19996.0,Refunded
1560,2060,2019-10-03,42497.0,Paid
5067,5567,2019-10-03,77499.0,Paid
3760,4260,2019-10-04,54800.0,Paid
9947,10447,2019-10-05,40500.0,Paid
7240,7740,2019-10-05,80400.0,Paid
6384,6884,2019-10-06,25000.0,Paid
5423,5923,2019-10-06,8996.0,Paid
9010,9510,2019-10-06,14000.0,Paid
5692,6192,2019-10-06,28995.0,Paid
6530,7030,2019-10-06,3996.0,Paid
1406,1906,2019-10-06,51499.0,Paid
3844,4344,2019-10-07,86999.0,Paid
9167,9667,2019-10-07,17500.0,Paid
1096,1596,2019-10-07,236997.0,Paid
7363,7863,2019-10-07,32798.0,Paid
4666,5166,2019-10-08,3000.0,Paid
2129,2629,2019-10-08,84000.0,Paid
5727,6227,2019-10-08,8599.0,Paid
5608,6108,2019-10-08,21000.0,Paid
4684,5184,2019-10-09,13400.0,Paid
9382,9882,2019-10-09,1800.0,Paid
6131,6631,2019-10-09,18600.0,Paid
1150,1650,2019-10-09,45600.0,Refunded
6647,7147,2019-10-10,17000.0,Paid
7016,7516,2019-10-11,25000.0,Paid
946,1446,2019-10-11,2200.0,Paid
2285,2785,2019-10-11,3600.0,Paid
8749,9249,2019-10-11,231397.0,Paid
7773,8273,2019-10-11,14400.0,Paid
4415,4915,2019-10-12,14698.0,Paid
1704,2204,2019-10-12,30600.0,Paid
4283,4783,2019-10-12,108297.0,Refunded
6934,7434,2019-10-12,61598.0,Paid
7003,7503,2019-10-12,68800.0,Paid
2886,3386,2019-10-12,142998.0,Paid
6749,7249,2019-10-12,0.0,Pending
1802,2302,2019-10-12,22700.0,Paid
7822,8322,2019-10-13,10998.0,Paid
5749,6249,2019-10-13,58898.0,Paid
3286,3786,2019-10-13,242300.0,Paid
519,1019,2019-10-13,6200.0,Paid
8706,9206,2019-10-14,48100.0,Paid
5122,5622,2019-10-14,63698.0,Paid
3665,4165,2019-10-14,23700.0,Refunded
7889,8389,2019-10-14,60800.0,Paid
5467,5967,2019-10-15,25500.0,Paid
7108,7608,2019-10-15,55996.0,Paid
1173,1673,2019-10-15,16000.0,Paid
8896,9396,2019-10-15,31996.0,Paid
6157,6657,2019-10-15,8400.0,Paid
6504,7004,2019-10-17,16700.0,Paid
3352,3852,2019-10-18,18599.0,Paid
7485,7985,2019-10-18,51998.0,Paid
719,1219,2019-10-18,21800.0,Paid
5873,6373,2019-10-19,24200.0,Paid
2407,2907,2019-10-19,229300.0,Paid
6750,7250,2019-10-19,110500.0,Paid
6141,6641,2019-10-20,15600.0,Refunded
979,1479,2019-10-20,10200.0,Paid
3720,4220,2019-10-21,33597.0,Paid
794,1294,2019-10-22,50000.0,Paid
4775,5275,2019-10-22,999.0,Paid
6463,6963,2019-10-22,69799.0,Paid
7446,7946,2019-10-22,7200.0,Paid
5612,6112,2019-10-22,83000.0,Paid
3433,3933,2019-10-23,12496.0,Paid
651,1151,2019-10-23,66800.0,Refunded
6514,7014,2019-10-23,14797.0,Paid
4804,5304,2019-10-24,2997.0,Paid
10374,10874,2019-10-24,74200.0,Paid
7406,7906,2019-10-25,40800.0,Paid
9071,9571,2019-10-26,17400.0,Paid
10208,10708,2019-10-27,25100.0,Paid
8192,8692,2019-10-28,12796.0,Paid
1942,2442,2019-10-28,18200.0,Paid
7617,8117,2019-10-28,14000.0,Paid
8658,9158,2019-10-28,800.0,Refunded
4947,5447,2019-10-29,3600.0,Paid
1045,1545,2019-10-29,19196.0,Paid
2437,2937,2019-10-29,135400.0,Paid
2394,2894,2019-10-29,0.0,Pending
515,1015,2019-10-30,59800.0,Paid
6502,7002,2019-10-30,32497.0,Paid
7072,7572,2019-10-30,16000.0,Paid
2548,3048,2019-10-30,5998.0,Paid
8274,8774,2019-10-31,6300.0,Paid
4970,5470,2019-10-31,142300.0,Paid
7140,7640,2019-10-31,249600.0,Paid
1508,2008,2019-11-01,27000.0,Paid
559,1059,2019-11-02,121497.0,Paid
687,1187,2019-11-02,93491.0,Paid
2180,2680,2019-11-03,155000.0,Paid
1269,1769,2019-11-03,31796.0,Paid
2450,2950,2019-11-03,2997.0,Paid
4782,5282,2019-11-03,14599.0,Paid
2316,2816,2019-11-04,16500.0,Paid
1139,1639,2019-11-04,79998.0,Paid
9546,10046,2019-11-04,6500.0,Paid
2113,2613,2019-11-05,50000.0,Paid
1994,2494,2019-11-05,19200.0,Paid
9157,9657,2019-11-05,7500.0,Paid
2221,2721,2019-11-06,10600.0,Paid
723,1223,2019-11-06,7200.0,Paid
4033,4533,2019-11-06,10100.0,Paid
9672,10172,2019-11-06,39998.0,Paid
8595,9095,2019-11-07,57700.0,Refunded
7244,7744,2019-11-07,24700.0,Paid
5336,5836,2019-11-07,6497.0,Paid
7613,8113,2019-11-07,51800.0,Paid
9761,10261,2019-11-07,10495.0,Refunded
3010,3510,2019-11-07,119600.0,Paid
7268,7768,2019-11-09,71000.0,Paid
10413,10913,2019-11-10,57600.0,Paid
5890,6390,2019-11-10,42000.0,Paid
6556,7056,2019-11-10,33900.0,Paid
903,1403,2019-11-11,32400.0,Paid
7999,8499,2019-11-11,0.0,Pending
7441,7941,2019-11-11,3000.0,Paid
9307,9807,2019-11-12,17596.0,Refunded
4759,5259,2019-11-12,16500.0,Paid
9607,10107,2019-11-12,36100.0,Paid
858,1358,2019-11-13,60995.0,Paid
9827,10327,2019-11-14,10500.0,Paid
4998,5498,2019-11-14,5400.0,Paid
2920,3420,2019-11-14,4800.0,Paid
5420,5920,2019-11-14,29498.0,Paid
6785,7285,2019-11-14,1800.0,Paid
2892,3392,2019-11-14,39800.0,Paid
3073,3573,2019-11-14,55800.0,Paid
9660,10160,2019-11-15,36000.0,Paid
7328,7828,2019-11-16,153997.0,Paid
8376,8876,2019-11-18,99896.0,Refunded
8714,9214,2019-11-18,34000.0,Paid
8795,9295,2019-11-18,7496.0,Paid
3269,3769,2019-11-19,65400.0,Paid
9753,10253,2019-11-19,7300.0,Refunded
5136,5636,2019-11-21,165900.0,Paid
6176,6676,2019-11-22,175099.0,Paid
3507,4007,2019-11-23,9996.0,Paid
8200,8700,2019-11-23,50000.0,Paid
3376,3876,2019-11-24,29200.0,Paid
4235,4735,2019-11-24,34200.0,Paid
5384,5884,2019-11-24,0.0,Pending
1413,1913,2019-11-25,9996.0,Paid
1969,2469,2019-11-25,30300.0,Refunded
10347,10847,2019-11-25,4500.0,Paid
3489,3989,2019-11-25,38700.0,Paid
10271,10771,2019-11-25,39300.0,Paid
8526,9026,2019-11-26,50796.0,Paid
6613,7113,2019-11-26,35000.0,Paid
4240,4740,2019-11-26,75000.0,Paid
2126,2626,2019-11-30,132200.0,Paid
2616,3116,2019-11-30,13600.0,Paid
1528,2028,2019-11-30,51400.0,Paid
8042,8542,2019-12-01,128000.0,Paid
3299,3799,2019-12-01,6998.0,Paid
9719,10219,2019-12-02,75398.0,Paid
4696,5196,2019-12-02,15800.0,Paid
5363,5863,2019-12-02,52500.0,Paid
2332,2832,2019-12-02,16599.0,Paid
8013,8513,2019-12-03,110000.0,Paid
3377,3877,2019-12-03,2500.0,Paid
2350,2850,2019-12-03,18896.0,Paid
4632,5132,2019-12-03,46697.0,Paid
8480,8980,2019-12-04,36900.0,Paid
8143,8643,2019-12-04,14500.0,Paid
3930,4430,2019-12-05,58500.0,Paid
2408,2908,2019-12-05,4500.0,Paid
7096,7596,2019-12-05,1800.0,Paid
3922,4422,2019-12-06,77998.0,Paid
3288,3788,2019-12-06,190496.0,Refunded
7939,8439,2019-12-06,5796.0,Paid
8389,8889,2019-12-06,17599.0,Paid
9404,9904,2019-12-06,10498.0,Paid
9932,10432,2019-12-07,39799.0,Paid
9567,10067,2019-12-07,58600.0,Paid
9196,9696,2019-12-07,20400.0,Paid
2321,2821,2019-12-07,11397.0,Paid
6808,7308,2019-12-07,25996.0,Paid
1635,2135,2019-12-08,6000.0,Paid
3032,3532,2019-12-08,16400.0,Paid
5475,5975,2019-12-10,24100.0,Paid
6297,6797,2019-12-10,24300.0,Refunded
4078,4578,2019-12-10,18496.0,Paid
5690,6190,2019-12-10,184500.0,Paid
3643,4143,2019-12-10,800.0,Paid
3329,3829,2019-12-11,0.0,Pending
2716,3216,2019-12-11,33000.0,Paid
8176,8676,2019-12-11,44100.0,Paid
3998,4498,2019-12-11,17000.0,Paid
5409,5909,2019-12-11,34000.0,Paid
9653,10153,2019-12-11,74400.0,Refunded
2912,3412,2019-12-12,9600.0,Paid
8377,8877,2019-12-12,25597.0,Paid
1486,1986,2019-12-13,900.0,Paid
7818,8318,2019-12-13,3600.0,Paid
3512,4012,2019-12-13,15700.0,Paid
3303,3803,2019-12-14,6300.0,Refunded
8748,9248,2019-12-14,94000.0,Paid
3046,3546,2019-12-14,30999.0,Paid
6996,7496,2019-12-14,0.0,Pending
1990,2490,2019-12-15,55000.0,Paid
1075,1575,2019-12-15,13796.0,Paid
9291,9791,2019-12-15,18800.0,Paid
4661,5161,2019-12-16,4600.0,Paid
6989,7489,2019-12-16,16197.0,Paid
5321,5821,2019-12-16,11000.0,Paid
4410,4910,2019-12-16,54497.0,Paid
5554,6054,2019-12-17,180000.0,Paid
9736,10236,2019-12-17,7200.0,Paid
4810,5310,2019-12-19,124598.0,Paid
9230,9730,2019-12-19,22200.0,Paid
8884,9384,2019-12-19,142400.0,Paid
3138,3638,2019-12-19,89500.0,Refunded
7440,7940,2019-12-19,10500.0,Paid
9042,9542,2019-12-19,0.0,Pending
3595,4095,2019-12-20,24999.0,Refunded
9610,10110,2019-12-20,28000.0,Paid
5901,6401,2019-12-20,31097.0,Paid
1004,1504,2019-12-20,167200.0,Paid
3229,3729,2019-12-20,62697.0,Paid
3029,3529,2019-12-20,19000.0,Paid
3994,4494,2019-12-20,26596.0,Paid
7430,7930,2019-12-21,84100.0,Paid
5967,6467,2019-12-21,177900.0,Paid
5214,5714,2019-12-21,25000.0,Refunded
5055,5555,2019-12-21,126500.0,Paid
2890,3390,2019-12-21,11700.0,Paid
4295,4795,2019-12-21,34000.0,Paid
754,1254,2019-12-21,0.0,Pending
9457,9957,2019-12-22,57998.0,Paid
9687,10187,2019-12-22,1998.0,Paid
5542,6042,2019-12-22,15596.0,Paid
4591,5091,2019-12-22,3200.0,Paid
3282,3782,2019-12-23,37498.0,Paid
4436,4936,2019-12-23,16500.0,Paid
1760,2260,2019-12-23,49999.0,Paid
10049,10549,2019-12-23,0.0,Pending
10066,10566,2019-12-24,44500.0,Paid
3877,4377,2019-12-24,28000.0,Paid
1364,1864,2019-12-24,76999.0,Paid
1506,2006,2019-12-25,21198.0,Refunded
8366,8866,2019-12-25,2500.0,Paid
8409,8909,2019-12-26,33597.0,Paid
8425,8925,2019-12-26,7497.0,Paid
9125,9625,2019-12-26,55900.0,Paid
6977,7477,2019-12-27,7200.0,Paid
5827,6327,2019-12-27,19300.0,Paid
2891,3391,2019-12-27,37500.0,Paid
1382,1882,2019-12-27,10200.0,Paid
6334,6834,2019-12-27,54499.0,Paid
7429,7929,2019-12-28,29198.0,Paid
2381,2881,2019-12-28,131000.0,Paid
3890,4390,2019-12-28,29997.0,Paid
9049,9549,2019-12-28,27896.0,Refunded
3131,3631,2019-12-29,14000.0,Paid
3709,4209,2019-12-29,108500.0,Paid
6704,7204,2019-12-29,91000.0,Paid
7758,8258,2019-12-29,83498.0,Paid
530,1030,2019-12-29,129000.0,Paid
5418,5918,2019-12-29,22498.0,Paid
7220,7720,2019-12-29,33800.0,Paid
7139,7639,2019-12-30,14300.0,Paid
5911,6411,2019-12-30,43497.0,Paid
7985,8485,2019-12-30,72000.0,Paid
2771,3271,2019-12-30,6000.0,Paid
7083,7583,2019-12-30,56000.0,Paid
5672,6172,2019-12-30,23600.0,Paid
2127,2627,2019-12-30,88400.0,Paid
4756,5256,2019-12-30,12200.0,Paid
10079,10579,2019-12-30,17899.0,Paid
7550,8050,2019-12-30,86000.0,Paid
8188,8688,2019-12-31,11700.0,Paid
10043,10543,2019-12-31,28197.0,Paid
4216,4716,2020-01-01,27998.0,Refunded
1078,1578,2020-01-01,18094.0,Paid
802,1302,2020-01-01,0.0,Pending
8593,9093,2020-01-01,0.0,Pending
4530,5030,2020-01-02,178000.0,Paid
1141,1641,2020-01-02,8200.0,Paid
2264,2764,2020-01-02,33998.0,Paid
6979,7479,2020-01-02,22695.0,Paid
4526,5026,2020-01-02,222500.0,Paid
1117,1617,2020-01-03,0.0,Pending
2061,2561,2020-01-03,91100.0,Paid
1502,2002,2020-01-03,72200.0,Paid
6891,7391,2020-01-04,78400.0,Paid
1153,1653,2020-01-05,79800.0,Paid
9998,10498,2020-01-05,25800.0,Paid
1294,1794,2020-01-06,0.0,Pending
3542,4042,2020-01-07,15496.0,Paid
7651,8151,2020-01-09,16600.0,Paid
1370,1870,2020-01-09,42500.0,Paid
9355,9855,2020-01-09,6500.0,Paid
2503,3003,2020-01-10,68500.0,Paid
5196,5696,2020-01-11,60700.0,Paid
1766,2266,2020-01-11,106499.0,Paid
5371,5871,2020-01-11,6900.0,Paid
7825,8325,2020-01-11,121400.0,Paid
1043,1543,2020-01-11,60400.0,Paid
7891,8391,2020-01-12,99796.0,Paid
7701,8201,2020-01-13,4500.0,Paid
5228,5728,2020-01-15,1999.0,Paid
6608,7108,2020-01-15,4400.0,Refunded
9931,10431,2020-01-15,44497.0,Paid
2751,3251,2020-01-16,40000.0,Paid
2166,2666,2020-01-16,17694.0,Paid
3074,3574,2020-01-16,0.0,Pending
4828,5328,2020-01-16,60000.0,Paid
7213,7713,2020-01-17,29499.0,Paid
4679,5179,2020-01-18,1500.0,Paid
3653,4153,2020-01-18,82798.0,Paid
4840,5340,2020-01-19,28000.0,Paid
4581,5081,2020-01-19,98396.0,Paid
7064,7564,2020-01-20,149300.0,Paid
10279,10779,2020-01-21,12300.0,Paid
3039,3539,2020-01-22,41499.0,Paid
3590,4090,2020-01-23,107500.0,Paid
6126,6626,2020-01-23,18000.0,Paid
4384,4884,2020-01-24,19700.0,Paid
5490,5990,2020-01-25,8500.0,Paid
528,1028,2020-01-25,31499.0,Paid
3985,4485,2020-01-25,14700.0,Paid
1410,1910,2020-01-25,172200.0,Refunded
4390,4890,2020-01-25,220000.0,Paid
1409,1909,2020-01-25,0.0,Pending
2227,2727,2020-01-25,81700.0,Paid
5406,5906,2020-01-25,10796.0,Paid
1167,1667,2020-01-26,33996.0,Paid
9576,10076,2020-01-26,22900.0,Paid
6769,7269,2020-01-27,77198.0,Refunded
10145,10645,2020-01-28,19896.0,Paid
686,1186,2020-01-28,17300.0,Paid
3109,3609,2020-01-28,101000.0,Refunded
6629,7129,2020-01-29,23400.0,Paid
9436,9936,2020-01-29,4598.0,Paid
1565,2065,2020-01-29,19200.0,Paid
570,1070,2020-01-30,34000.0,Paid
4895,5395,2020-01-30,10993.0,Paid
3738,4238,2020-01-31,119000.0,Paid
4267,4767,2020-01-31,43998.0,Paid
8600,9100,2020-01-31,4500.0,Paid
10048,10548,2020-01-31,3600.0,Refunded
8880,9380,2020-02-01,136000.0,Paid
929,1429,2020-02-01,0.0,Pending
6160,6660,2020-02-01,59998.0,Paid
10184,10684,2020-02-02,72396.0,Paid
2959,3459,2020-02-02,0.0,Pending
607,1107,2020-02-03,11799.0,Refunded
8561,9061,2020-02-03,70700.0,Paid
5233,5733,2020-02-03,6000.0,Paid
9547,10047,2020-02-05,82300.0,Refunded
4693,5193,2020-02-06,20496.0,Paid
4197,4697,2020-02-06,23996.0,Paid
9516,10016,2020-02-07,26996.0,Paid
10296,10796,2020-02-08,3200.0,Paid
1832,2332,2020-02-08,900.0,Paid
524,1024,2020-02-10,55000.0,Paid
2883,3383,2020-02-11,11200.0,Paid
6417,6917,2020-02-11,8200.0,Paid
7827,8327,2020-02-11,13200.0,Paid
5430,5930,2020-02-12,38300.0,Paid
4149,4649,2020-02-12,35499.0,Paid
9305,9805,2020-02-13,0.0,Pending
5784,6284,2020-02-13,17998.0,Paid
5591,6091,2020-02-13,53600.0,Paid
3931,4431,2020-02-14,226300.0,Paid
4807,5307,2020-02-15,0.0,Failed
4338,4838,2020-02-15,33997.0,Paid
2935,3435,2020-02-16,223000.0,Paid
6074,6574,2020-02-17,170600.0,Paid
1967,2467,2020-02-17,9400.0,Paid
812,1312,2020-02-17,0.0,Pending
2275,2775,2020-02-19,0.0,Pending
1405,1905,2020-02-19,22000.0,Paid
5813,6313,2020-02-19,25500.0,Paid
4586,5086,2020-02-20,14495.0,Paid
1037,1537,2020-02-20,238000.0,Paid
3082,3582,2020-02-20,8400.0,Paid
992,1492,2020-02-21,16498.0,Paid
4919,5419,2020-02-21,110000.0,Paid
6840,7340,2020-02-21,4500.0,Paid
1391,1891,2020-02-21,74200.0,Paid
6828,7328,2020-02-22,36200.0,Paid
7703,8203,2020-02-23,56000.0,Paid
9717,10217,2020-02-25,500.0,Paid
4816,5316,2020-02-25,78998.0,Paid
3293,3793,2020-02-25,1999.0,Paid
8045,8545,2020-02-25,23100.0,Paid
6847,7347,2020-02-26,10496.0,Refunded
7137,7637,2020-02-26,115000.0,Paid
10090,10590,2020-02-26,3600.0,Paid
9527,10027,2020-02-26,28200.0,Paid
3771,4271,2020-02-27,6498.0,Paid
4937,5437,2020-02-28,4400.0,Paid
4571,5071,2020-02-28,53700.0,Paid
8474,8974,2020-02-29,32500.0,Paid
3999,4499,2020-02-29,0.0,Pending
8987,9487,2020-02-29,62500.0,Paid
9949,10449,2020-03-01,19500.0,Paid
2540,3040,2020-03-01,23997.0,Paid
4413,4913,2020-03-01,64000.0,Paid
6265,6765,2020-03-02,1999.0,Paid
1378,1878,2020-03-03,82500.0,Paid
999,1499,2020-03-03,67100.0,Paid
737,1237,2020-03-04,4500.0,Paid
636,1136,2020-03-05,24998.0,Paid
2103,2603,2020-03-05,115100.0,Paid
4427,4927,2020-03-06,79998.0,Paid
2728,3228,2020-03-06,75200.0,Paid
6387,6887,2020-03-06,0.0,Pending
1649,2149,2020-03-06,93496.0,Paid
8411,8911,2020-03-07,170996.0,Paid
7707,8207,2020-03-07,18200.0,Paid
2636,3136,2020-03-08,8900.0,Paid
7490,7990,2020-03-08,35000.0,Paid
6140,6640,2020-03-08,11196.0,Paid
10414,10914,2020-03-10,135400.0,Paid
1716,2216,2020-03-10,21500.0,Paid
6903,7403,2020-03-10,43994.0,Paid
8801,9301,2020-03-10,0.0,Pending
2368,2868,2020-03-11,1998.0,Paid
2145,2645,2020-03-12,18996.0,Paid
7761,8261,2020-03-12,0.0,Pending
2520,3020,2020-03-14,32400.0,Paid
7933,8433,2020-03-15,298500.0,Paid
9046,9546,2020-03-15,20997.0,Paid
3505,4005,2020-03-16,35900.0,Paid
3853,4353,2020-03-16,0.0,Pending
3927,4427,2020-03-16,29597.0,Refunded
7316,7816,2020-03-17,23899.0,Paid
5802,6302,2020-03-17,7398.0,Paid
4592,5092,2020-03-17,11000.0,Paid
2623,3123,2020-03-17,29800.0,Paid
7788,8288,2020-03-18,12597.0,Paid
2835,3335,2020-03-19,37000.0,Paid
1626,2126,2020-03-19,31500.0,Paid
6925,7425,2020-03-19,9398.0,Paid
7340,7840,2020-03-19,190000.0,Paid
4372,4872,2020-03-20,58500.0,Paid
3686,4186,2020-03-20,10100.0,Paid
2529,3029,2020-03-21,121800.0,Paid
7118,7618,2020-03-22,19200.0,Paid
5675,6175,2020-03-22,26000.0,Paid
798,1298,2020-03-24,0.0,Failed
8084,8584,2020-03-25,67397.0,Paid
7034,7534,2020-03-25,24600.0,Paid
1588,2088,2020-03-25,6398.0,Refunded
9287,9787,2020-03-25,3498.0,Paid
3247,3747,2020-03-26,249100.0,Paid
2238,2738,2020-03-26,52700.0,Paid
1279,1779,2020-03-27,72500.0,Paid
6022,6522,2020-03-27,11000.0,Paid
10324,10824,2020-03-28,17197.0,Paid
5163,5663,2020-03-29,6400.0,Paid
6597,7097,2020-03-30,13999.0,Paid
5926,6426,2020-03-30,5000.0,Paid
3319,3819,2020-03-30,0.0,Pending
7301,7801,2020-03-30,16199.0,Paid
4809,5309,2020-03-30,10000.0,Paid
4208,4708,2020-03-31,72400.0,Paid
4573,5073,2020-03-31,13196.0,Paid
9166,9666,2020-03-31,4500.0,Paid
4773,5273,2020-04-02,29997.0,Paid
1177,1677,2020-04-02,0.0,Pending
8869,9369,2020-04-03,52000.0,Paid
1927,2427,2020-04-03,9900.0,Paid
8075,8575,2020-04-03,228897.0,Paid
6931,7431,2020-04-04,69200.0,Paid
6222,6722,2020-04-04,25295.0,Paid
2621,3121,2020-04-04,13000.0,Paid
10367,10867,2020-04-05,5000.0,Paid
10495,10995,2020-04-05,8997.0,Paid
7562,8062,2020-04-06,6600.0,Paid
558,1058,2020-04-06,61600.0,Paid
9851,10351,2020-04-07,47499.0,Paid
6186,6686,2020-04-07,43498.0,Paid
3364,3864,2020-04-07,27999.0,Paid
7285,7785,2020-04-08,16297.0,Paid
4205,4705,2020-04-11,1500.0,Paid
6383,6883,2020-04-11,26800.0,Paid
7552,8052,2020-04-12,30996.0,Paid
9815,10315,2020-04-12,2000.0,Paid
10314,10814,2020-04-13,6000.0,Paid
4439,4939,2020-04-13,56600.0,Paid
4268,4768,2020-04-14,500.0,Paid
6641,7141,2020-04-14,31993.0,Paid
5191,5691,2020-04-14,15500.0,Paid
5013,5513,2020-04-15,26500.0,Paid
2602,3102,2020-04-15,3200.0,Paid
4145,4645,2020-04-17,3498.0,Paid
9523,10023,2020-04-17,117600.0,Paid
3952,4452,2020-04-17,120500.0,Paid
1337,1837,2020-04-17,7000.0,Paid
6409,6909,2020-04-18,17900.0,Paid
3754,4254,2020-04-18,7996.0,Paid
1523,2023,2020-04-19,5996.0,Paid
7155,7655,2020-04-19,3300.0,Paid
3954,4454,2020-04-19,69200.0,Paid
9198,9698,2020-04-19,282600.0,Paid
3913,4413,2020-04-20,68000.0,Paid
4063,4563,2020-04-21,13996.0,Paid
803,1303,2020-04-21,0.0,Pending
8953,9453,2020-04-22,4800.0,Paid
6305,6805,2020-04-22,16400.0,Paid
3664,4164,2020-04-22,26197.0,Paid
2502,3002,2020-04-22,11400.0,Paid
2697,3197,2020-04-23,12798.0,Paid
2672,3172,2020-04-23,115100.0,Paid
1471,1971,2020-04-24,9900.0,Paid
1741,2241,2020-04-24,13400.0,Paid
3219,3719,2020-04-24,9300.0,Paid
7393,7893,2020-04-25,6498.0,Paid
4310,4810,2020-04-26,220000.0,Paid
2405,2905,2020-04-27,4000.0,Paid
3100,3600,2020-04-27,4800.0,Paid
10258,10758,2020-04-27,1800.0,Paid
8383,8883,2020-04-27,30000.0,Paid
1840,2340,2020-04-29,34000.0,Paid
9861,10361,2020-04-30,3600.0,Refunded
7122,7622,2020-04-30,23900.0,Paid
4597,5097,2020-05-02,23499.0,Paid
10156,10656,2020-05-02,38396.0,Paid
1577,2077,2020-05-02,36598.0,Paid
1440,1940,2020-05-03,30198.0,Paid
4833,5333,2020-05-04,19200.0,Paid
997,1497,2020-05-04,22000.0,Paid
7503,8003,2020-05-05,0.0,Pending
10346,10846,2020-05-06,0.0,Pending
6501,7001,2020-05-07,22000.0,Paid
5246,5746,2020-05-08,17800.0,Paid
5736,6236,2020-05-08,104798.0,Paid
4564,5064,2020-05-08,6400.0,Paid
5720,6220,2020-05-09,31297.0,Paid
5809,6309,2020-05-10,3998.0,Paid
5413,5913,2020-05-11,8200.0,Paid
1911,2411,2020-05-11,9600.0,Paid
6010,6510,2020-05-12,25792.0,Paid
4425,4925,2020-05-12,2500.0,Paid
10058,10558,2020-05-13,34000.0,Paid
4114,4614,2020-05-13,24500.0,Paid
1280,1780,2020-05-13,35497.0,Paid
2837,3337,2020-05-14,24998.0,Paid
8181,8681,2020-05-14,65100.0,Paid
1332,1832,2020-05-15,35800.0,Paid
9599,10099,2020-05-15,38796.0,Paid
10179,10679,2020-05-16,123496.0,Paid
1962,2462,2020-05-18,9499.0,Paid
9263,9763,2020-05-18,11099.0,Paid
9080,9580,2020-05-19,78600.0,Paid
7426,7926,2020-05-19,800.0,Paid
3956,4456,2020-05-20,99500.0,Paid
2342,2842,2020-05-20,58400.0,Paid
2720,3220,2020-05-20,12000.0,Refunded
6685,7185,2020-05-20,11000.0,Paid
3456,3956,2020-05-21,16100.0,Paid
813,1313,2020-05-22,28000.0,Paid
10173,10673,2020-05-22,6900.0,Paid
9538,10038,2020-05-23,2400.0,Paid
4117,4617,2020-05-23,21800.0,Paid
9526,10026,2020-05-24,232499.0,Paid
7793,8293,2020-05-24,25296.0,Paid
831,1331,2020-05-24,8100.0,Paid
9242,9742,2020-05-25,37500.0,Paid
7082,7582,2020-05-25,272700.0,Paid
7304,7804,2020-05-25,122800.0,Paid
10054,10554,2020-05-26,7700.0,Paid
8257,8757,2020-05-26,2400.0,Paid
1069,1569,2020-05-26,45300.0,Paid
7926,8426,2020-05-26,150500.0,Paid
9621,10121,2020-05-27,14300.0,Paid
5581,6081,2020-05-27,117000.0,Paid
9899,10399,2020-05-28,800.0,Paid
6201,6701,2020-05-29,10299.0,Paid
4048,4548,2020-05-29,0.0,Pending
5637,6137,2020-05-30,251496.0,Paid
5995,6495,2020-05-30,6999.0,Refunded
7031,7531,2020-05-31,19800.0,Paid
8719,9219,2020-05-31,8994.0,Paid
5436,5936,2020-06-02,23199.0,Paid
2362,2862,2020-06-02,21797.0,Paid
5902,6402,2020-06-03,0.0,Pending
2389,2889,2020-06-03,11800.0,Paid
5571,6071,2020-06-03,40299.0,Paid
9402,9902,2020-06-04,6600.0,Paid
2901,3401,2020-06-04,42300.0,Paid
8039,8539,2020-06-05,26000.0,Paid
4501,5001,2020-06-05,800.0,Refunded
3950,4450,2020-06-06,59400.0,Paid
1323,1823,2020-06-06,6798.0,Paid
3243,3743,2020-06-07,120500.0,Paid
3798,4298,2020-06-08,71196.0,Paid
8198,8698,2020-06-08,26900.0,Paid
7165,7665,2020-06-09,28000.0,Paid
7015,7515,2020-06-11,8100.0,Paid
5627,6127,2020-06-11,81798.0,Paid
2401,2901,2020-06-11,22000.0,Paid
7098,7598,2020-06-11,8398.0,Refunded
7666,8166,2020-06-11,11700.0,Paid
8354,8854,2020-06-12,0.0,Pending
4595,5095,2020-06-13,10600.0,Paid
5885,6385,2020-06-13,38800.0,Paid
4005,4505,2020-06-13,19699.0,Paid
1315,1815,2020-06-13,11596.0,Paid
6239,6739,2020-06-15,10200.0,Paid
6624,7124,2020-06-16,8696.0,Refunded
7505,8005,2020-06-16,30295.0,Paid
8020,8520,2020-06-17,0.0,Pending
888,1388,2020-06-17,9600.0,Paid
577,1077,2020-06-19,1800.0,Refunded
2472,2972,2020-06-21,15900.0,Paid
2955,3455,2020-06-21,12998.0,Paid
8966,9466,2020-06-21,14200.0,Paid
4839,5339,2020-06-22,7000.0,Paid
746,1246,2020-06-22,7200.0,Paid
3832,4332,2020-06-22,239500.0,Paid
7571,8071,2020-06-23,8200.0,Paid
2933,3433,2020-06-23,29000.0,Paid
4728,5228,2020-06-24,101998.0,Paid
8643,9143,2020-06-24,32000.0,Paid
1299,1799,2020-06-25,19596.0,Paid
6094,6594,2020-06-26,110400.0,Paid
3745,4245,2020-06-26,16600.0,Paid
7128,7628,2020-06-26,36700.0,Refunded
2969,3469,2020-06-26,0.0,Pending
7278,7778,2020-06-26,171399.0,Paid
8318,8818,2020-06-27,0.0,Pending
7231,7731,2020-06-27,87000.0,Refunded
6047,6547,2020-06-27,23800.0,Paid
2746,3246,2020-06-27,12800.0,Paid
1180,1680,2020-06-28,30897.0,Paid
4627,5127,2020-06-28,20496.0,Paid
6474,6974,2020-06-29,16300.0,Paid
8828,9328,2020-06-30,15300.0,Paid
8327,8827,2020-06-30,34000.0,Paid
1253,1753,2020-06-30,34899.0,Paid
2852,3352,2020-06-30,23699.0,Paid
6997,7497,2020-07-01,13697.0,Paid
9035,9535,2020-07-01,205500.0,Paid
3988,4488,2020-07-01,50200.0,Paid
3122,3622,2020-07-02,38300.0,Paid
3768,4268,2020-07-02,230497.0,Paid
5416,5916,2020-07-02,30499.0,Paid
1344,1844,2020-07-03,16892.0,Paid
4612,5112,2020-07-03,17000.0,Paid
7487,7987,2020-07-03,14600.0,Paid
1009,1509,2020-07-03,2700.0,Paid
8352,8852,2020-07-05,139997.0,Paid
4904,5404,2020-07-05,8700.0,Paid
9304,9804,2020-07-06,12598.0,Paid
7124,7624,2020-07-06,27600.0,Paid
3366,3866,2020-07-06,4100.0,Paid
5669,6169,2020-07-06,19899.0,Paid
7919,8419,2020-07-07,11996.0,Paid
6355,6855,2020-07-08,1800.0,Paid
6513,7013,2020-07-08,91798.0,Paid
2750,3250,2020-07-08,34400.0,Paid
3915,4415,2020-07-08,20992.0,Paid
10107,10607,2020-07-10,70997.0,Paid
3071,3571,2020-07-11,1998.0,Paid
3721,4221,2020-07-11,14400.0,Paid
2979,3479,2020-07-12,25000.0,Paid
10080,10580,2020-07-13,36900.0,Refunded
1752,2252,2020-07-13,11000.0,Paid
1869,2369,2020-07-14,6100.0,Paid
1520,2020,2020-07-14,8500.0,Paid
8812,9312,2020-07-15,7200.0,Paid
2136,2636,2020-07-15,8700.0,Paid
5746,6246,2020-07-15,121399.0,Paid
5010,5510,2020-07-16,2499.0,Paid
3969,4469,2020-07-18,3500.0,Paid
5099,5599,2020-07-18,54997.0,Paid
6602,7102,2020-07-18,43600.0,Paid
934,1434,2020-07-18,0.0,Pending
7860,8360,2020-07-18,18000.0,Paid
5260,5760,2020-07-18,33200.0,Paid
4796,5296,2020-07-18,5999.0,Paid
4069,4569,2020-07-18,8700.0,Paid
2120,2620,2020-07-19,112000.0,Paid
8313,8813,2020-07-22,10500.0,Paid
2250,2750,2020-07-22,50500.0,Paid
2989,3489,2020-07-23,3500.0,Paid
8233,8733,2020-07-24,9000.0,Refunded
2597,3097,2020-07-24,48495.0,Paid
9227,9727,2020-07-24,29098.0,Paid
8945,9445,2020-07-25,35500.0,Paid
9515,10015,2020-07-25,32000.0,Paid
2089,2589,2020-07-26,50000.0,Paid
3031,3531,2020-07-27,37800.0,Refunded
4442,4942,2020-07-27,13600.0,Paid
5918,6418,2020-07-28,13994.0,Paid
5114,5614,2020-07-28,32900.0,Paid
2301,2801,2020-07-29,19100.0,Paid
9937,10437,2020-07-29,0.0,Pending
1361,1861,2020-07-29,14800.0,Paid
2526,3026,2020-07-29,87998.0,Paid
6470,6970,2020-07-29,8500.0,Refunded
2438,2938,2020-07-29,16000.0,Paid
9271,9771,2020-07-29,0.0,Pending
1419,1919,2020-07-30,12000.0,Paid
3814,4314,2020-07-30,25500.0,Paid
3117,3617,2020-07-30,19500.0,Paid
2522,3022,2020-07-31,11799.0,Paid
4870,5370,2020-07-31,23600.0,Paid
10356,10856,2020-07-31,118200.0,Paid
10117,10617,2020-07-31,3500.0,Paid
4813,5313,2020-08-01,100000.0,Paid
9732,10232,2020-08-01,39900.0,Paid
8180,8680,2020-08-01,10000.0,Paid
6549,7049,2020-08-01,11400.0,Paid
2719,3219,2020-08-01,0.0,Failed
10089,10589,2020-08-03,169700.0,Paid
4680,5180,2020-08-03,0.0,Pending
9955,10455,2020-08-04,9899.0,Paid
6627,7127,2020-08-04,0.0,Failed
8661,9161,2020-08-04,0.0,Pending
781,1281,2020-08-04,6000.0,Paid
7725,8225,2020-08-05,17997.0,Paid
1451,1951,2020-08-05,28500.0,Paid
670,1170,2020-08-05,16500.0,Paid
6734,7234,2020-08-06,0.0,Pending
3713,4213,2020-08-06,56000.0,Paid
2663,3163,2020-08-06,18000.0,Paid
5445,5945,2020-08-07,5998.0,Paid
4912,5412,2020-08-07,0.0,Pending
7907,8407,2020-08-07,0.0,Pending
9274,9774,2020-08-07,14000.0,Paid
7582,8082,2020-08-07,3500.0,Paid
5733,6233,2020-08-08,1600.0,Paid
869,1369,2020-08-08,3799.0,Paid
1204,1704,2020-08-09,1500.0,Paid
8916,9416,2020-08-09,39800.0,Paid
5880,6380,2020-08-10,3000.0,Paid
3898,4398,2020-08-10,69797.0,Paid
8622,9122,2020-08-10,107998.0,Paid
1576,2076,2020-08-11,2998.0,Paid
8693,9193,2020-08-12,11800.0,Paid
3146,3646,2020-08-12,39897.0,Paid
688,1188,2020-08-13,0.0,Pending
6146,6646,2020-08-14,22999.0,Paid
1168,1668,2020-08-14,0.0,Pending
7923,8423,2020-08-14,34398.0,Paid
3305,3805,2020-08-14,0.0,Failed
2584,3084,2020-08-14,37096.0,Paid
3528,4028,2020-08-15,2998.0,Paid
2423,2923,2020-08-16,147996.0,Paid
4077,4577,2020-08-16,8799.0,Paid
10033,10533,2020-08-16,5400.0,Paid
3218,3718,2020-08-17,8499.0,Paid
10004,10504,2020-08-17,20594.0,Paid
3845,4345,2020-08-17,100000.0,Paid
4265,4765,2020-08-17,75000.0,Paid
4361,4861,2020-08-17,115600.0,Paid
9550,10050,2020-08-18,86500.0,Paid
9697,10197,2020-08-18,37500.0,Paid
5012,5512,2020-08-18,14698.0,Refunded
8443,8943,2020-08-18,227200.0,Paid
2404,2904,2020-08-18,13797.0,Paid
10348,10848,2020-08-20,32996.0,Paid
9394,9894,2020-08-20,25297.0,Paid
1837,2337,2020-08-20,0.0,Pending
7757,8257,2020-08-21,28697.0,Paid
8018,8518,2020-08-22,43300.0,Paid
2643,3143,2020-08-22,29197.0,Paid
7601,8101,2020-08-23,9000.0,Paid
4549,5049,2020-08-23,30000.0,Paid
2535,3035,2020-08-23,222998.0,Paid
7422,7922,2020-08-24,240496.0,Paid
2402,2902,2020-08-24,23795.0,Paid
3881,4381,2020-08-24,10996.0,Refunded
7974,8474,2020-08-24,15998.0,Paid
8071,8571,2020-08-25,3600.0,Paid
6391,6891,2020-08-25,27696.0,Paid
7507,8007,2020-08-25,19600.0,Paid
5320,5820,2020-08-26,0.0,Pending
6170,6670,2020-08-26,12000.0,Paid
9692,10192,2020-08-28,191800.0,Paid
2501,3001,2020-08-29,8899.0,Refunded
7943,8443,2020-08-29,13197.0,Paid
2219,2719,2020-08-31,85400.0,Paid
10408,10908,2020-09-01,31400.0,Paid
4776,5276,2020-09-01,5400.0,Paid
9715,10215,2020-09-01,18998.0,Paid
4325,4825,2020-09-01,43900.0,Paid
3703,4203,2020-09-02,60800.0,Refunded
4354,4854,2020-09-02,121600.0,Paid
10423,10923,2020-09-02,38999.0,Paid
1129,1629,2020-09-02,35496.0,Paid
9292,9792,2020-09-03,0.0,Failed
5661,6161,2020-09-03,26600.0,Paid
6574,7074,2020-09-03,28000.0,Refunded
6034,6534,2020-09-03,2400.0,Paid
3339,3839,2020-09-04,6798.0,Paid
2792,3292,2020-09-04,2400.0,Paid
2359,2859,2020-09-04,72800.0,Paid
2647,3147,2020-09-04,66196.0,Paid
882,1382,2020-09-05,0.0,Pending
6484,6984,2020-09-05,35997.0,Paid
9470,9970,2020-09-06,24600.0,Paid
3401,3901,2020-09-07,54000.0,Paid
6822,7322,2020-09-07,5996.0,Paid
635,1135,2020-09-07,58997.0,Paid
1080,1580,2020-09-07,10198.0,Paid
9461,9961,2020-09-08,274997.0,Paid
8235,8735,2020-09-08,36600.0,Paid
6653,7153,2020-09-08,6999.0,Paid
7954,8454,2020-09-09,68500.0,Paid
4166,4666,2020-09-10,26800.0,Paid
5115,5615,2020-09-11,109600.0,Paid
9272,9772,2020-09-11,7200.0,Paid
7442,7942,2020-09-11,23100.0,Paid
4008,4508,2020-09-12,30700.0,Paid
7046,7546,2020-09-12,22896.0,Paid
3640,4140,2020-09-12,19500.0,Paid
5510,6010,2020-09-12,21000.0,Paid
8269,8769,2020-09-12,87496.0,Paid
8250,8750,2020-09-13,231398.0,Paid
10101,10601,2020-09-15,9997.0,Paid
9633,10133,2020-09-16,135600.0,Paid
4432,4932,2020-09-16,83500.0,Paid
1607,2107,2020-09-16,0.0,Pending
8591,9091,2020-09-16,8997.0,Paid
6611,7111,2020-09-17,16499.0,Refunded
6267,6767,2020-09-17,30999.0,Paid
6429,6929,2020-09-18,176395.0,Refunded
5250,5750,2020-09-18,96497.0,Paid
6680,7180,2020-09-18,4800.0,Paid
4480,4980,2020-09-18,61000.0,Paid
4524,5024,2020-09-19,10500.0,Paid
4819,5319,2020-09-19,46000.0,Paid
9536,10036,2020-09-19,32497.0,Paid
5943,6443,2020-09-19,20300.0,Paid
10264,10764,2020-09-20,14798.0,Paid
9220,9720,2020-09-20,0.0,Pending
2855,3355,2020-09-20,210500.0,Refunded
6372,6872,2020-09-21,8000.0,Paid
2046,2546,2020-09-21,45600.0,Paid
10161,10661,2020-09-21,48600.0,Paid
4865,5365,2020-09-24,21200.0,Paid
4375,4875,2020-09-25,0.0,Pending
4351,4851,2020-09-25,26989.0,Paid
6673,7173,2020-09-25,146998.0,Refunded
2307,2807,2020-09-26,0.0,Pending
5620,6120,2020-09-26,2998.0,Paid
4075,4575,2020-09-26,3600.0,Paid
2857,3357,2020-09-27,10500.0,Paid
1160,1660,2020-09-28,82399.0,Paid
8296,8796,2020-09-29,55000.0,Paid
5451,5951,2020-09-29,100000.0,Paid
2723,3223,2020-09-29,21397.0,Refunded
7927,8427,2020-09-29,28596.0,Refunded
5154,5654,2020-09-29,22000.0,Paid
933,1433,2020-09-30,59495.0,Paid
9779,10279,2020-09-30,18200.0,Refunded
4104,4604,2020-10-01,40800.0,Paid
1448,1948,2020-10-01,0.0,Pending
7169,7669,2020-10-01,19297.0,Paid
1368,1868,2020-10-01,27400.0,Paid
1787,2287,2020-10-02,84000.0,Paid
9843,10343,2020-10-02,38500.0,Paid
7423,7923,2020-10-03,82500.0,Paid
9388,9888,2020-10-03,74200.0,Paid
7373,7873,2020-10-03,4199.0,Paid
2614,3114,2020-10-04,100000.0,Paid
9408,9908,2020-10-04,9496.0,Paid
3722,4222,2020-10-05,31500.0,Paid
8369,8869,2020-10-05,53600.0,Paid
1427,1927,2020-10-05,4500.0,Paid
4345,4845,2020-10-05,8100.0,Paid
8098,8598,2020-10-05,14000.0,Refunded
5643,6143,2020-10-06,11697.0,Paid
9922,10422,2020-10-06,6400.0,Paid
5162,5662,2020-10-06,36097.0,Paid
10148,10648,2020-10-06,0.0,Pending
9301,9801,2020-10-07,20998.0,Refunded
2393,2893,2020-10-07,0.0,Failed
8303,8803,2020-10-07,81500.0,Paid
6844,7344,2020-10-08,14098.0,Paid
3992,4492,2020-10-09,37696.0,Paid
5657,6157,2020-10-09,10496.0,Paid
7885,8385,2020-10-09,54000.0,Paid
5206,5706,2020-10-10,53800.0,Paid
8186,8686,2020-10-10,157000.0,Paid
3393,3893,2020-10-10,52500.0,Paid
7425,7925,2020-10-11,4996.0,Paid
8518,9018,2020-10-11,66500.0,Paid
3330,3830,2020-10-11,3000.0,Paid
1572,2072,2020-10-11,10599.0,Paid
6510,7010,2020-10-11,14400.0,Paid
5878,6378,2020-10-11,4800.0,Paid
5470,5970,2020-10-12,27196.0,Refunded
6817,7317,2020-10-12,30299.0,Paid
9256,9756,2020-10-12,50000.0,Paid
9013,9513,2020-10-12,38000.0,Paid
3148,3648,2020-10-12,41696.0,Paid
9218,9718,2020-10-12,190000.0,Paid
6631,7131,2020-10-13,129596.0,Paid
1074,1574,2020-10-13,50693.0,Paid
5417,5917,2020-10-13,9997.0,Paid
832,1332,2020-10-13,152499.0,Paid
7944,8444,2020-10-13,0.0,Pending
6378,6878,2020-10-14,0.0,Failed
3912,4412,2020-10-14,26598.0,Paid
4602,5102,2020-10-14,17696.0,Paid
4142,4642,2020-10-15,79800.0,Paid
6209,6709,2020-10-15,28097.0,Paid
3134,3634,2020-10-15,1000.0,Paid
3910,4410,2020-10-16,43600.0,Paid
3800,4300,2020-10-16,41000.0,Paid
3792,4292,2020-10-16,60699.0,Paid
3545,4045,2020-10-16,27400.0,Paid
1831,2331,2020-10-17,2200.0,Paid
4174,4674,2020-10-17,113500.0,Refunded
8504,9004,2020-10-17,12500.0,Paid
8534,9034,2020-10-18,27196.0,Paid
9327,9827,2020-10-18,105200.0,Paid
2874,3374,2020-10-18,46800.0,Paid
7724,8224,2020-10-18,8500.0,Paid
5904,6404,2020-10-19,48498.0,Refunded
1355,1855,2020-10-19,199499.0,Paid
2229,2729,2020-10-19,53194.0,Paid
9723,10223,2020-10-20,18998.0,Paid
2297,2797,2020-10-20,100000.0,Paid
6835,7335,2020-10-21,101396.0,Paid
2016,2516,2020-10-21,1998.0,Paid
9767,10267,2020-10-22,18000.0,Paid
9389,9889,2020-10-22,0.0,Failed
1897,2397,2020-10-23,10100.0,Paid
3828,4328,2020-10-24,50000.0,Paid
8638,9138,2020-10-24,55700.0,Paid
5169,5669,2020-10-24,4500.0,Paid
5639,6139,2020-10-25,76596.0,Paid
1487,1987,2020-10-25,2997.0,Paid
8745,9245,2020-10-25,107000.0,Paid
1877,2377,2020-10-25,3200.0,Paid
4622,5122,2020-10-25,3600.0,Paid
2099,2599,2020-10-26,5500.0,Paid
8648,9148,2020-10-26,13695.0,Refunded
2547,3047,2020-10-26,14000.0,Paid
1825,2325,2020-10-26,27700.0,Paid
1403,1903,2020-10-26,165000.0,Paid
4525,5025,2020-10-27,73400.0,Paid
3894,4394,2020-10-27,170499.0,Paid
2731,3231,2020-10-27,2400.0,Paid
1399,1899,2020-10-27,50000.0,Paid
8635,9135,2020-10-27,16993.0,Paid
7594,8094,2020-10-28,88996.0,Paid
8922,9422,2020-10-28,107400.0,Paid
9938,10438,2020-10-28,92900.0,Paid
4623,5123,2020-10-28,74792.0,Paid
2827,3327,2020-10-29,134500.0,Paid
9454,9954,2020-10-29,15396.0,Paid
890,1390,2020-10-30,76500.0,Paid
5148,5648,2020-10-30,15700.0,Paid
6380,6880,2020-10-31,21900.0,Paid
4212,4712,2020-10-31,13499.0,Paid
5331,5831,2020-10-31,6000.0,Paid
2937,3437,2020-10-31,20594.0,Paid
4013,4513,2020-11-02,2999.0,Paid
6469,6969,2020-11-02,23500.0,Paid
8481,8981,2020-11-03,2700.0,Paid
2872,3372,2020-11-03,25400.0,Paid
966,1466,2020-11-03,12800.0,Paid
3378,3878,2020-11-04,40500.0,Paid
1275,1775,2020-11-04,0.0,Pending
2704,3204,2020-11-04,22700.0,Paid
4061,4561,2020-11-04,1500.0,Paid
1140,1640,2020-11-05,3600.0,Paid
9219,9719,2020-11-05,51192.0,Paid
10115,10615,2020-11-05,2700.0,Paid
4176,4676,2020-11-05,37399.0,Paid
4652,5152,2020-11-05,55800.0,Paid
5215,5715,2020-11-06,101000.0,Paid
3968,4468,2020-11-06,25500.0,Paid
7394,7894,2020-11-06,11400.0,Paid
5217,5717,2020-11-06,124600.0,Paid
1598,2098,2020-11-07,38000.0,Paid
10263,10763,2020-11-08,28700.0,Paid
8214,8714,2020-11-08,108997.0,Paid
7218,7718,2020-11-09,0.0,Pending
866,1366,2020-11-09,49596.0,Paid
3477,3977,2020-11-10,12800.0,Refunded
1159,1659,2020-11-10,27000.0,Paid
2565,3065,2020-11-11,94400.0,Paid
5832,6332,2020-11-11,2997.0,Paid
10207,10707,2020-11-11,57998.0,Refunded
4125,4625,2020-11-11,70000.0,Paid
1529,2029,2020-11-12,3699.0,Paid
2309,2809,2020-11-13,47000.0,Paid
1655,2155,2020-11-14,60596.0,Paid
4128,4628,2020-11-14,9600.0,Paid
10358,10858,2020-11-14,55000.0,Paid
4026,4526,2020-11-14,82000.0,Paid
3205,3705,2020-11-14,16698.0,Paid
4255,4755,2020-11-14,22700.0,Paid
7119,7619,2020-11-14,119600.0,Paid
6138,6638,2020-11-15,0.0,Failed
6594,7094,2020-11-15,0.0,Pending
6207,6707,2020-11-15,60300.0,Paid
8726,9226,2020-11-15,22398.0,Paid
5347,5847,2020-11-15,47300.0,Refunded
7696,8196,2020-11-16,6000.0,Paid
3533,4033,2020-11-16,113600.0,Paid
2961,3461,2020-11-16,121800.0,Paid
1444,1944,2020-11-16,0.0,Pending
3919,4419,2020-11-17,26400.0,Paid
1065,1565,2020-11-17,7500.0,Paid
9818,10318,2020-11-17,34500.0,Paid
5266,5766,2020-11-17,75000.0,Paid
2904,3404,2020-11-17,1800.0,Paid
7182,7682,2020-11-17,39800.0,Refunded
7557,8057,2020-11-17,9600.0,Paid
5773,6273,2020-11-18,11500.0,Paid
6767,7267,2020-11-18,32097.0,Refunded
5979,6479,2020-11-18,195400.0,Paid
7130,7630,2020-11-18,28000.0,Refunded
8523,9023,2020-11-19,15198.0,Paid
9273,9773,2020-11-19,0.0,Failed
6959,7459,2020-11-19,13699.0,Paid
5932,6432,2020-11-19,228799.0,Paid
6412,6912,2020-11-20,50000.0,Paid
5762,6262,2020-11-21,14198.0,Paid
9928,10428,2020-11-21,70196.0,Refunded
6345,6845,2020-11-21,3000.0,Paid
3349,3849,2020-11-22,10200.0,Paid
9914,10414,2020-11-22,21000.0,Paid
953,1453,2020-11-22,12000.0,Paid
4250,4750,2020-11-23,12996.0,Paid
2956,3456,2020-11-23,47996.0,Paid
7580,8080,2020-11-23,41598.0,Paid
4015,4515,2020-11-23,55000.0,Paid
1061,1561,2020-11-23,31900.0,Paid
4978,5478,2020-11-23,12600.0,Paid
3198,3698,2020-11-23,0.0,Pending
6199,6699,2020-11-23,7097.0,Paid
3669,4169,2020-11-23,21200.0,Paid
7105,7605,2020-11-23,4500.0,Paid
7010,7510,2020-11-24,3600.0,Paid
2644,3144,2020-11-24,68399.0,Paid
3724,4224,2020-11-24,54000.0,Paid
6370,6870,2020-11-24,152000.0,Paid
9475,9975,2020-11-25,185500.0,Paid
7090,7590,2020-11-25,0.0,Pending
2159,2659,2020-11-25,6600.0,Paid
1532,2032,2020-11-26,55500.0,Paid
3038,3538,2020-11-26,0.0,Failed
9573,10073,2020-11-27,8600.0,Paid
4857,5357,2020-11-27,9600.0,Paid
1910,2410,2020-11-27,60200.0,Paid
8158,8658,2020-11-28,122300.0,Paid
10291,10791,2020-11-28,57500.0,Paid
5395,5895,2020-11-28,228500.0,Paid
5408,5908,2020-11-28,14000.0,Paid
8452,8952,2020-11-29,55900.0,Paid
871,1371,2020-11-29,35500.0,Paid
5124,5624,2020-11-29,180800.0,Paid
5703,6203,2020-11-30,21000.0,Paid
7843,8343,2020-11-30,41100.0,Paid
9425,9925,2020-11-30,28998.0,Paid
3888,4388,2020-11-30,11399.0,Paid
10442,10942,2020-12-01,9700.0,Paid
2648,3148,2020-12-01,9000.0,Refunded
3085,3585,2020-12-01,26800.0,Paid
3110,3610,2020-12-01,26800.0,Paid
3383,3883,2020-12-01,9299.0,Paid
6330,6830,2020-12-01,11997.0,Paid
2894,3394,2020-12-03,230600.0,Paid
10424,10924,2020-12-03,37000.0,Paid
1513,2013,2020-12-03,29900.0,Paid
5734,6234,2020-12-03,8500.0,Paid
3050,3550,2020-12-04,122200.0,Paid
5807,6307,2020-12-04,106997.0,Paid
5351,5851,2020-12-04,10999.0,Paid
3044,3544,2020-12-05,187000.0,Paid
5242,5742,2020-12-05,107500.0,Paid
4404,4904,2020-12-05,10400.0,Paid
8505,9005,2020-12-05,36297.0,Paid
3386,3886,2020-12-06,21195.0,Paid
2561,3061,2020-12-06,16096.0,Paid
3916,4416,2020-12-06,2700.0,Paid
3398,3898,2020-12-06,22798.0,Paid
2014,2514,2020-12-06,25600.0,Paid
8761,9261,2020-12-06,55000.0,Paid
8362,8862,2020-12-07,4800.0,Paid
6053,6553,2020-12-07,51400.0,Paid
10119,10619,2020-12-08,44000.0,Paid
10337,10837,2020-12-08,5100.0,Paid
7937,8437,2020-12-09,1499.0,Paid
652,1152,2020-12-09,155800.0,Refunded
6095,6595,2020-12-09,57800.0,Paid
8604,9104,2020-12-10,3500.0,Paid
4780,5280,2020-12-11,55698.0,Paid
9191,9691,2020-12-11,0.0,Pending
8406,8906,2020-12-11,63900.0,Paid
9279,9779,2020-12-12,70998.0,Paid
4184,4684,2020-12-12,27999.0,Paid
9395,9895,2020-12-12,7497.0,Paid
6211,6711,2020-12-13,4998.0,Refunded
6899,7399,2020-12-13,280500.0,Paid
6879,7379,2020-12-13,4997.0,Paid
1654,2154,2020-12-13,93396.0,Paid
7983,8483,2020-12-14,7499.0,Paid
2017,2517,2020-12-14,1800.0,Paid
3561,4061,2020-12-15,29000.0,Paid
3040,3540,2020-12-15,17499.0,Refunded
6174,6674,2020-12-15,0.0,Pending
8732,9232,2020-12-16,0.0,Pending
4590,5090,2020-12-16,21399.0,Paid
10326,10826,2020-12-16,1800.0,Paid
4452,4952,2020-12-16,13899.0,Paid
864,1364,2020-12-16,44700.0,Paid
4298,4798,2020-12-16,11596.0,Paid
7909,8409,2020-12-16,42699.0,Refunded
5954,6454,2020-12-16,32000.0,Paid
6524,7024,2020-12-17,238800.0,Paid
611,1111,2020-12-17,14300.0,Paid
2822,3322,2020-12-18,236999.0,Paid
5564,6064,2020-12-18,0.0,Pending
7163,7663,2020-12-18,75000.0,Paid
4353,4853,2020-12-19,256497.0,Paid
5197,5697,2020-12-19,22200.0,Paid
6760,7260,2020-12-20,37400.0,Paid
7375,7875,2020-12-20,86999.0,Paid
2293,2793,2020-12-20,22796.0,Paid
6839,7339,2020-12-21,12700.0,Paid
7812,8312,2020-12-21,112000.0,Paid
5202,5702,2020-12-21,18400.0,Paid
8421,8921,2020-12-23,0.0,Failed
7596,8096,2020-12-23,0.0,Pending
7841,8341,2020-12-23,2700.0,Refunded
3246,3746,2020-12-23,25796.0,Paid
3179,3679,2020-12-24,5100.0,Paid
3281,3781,2020-12-24,3999.0,Paid
9668,10168,2020-12-24,32896.0,Paid
2442,2942,2020-12-24,12800.0,Paid
3897,4397,2020-12-25,5100.0,Paid
3276,3776,2020-12-25,14000.0,Paid
8999,9499,2020-12-25,56900.0,Paid
10034,10534,2020-12-26,42200.0,Paid
8986,9486,2020-12-26,72000.0,Paid
3777,4277,2020-12-26,0.0,Pending
3232,3732,2020-12-27,0.0,Failed
576,1076,2020-12-27,61100.0,Paid
9093,9593,2020-12-27,32898.0,Paid
6332,6832,2020-12-27,26000.0,Paid
9706,10206,2020-12-27,46500.0,Paid
8329,8829,2020-12-27,6600.0,Paid
9441,9941,2020-12-28,27492.0,Paid
1690,2190,2020-12-28,17000.0,Paid
5978,6478,2020-12-28,0.0,Failed
2249,2749,2020-12-28,27800.0,Paid
6705,7205,2020-12-28,21000.0,Paid
7986,8486,2020-12-28,21600.0,Paid
545,1045,2020-12-29,239000.0,Paid
2923,3423,2020-12-29,18200.0,Paid
3132,3632,2020-12-29,10500.0,Paid
8206,8706,2020-12-29,2700.0,Paid
6779,7279,2020-12-29,14100.0,Paid
6407,6907,2020-12-30,45495.0,Paid
10138,10638,2020-12-30,94800.0,Paid
7041,7541,2020-12-30,92700.0,Paid
4695,5195,2020-12-30,25000.0,Paid
1142,1642,2020-12-30,29000.0,Paid
835,1335,2020-12-30,0.0,Pending
8728,9228,2020-12-31,16700.0,Paid
8433,8933,2020-12-31,16097.0,Paid
6462,6962,2020-12-31,129700.0,Paid
5125,5625,2020-12-31,56500.0,Paid
9438,9938,2020-12-31,29700.0,Paid
9197,9697,2021-01-01,20300.0,Paid
3444,3944,2021-01-01,17998.0,Paid
10095,10595,2021-01-02,2499.0,Paid
5659,6159,2021-01-02,127000.0,Paid
2899,3399,2021-01-02,17500.0,Paid
7400,7900,2021-01-02,9800.0,Paid
1939,2439,2021-01-02,73000.0,Paid
2756,3256,2021-01-02,26700.0,Paid
5344,5844,2021-01-02,1800.0,Paid
6552,7052,2021-01-03,125396.0,Paid
1691,2191,2021-01-03,82000.0,Paid
3180,3680,2021-01-03,31998.0,Paid
5391,5891,2021-01-03,127500.0,Paid
6227,6727,2021-01-06,25000.0,Paid
2706,3206,2021-01-06,20100.0,Paid
6972,7472,2021-01-06,0.0,Pending
5502,6002,2021-01-06,33199.0,Paid
1424,1924,2021-01-06,54000.0,Paid
593,1093,2021-01-06,14500.0,Paid
6299,6799,2021-01-06,14100.0,Paid
8048,8548,2021-01-06,83495.0,Paid
5123,5623,2021-01-07,63800.0,Paid
9860,10360,2021-01-08,37999.0,Paid
8519,9019,2021-01-08,0.0,Failed
8839,9339,2021-01-09,7996.0,Paid
6205,6705,2021-01-10,60900.0,Paid
9275,9775,2021-01-10,43496.0,Paid
6246,6746,2021-01-11,8997.0,Paid
2493,2993,2021-01-11,165000.0,Paid
9904,10404,2021-01-12,800.0,Paid
7183,7683,2021-01-12,109600.0,Paid
2005,2505,2021-01-12,38100.0,Paid
4574,5074,2021-01-13,7996.0,Paid
8047,8547,2021-01-14,1800.0,Paid
1617,2117,2021-01-14,0.0,Pending
1934,2434,2021-01-15,17600.0,Paid
7928,8428,2021-01-15,34000.0,Paid
9984,10484,2021-01-15,119399.0,Paid
1620,2120,2021-01-16,9600.0,Paid
7333,7833,2021-01-16,4600.0,Paid
8197,8697,2021-01-16,15000.0,Paid
1974,2474,2021-01-17,19000.0,Paid
2499,2999,2021-01-17,0.0,Pending
3355,3855,2021-01-18,16500.0,Paid
10031,10531,2021-01-18,6198.0,Paid
1955,2455,2021-01-18,192598.0,Paid
1206,1706,2021-01-19,16800.0,Paid
1563,2063,2021-01-19,7200.0,Paid
4376,4876,2021-01-20,44698.0,Paid
7081,7581,2021-01-21,999.0,Paid
4409,4909,2021-01-21,122300.0,Paid
3432,3932,2021-01-22,10600.0,Paid
9678,10178,2021-01-22,6600.0,Paid
8800,9300,2021-01-23,12800.0,Refunded
1595,2095,2021-01-24,32000.0,Paid
985,1485,2021-01-24,31598.0,Paid
1209,1709,2021-01-25,4400.0,Paid
3331,3831,2021-01-25,38298.0,Paid
2965,3465,2021-01-26,30998.0,Paid
2140,2640,2021-01-27,999.0,Paid
9631,10131,2021-01-27,14200.0,Paid
555,1055,2021-01-27,21000.0,Paid
8254,8754,2021-01-27,0.0,Pending
3363,3863,2021-01-28,2600.0,Paid
4035,4535,2021-01-28,22000.0,Paid
3284,3784,2021-01-29,1500.0,Paid
8541,9041,2021-01-29,63798.0,Paid
9241,9741,2021-01-30,0.0,Pending
4730,5230,2021-01-30,112000.0,Paid
9014,9514,2021-01-30,21500.0,Paid
10382,10882,2021-01-31,193600.0,Paid
9796,10296,2021-01-31,7200.0,Paid
1450,1950,2021-01-31,5997.0,Paid
6024,6524,2021-01-31,0.0,Failed
6862,7362,2021-01-31,24300.0,Paid
7671,8171,2021-02-01,24199.0,Paid
5838,6338,2021-02-01,0.0,Pending
5847,6347,2021-02-02,19300.0,Paid
10331,10831,2021-02-02,9600.0,Paid
9556,10056,2021-02-02,0.0,Failed
9091,9591,2021-02-03,12298.0,Paid
3549,4049,2021-02-04,3999.0,Paid
2781,3281,2021-02-04,10696.0,Paid
1892,2392,2021-02-04,7000.0,Paid
10391,10891,2021-02-05,20500.0,Paid
3406,3906,2021-02-05,43000.0,Paid
1872,2372,2021-02-05,33900.0,Paid
5346,5846,2021-02-05,29897.0,Paid
8578,9078,2021-02-06,110500.0,Paid
7008,7508,2021-02-06,10000.0,Paid
7210,7710,2021-02-08,6500.0,Paid
3431,3931,2021-02-08,17000.0,Paid
9711,10211,2021-02-08,2998.0,Paid
891,1391,2021-02-08,112900.0,Paid
1753,2253,2021-02-08,5600.0,Paid
8442,8942,2021-02-08,14000.0,Paid
8315,8815,2021-02-09,18000.0,Paid
3274,3774,2021-02-09,18997.0,Paid
10199,10699,2021-02-09,34297.0,Paid
6003,6503,2021-02-09,26100.0,Paid
4674,5174,2021-02-09,36998.0,Paid
3081,3581,2021-02-10,19197.0,Paid
8231,8731,2021-02-10,68500.0,Paid
10392,10892,2021-02-11,36400.0,Paid
10020,10520,2021-02-11,11300.0,Paid
9393,9893,2021-02-11,0.0,Pending
5404,5904,2021-02-12,30300.0,Paid
8530,9030,2021-02-12,12000.0,Paid
3716,4216,2021-02-13,59600.0,Paid
8041,8541,2021-02-13,28996.0,Paid
8448,8948,2021-02-14,31500.0,Paid
10376,10876,2021-02-14,28000.0,Paid
3435,3935,2021-02-15,14400.0,Paid
7626,8126,2021-02-15,62000.0,Paid
6991,7491,2021-02-16,50000.0,Paid
5083,5583,2021-02-17,34400.0,Paid
4334,4834,2021-02-17,98000.0,Paid
4685,5185,2021-02-17,2499.0,Paid
5699,6199,2021-02-18,72000.0,Paid
6804,7304,2021-02-19,11000.0,Paid
2049,2549,2021-02-19,21600.0,Paid
5532,6032,2021-02-20,11400.0,Refunded
10343,10843,2021-02-20,52300.0,Paid
10019,10519,2021-02-21,29500.0,Paid
1354,1854,2021-02-22,35797.0,Paid
9856,10356,2021-02-24,19298.0,Paid
4611,5111,2021-02-24,32800.0,Paid
7309,7809,2021-02-24,43497.0,Refunded
7306,7806,2021-02-24,24797.0,Paid
8277,8777,2021-02-24,2000.0,Paid
2513,3013,2021-02-25,3200.0,Paid
5422,5922,2021-02-25,144597.0,Paid
8330,8830,2021-02-25,63800.0,Paid
7753,8253,2021-02-26,220000.0,Paid
2865,3365,2021-02-26,69500.0,Paid
4601,5101,2021-02-26,136000.0,Paid
2344,2844,2021-02-27,27700.0,Paid
3882,4382,2021-02-27,11500.0,Paid
7462,7962,2021-02-27,21300.0,Paid
6943,7443,2021-02-28,3997.0,Paid
8486,8986,2021-03-01,23399.0,Paid
6930,7430,2021-03-02,8500.0,Paid
6664,7164,2021-03-03,5000.0,Paid
7263,7763,2021-03-03,13492.0,Paid
554,1054,2021-03-03,8798.0,Paid
8485,8985,2021-03-03,168899.0,Paid
1369,1869,2021-03-03,15998.0,Paid
5779,6279,2021-03-03,24600.0,Paid
7760,8260,2021-03-04,6999.0,Paid
1531,2031,2021-03-04,35498.0,Paid
4309,4809,2021-03-04,2500.0,Paid
5329,5829,2021-03-04,16600.0,Paid
4678,5178,2021-03-04,33998.0,Paid
1757,2257,2021-03-05,9597.0,Paid
1296,1796,2021-03-05,21000.0,Paid
8939,9439,2021-03-05,3200.0,Paid
2160,2660,2021-03-06,7200.0,Paid
1597,2097,2021-03-06,58600.0,Paid
9412,9912,2021-03-07,56000.0,Paid
7043,7543,2021-03-07,88600.0,Paid
10055,10555,2021-03-07,61500.0,Paid
8196,8696,2021-03-07,6598.0,Paid
4365,4865,2021-03-07,2200.0,Paid
809,1309,2021-03-08,9496.0,Paid
6136,6636,2021-03-08,15996.0,Paid
1918,2418,2021-03-09,17998.0,Paid
2953,3453,2021-03-09,20000.0,Paid
6091,6591,2021-03-09,29798.0,Paid
3914,4414,2021-03-10,144199.0,Paid
9613,10113,2021-03-11,2999.0,Paid
6468,6968,2021-03-11,29798.0,Paid
3856,4356,2021-03-11,0.0,Pending
706,1206,2021-03-11,28994.0,Paid
1605,2105,2021-03-11,800.0,Paid
6761,7261,2021-03-11,0.0,Pending
10459,10959,2021-03-11,0.0,Pending
7239,7739,2021-03-12,16300.0,Refunded
1407,1907,2021-03-12,19996.0,Paid
763,1263,2021-03-13,33996.0,Refunded
6956,7456,2021-03-13,9396.0,Paid
1091,1591,2021-03-13,99696.0,Paid
1443,1943,2021-03-14,8500.0,Refunded
7797,8297,2021-03-14,8500.0,Paid
10221,10721,2021-03-15,154700.0,Paid
7888,8388,2021-03-15,26000.0,Paid
9277,9777,2021-03-15,28400.0,Paid
3519,4019,2021-03-16,6598.0,Paid
3423,3923,2021-03-16,7200.0,Paid
8757,9257,2021-03-17,5000.0,Paid
7467,7967,2021-03-18,44500.0,Refunded
1212,1712,2021-03-18,83500.0,Paid
5695,6195,2021-03-19,65998.0,Paid
7726,8226,2021-03-19,44396.0,Paid
6610,7110,2021-03-19,34100.0,Paid
8794,9294,2021-03-20,106600.0,Paid
1637,2137,2021-03-20,86700.0,Paid
7452,7952,2021-03-20,68500.0,Paid
6593,7093,2021-03-21,4400.0,Paid
8434,8934,2021-03-22,68197.0,Paid
4566,5066,2021-03-23,112000.0,Paid
2951,3451,2021-03-23,25497.0,Paid
8191,8691,2021-03-24,23000.0,Paid
7848,8348,2021-03-24,0.0,Pending
1189,1689,2021-03-24,17598.0,Paid
6444,6944,2021-03-24,0.0,Failed
7177,7677,2021-03-24,17800.0,Paid
8584,9084,2021-03-25,14100.0,Refunded
5107,5607,2021-03-27,13097.0,Paid
8364,8864,2021-03-27,43798.0,Paid
1981,2481,2021-03-28,1999.0,Paid
7729,8229,2021-03-29,116597.0,Paid
4923,5423,2021-03-30,114597.0,Paid
4449,4949,2021-03-30,81398.0,Paid
1090,1590,2021-03-30,1500.0,Paid
3579,4079,2021-03-30,26399.0,Paid
6846,7346,2021-03-31,34000.0,Refunded
5022,5522,2021-03-31,63700.0,Paid
5489,5989,2021-04-03,8997.0,Paid
5857,6357,2021-04-03,50000.0,Paid
3264,3764,2021-04-03,94800.0,Paid
8103,8603,2021-04-04,106600.0,Paid
4508,5008,2021-04-04,79500.0,Paid
3097,3597,2021-04-04,5998.0,Refunded
5953,6453,2021-04-05,83100.0,Paid
2609,3109,2021-04-05,15300.0,Paid
3744,4244,2021-04-05,78000.0,Paid
5101,5601,2021-04-08,44995.0,Paid
3602,4102,2021-04-08,23896.0,Paid
3879,4379,2021-04-08,0.0,Failed
6243,6743,2021-04-09,3000.0,Paid
3098,3598,2021-04-10,0.0,Pending
7804,8304,2021-04-10,25000.0,Paid
8527,9027,2021-04-10,39994.0,Paid
5882,6382,2021-04-10,178300.0,Paid
3318,3818,2021-04-10,25998.0,Paid
8980,9480,2021-04-10,28999.0,Paid
3450,3950,2021-04-10,16594.0,Paid
1721,2221,2021-04-10,12200.0,Paid
7195,7695,2021-04-11,57500.0,Paid
7543,8043,2021-04-11,14596.0,Paid
9135,9635,2021-04-11,44200.0,Refunded
1244,1744,2021-04-12,38897.0,Paid
10351,10851,2021-04-12,6999.0,Paid
6615,7115,2021-04-12,29698.0,Paid
9757,10257,2021-04-12,38700.0,Paid
8392,8892,2021-04-13,89497.0,Paid
9580,10080,2021-04-14,4800.0,Paid
9162,9662,2021-04-14,116997.0,Paid
4497,4997,2021-04-14,180600.0,Paid
4059,4559,2021-04-15,2499.0,Paid
7531,8031,2021-04-15,1998.0,Paid
7262,7762,2021-04-15,9000.0,Paid
2991,3491,2021-04-16,56200.0,Paid
4899,5399,2021-04-16,5598.0,Paid
4732,5232,2021-04-16,27000.0,Refunded
9776,10276,2021-04-16,46700.0,Paid
5959,6459,2021-04-16,80497.0,Paid
6801,7301,2021-04-17,6997.0,Paid
544,1044,2021-04-17,97100.0,Paid
4766,5266,2021-04-17,37398.0,Paid
909,1409,2021-04-17,18500.0,Paid
834,1334,2021-04-18,95400.0,Paid
8929,9429,2021-04-18,231900.0,Paid
1820,2320,2021-04-18,40500.0,Paid
2323,2823,2021-04-18,4898.0,Paid
7037,7537,2021-04-19,999.0,Paid
8212,8712,2021-04-19,0.0,Failed
5718,6218,2021-04-20,51999.0,Paid
4713,5213,2021-04-21,66800.0,Paid
7920,8420,2021-04-21,35800.0,Paid
7418,7918,2021-04-21,14495.0,Paid
8962,9462,2021-04-22,42200.0,Paid
5753,6253,2021-04-22,21200.0,Paid
4162,4662,2021-04-23,39200.0,Paid
907,1407,2021-04-23,0.0,Pending
4788,5288,2021-04-23,52600.0,Paid
5636,6136,2021-04-24,29600.0,Paid
4515,5015,2021-04-24,29000.0,Paid
4151,4651,2021-04-25,1600.0,Paid
4326,4826,2021-04-25,124600.0,Paid
9876,10376,2021-04-25,31499.0,Paid
7911,8411,2021-04-25,0.0,Pending
6661,7161,2021-04-26,19200.0,Paid
2435,2935,2021-04-26,22000.0,Paid
2573,3073,2021-04-26,29097.0,Paid
1587,2087,2021-04-26,12900.0,Paid
2349,2849,2021-04-27,5400.0,Paid
7591,8091,2021-04-27,26096.0,Paid
2187,2687,2021-04-27,96500.0,Refunded
9830,10330,2021-04-29,8499.0,Paid
9898,10398,2021-04-29,6300.0,Paid
1453,1953,2021-04-30,61300.0,Paid
5051,5551,2021-04-30,25498.0,Paid
9848,10348,2021-04-30,0.0,Failed
2422,2922,2021-05-01,10000.0,Paid
7350,7850,2021-05-01,0.0,Failed
1651,2151,2021-05-02,0.0,Pending
7014,7514,2021-05-02,0.0,Pending
2143,2643,2021-05-03,227000.0,Paid
5710,6210,2021-05-03,186300.0,Paid
4446,4946,2021-05-04,65998.0,Paid
5102,5602,2021-05-04,169999.0,Paid
6183,6683,2021-05-05,38800.0,Paid
7296,7796,2021-05-05,7200.0,Paid
631,1131,2021-05-06,7700.0,Paid
1883,2383,2021-05-06,98000.0,Paid
7526,8026,2021-05-06,3998.0,Paid
1120,1620,2021-05-07,21600.0,Paid
3491,3991,2021-05-08,46199.0,Paid
10235,10735,2021-05-09,41000.0,Paid
525,1025,2021-05-09,15997.0,Paid
6896,7396,2021-05-10,80500.0,Refunded
2618,3118,2021-05-10,23393.0,Paid
6856,7356,2021-05-11,1800.0,Paid
6464,6964,2021-05-11,39000.0,Paid
3187,3687,2021-05-11,8100.0,Paid
2726,3226,2021-05-12,34000.0,Refunded
1675,2175,2021-05-12,6400.0,Paid
4126,4626,2021-05-13,61300.0,Paid
1264,1764,2021-05-14,39300.0,Paid
4091,4591,2021-05-15,119996.0,Paid
1441,1941,2021-05-15,0.0,Pending
4805,5305,2021-05-15,3600.0,Paid
4405,4905,2021-05-15,79192.0,Paid
8272,8772,2021-05-16,25000.0,Paid
8300,8800,2021-05-16,86396.0,Paid
7408,7908,2021-05-16,151800.0,Paid
9131,9631,2021-05-16,1800.0,Paid
1768,2268,2021-05-16,4500.0,Paid
8332,8832,2021-05-16,54497.0,Paid
749,1249,2021-05-17,62000.0,Paid
8644,9144,2021-05-18,1800.0,Paid
9107,9607,2021-05-19,25296.0,Paid
662,1162,2021-05-19,2700.0,Paid
4219,4719,2021-05-19,31000.0,Paid
8238,8738,2021-05-20,30598.0,Refunded
8034,8534,2021-05-21,3200.0,Paid
7749,8249,2021-05-21,14000.0,Paid
4540,5040,2021-05-21,12498.0,Refunded
5478,5978,2021-05-21,1600.0,Paid
3323,3823,2021-05-22,78000.0,Paid
8573,9073,2021-05-23,25993.0,Paid
4835,5335,2021-05-23,19200.0,Paid
5613,6113,2021-05-23,20600.0,Paid
4931,5431,2021-05-24,25600.0,Paid
7324,7824,2021-05-24,24397.0,Paid
3341,3841,2021-05-24,2200.0,Paid
3979,4479,2021-05-25,24599.0,Paid
2413,2913,2021-05-25,40800.0,Paid
6351,6851,2021-05-25,27600.0,Paid
2617,3117,2021-05-25,65600.0,Paid
7719,8219,2021-05-26,56000.0,Paid
7489,7989,2021-05-26,18199.0,Paid
1761,2261,2021-05-27,18295.0,Paid
6483,6983,2021-05-27,5400.0,Refunded
10350,10850,2021-05-27,111697.0,Paid
5536,6036,2021-05-27,33997.0,Paid
4541,5041,2021-05-28,24396.0,Paid
5394,5894,2021-05-28,27396.0,Paid
708,1208,2021-05-29,20397.0,Paid
7578,8078,2021-05-29,26497.0,Paid
3901,4401,2021-05-29,109593.0,Paid
2027,2527,2021-05-29,11000.0,Paid
1256,1756,2021-05-29,72499.0,Paid
7058,7558,2021-05-29,76100.0,Paid
3494,3994,2021-05-29,54597.0,Paid
6155,6655,2021-05-30,141900.0,Paid
563,1063,2021-05-30,20696.0,Paid
6083,6583,2021-05-30,24300.0,Paid
5517,6017,2021-06-01,207000.0,Refunded
6595,7095,2021-06-01,53500.0,Paid
7443,7943,2021-06-01,21698.0,Paid
8465,8965,2021-06-02,30800.0,Paid
3586,4086,2021-06-02,71500.0,Paid
5519,6019,2021-06-02,21792.0,Paid
2858,3358,2021-06-02,36800.0,Paid
5512,6012,2021-06-03,45897.0,Refunded
2149,2649,2021-06-03,18000.0,Paid
4934,5434,2021-06-03,62998.0,Paid
8397,8897,2021-06-05,81996.0,Paid
8325,8825,2021-06-05,12996.0,Paid
520,1020,2021-06-05,28500.0,Paid
1302,1802,2021-06-06,12996.0,Paid
10143,10643,2021-06-06,86999.0,Paid
1521,2021,2021-06-06,246800.0,Paid
8994,9494,2021-06-06,1800.0,Refunded
2228,2728,2021-06-07,48896.0,Refunded
9392,9892,2021-06-07,9600.0,Paid
6165,6665,2021-06-08,26200.0,Paid
707,1207,2021-06-09,1999.0,Paid
6192,6692,2021-06-09,2997.0,Paid
6073,6573,2021-06-09,4800.0,Paid
7076,7576,2021-06-10,51300.0,Paid
4703,5203,2021-06-10,41400.0,Paid
2303,2803,2021-06-11,28497.0,Paid
5781,6281,2021-06-11,0.0,Pending
5333,5833,2021-06-11,84000.0,Paid
3162,3662,2021-06-11,14799.0,Paid
1695,2195,2021-06-12,0.0,Pending
1954,2454,2021-06-13,3500.0,Paid
2948,3448,2021-06-13,0.0,Pending
4903,5403,2021-06-14,58199.0,Paid
7204,7704,2021-06-14,1499.0,Refunded
896,1396,2021-06-14,40496.0,Paid
6662,7162,2021-06-14,22897.0,Paid
7646,8146,2021-06-14,140800.0,Paid
8144,8644,2021-06-14,36997.0,Paid
6592,7092,2021-06-14,51600.0,Refunded
7168,7668,2021-06-15,0.0,Pending
6448,6948,2021-06-15,19496.0,Paid
3789,4289,2021-06-15,45000.0,Paid
9398,9898,2021-06-17,41900.0,Paid
3495,3995,2021-06-17,34800.0,Paid
4498,4998,2021-06-18,34300.0,Paid
5278,5778,2021-06-18,103000.0,Paid
4988,5488,2021-06-19,60998.0,Paid
3242,3742,2021-06-19,0.0,Pending
4029,4529,2021-06-19,13399.0,Paid
3822,4322,2021-06-20,3600.0,Paid
9038,9538,2021-06-20,0.0,Failed
3446,3946,2021-06-20,37000.0,Paid
4516,5016,2021-06-20,2700.0,Paid
6041,6541,2021-06-20,10300.0,Paid
6663,7163,2021-06-21,21000.0,Paid
7493,7993,2021-06-22,8500.0,Paid
5220,5720,2021-06-22,19500.0,Paid
10256,10756,2021-06-24,17000.0,Paid
1730,2230,2021-06-24,75900.0,Refunded
6488,6988,2021-06-26,4400.0,Paid
4054,4554,2021-06-27,1500.0,Paid
6718,7218,2021-06-27,38900.0,Paid
2460,2960,2021-06-27,17998.0,Paid
10112,10612,2021-06-27,130400.0,Paid
5455,5955,2021-06-28,73994.0,Paid
5268,5768,2021-06-28,1499.0,Paid
6519,7019,2021-06-28,4497.0,Paid
8973,9473,2021-06-28,2000.0,Paid
6457,6957,2021-06-29,25000.0,Paid
3196,3696,2021-06-29,0.0,Pending
8615,9115,2021-06-29,35900.0,Paid
9741,10241,2021-06-29,112000.0,Paid
6757,7257,2021-06-30,36200.0,Paid
2347,2847,2021-06-30,8500.0,Paid
3153,3653,2021-06-30,9300.0,Paid
1408,1908,2021-07-01,2997.0,Paid
10473,10973,2021-07-01,51600.0,Paid
3158,3658,2021-07-01,22398.0,Paid
7067,7567,2021-07-01,122499.0,Paid
825,1325,2021-07-01,23799.0,Paid
6059,6559,2021-07-02,23497.0,Paid
10106,10606,2021-07-02,224900.0,Paid
1060,1560,2021-07-03,174400.0,Paid
4913,5413,2021-07-03,1800.0,Paid
5328,5828,2021-07-03,14496.0,Paid
4107,4607,2021-07-04,0.0,Pending
2521,3021,2021-07-05,32496.0,Paid
3415,3915,2021-07-06,19898.0,Paid
527,1027,2021-07-08,3599.0,Paid
6063,6563,2021-07-08,0.0,Pending
9330,9830,2021-07-08,25197.0,Paid
2125,2625,2021-07-09,40000.0,Refunded
1650,2150,2021-07-09,72496.0,Paid
5435,5935,2021-07-09,22496.0,Paid
6008,6508,2021-07-10,7995.0,Paid
785,1285,2021-07-10,83496.0,Paid
10401,10901,2021-07-10,7200.0,Paid
9705,10205,2021-07-10,16000.0,Paid
912,1412,2021-07-10,7000.0,Refunded
1284,1784,2021-07-10,16300.0,Paid
1308,1808,2021-07-11,173000.0,Paid
4936,5436,2021-07-11,115800.0,Paid
8957,9457,2021-07-12,78600.0,Paid
2058,2558,2021-07-12,31600.0,Paid
8571,9071,2021-07-12,118496.0,Paid
7447,7947,2021-07-13,136498.0,Paid
6638,7138,2021-07-13,11196.0,Paid
8117,8617,2021-07-13,52997.0,Paid
2326,2826,2021-07-13,105497.0,Paid
7050,7550,2021-07-13,2997.0,Paid
786,1286,2021-07-13,10500.0,Paid
9281,9781,2021-07-14,15400.0,Paid
865,1365,2021-07-14,39100.0,Paid
1908,2408,2021-07-15,13200.0,Paid
3937,4437,2021-07-15,81500.0,Paid
8463,8963,2021-07-15,40000.0,Refunded
7224,7724,2021-07-16,37597.0,Paid
10334,10834,2021-07-16,17797.0,Paid
7192,7692,2021-07-16,31700.0,Paid
9522,10022,2021-07-17,32000.0,Paid
3788,4288,2021-07-17,5400.0,Paid
7881,8381,2021-07-18,11700.0,Paid
3986,4486,2021-07-19,17496.0,Paid
2658,3158,2021-07-19,11599.0,Paid
5462,5962,2021-07-19,2997.0,Paid
2671,3171,2021-07-19,0.0,Pending
9540,10040,2021-07-20,100500.0,Paid
1363,1863,2021-07-20,45498.0,Paid
7085,7585,2021-07-20,11400.0,Paid
1297,1797,2021-07-20,112798.0,Paid
2478,2978,2021-07-20,109600.0,Paid
2929,3429,2021-07-20,11996.0,Paid
3948,4448,2021-07-21,251300.0,Paid
6995,7495,2021-07-23,5996.0,Paid
10252,10752,2021-07-23,93998.0,Paid
1774,2274,2021-07-23,5996.0,Paid
1012,1512,2021-07-23,0.0,Pending
4765,5265,2021-07-24,25000.0,Paid
9839,10339,2021-07-24,1800.0,Paid
7868,8368,2021-07-25,84000.0,Paid
4547,5047,2021-07-25,11499.0,Paid
5760,6260,2021-07-25,0.0,Pending
2632,3132,2021-07-25,3200.0,Paid
5456,5956,2021-07-25,0.0,Failed
4464,4964,2021-07-26,113800.0,Refunded
10400,10900,2021-07-26,0.0,Pending
5034,5534,2021-07-26,25800.0,Paid
9867,10367,2021-07-26,25697.0,Paid
3578,4078,2021-07-26,23299.0,Paid
3799,4299,2021-07-26,158000.0,Paid
8629,9129,2021-07-27,999.0,Paid
853,1353,2021-07-27,86700.0,Refunded
5461,5961,2021-07-27,11399.0,Paid
4281,4781,2021-07-27,19499.0,Paid
1590,2090,2021-07-28,115500.0,Paid
7403,7903,2021-07-28,36497.0,Paid
2869,3369,2021-07-29,14000.0,Paid
9340,9840,2021-07-29,19600.0,Paid
5049,5549,2021-07-29,121998.0,Paid
2348,2848,2021-07-30,7200.0,Paid
4171,4671,2021-07-30,3399.0,Paid
8512,9012,2021-07-30,7200.0,Paid
8542,9042,2021-07-30,23499.0,Paid
4617,5117,2021-07-30,0.0,Pending
4955,5455,2021-07-30,10199.0,Paid
663,1163,2021-07-31,136998.0,Paid
10233,10733,2021-07-31,58000.0,Paid
8431,8931,2021-08-01,0.0,Pending
6617,7117,2021-08-01,112999.0,Refunded
1446,1946,2021-08-02,220000.0,Paid
10185,10685,2021-08-03,0.0,Pending
5844,6344,2021-08-03,28996.0,Paid
8978,9478,2021-08-03,3800.0,Paid
9760,10260,2021-08-04,65900.0,Paid
3559,4059,2021-08-04,44200.0,Paid
8943,9443,2021-08-05,9600.0,Paid
3827,4327,2021-08-05,14000.0,Paid
1657,2157,2021-08-05,23296.0,Paid
5322,5822,2021-08-07,46196.0,Paid
8818,9318,2021-08-07,94200.0,Refunded
2133,2633,2021-08-07,0.0,Pending
1172,1672,2021-08-07,14600.0,Paid
1329,1829,2021-08-08,20600.0,Paid
6399,6899,2021-08-08,0.0,Pending
3353,3853,2021-08-09,0.0,Pending
3678,4178,2021-08-09,25200.0,Paid
10352,10852,2021-08-10,83800.0,Refunded
7314,7814,2021-08-10,800.0,Paid
9530,10030,2021-08-10,165600.0,Paid
4288,4788,2021-08-10,0.0,Pending
6907,7407,2021-08-11,104899.0,Paid
3677,4177,2021-08-11,24099.0,Paid
7501,8001,2021-08-11,298600.0,Paid
8247,8747,2021-08-12,50500.0,Paid
7870,8370,2021-08-13,34397.0,Paid
6005,6505,2021-08-13,1499.0,Paid
3267,3767,2021-08-13,9600.0,Paid
6058,6558,2021-08-14,5998.0,Paid
6730,7230,2021-08-14,31600.0,Paid
4891,5391,2021-08-15,20300.0,Paid
6338,6838,2021-08-15,110800.0,Paid
4153,4653,2021-08-15,32997.0,Paid
6403,6903,2021-08-15,27200.0,Paid
4083,4583,2021-08-16,7000.0,Paid
7674,8174,2021-08-16,84598.0,Refunded
1188,1688,2021-08-17,39000.0,Paid
7559,8059,2021-08-17,0.0,Pending
5437,5937,2021-08-17,11992.0,Refunded
1945,2445,2021-08-18,36095.0,Paid
7230,7730,2021-08-18,34500.0,Paid
4714,5214,2021-08-19,72796.0,Paid
4677,5177,2021-08-19,22400.0,Paid
6539,7039,2021-08-19,71996.0,Paid
3321,3821,2021-08-19,23000.0,Paid
6559,7059,2021-08-20,16199.0,Paid
8380,8880,2021-08-20,122800.0,Paid
629,1129,2021-08-20,62598.0,Paid
6720,7220,2021-08-20,19199.0,Paid
1525,2025,2021-08-21,28200.0,Refunded
9722,10222,2021-08-21,9200.0,Paid
9855,10355,2021-08-21,19300.0,Refunded
6987,7487,2021-08-22,26800.0,Paid
8372,8872,2021-08-22,14900.0,Paid
5942,6442,2021-08-22,35097.0,Paid
5231,5731,2021-08-22,4800.0,Paid
4915,5415,2021-08-22,0.0,Failed
8207,8707,2021-08-22,0.0,Pending
919,1419,2021-08-22,6100.0,Paid
7409,7909,2021-08-23,28300.0,Paid
3197,3697,2021-08-23,0.0,Pending
1542,2042,2021-08-24,9996.0,Paid
4771,5271,2021-08-25,30000.0,Paid
9249,9749,2021-08-25,21600.0,Paid
4161,4661,2021-08-26,3600.0,Paid
6280,6780,2021-08-26,48392.0,Paid
6416,6916,2021-08-26,16897.0,Paid
7602,8102,2021-08-27,92800.0,Paid
1310,1810,2021-08-27,1998.0,Paid
7006,7506,2021-08-28,9000.0,Paid
9512,10012,2021-08-28,160500.0,Paid
565,1065,2021-08-28,57000.0,Paid
5495,5995,2021-08-29,25800.0,Paid
4521,5021,2021-08-29,175998.0,Paid
6815,7315,2021-08-29,0.0,Pending
6329,6829,2021-08-30,7398.0,Paid
4557,5057,2021-08-30,8800.0,Paid
5619,6119,2021-08-31,45596.0,Paid
6423,6923,2021-08-31,4200.0,Refunded
5460,5960,2021-08-31,8800.0,Paid
5565,6065,2021-08-31,1499.0,Paid
7988,8488,2021-08-31,3999.0,Paid
2570,3070,2021-08-31,8900.0,Paid
2182,2682,2021-09-01,23700.0,Paid
2754,3254,2021-09-01,20200.0,Paid
7353,7853,2021-09-01,21496.0,Paid
5899,6399,2021-09-01,167700.0,Paid
9521,10021,2021-09-01,32998.0,Paid
1848,2348,2021-09-01,0.0,Pending
8825,9325,2021-09-01,16800.0,Paid
6922,7422,2021-09-02,14500.0,Paid
1794,2294,2021-09-02,54000.0,Paid
4373,4873,2021-09-02,148494.0,Paid
4873,5373,2021-09-03,47100.0,Paid
9106,9606,2021-09-03,0.0,Pending
5859,6359,2021-09-03,87300.0,Paid
4056,4556,2021-09-04,69600.0,Paid
4039,4539,2021-09-04,4400.0,Paid
7412,7912,2021-09-04,92497.0,Paid
1373,1873,2021-09-04,8800.0,Paid
2882,3382,2021-09-04,4500.0,Paid
6573,7073,2021-09-05,36800.0,Paid
2758,3258,2021-09-05,9000.0,Refunded
9934,10434,2021-09-05,56598.0,Paid
9130,9630,2021-09-05,29394.0,Paid
7018,7518,2021-09-05,2700.0,Paid
6347,6847,2021-09-05,27596.0,Paid
578,1078,2021-09-05,8997.0,Paid
6605,7105,2021-09-05,136400.0,Refunded
3990,4490,2021-09-05,0.0,Pending
7775,8275,2021-09-05,8997.0,Paid
892,1392,2021-09-06,16300.0,Paid
7847,8347,2021-09-06,3500.0,Paid
9541,10041,2021-09-06,50000.0,Paid
7020,7520,2021-09-07,900.0,Paid
5397,5897,2021-09-07,42100.0,Paid
10468,10968,2021-09-08,25696.0,Paid
8898,9398,2021-09-08,0.0,Pending
10171,10671,2021-09-08,110000.0,Paid
5535,6035,2021-09-09,10000.0,Paid
6868,7368,2021-09-09,1500.0,Paid
5968,6468,2021-09-10,12800.0,Paid
7661,8161,2021-09-10,17600.0,Paid
972,1472,2021-09-10,25896.0,Paid
7662,8162,2021-09-10,7798.0,Paid
6872,7372,2021-09-11,230999.0,Paid
8293,8793,2021-09-11,0.0,Failed
3006,3506,2021-09-11,26700.0,Paid
7882,8382,2021-09-11,29600.0,Paid
2978,3478,2021-09-12,16000.0,Paid
8193,8693,2021-09-12,40200.0,Paid
2006,2506,2021-09-12,23000.0,Paid
990,1490,2021-09-12,23000.0,Paid
9094,9594,2021-09-13,21400.0,Paid
3133,3633,2021-09-14,11997.0,Paid
5713,6213,2021-09-15,13200.0,Paid
8619,9119,2021-09-15,20300.0,Paid
1985,2485,2021-09-16,81496.0,Paid
682,1182,2021-09-16,4500.0,Paid
5378,5878,2021-09-18,72000.0,Refunded
8664,9164,2021-09-18,41100.0,Paid
9336,9836,2021-09-19,11100.0,Paid
3729,4229,2021-09-21,22800.0,Paid
8910,9410,2021-09-21,69997.0,Paid
7533,8033,2021-09-21,29700.0,Paid
5313,5813,2021-09-21,7500.0,Paid
5048,5548,2021-09-22,5300.0,Paid
2638,3138,2021-09-22,0.0,Failed
6254,6754,2021-09-22,5000.0,Paid
5387,5887,2021-09-23,6800.0,Paid
7558,8058,2021-09-23,21000.0,Paid
4649,5149,2021-09-23,48400.0,Paid
4258,4758,2021-09-24,95800.0,Paid
2806,3306,2021-09-24,18097.0,Paid
5454,5954,2021-09-24,999.0,Paid
8710,9210,2021-09-26,21000.0,Paid
3202,3702,2021-09-26,2500.0,Paid
10396,10896,2021-09-26,100000.0,Paid
4790,5290,2021-09-26,1500.0,Paid
4803,5303,2021-09-27,57500.0,Paid
8211,8711,2021-09-27,21500.0,Paid
7356,7856,2021-09-27,31600.0,Paid
9158,9658,2021-09-27,22599.0,Paid
9724,10224,2021-09-27,4998.0,Paid
9421,9921,2021-09-27,53500.0,Refunded
8012,8512,2021-09-28,18196.0,Refunded
8942,9442,2021-09-29,269700.0,Paid
2124,2624,2021-09-30,6600.0,Paid
3136,3636,2021-10-01,37096.0,Paid
4844,5344,2021-10-01,1800.0,Paid
7653,8153,2021-10-01,143400.0,Paid
3358,3858,2021-10-01,233396.0,Paid
609,1109,2021-10-01,53799.0,Paid
9889,10389,2021-10-01,7499.0,Paid
8276,8776,2021-10-01,21700.0,Paid
3022,3522,2021-10-02,106199.0,Paid
6037,6537,2021-10-02,22000.0,Paid
7656,8156,2021-10-03,0.0,Pending
3778,4278,2021-10-03,42399.0,Paid
6971,7471,2021-10-03,12200.0,Paid
5457,5957,2021-10-03,37800.0,Paid
2488,2988,2021-10-03,12100.0,Paid
9994,10494,2021-10-03,61000.0,Paid
7565,8065,2021-10-04,6600.0,Paid
2763,3263,2021-10-04,3200.0,Refunded
836,1336,2021-10-04,220000.0,Paid
10303,10803,2021-10-04,105697.0,Paid
622,1122,2021-10-04,10800.0,Paid
9548,10048,2021-10-05,109000.0,Paid
8015,8515,2021-10-05,91200.0,Paid
2066,2566,2021-10-06,13995.0,Paid
5618,6118,2021-10-07,7998.0,Paid
9006,9506,2021-10-08,76098.0,Paid
2808,3308,2021-10-08,20594.0,Paid
9602,10102,2021-10-08,21000.0,Paid
7584,8084,2021-10-08,7899.0,Paid
8349,8849,2021-10-08,26500.0,Paid
6824,7324,2021-10-09,3996.0,Paid
10313,10813,2021-10-09,13100.0,Paid
10217,10717,2021-10-09,48897.0,Paid
3251,3751,2021-10-09,21900.0,Paid
9445,9945,2021-10-10,19998.0,Paid
3233,3733,2021-10-10,19400.0,Paid
4499,4999,2021-10-11,27197.0,Paid
5649,6149,2021-10-11,33300.0,Refunded
9808,10308,2021-10-11,14000.0,Paid
4368,4868,2021-10-12,6797.0,Paid
8886,9386,2021-10-12,63200.0,Paid
6993,7493,2021-10-12,30200.0,Paid
6881,7381,2021-10-13,40199.0,Paid
4047,4547,2021-10-13,8799.0,Paid
10300,10800,2021-10-13,119499.0,Paid
7856,8356,2021-10-14,11498.0,Paid
8494,8994,2021-10-14,76500.0,Refunded
4127,4627,2021-10-14,121498.0,Paid
3804,4304,2021-10-14,117200.0,Paid
8150,8650,2021-10-15,0.0,Pending
10472,10972,2021-10-15,15500.0,Paid
712,1212,2021-10-16,25500.0,Paid
8133,8633,2021-10-16,14800.0,Refunded
8189,8689,2021-10-16,5997.0,Refunded
4943,5443,2021-10-17,9900.0,Paid
5237,5737,2021-10-17,22498.0,Paid
1880,2380,2021-10-18,17000.0,Paid
4241,4741,2021-10-18,28196.0,Paid
9962,10462,2021-10-18,48698.0,Paid
938,1438,2021-10-18,104093.0,Paid
3135,3635,2021-10-18,105200.0,Paid
10093,10593,2021-10-19,22800.0,Paid
4821,5321,2021-10-19,20996.0,Paid
6117,6617,2021-10-19,9700.0,Paid
7942,8442,2021-10-19,13300.0,Paid
4479,4979,2021-10-19,31392.0,Paid
2652,3152,2021-10-20,0.0,Pending
4640,5140,2021-10-20,2400.0,Paid
5922,6422,2021-10-21,42800.0,Paid
1445,1945,2021-10-21,5998.0,Paid
5906,6406,2021-10-21,3996.0,Refunded
9101,9601,2021-10-22,6300.0,Paid
941,1441,2021-10-22,53000.0,Paid
8394,8894,2021-10-22,103500.0,Paid
777,1277,2021-10-22,0.0,Pending
3690,4190,2021-10-22,7000.0,Paid
1614,2114,2021-10-23,25296.0,Paid
994,1494,2021-10-23,25596.0,Paid
9082,9582,2021-10-26,109400.0,Paid
1503,2003,2021-10-26,19800.0,Paid
2352,2852,2021-10-27,40200.0,Paid
8390,8890,2021-10-27,96200.0,Paid
9349,9849,2021-10-27,0.0,Pending
1828,2328,2021-10-27,13300.0,Paid
9650,10150,2021-10-28,23200.0,Paid
2856,3356,2021-10-28,3600.0,Paid
7755,8255,2021-10-28,30400.0,Paid
8764,9264,2021-10-28,130400.0,Paid
9864,10364,2021-10-29,35196.0,Paid
5611,6111,2021-10-29,11996.0,Paid
6950,7450,2021-10-30,20600.0,Paid
2783,3283,2021-10-30,101999.0,Paid
6130,6630,2021-10-31,17898.0,Paid
9749,10249,2021-10-31,5499.0,Paid
1094,1594,2021-11-01,10500.0,Paid
6148,6648,2021-11-01,65600.0,Paid
4370,4870,2021-11-01,0.0,Pending
569,1069,2021-11-01,7500.0,Paid
9024,9524,2021-11-01,41500.0,Paid
6975,7475,2021-11-02,32697.0,Paid
7481,7981,2021-11-03,14700.0,Paid
1868,2368,2021-11-03,122000.0,Paid
5604,6104,2021-11-03,0.0,Pending
3564,4064,2021-11-04,10500.0,Paid
1459,1959,2021-11-04,9500.0,Paid
6466,6966,2021-11-04,0.0,Pending
3115,3615,2021-11-04,3000.0,Paid
5956,6456,2021-11-05,115000.0,Paid
10022,10522,2021-11-05,66996.0,Paid
3743,4243,2021-11-05,18696.0,Paid
10050,10550,2021-11-05,170500.0,Paid
8177,8677,2021-11-06,173997.0,Paid
3336,3836,2021-11-06,2499.0,Paid
6156,6656,2021-11-06,59396.0,Paid
4702,5202,2021-11-06,2499.0,Paid
2982,3482,2021-11-06,75699.0,Paid
5360,5860,2021-11-06,23300.0,Paid
3099,3599,2021-11-07,62000.0,Paid
1165,1665,2021-11-07,4500.0,Paid
2916,3416,2021-11-08,113200.0,Paid
7002,7502,2021-11-08,7996.0,Paid
10102,10602,2021-11-08,7497.0,Paid
2121,2621,2021-11-08,32997.0,Paid
9737,10237,2021-11-08,50000.0,Paid
9494,9994,2021-11-08,29500.0,Paid
5503,6003,2021-11-09,95800.0,Paid
5082,5582,2021-11-09,19498.0,Paid
10500,11000,2021-11-09,36400.0,Paid
6811,7311,2021-11-10,93600.0,Paid
6335,6835,2021-11-10,12000.0,Paid
6974,7474,2021-11-10,101800.0,Paid
644,1144,2021-11-11,36400.0,Paid
5399,5899,2021-11-12,165900.0,Paid
8699,9199,2021-11-12,72000.0,Paid
740,1240,2021-11-12,173000.0,Paid
7488,7988,2021-11-12,93600.0,Paid
5648,6148,2021-11-13,16500.0,Paid
4302,4802,2021-11-13,147992.0,Paid
4097,4597,2021-11-13,1600.0,Paid
822,1322,2021-11-13,6498.0,Paid
9289,9789,2021-11-13,21500.0,Paid
2211,2711,2021-11-14,2000.0,Paid
6064,6564,2021-11-14,81496.0,Paid
8423,8923,2021-11-14,19799.0,Paid
3140,3640,2021-11-14,101800.0,Paid
3708,4208,2021-11-15,0.0,Pending
4641,5141,2021-11-15,19200.0,Paid
655,1155,2021-11-15,4500.0,Paid
4689,5189,2021-11-17,5400.0,Paid
7675,8175,2021-11-18,39500.0,Paid
4276,4776,2021-11-18,19900.0,Paid
9485,9985,2021-11-18,36500.0,Refunded
8151,8651,2021-11-18,1800.0,Paid
6134,6634,2021-11-18,156500.0,Paid
6342,6842,2021-11-18,11497.0,Refunded
6061,6561,2021-11-19,58499.0,Paid
1527,2027,2021-11-19,30900.0,Paid
5714,6214,2021-11-21,19700.0,Paid
4964,5464,2021-11-21,17200.0,Paid
1457,1957,2021-11-21,78800.0,Paid
918,1418,2021-11-22,14200.0,Paid
9200,9700,2021-11-22,5598.0,Paid
2940,3440,2021-11-22,132300.0,Paid
9492,9992,2021-11-23,37596.0,Paid
683,1183,2021-11-23,8994.0,Paid
6735,7235,2021-11-23,5400.0,Paid
4350,4850,2021-11-24,3000.0,Paid
6336,6836,2021-11-25,11493.0,Paid
7022,7522,2021-11-25,55000.0,Paid
4089,4589,2021-11-26,1998.0,Paid
3693,4193,2021-11-26,146000.0,Paid
7621,8121,2021-11-26,8799.0,Paid
4593,5093,2021-11-26,22498.0,Paid
6786,7286,2021-11-26,22600.0,Paid
7992,8492,2021-11-26,3998.0,Paid
1154,1654,2021-11-27,24800.0,Paid
6086,6586,2021-11-27,191200.0,Paid
10409,10909,2021-11-27,24100.0,Paid
4962,5462,2021-11-28,110000.0,Paid
9278,9778,2021-11-28,35500.0,Paid
4003,4503,2021-11-28,16393.0,Paid
4202,4702,2021-11-28,20495.0,Refunded
9680,10180,2021-11-28,42497.0,Paid
8892,9392,2021-11-29,34296.0,Paid
6169,6669,2021-11-29,25096.0,Paid
1505,2005,2021-11-29,9600.0,Paid
2011,2511,2021-11-29,7500.0,Paid
10212,10712,2021-11-29,28000.0,Paid
876,1376,2021-11-29,40200.0,Paid
2183,2683,2021-11-29,79500.0,Paid
2380,2880,2021-11-30,9600.0,Paid
4292,4792,2021-11-30,114796.0,Paid
7401,7901,2021-12-01,8499.0,Paid
630,1130,2021-12-01,76998.0,Paid
742,1242,2021-12-01,0.0,Pending
7470,7970,2021-12-01,24994.0,Paid
8773,9273,2021-12-01,20100.0,Paid
7864,8364,2021-12-02,1600.0,Paid
5270,5770,2021-12-02,0.0,Pending
6004,6504,2021-12-03,3000.0,Paid
7569,8069,2021-12-03,34400.0,Paid
4110,4610,2021-12-03,20500.0,Paid
8415,8915,2021-12-03,0.0,Pending
4195,4695,2021-12-03,5300.0,Paid
1944,2444,2021-12-03,30499.0,Paid
8321,8821,2021-12-03,1800.0,Paid
2312,2812,2021-12-03,93000.0,Refunded
1032,1532,2021-12-04,38800.0,Paid
8855,9355,2021-12-04,115800.0,Paid
2972,3472,2021-12-04,13997.0,Paid
1131,1631,2021-12-04,284397.0,Paid
4967,5467,2021-12-04,151900.0,Paid
7668,8168,2021-12-04,97000.0,Paid
6007,6507,2021-12-05,2997.0,Paid
4598,5098,2021-12-05,0.0,Pending
4108,4608,2021-12-05,142000.0,Paid
8244,8744,2021-12-06,31696.0,Paid
4864,5364,2021-12-07,9200.0,Paid
1535,2035,2021-12-07,27700.0,Paid
5804,6304,2021-12-07,39198.0,Paid
3984,4484,2021-12-07,15496.0,Paid
9627,10127,2021-12-08,12994.0,Paid
4124,4624,2021-12-08,3998.0,Paid
1316,1816,2021-12-09,94000.0,Paid
10134,10634,2021-12-09,8097.0,Refunded
6873,7373,2021-12-09,12200.0,Paid
6612,7112,2021-12-09,0.0,Pending
7752,8252,2021-12-10,1500.0,Paid
8010,8510,2021-12-10,0.0,Pending
9783,10283,2021-12-11,27898.0,Paid
4012,4512,2021-12-11,10500.0,Paid
6002,6502,2021-12-11,78200.0,Paid
1357,1857,2021-12-11,28899.0,Paid
3118,3618,2021-12-11,163500.0,Paid
9053,9553,2021-12-11,26500.0,Paid
2101,2601,2021-12-12,57900.0,Paid
1490,1990,2021-12-12,25696.0,Paid
1225,1725,2021-12-13,36200.0,Paid
2132,2632,2021-12-13,17300.0,Paid
8203,8703,2021-12-13,56800.0,Paid
3977,4477,2021-12-14,14000.0,Paid
9887,10387,2021-12-14,5899.0,Paid
4716,5216,2021-12-15,129000.0,Paid
2930,3430,2021-12-15,178600.0,Paid
9148,9648,2021-12-15,0.0,Pending
2134,2634,2021-12-16,11000.0,Paid
1805,2305,2021-12-17,24399.0,Paid
9437,9937,2021-12-17,62200.0,Paid
10206,10706,2021-12-17,5000.0,Paid
828,1328,2021-12-17,6000.0,Paid
4203,4703,2021-12-17,11097.0,Paid
9611,10111,2021-12-18,0.0,Pending
9565,10065,2021-12-18,14800.0,Paid
8082,8582,2021-12-19,16500.0,Paid
6052,6552,2021-12-19,90000.0,Paid
2572,3072,2021-12-19,7500.0,Paid
4926,5426,2021-12-19,12900.0,Paid
7980,8480,2021-12-20,21000.0,Paid
5938,6438,2021-12-20,23500.0,Paid
5253,5753,2021-12-20,29800.0,Paid
3314,3814,2021-12-21,0.0,Pending
7469,7969,2021-12-22,81000.0,Paid
10330,10830,2021-12-22,11500.0,Paid
4249,4749,2021-12-23,1499.0,Paid
8221,8721,2021-12-23,0.0,Pending
8490,8990,2021-12-23,46500.0,Paid
960,1460,2021-12-23,21796.0,Paid
8028,8528,2021-12-23,0.0,Pending
2147,2647,2021-12-24,30300.0,Paid
8694,9194,2021-12-24,21797.0,Paid
3426,3926,2021-12-24,5400.0,Paid
4880,5380,2021-12-24,90400.0,Paid
6897,7397,2021-12-25,10000.0,Paid
2080,2580,2021-12-25,49497.0,Refunded
6755,7255,2021-12-26,7500.0,Paid
2072,2572,2021-12-26,6700.0,Paid
8104,8604,2021-12-27,75000.0,Paid
8059,8559,2021-12-27,83500.0,Paid
4175,4675,2021-12-27,86796.0,Paid
582,1082,2021-12-27,89996.0,Paid
7806,8306,2021-12-28,37500.0,Paid
10393,10893,2021-12-28,16998.0,Paid
1824,2324,2021-12-28,58500.0,Paid
6679,7179,2021-12-28,165000.0,Paid
759,1259,2021-12-28,50000.0,Refunded
6516,7016,2021-12-28,8796.0,Paid
5817,6317,2021-12-28,6994.0,Paid
2753,3253,2021-12-28,73700.0,Paid
1347,1847,2021-12-29,21196.0,Paid
7522,8022,2021-12-29,31596.0,Paid
3652,4152,2021-12-29,4998.0,Paid
8961,9461,2021-12-30,220000.0,Paid
5875,6375,2021-12-30,7200.0,Paid
564,1064,2021-12-30,100000.0,Paid
10336,10836,2021-12-30,110000.0,Paid
9070,9570,2021-12-30,32899.0,Paid
7319,7819,2021-12-31,25500.0,Paid
6241,6741,2021-12-31,37500.0,Paid
7202,7702,2021-12-31,134999.0,Paid
2604,3104,2021-12-31,57200.0,Paid
4882,5382,2022-01-01,4996.0,Paid
6356,6856,2022-01-02,94396.0,Paid
9431,9931,2022-01-02,49500.0,Paid
3004,3504,2022-01-03,11900.0,Paid
5895,6395,2022-01-04,6597.0,Paid
10169,10669,2022-01-04,2500.0,Paid
1314,1814,2022-01-04,12500.0,Paid
3808,4308,2022-01-05,25896.0,Paid
10231,10731,2022-01-05,11300.0,Paid
4975,5475,2022-01-05,59700.0,Paid
615,1115,2022-01-05,21400.0,Paid
4004,4504,2022-01-05,50000.0,Paid
756,1256,2022-01-07,69700.0,Paid
4280,4780,2022-01-07,16200.0,Paid
9651,10151,2022-01-08,44996.0,Paid
8345,8845,2022-01-09,166997.0,Paid
7191,7691,2022-01-10,18997.0,Paid
2018,2518,2022-01-11,129300.0,Refunded
1452,1952,2022-01-11,1800.0,Paid
1100,1600,2022-01-12,19200.0,Paid
9812,10312,2022-01-12,25996.0,Paid
1559,2059,2022-01-12,32800.0,Paid
2218,2718,2022-01-12,1500.0,Paid
1586,2086,2022-01-12,42200.0,Paid
5239,5739,2022-01-13,23000.0,Paid
6701,7201,2022-01-13,16400.0,Paid
1763,2263,2022-01-13,3000.0,Paid
4348,4848,2022-01-14,14000.0,Paid
6743,7243,2022-01-14,70000.0,Refunded
7873,8373,2022-01-14,7000.0,Paid
1782,2282,2022-01-15,16700.0,Paid
4001,4501,2022-01-15,6400.0,Paid
5681,6181,2022-01-15,23296.0,Paid
8148,8648,2022-01-15,103300.0,Paid
1496,1996,2022-01-16,31300.0,Paid
5936,6436,2022-01-16,0.0,Pending
639,1139,2022-01-17,103997.0,Paid
1298,1798,2022-01-17,50000.0,Paid
8237,8737,2022-01-18,0.0,Pending
6184,6684,2022-01-18,0.0,Pending
5982,6482,2022-01-19,129200.0,Refunded
3116,3616,2022-01-20,4700.0,Paid
7647,8147,2022-01-21,17798.0,Paid
4157,4657,2022-01-21,61100.0,Paid
5288,5788,2022-01-21,2200.0,Paid
6014,6514,2022-01-22,54400.0,Paid
3699,4199,2022-01-23,8097.0,Paid
9878,10378,2022-01-23,43797.0,Paid
1793,2293,2022-01-23,56000.0,Paid
1972,2472,2022-01-24,79600.0,Paid
5937,6437,2022-01-24,74200.0,Paid
1700,2200,2022-01-24,71198.0,Paid
2528,3028,2022-01-25,999.0,Paid
840,1340,2022-01-25,227400.0,Paid
5962,6462,2022-01-25,58700.0,Paid
9417,9917,2022-01-26,24700.0,Refunded
7678,8178,2022-01-26,14000.0,Paid
6306,6806,2022-01-26,10995.0,Paid
3702,4202,2022-01-26,3600.0,Paid
3581,4081,2022-01-27,21497.0,Paid
6765,7265,2022-01-28,9800.0,Paid
5383,5883,2022-01-28,42200.0,Paid
1854,2354,2022-01-28,28996.0,Refunded
4139,4639,2022-01-28,268500.0,Paid
5739,6239,2022-01-29,0.0,Pending
2002,2502,2022-01-29,252000.0,Paid
8620,9120,2022-01-29,27200.0,Paid
10176,10676,2022-01-30,9600.0,Refunded
2015,2515,2022-01-30,3600.0,Paid
1919,2419,2022-01-31,14000.0,Paid
2197,2697,2022-01-31,28500.0,Paid
8883,9383,2022-01-31,28800.0,Paid
10040,10540,2022-02-01,14800.0,Paid
6521,7021,2022-02-02,43196.0,Paid
8419,8919,2022-02-03,9000.0,Paid
8716,9216,2022-02-03,103800.0,Paid
4300,4800,2022-02-04,229100.0,Paid
3812,4312,2022-02-04,31396.0,Paid
1252,1752,2022-02-04,39500.0,Paid
7871,8371,2022-02-05,23500.0,Paid
7663,8163,2022-02-05,72000.0,Paid
4143,4643,2022-02-05,64000.0,Paid
7086,7586,2022-02-05,51998.0,Refunded
9974,10474,2022-02-06,18900.0,Paid
969,1469,2022-02-06,3600.0,Paid
3536,4036,2022-02-07,81996.0,Paid
9023,9523,2022-02-07,26200.0,Paid
3675,4175,2022-02-07,1500.0,Paid
2842,3342,2022-02-08,23800.0,Paid
6630,7130,2022-02-08,5400.0,Paid
2070,2570,2022-02-09,73500.0,Paid
827,1327,2022-02-10,15600.0,Paid
2109,2609,2022-02-10,90500.0,Paid
9629,10129,2022-02-10,47500.0,Paid
7320,7820,2022-02-11,17500.0,Paid
1259,1759,2022-02-11,1000.0,Paid
4043,4543,2022-02-11,4200.0,Paid
6292,6792,2022-02-11,71600.0,Paid
9600,10100,2022-02-12,40999.0,Refunded
2581,3081,2022-02-12,0.0,Pending
1827,2327,2022-02-12,3200.0,Paid
9999,10499,2022-02-13,14400.0,Paid
870,1370,2022-02-13,25500.0,Paid
5631,6131,2022-02-13,3600.0,Paid
8663,9163,2022-02-13,60000.0,Paid
9615,10115,2022-02-15,7200.0,Paid
6396,6896,2022-02-16,20592.0,Paid
9177,9677,2022-02-16,11800.0,Paid
10142,10642,2022-02-16,11800.0,Paid
2695,3195,2022-02-17,26600.0,Paid
10018,10518,2022-02-17,4998.0,Paid
2685,3185,2022-02-17,4497.0,Paid
1533,2033,2022-02-17,33797.0,Paid
4507,5007,2022-02-17,70100.0,Paid
5616,6116,2022-02-17,27993.0,Paid
5973,6473,2022-02-18,21000.0,Paid
9400,9900,2022-02-18,50000.0,Paid
5167,5667,2022-02-18,21496.0,Paid
2807,3307,2022-02-18,98000.0,Paid
10319,10819,2022-02-18,7800.0,Paid
1696,2196,2022-02-19,6600.0,Paid
7575,8075,2022-02-19,4797.0,Refunded
3604,4104,2022-02-19,30999.0,Paid
8928,9428,2022-02-19,186300.0,Paid
6756,7256,2022-02-19,4597.0,Paid
5585,6085,2022-02-20,12500.0,Paid
2734,3234,2022-02-20,28800.0,Paid
3589,4089,2022-02-20,285000.0,Paid
9854,10354,2022-02-20,72700.0,Paid
3472,3972,2022-02-21,49499.0,Paid
4527,5027,2022-02-21,5600.0,Refunded
4883,5383,2022-02-21,118400.0,Paid
758,1258,2022-02-21,39500.0,Paid
3176,3676,2022-02-21,26599.0,Paid
5972,6472,2022-02-22,210000.0,Paid
9832,10332,2022-02-22,10800.0,Paid
4533,5033,2022-02-24,35896.0,Paid
2237,2737,2022-02-24,19800.0,Paid
2060,2560,2022-02-25,23600.0,Paid
1277,1777,2022-02-25,7500.0,Paid
4751,5251,2022-02-26,0.0,Pending
8979,9479,2022-02-26,38997.0,Paid
3973,4473,2022-02-27,0.0,Pending
5349,5849,2022-02-28,161000.0,Paid
7444,7944,2022-02-28,24896.0,Paid
9189,9689,2022-03-01,14799.0,Paid
5056,5556,2022-03-01,21000.0,Paid
575,1075,2022-03-01,220000.0,Paid
9321,9821,2022-03-02,47400.0,Paid
1380,1880,2022-03-02,12700.0,Paid
7883,8383,2022-03-03,35200.0,Paid
10133,10633,2022-03-03,7200.0,Paid
8730,9230,2022-03-03,73398.0,Refunded
10075,10575,2022-03-03,66000.0,Paid
1007,1507,2022-03-03,231800.0,Paid
1639,2139,2022-03-03,30500.0,Refunded
6586,7086,2022-03-04,40400.0,Paid
2622,3122,2022-03-04,66800.0,Paid
7173,7673,2022-03-04,0.0,Pending
4086,4586,2022-03-04,2200.0,Paid
4046,4546,2022-03-05,28200.0,Refunded
5584,6084,2022-03-05,37798.0,Paid
1030,1530,2022-03-05,18000.0,Paid
1585,2085,2022-03-06,236598.0,Paid
10470,10970,2022-03-07,7700.0,Refunded
1239,1739,2022-03-07,1500.0,Paid
5723,6223,2022-03-07,0.0,Pending
3526,4026,2022-03-08,56600.0,Paid
8477,8977,2022-03-08,8997.0,Paid
3759,4259,2022-03-08,34096.0,Paid
8077,8577,2022-03-08,35096.0,Paid
625,1125,2022-03-08,7996.0,Paid
5120,5620,2022-03-09,158100.0,Paid
5735,6235,2022-03-09,20600.0,Paid
3152,3652,2022-03-09,14999.0,Paid
1738,2238,2022-03-09,16200.0,Paid
2515,3015,2022-03-10,132900.0,Paid
5065,5565,2022-03-10,33300.0,Paid
6988,7488,2022-03-10,10800.0,Paid
10087,10587,2022-03-10,900.0,Paid
4388,4888,2022-03-10,17000.0,Paid
1636,2136,2022-03-11,2400.0,Refunded
10360,10860,2022-03-12,1999.0,Paid
5187,5687,2022-03-12,16400.0,Paid
5704,6204,2022-03-13,130800.0,Paid
9401,9901,2022-03-13,0.0,Failed
8729,9229,2022-03-13,22596.0,Paid
6999,7499,2022-03-13,35996.0,Paid
7345,7845,2022-03-14,41597.0,Paid
5830,6330,2022-03-14,98398.0,Paid
761,1261,2022-03-14,19100.0,Refunded
2922,3422,2022-03-14,6000.0,Paid
5651,6151,2022-03-14,12296.0,Paid
2195,2695,2022-03-14,15499.0,Paid
8385,8885,2022-03-14,12999.0,Paid
2329,2829,2022-03-14,33000.0,Paid
7984,8484,2022-03-15,21000.0,Paid
10247,10747,2022-03-15,28900.0,Paid
5626,6126,2022-03-15,12100.0,Paid
4073,4573,2022-03-15,37100.0,Paid
5218,5718,2022-03-15,39697.0,Paid
9353,9853,2022-03-16,39000.0,Paid
9111,9611,2022-03-16,17897.0,Paid
4855,5355,2022-03-16,13900.0,Paid
3108,3608,2022-03-16,0.0,Pending
3641,4141,2022-03-16,110900.0,Paid
1112,1612,2022-03-17,70999.0,Paid
8977,9477,2022-03-18,57196.0,Paid
4036,4536,2022-03-18,36900.0,Paid
8079,8579,2022-03-18,10500.0,Paid
9995,10495,2022-03-18,9996.0,Refunded
2637,3137,2022-03-18,45600.0,Paid
6476,6976,2022-03-18,18496.0,Paid
603,1103,2022-03-19,2200.0,Paid
8379,8879,2022-03-20,1600.0,Paid
9644,10144,2022-03-20,124295.0,Paid
8882,9382,2022-03-21,1600.0,Paid
3058,3558,2022-03-21,5400.0,Paid
7289,7789,2022-03-21,13000.0,Paid
9739,10239,2022-03-22,30396.0,Paid
5741,6241,2022-03-22,8900.0,Paid
5850,6350,2022-03-23,22798.0,Paid
7566,8066,2022-03-23,25500.0,Paid
4987,5487,2022-03-23,78500.0,Paid
4418,4918,2022-03-23,17200.0,Paid
5476,5976,2022-03-23,41800.0,Paid
3786,4286,2022-03-23,238400.0,Paid
6187,6687,2022-03-24,7899.0,Paid
3644,4144,2022-03-24,1800.0,Paid
2257,2757,2022-03-25,10100.0,Paid
6780,7280,2022-03-25,248000.0,Paid
8007,8507,2022-03-25,38000.0,Paid
9048,9548,2022-03-25,7700.0,Paid
10153,10653,2022-03-25,99700.0,Paid
3666,4166,2022-03-26,7200.0,Paid
6433,6933,2022-03-27,68497.0,Paid
10216,10716,2022-03-27,7000.0,Paid
4407,4907,2022-03-27,48696.0,Paid
7226,7726,2022-03-27,63799.0,Paid
788,1288,2022-03-29,1998.0,Paid
4245,4745,2022-03-29,11400.0,Paid
5234,5734,2022-03-29,0.0,Pending
704,1204,2022-03-30,73997.0,Paid
7146,7646,2022-03-30,41200.0,Paid
1834,2334,2022-03-30,35497.0,Paid
10028,10528,2022-03-31,63397.0,Paid
2595,3095,2022-04-01,46096.0,Paid
10078,10578,2022-04-01,11900.0,Paid
4178,4678,2022-04-01,28496.0,Paid
7433,7933,2022-04-02,62500.0,Paid
9282,9782,2022-04-02,10598.0,Paid
3035,3535,2022-04-03,33997.0,Paid
2167,2667,2022-04-03,5400.0,Paid
9212,9712,2022-04-03,43500.0,Refunded
7973,8473,2022-04-03,46500.0,Paid
4378,4878,2022-04-04,2997.0,Paid
9880,10380,2022-04-04,23600.0,Paid
1062,1562,2022-04-04,17000.0,Paid
6798,7298,2022-04-04,57000.0,Paid
7102,7602,2022-04-04,35000.0,Paid
2657,3157,2022-04-05,46000.0,Paid
7628,8128,2022-04-05,81500.0,Paid
9427,9927,2022-04-05,114500.0,Paid
1538,2038,2022-04-06,13000.0,Paid
3215,3715,2022-04-06,51100.0,Paid
2824,3324,2022-04-07,12500.0,Refunded
5569,6069,2022-04-08,1800.0,Paid
9067,9567,2022-04-08,110000.0,Paid
2844,3344,2022-04-09,2200.0,Paid
9415,9915,2022-04-10,12300.0,Paid
3896,4396,2022-04-11,14400.0,Paid
7097,7597,2022-04-13,67400.0,Paid
4795,5295,2022-04-13,16600.0,Paid
1727,2227,2022-04-13,49098.0,Paid
665,1165,2022-04-13,60800.0,Paid
1494,1994,2022-04-14,78000.0,Paid
6885,7385,2022-04-14,13600.0,Paid
9128,9628,2022-04-15,7400.0,Paid
6601,7101,2022-04-15,111000.0,Paid
3367,3867,2022-04-15,3200.0,Paid
5509,6009,2022-04-15,12000.0,Paid
10321,10821,2022-04-16,12800.0,Paid
9751,10251,2022-04-16,92100.0,Paid
2885,3385,2022-04-16,35900.0,Paid
6687,7187,2022-04-16,262400.0,Paid
1952,2452,2022-04-16,68995.0,Paid
5821,6321,2022-04-17,37500.0,Paid
9252,9752,2022-04-17,19197.0,Paid
8588,9088,2022-04-17,3200.0,Paid
1791,2291,2022-04-18,0.0,Pending
5988,6488,2022-04-18,106000.0,Paid
8308,8808,2022-04-19,2200.0,Paid
1689,2189,2022-04-19,8800.0,Refunded
6583,7083,2022-04-19,17700.0,Paid
3221,3721,2022-04-19,85500.0,Paid
1101,1601,2022-04-19,25899.0,Paid
5072,5572,2022-04-20,159500.0,Paid
1937,2437,2022-04-22,119996.0,Paid
6794,7294,2022-04-22,28500.0,Paid
6587,7087,2022-04-22,432900.0,Paid
7157,7657,2022-04-23,22296.0,Paid
2803,3303,2022-04-23,38500.0,Paid
2828,3328,2022-04-23,19000.0,Paid
6738,7238,2022-04-24,22600.0,Paid
1358,1858,2022-04-24,27595.0,Paid
9439,9939,2022-04-25,0.0,Pending
5955,6455,2022-04-25,7600.0,Paid
6373,6873,2022-04-25,102495.0,Paid
5323,5823,2022-04-25,30300.0,Paid
3316,3816,2022-04-26,16099.0,Paid
10029,10529,2022-04-26,9999.0,Paid
2305,2805,2022-04-26,37800.0,Refunded
6147,6647,2022-04-27,58400.0,Paid
1307,1807,2022-04-27,6600.0,Paid
5255,5755,2022-04-27,12798.0,Paid
640,1140,2022-04-28,31200.0,Paid
4676,5176,2022-04-28,4800.0,Paid
2406,2906,2022-04-29,59998.0,Paid
810,1310,2022-04-29,7000.0,Paid
9112,9612,2022-04-29,2998.0,Paid
4957,5457,2022-04-30,90800.0,Paid
5245,5745,2022-04-30,17992.0,Paid
679,1179,2022-04-30,13396.0,Paid
7949,8449,2022-04-30,10800.0,Paid
4552,5052,2022-04-30,72000.0,Refunded
2834,3334,2022-04-30,5400.0,Paid
8208,8708,2022-04-30,149500.0,Paid
5507,6007,2022-05-01,5997.0,Paid
3199,3699,2022-05-01,60799.0,Paid
1109,1609,2022-05-01,92497.0,Paid
8459,8959,2022-05-02,0.0,Failed
1175,1675,2022-05-03,58800.0,Paid
4760,5260,2022-05-03,185600.0,Paid
10253,10753,2022-05-04,57600.0,Paid
4034,4534,2022-05-04,171997.0,Paid
4207,4707,2022-05-04,55200.0,Paid
3817,4317,2022-05-05,187600.0,Paid
3427,3927,2022-05-05,132996.0,Paid
6620,7120,2022-05-06,9699.0,Paid
7553,8053,2022-05-06,21000.0,Paid
4784,5284,2022-05-06,20996.0,Paid
8246,8746,2022-05-06,0.0,Pending
1081,1581,2022-05-07,20999.0,Refunded
2580,3080,2022-05-07,16100.0,Paid
1822,2322,2022-05-07,14999.0,Paid
9040,9540,2022-05-08,30000.0,Paid
5079,5579,2022-05-09,11100.0,Paid
4355,4855,2022-05-09,0.0,Pending
571,1071,2022-05-09,48998.0,Paid
4158,4658,2022-05-10,0.0,Failed
3757,4257,2022-05-10,2999.0,Paid
4815,5315,2022-05-10,115400.0,Paid
3213,3713,2022-05-10,8600.0,Paid
3409,3909,2022-05-11,10000.0,Paid
5047,5547,2022-05-11,58498.0,Paid
7434,7934,2022-05-11,10500.0,Paid
8306,8806,2022-05-12,2998.0,Paid
6224,6724,2022-05-13,13200.0,Paid
2475,2975,2022-05-13,26000.0,Paid
9005,9505,2022-05-13,33900.0,Paid
614,1114,2022-05-14,19496.0,Paid
1857,2357,2022-05-14,84500.0,Paid
7654,8154,2022-05-14,9098.0,Paid
8806,9306,2022-05-14,112100.0,Paid
5780,6280,2022-05-14,352100.0,Paid
8870,9370,2022-05-14,21999.0,Paid
7133,7633,2022-05-14,84000.0,Paid
7858,8358,2022-05-14,3200.0,Paid
8539,9039,2022-05-15,31400.0,Paid
1335,1835,2022-05-15,1500.0,Refunded
7255,7755,2022-05-15,170500.0,Paid
3794,4294,2022-05-15,97500.0,Paid
4101,4601,2022-05-15,58500.0,Paid
2165,2665,2022-05-15,2200.0,Paid
7694,8194,2022-05-15,32000.0,Paid
5314,5814,2022-05-15,100100.0,Paid
7801,8301,2022-05-16,13800.0,Paid
4973,5473,2022-05-16,87999.0,Paid
9708,10208,2022-05-16,27799.0,Paid
1545,2045,2022-05-16,999.0,Paid
848,1348,2022-05-16,1499.0,Paid
6787,7287,2022-05-16,6300.0,Paid
2377,2877,2022-05-17,16499.0,Paid
8956,9456,2022-05-17,29800.0,Paid
2042,2542,2022-05-17,8800.0,Paid
5121,5621,2022-05-18,7200.0,Paid
9105,9605,2022-05-18,4497.0,Paid
5547,6047,2022-05-18,14000.0,Paid
3621,4121,2022-05-19,1500.0,Paid
3554,4054,2022-05-20,9000.0,Paid
4044,4544,2022-05-20,3996.0,Paid
6249,6749,2022-05-20,248397.0,Refunded
7604,8104,2022-05-20,110000.0,Paid
5514,6014,2022-05-20,1800.0,Paid
6113,6613,2022-05-21,43900.0,Paid
3525,4025,2022-05-22,1000.0,Refunded
2161,2661,2022-05-22,82497.0,Paid
6451,6951,2022-05-22,44793.0,Paid
10241,10741,2022-05-23,0.0,Failed
4339,4839,2022-05-24,900.0,Paid
6108,6608,2022-05-25,22897.0,Paid
720,1220,2022-05-25,65800.0,Paid
2836,3336,2022-05-26,29500.0,Paid
6829,7329,2022-05-26,107500.0,Refunded
6379,6879,2022-05-26,132500.0,Paid
1372,1872,2022-05-26,51000.0,Paid
9243,9743,2022-05-27,12598.0,Paid
3067,3567,2022-05-27,59497.0,Paid
4832,5332,2022-05-27,72000.0,Paid
3434,3934,2022-05-28,2499.0,Paid
5811,6311,2022-05-28,52500.0,Paid
8371,8871,2022-05-28,74500.0,Paid
3300,3800,2022-05-29,8100.0,Refunded
6919,7419,2022-05-29,3000.0,Paid
3441,3941,2022-05-30,0.0,Pending
1467,1967,2022-05-30,4497.0,Paid
6097,6597,2022-05-30,8697.0,Refunded
5854,6354,2022-05-30,17898.0,Paid
8529,9029,2022-05-31,0.0,Pending
9489,9989,2022-05-31,73500.0,Paid
3521,4021,2022-06-01,7200.0,Paid
8858,9358,2022-06-01,11000.0,Paid
1841,2341,2022-06-02,26296.0,Paid
1311,1811,2022-06-02,7200.0,Paid
5481,5981,2022-06-02,21000.0,Paid
2020,2520,2022-06-02,24900.0,Paid
10132,10632,2022-06-02,20797.0,Paid
8395,8895,2022-06-03,19200.0,Paid
3583,4083,2022-06-04,11700.0,Paid
3945,4445,2022-06-04,129700.0,Paid
8524,9024,2022-06-04,12498.0,Paid
8930,9430,2022-06-05,3998.0,Paid
1113,1613,2022-06-05,0.0,Pending
10394,10894,2022-06-06,58798.0,Paid
6706,7206,2022-06-07,96000.0,Paid
8813,9313,2022-06-07,34598.0,Paid
4402,4902,2022-06-07,133000.0,Paid
5272,5772,2022-06-08,43500.0,Paid
762,1262,2022-06-08,0.0,Pending
3049,3549,2022-06-09,6000.0,Paid
9047,9547,2022-06-10,12800.0,Paid
1984,2484,2022-06-10,5400.0,Paid
4738,5238,2022-06-11,5996.0,Refunded
6655,7155,2022-06-11,59997.0,Paid
4827,5327,2022-06-11,900.0,Paid
6763,7263,2022-06-13,110399.0,Paid
7129,7629,2022-06-14,34000.0,Paid
10160,10660,2022-06-15,52200.0,Paid
2150,2650,2022-06-15,49500.0,Paid
7612,8112,2022-06-16,25699.0,Paid
9328,9828,2022-06-16,14000.0,Paid
4493,4993,2022-06-17,8800.0,Paid
9831,10331,2022-06-17,84000.0,Refunded
804,1304,2022-06-18,8795.0,Paid
9699,10199,2022-06-18,122000.0,Paid
6669,7169,2022-06-19,50000.0,Paid
2812,3312,2022-06-19,13500.0,Paid
8263,8763,2022-06-19,27000.0,Refunded
6686,7186,2022-06-19,15700.0,Paid
7586,8086,2022-06-20,18800.0,Paid
4430,4930,2022-06-21,142800.0,Paid
1823,2323,2022-06-21,1500.0,Paid
6588,7088,2022-06-21,32199.0,Paid
7876,8376,2022-06-21,97197.0,Paid
9294,9794,2022-06-22,36000.0,Paid
3385,3885,2022-06-22,6800.0,Paid
3311,3811,2022-06-23,90498.0,Paid
8831,9331,2022-06-23,2998.0,Paid
7456,7956,2022-06-23,15797.0,Paid
8770,9270,2022-06-24,58100.0,Paid
8252,8752,2022-06-24,8997.0,Paid
8016,8516,2022-06-24,175300.0,Paid
5485,5985,2022-06-25,19900.0,Paid
9064,9564,2022-06-25,72799.0,Paid
2270,2770,2022-06-25,1800.0,Paid
10240,10740,2022-06-25,900.0,Paid
1135,1635,2022-06-25,31000.0,Paid
1110,1610,2022-06-25,57100.0,Paid
3861,4361,2022-06-26,7200.0,Paid
8167,8667,2022-06-26,16500.0,Paid
8751,9251,2022-06-26,65996.0,Paid
6935,7435,2022-06-26,19497.0,Paid
5977,6477,2022-06-27,26100.0,Paid
9716,10216,2022-06-27,23999.0,Paid
7326,7826,2022-06-27,9600.0,Paid
4687,5187,2022-06-28,9400.0,Paid
8567,9067,2022-06-28,13000.0,Paid
1338,1838,2022-06-28,20500.0,Paid
2966,3466,2022-06-29,9996.0,Paid
2003,2503,2022-06-29,40400.0,Refunded
7249,7749,2022-06-29,73800.0,Paid
3255,3755,2022-06-30,58996.0,Paid
8609,9109,2022-06-30,8100.0,Refunded
7828,8328,2022-06-30,30397.0,Paid
9232,9732,2022-06-30,7200.0,Paid
9174,9674,2022-07-01,6599.0,Refunded
1645,2145,2022-07-01,48696.0,Paid
6913,7413,2022-07-01,15000.0,Paid
8162,8662,2022-07-01,11300.0,Paid
8137,8637,2022-07-02,16798.0,Paid
9824,10324,2022-07-02,9992.0,Paid
1219,1719,2022-07-02,20800.0,Paid
1163,1663,2022-07-03,23000.0,Paid
2465,2965,2022-07-03,5200.0,Paid
573,1073,2022-07-03,27396.0,Refunded
3105,3605,2022-07-04,4800.0,Paid
1871,2371,2022-07-04,72000.0,Paid
8932,9432,2022-07-04,71000.0,Paid
4462,4962,2022-07-05,14000.0,Paid
604,1104,2022-07-05,12000.0,Paid
9594,10094,2022-07-05,6000.0,Paid
7683,8183,2022-07-06,21196.0,Refunded
1742,2242,2022-07-06,30296.0,Paid
6984,7484,2022-07-06,15399.0,Paid
10110,10610,2022-07-07,0.0,Failed
8249,8749,2022-07-07,21500.0,Paid
7563,8063,2022-07-07,67400.0,Paid
9056,9556,2022-07-07,87000.0,Paid
6238,6738,2022-07-07,17295.0,Paid
8667,9167,2022-07-08,0.0,Pending
8430,8930,2022-07-09,0.0,Pending
8088,8588,2022-07-09,27999.0,Paid
7987,8487,2022-07-09,1998.0,Paid
3193,3693,2022-07-09,96499.0,Paid
1480,1980,2022-07-11,148500.0,Paid
2829,3329,2022-07-11,5400.0,Paid
3289,3789,2022-07-12,19300.0,Paid
7331,7831,2022-07-12,16800.0,Paid
3298,3798,2022-07-13,10600.0,Paid
6759,7259,2022-07-13,0.0,Pending
1104,1604,2022-07-13,7000.0,Paid
10226,10726,2022-07-13,3000.0,Paid
770,1270,2022-07-13,89400.0,Paid
6068,6568,2022-07-14,2700.0,Paid
2560,3060,2022-07-14,9600.0,Paid
10203,10703,2022-07-14,137800.0,Paid
2154,2654,2022-07-14,500.0,Paid
9639,10139,2022-07-15,177298.0,Paid
913,1413,2022-07-15,0.0,Pending
5990,6490,2022-07-15,6400.0,Paid
1203,1703,2022-07-16,0.0,Pending
1031,1531,2022-07-16,8100.0,Paid
8721,9221,2022-07-16,42400.0,Paid
7778,8278,2022-07-17,4800.0,Paid
4994,5494,2022-07-17,20199.0,Paid
2905,3405,2022-07-18,40299.0,Paid
772,1272,2022-07-18,88496.0,Paid
3475,3975,2022-07-19,15800.0,Paid
1161,1661,2022-07-19,223399.0,Paid
1801,2301,2022-07-19,0.0,Pending
8317,8817,2022-07-20,5997.0,Paid
7748,8248,2022-07-21,40300.0,Paid
10404,10904,2022-07-21,12300.0,Paid
8565,9065,2022-07-21,84600.0,Paid
2708,3208,2022-07-22,24599.0,Paid
647,1147,2022-07-22,58199.0,Paid
9774,10274,2022-07-22,34400.0,Paid
5117,5617,2022-07-22,294000.0,Refunded
2532,3032,2022-07-22,11998.0,Paid
1224,1724,2022-07-23,10500.0,Refunded
9693,10193,2022-07-23,231400.0,Paid
7024,7524,2022-07-23,76800.0,Paid
1418,1918,2022-07-23,1800.0,Refunded
4294,4794,2022-07-23,9300.0,Paid
5483,5983,2022-07-23,243999.0,Paid
6527,7027,2022-07-23,0.0,Pending
2870,3370,2022-07-23,9996.0,Paid
8668,9168,2022-07-24,28197.0,Paid
3851,4351,2022-07-24,2997.0,Paid
6085,6585,2022-07-25,112000.0,Paid
928,1428,2022-07-25,132200.0,Paid
10421,10921,2022-07-25,113600.0,Paid
9560,10060,2022-07-25,9897.0,Paid
6489,6989,2022-07-25,0.0,Pending
3730,4230,2022-07-25,0.0,Pending
2084,2584,2022-07-25,11799.0,Paid
8384,8884,2022-07-26,45996.0,Paid
7023,7523,2022-07-26,23700.0,Paid
9634,10134,2022-07-27,95700.0,Paid
8889,9389,2022-07-27,17995.0,Paid
9238,9738,2022-07-28,70998.0,Paid
3416,3916,2022-07-28,30200.0,Paid
9866,10366,2022-07-28,6900.0,Paid
5040,5540,2022-07-29,5798.0,Paid
7794,8294,2022-07-29,13198.0,Paid
3874,4374,2022-07-29,72000.0,Paid
9971,10471,2022-07-30,0.0,Pending
7931,8431,2022-07-30,269900.0,Paid
8004,8504,2022-07-31,6000.0,Refunded
3327,3827,2022-07-31,24200.0,Paid
9215,9715,2022-07-31,43999.0,Paid
3772,4272,2022-07-31,8000.0,Paid
8475,8975,2022-08-01,113998.0,Paid
10261,10761,2022-08-01,7200.0,Paid
5140,5640,2022-08-01,162000.0,Paid
3392,3892,2022-08-01,44500.0,Paid
7645,8145,2022-08-01,26099.0,Paid
5411,5911,2022-08-01,176799.0,Paid
10281,10781,2022-08-01,6900.0,Paid
8194,8694,2022-08-02,1500.0,Paid
5601,6101,2022-08-02,39996.0,Refunded
10186,10686,2022-08-02,37000.0,Refunded
4887,5387,2022-08-02,11799.0,Paid
3280,3780,2022-08-03,183500.0,Paid
6089,6589,2022-08-03,133399.0,Paid
6683,7183,2022-08-03,0.0,Failed
790,1290,2022-08-04,10500.0,Paid
4210,4710,2022-08-04,20000.0,Refunded
9142,9642,2022-08-04,106600.0,Paid
7136,7636,2022-08-04,3998.0,Paid
6031,6531,2022-08-04,8100.0,Paid
9549,10049,2022-08-05,35500.0,Paid
1947,2447,2022-08-05,14700.0,Paid
9929,10429,2022-08-05,11000.0,Paid
8665,9165,2022-08-05,14696.0,Paid
3419,3919,2022-08-05,22195.0,Paid
1340,1840,2022-08-06,17200.0,Paid
10373,10873,2022-08-06,3200.0,Paid
1504,2004,2022-08-06,11400.0,Paid
5843,6343,2022-08-06,17300.0,Paid
7914,8414,2022-08-06,43700.0,Paid
7708,8208,2022-08-07,22500.0,Paid
4871,5371,2022-08-07,7200.0,Paid
3616,4116,2022-08-07,42500.0,Paid
9571,10071,2022-08-07,24699.0,Refunded
8549,9049,2022-08-07,15900.0,Paid
3417,3917,2022-08-07,15994.0,Paid
2801,3301,2022-08-08,0.0,Pending
6081,6581,2022-08-08,121798.0,Paid
987,1487,2022-08-08,8900.0,Paid
4529,5029,2022-08-08,35199.0,Paid
7751,8251,2022-08-09,18800.0,Paid
2397,2897,2022-08-09,10297.0,Refunded
2640,3140,2022-08-10,13500.0,Paid
8890,9390,2022-08-10,10500.0,Paid
3925,4425,2022-08-11,105496.0,Refunded
699,1199,2022-08-11,9996.0,Paid
2611,3111,2022-08-11,24493.0,Paid
1640,2140,2022-08-11,18900.0,Paid
3980,4480,2022-08-11,13000.0,Paid
3194,3694,2022-08-12,22000.0,Paid
9990,10490,2022-08-13,28000.0,Paid
5541,6041,2022-08-14,8298.0,Paid
6537,7037,2022-08-14,1800.0,Paid
9844,10344,2022-08-14,30596.0,Paid
1846,2346,2022-08-14,7000.0,Paid
8473,8973,2022-08-14,229997.0,Paid
978,1478,2022-08-14,23100.0,Paid
2850,3350,2022-08-14,17996.0,Paid
7940,8440,2022-08-14,65300.0,Paid
5662,6162,2022-08-14,35100.0,Paid
3981,4481,2022-08-15,28796.0,Paid
8290,8790,2022-08-15,2997.0,Paid
8032,8532,2022-08-16,0.0,Pending
5711,6211,2022-08-16,72000.0,Paid
5638,6138,2022-08-16,39400.0,Paid
5358,5858,2022-08-16,80500.0,Paid
1589,2089,2022-08-17,162396.0,Paid
3436,3936,2022-08-17,112000.0,Paid
8713,9213,2022-08-18,50498.0,Paid
4956,5456,2022-08-18,11698.0,Paid
9907,10407,2022-08-18,17198.0,Paid
541,1041,2022-08-19,174000.0,Paid
4704,5204,2022-08-19,30994.0,Paid
6413,6913,2022-08-20,15100.0,Paid
1999,2499,2022-08-20,9600.0,Paid
3362,3862,2022-08-20,4100.0,Paid
9244,9744,2022-08-20,80600.0,Paid
5599,6099,2022-08-21,3996.0,Refunded
4227,4727,2022-08-21,25700.0,Paid
2757,3257,2022-08-22,37500.0,Paid
9322,9822,2022-08-22,52999.0,Paid
3826,4326,2022-08-22,295000.0,Paid
6055,6555,2022-08-22,11997.0,Refunded
1778,2278,2022-08-22,117499.0,Paid
9968,10468,2022-08-23,4800.0,Paid
4299,4799,2022-08-23,66200.0,Refunded
8848,9348,2022-08-23,114996.0,Paid
4340,4840,2022-08-23,65800.0,Paid
5380,5880,2022-08-24,58997.0,Paid
7308,7808,2022-08-24,4000.0,Paid
3900,4400,2022-08-24,35996.0,Paid
10249,10749,2022-08-25,12799.0,Paid
6732,7232,2022-08-25,9300.0,Paid
4461,4961,2022-08-25,26800.0,Paid
5097,5597,2022-08-25,6000.0,Paid
7918,8418,2022-08-25,10500.0,Paid
4470,4970,2022-08-25,38299.0,Paid
2661,3161,2022-08-26,14100.0,Paid
8381,8881,2022-08-26,28997.0,Paid
9942,10442,2022-08-26,14000.0,Paid
6533,7033,2022-08-26,5996.0,Paid
3932,4432,2022-08-26,26500.0,Paid
6078,6578,2022-08-26,52800.0,Paid
6819,7319,2022-08-26,16400.0,Paid
6454,6954,2022-08-28,8997.0,Paid
8482,8982,2022-08-28,6600.0,Paid
5686,6186,2022-08-28,48200.0,Paid
6643,7143,2022-08-29,3600.0,Paid
7913,8413,2022-08-30,2500.0,Paid
9513,10013,2022-08-31,0.0,Pending
7465,7965,2022-08-31,1800.0,Paid
2743,3243,2022-08-31,0.0,Failed
1917,2417,2022-08-31,27599.0,Paid
7380,7880,2022-08-31,20696.0,Paid
6286,6786,2022-08-31,5999.0,Paid
6545,7045,2022-08-31,34400.0,Paid
970,1470,2022-08-31,3600.0,Paid
1653,2153,2022-09-02,23300.0,Paid
9959,10459,2022-09-02,72800.0,Paid
5764,6264,2022-09-02,25196.0,Paid
1455,1955,2022-09-02,42897.0,Paid
10390,10890,2022-09-02,10995.0,Paid
6990,7490,2022-09-03,220000.0,Paid
5645,6145,2022-09-03,14495.0,Paid
1105,1605,2022-09-03,11397.0,Refunded
6030,6530,2022-09-04,3500.0,Paid
7750,8250,2022-09-04,112000.0,Paid
2248,2748,2022-09-05,220000.0,Paid
3608,4108,2022-09-05,14998.0,Paid
9821,10321,2022-09-06,29899.0,Paid
6628,7128,2022-09-06,35900.0,Paid
3452,3952,2022-09-06,0.0,Pending
7099,7599,2022-09-07,6399.0,Paid
3410,3910,2022-09-07,19497.0,Refunded
8114,8614,2022-09-07,9996.0,Paid
7766,8266,2022-09-07,1800.0,Paid
7148,7648,2022-09-08,136995.0,Paid
4093,4593,2022-09-08,72000.0,Paid
5141,5641,2022-09-08,51900.0,Paid
9604,10104,2022-09-09,10996.0,Paid
7419,7919,2022-09-10,32500.0,Paid
7065,7565,2022-09-10,11000.0,Paid
2253,2753,2022-09-10,74998.0,Paid
855,1355,2022-09-10,37500.0,Paid
5499,5999,2022-09-11,5998.0,Paid
8998,9498,2022-09-11,36500.0,Paid
5598,6098,2022-09-11,109600.0,Paid
8363,8863,2022-09-11,39598.0,Paid
8816,9316,2022-09-11,2700.0,Paid
3175,3675,2022-09-11,224998.0,Paid
1885,2385,2022-09-12,105600.0,Paid
551,1051,2022-09-12,6497.0,Paid
5987,6487,2022-09-12,13000.0,Paid
2371,2871,2022-09-13,22600.0,Paid
1115,1615,2022-09-13,5997.0,Paid
1958,2458,2022-09-14,63199.0,Paid
2115,2615,2022-09-14,66798.0,Paid
3466,3966,2022-09-15,11199.0,Paid
6827,7327,2022-09-15,5998.0,Paid
9344,9844,2022-09-16,119600.0,Paid
2559,3059,2022-09-16,50000.0,Paid
6473,6973,2022-09-16,42396.0,Paid
2714,3214,2022-09-17,8598.0,Paid
3970,4470,2022-09-17,34900.0,Paid
9979,10479,2022-09-17,36000.0,Paid
2976,3476,2022-09-17,85100.0,Paid
4482,4982,2022-09-18,4800.0,Paid
10225,10725,2022-09-18,6300.0,Paid
1393,1893,2022-09-18,3000.0,Paid
8199,8699,2022-09-18,107000.0,Paid
10147,10647,2022-09-19,63200.0,Paid
4100,4600,2022-09-19,91999.0,Paid
8396,8896,2022-09-20,42496.0,Paid
4698,5198,2022-09-20,25000.0,Paid
8608,9108,2022-09-20,222400.0,Paid
1196,1696,2022-09-21,0.0,Failed
5283,5783,2022-09-21,28396.0,Paid
5553,6053,2022-09-21,1800.0,Paid
1988,2488,2022-09-22,9600.0,Paid
3451,3951,2022-09-22,3600.0,Paid
3458,3958,2022-09-22,500.0,Paid
1345,1845,2022-09-22,0.0,Pending
4441,4941,2022-09-23,25498.0,Paid
3287,3787,2022-09-23,75000.0,Paid
4583,5083,2022-09-24,6500.0,Paid
9696,10196,2022-09-24,157500.0,Paid
8439,8939,2022-09-25,8499.0,Paid
5484,5984,2022-09-25,193300.0,Paid
3443,3943,2022-09-25,3600.0,Paid
6475,6975,2022-09-25,45400.0,Paid
7071,7571,2022-09-25,19697.0,Paid
5158,5658,2022-09-26,7100.0,Paid
6969,7469,2022-09-26,0.0,Pending
7830,8330,2022-09-26,36200.0,Paid
9204,9704,2022-09-27,16000.0,Paid
4259,4759,2022-09-27,19500.0,Paid
6302,6802,2022-09-27,82796.0,Paid
10398,10898,2022-09-27,133800.0,Paid
3655,4155,2022-09-28,25100.0,Paid
2370,2870,2022-09-28,4498.0,Paid
2689,3189,2022-09-28,84600.0,Paid
4095,4595,2022-09-29,18197.0,Paid
1652,2152,2022-09-29,225996.0,Paid
5950,6450,2022-09-29,27596.0,Paid
5719,6219,2022-09-29,5000.0,Paid
3113,3613,2022-10-01,2997.0,Paid
5872,6372,2022-10-02,21800.0,Paid
5867,6367,2022-10-03,10200.0,Paid
3731,4231,2022-10-03,7000.0,Paid
2669,3169,2022-10-03,3000.0,Paid
3249,3749,2022-10-03,13200.0,Paid
3663,4163,2022-10-04,28998.0,Paid
6453,6953,2022-10-05,79200.0,Paid
8607,9107,2022-10-07,15700.0,Paid
3002,3502,2022-10-07,189700.0,Paid
5332,5832,2022-10-08,43000.0,Refunded
1682,2182,2022-10-08,23600.0,Paid
9806,10306,2022-10-09,158000.0,Paid
6958,7458,2022-10-09,1000.0,Paid
2479,2979,2022-10-09,39200.0,Paid
3784,4284,2022-10-10,18000.0,Paid
6057,6557,2022-10-10,0.0,Failed
8280,8780,2022-10-10,7000.0,Paid
9120,9620,2022-10-11,1998.0,Paid
4352,4852,2022-10-11,0.0,Pending
3763,4263,2022-10-12,0.0,Pending
2278,2778,2022-10-12,29500.0,Paid
1959,2459,2022-10-12,79998.0,Paid
8460,8960,2022-10-12,76500.0,Paid
4794,5294,2022-10-12,113800.0,Paid
1021,1521,2022-10-13,60199.0,Paid
744,1244,2022-10-13,110800.0,Paid
3773,4273,2022-10-13,37398.0,Paid
6867,7367,2022-10-14,0.0,Pending
7283,7783,2022-10-14,0.0,Pending
5127,5627,2022-10-14,95000.0,Paid
8675,9175,2022-10-14,72000.0,Paid
648,1148,2022-10-15,2200.0,Paid
4671,5171,2022-10-16,0.0,Pending
6240,6740,2022-10-16,7200.0,Paid
9759,10259,2022-10-16,8500.0,Paid
6060,6560,2022-10-16,6099.0,Paid
2789,3289,2022-10-16,177600.0,Paid
6948,7448,2022-10-17,5400.0,Paid
10013,10513,2022-10-17,57398.0,Paid
3034,3534,2022-10-17,6498.0,Paid
10316,10816,2022-10-17,34498.0,Paid
9589,10089,2022-10-17,3399.0,Paid
10062,10562,2022-10-18,53400.0,Paid
6965,7465,2022-10-18,89599.0,Paid
8685,9185,2022-10-18,110000.0,Paid
9903,10403,2022-10-19,72000.0,Paid
1697,2197,2022-10-19,197800.0,Refunded
8689,9189,2022-10-19,900.0,Paid
6105,6605,2022-10-20,15499.0,Paid
1956,2456,2022-10-20,21000.0,Paid
3209,3709,2022-10-20,82200.0,Paid
7358,7858,2022-10-20,50000.0,Paid
6206,6706,2022-10-20,45100.0,Paid
2114,2614,2022-10-20,45496.0,Refunded
962,1462,2022-10-22,102400.0,Paid
3270,3770,2022-10-22,3000.0,Paid
3037,3537,2022-10-22,0.0,Pending
4356,4856,2022-10-22,0.0,Pending
8841,9341,2022-10-22,8699.0,Paid
1601,2101,2022-10-22,19898.0,Paid
1289,1789,2022-10-22,227500.0,Paid
9661,10161,2022-10-22,27500.0,Paid
1898,2398,2022-10-23,17900.0,Paid
6534,7034,2022-10-23,72000.0,Paid
2142,2642,2022-10-24,103600.0,Paid
1394,1894,2022-10-24,5500.0,Paid
7381,7881,2022-10-24,0.0,Pending
2839,3339,2022-10-24,119300.0,Paid
8001,8501,2022-10-24,36000.0,Paid
9865,10365,2022-10-25,234000.0,Paid
7978,8478,2022-10-25,18000.0,Paid
6637,7137,2022-10-25,36000.0,Paid
4335,4835,2022-10-25,17696.0,Paid
5730,6230,2022-10-25,25500.0,Paid
4038,4538,2022-10-26,5100.0,Paid
9941,10441,2022-10-26,7000.0,Paid
4180,4680,2022-10-27,29800.0,Paid
9637,10137,2022-10-27,126697.0,Paid
4391,4891,2022-10-28,46400.0,Paid
7679,8179,2022-10-29,27000.0,Paid
5195,5695,2022-10-29,122400.0,Paid
3396,3896,2022-10-29,7000.0,Paid
9433,9933,2022-10-29,14898.0,Paid
3780,4280,2022-10-29,11097.0,Paid
700,1200,2022-10-31,59200.0,Paid
10458,10958,2022-10-31,18800.0,Paid
8634,9134,2022-10-31,14499.0,Paid
5181,5681,2022-10-31,24000.0,Paid
9685,10185,2022-10-31,17000.0,Paid
7637,8137,2022-10-31,232000.0,Paid
7029,7529,2022-11-01,5500.0,Refunded
9476,9976,2022-11-01,64998.0,Paid
3166,3666,2022-11-01,44700.0,Paid
4486,4986,2022-11-02,7596.0,Paid
852,1352,2022-11-02,85499.0,Paid
4102,4602,2022-11-02,8400.0,Paid
6308,6808,2022-11-04,67000.0,Refunded
7921,8421,2022-11-04,0.0,Failed
8437,8937,2022-11-04,5400.0,Refunded
5615,6115,2022-11-04,10497.0,Refunded
6758,7258,2022-11-04,54000.0,Paid
4570,5070,2022-11-05,46500.0,Paid
1756,2256,2022-11-05,13000.0,Paid
3128,3628,2022-11-05,29200.0,Paid
8809,9309,2022-11-05,53600.0,Paid
4731,5231,2022-11-06,37500.0,Paid
9453,9953,2022-11-06,2700.0,Paid
1895,2395,2022-11-06,21098.0,Paid
8435,8935,2022-11-06,2700.0,Paid
5111,5611,2022-11-06,75000.0,Paid
8646,9146,2022-11-07,81994.0,Paid
1205,1705,2022-11-07,141600.0,Paid
3548,4048,2022-11-07,17797.0,Paid
6069,6569,2022-11-08,6000.0,Paid
2576,3076,2022-11-08,107196.0,Paid
3631,4131,2022-11-09,3300.0,Paid
10311,10811,2022-11-09,34000.0,Paid
1058,1558,2022-11-10,135200.0,Paid
5060,5560,2022-11-10,105400.0,Paid
9586,10086,2022-11-10,16100.0,Paid
7742,8242,2022-11-11,48496.0,Paid
3191,3691,2022-11-11,0.0,Pending
3186,3686,2022-11-11,8397.0,Paid
8718,9218,2022-11-11,14296.0,Paid
5087,5587,2022-11-12,35300.0,Paid
6410,6910,2022-11-12,105998.0,Paid
6358,6858,2022-11-12,0.0,Pending
757,1257,2022-11-13,4500.0,Paid
6493,6993,2022-11-13,21596.0,Paid
2619,3119,2022-11-13,17000.0,Paid
8285,8785,2022-11-14,0.0,Pending
10489,10989,2022-11-14,40000.0,Paid
818,1318,2022-11-14,31398.0,Paid
6957,7457,2022-11-14,36299.0,Refunded
3779,4279,2022-11-14,8500.0,Paid
4888,5388,2022-11-15,11196.0,Paid
3737,4237,2022-11-16,112000.0,Paid
6505,7005,2022-11-16,6000.0,Refunded
8826,9326,2022-11-16,73699.0,Refunded
8701,9201,2022-11-17,51197.0,Paid
4359,4859,2022-11-17,3998.0,Paid
3026,3526,2022-11-17,0.0,Pending
8877,9377,2022-11-17,36000.0,Paid
9446,9946,2022-11-19,0.0,Pending
10209,10709,2022-11-20,20400.0,Paid
4316,4816,2022-11-20,6400.0,Paid
2031,2531,2022-11-20,14000.0,Paid
4945,5445,2022-11-21,7500.0,Paid
3478,3978,2022-11-21,22200.0,Paid
4416,4916,2022-11-21,15498.0,Paid
2772,3272,2022-11-21,225997.0,Paid
5175,5675,2022-11-22,20800.0,Paid
2098,2598,2022-11-23,88496.0,Paid
2666,3166,2022-11-23,13000.0,Paid
8878,9378,2022-11-23,63800.0,Refunded
9324,9824,2022-11-24,11996.0,Paid
5747,6247,2022-11-24,29899.0,Paid
2462,2962,2022-11-24,63899.0,Paid
5439,5939,2022-11-24,109600.0,Paid
2534,3034,2022-11-24,221800.0,Paid
2546,3046,2022-11-24,88000.0,Paid
1914,2414,2022-11-24,42900.0,Paid
2627,3127,2022-11-25,9297.0,Paid
5642,6142,2022-11-26,12900.0,Paid
1251,1751,2022-11-26,4400.0,Refunded
7280,7780,2022-11-26,7000.0,Paid
3728,4228,2022-11-26,11400.0,Paid
8447,8947,2022-11-26,45800.0,Paid
2409,2909,2022-11-26,16800.0,Paid
10060,10560,2022-11-26,32592.0,Paid
1417,1917,2022-11-26,65300.0,Paid
10299,10799,2022-11-27,0.0,Pending
8737,9237,2022-11-27,7899.0,Paid
7461,7961,2022-11-27,19500.0,Paid
7795,8295,2022-11-28,103496.0,Paid
552,1052,2022-11-28,0.0,Pending
5826,6326,2022-11-28,20400.0,Paid
10038,10538,2022-11-28,2700.0,Paid
1779,2279,2022-11-29,38200.0,Paid
2276,2776,2022-11-30,9998.0,Paid
5450,5950,2022-11-30,14000.0,Paid
4080,4580,2022-12-01,14200.0,Paid
6952,7452,2022-12-01,40900.0,Paid
5093,5593,2022-12-02,0.0,Failed
3649,4149,2022-12-02,95400.0,Paid
9359,9859,2022-12-03,500.0,Paid
9963,10463,2022-12-03,3000.0,Paid
6783,7283,2022-12-03,54600.0,Paid
8153,8653,2022-12-03,38300.0,Refunded
8374,8874,2022-12-03,18197.0,Paid
2815,3315,2022-12-04,83199.0,Paid
9110,9610,2022-12-04,89997.0,Paid
6985,7485,2022-12-04,161500.0,Paid
4194,4694,2022-12-04,25996.0,Paid
1151,1651,2022-12-05,0.0,Pending
7781,8281,2022-12-05,1998.0,Refunded
2144,2644,2022-12-05,3600.0,Paid
3402,3902,2022-12-06,11994.0,Paid
8014,8514,2022-12-06,127496.0,Paid
9236,9736,2022-12-07,2000.0,Paid
10259,10759,2022-12-07,12196.0,Paid
3869,4369,2022-12-07,17696.0,Paid
3335,3835,2022-12-07,16997.0,Paid
1146,1646,2022-12-08,24300.0,Paid
6657,7157,2022-12-08,7700.0,Paid
5641,6141,2022-12-08,45400.0,Paid
6623,7123,2022-12-08,58796.0,Paid
1282,1782,2022-12-09,14700.0,Paid
3511,4011,2022-12-09,800.0,Paid
3369,3869,2022-12-09,8399.0,Paid
4183,4683,2022-12-09,6600.0,Paid
6149,6649,2022-12-10,139899.0,Paid
2691,3191,2022-12-10,129196.0,Paid
5464,5964,2022-12-10,26500.0,Paid
7598,8098,2022-12-12,35700.0,Paid
3313,3813,2022-12-12,12300.0,Paid
1612,2112,2022-12-12,59200.0,Paid
9363,9863,2022-12-13,0.0,Pending
1349,1849,2022-12-13,10597.0,Paid
1330,1830,2022-12-13,0.0,Failed
1726,2226,2022-12-13,71998.0,Paid
3217,3717,2022-12-13,1998.0,Paid
8686,9186,2022-12-13,1500.0,Paid
3424,3924,2022-12-14,101997.0,Paid
5263,5763,2022-12-14,3600.0,Paid
2755,3255,2022-12-15,8800.0,Paid
5511,6011,2022-12-15,106700.0,Paid
2512,3012,2022-12-15,112000.0,Paid
7214,7714,2022-12-15,84600.0,Paid
1833,2333,2022-12-15,15700.0,Paid
1550,2050,2022-12-16,11700.0,Paid
4406,4906,2022-12-16,10599.0,Paid
6276,6776,2022-12-17,0.0,Failed
3593,4093,2022-12-18,0.0,Pending
3261,3761,2022-12-18,27998.0,Paid
7865,8365,2022-12-18,5699.0,Paid
8759,9259,2022-12-19,20398.0,Paid
5235,5735,2022-12-20,108998.0,Paid
4824,5324,2022-12-22,8497.0,Paid
3816,4316,2022-12-22,111596.0,Paid
1098,1598,2022-12-22,25000.0,Paid
8234,8734,2022-12-23,2200.0,Paid
6288,6788,2022-12-23,102200.0,Paid
9372,9872,2022-12-23,3000.0,Paid
9793,10293,2022-12-23,2999.0,Refunded
1352,1852,2022-12-23,220000.0,Paid
730,1230,2022-12-24,7999.0,Paid
3200,3700,2022-12-24,4400.0,Paid
6942,7442,2022-12-25,57100.0,Paid
3902,4402,2022-12-25,15900.0,Paid
9921,10421,2022-12-26,56597.0,Paid
1522,2022,2022-12-26,11698.0,Paid
2536,3036,2022-12-26,39997.0,Paid
6158,6658,2022-12-26,30496.0,Paid
5798,6298,2022-12-26,7200.0,Paid
9144,9644,2022-12-27,58700.0,Paid
904,1404,2022-12-27,18098.0,Paid
6805,7305,2022-12-27,37495.0,Paid
10063,10563,2022-12-27,37500.0,Paid
9186,9686,2022-12-27,2700.0,Paid
6050,6550,2022-12-27,14399.0,Paid
9141,9641,2022-12-28,2999.0,Refunded
7354,7854,2022-12-28,61200.0,Paid
5369,5869,2022-12-28,58400.0,Paid
7074,7574,2022-12-28,0.0,Pending
2577,3077,2022-12-28,11197.0,Paid
5971,6471,2022-12-28,10000.0,Paid
9486,9986,2022-12-28,7200.0,Paid
3143,3643,2022-12-29,50497.0,Paid
815,1315,2022-12-29,182200.0,Paid
5334,5834,2022-12-29,24000.0,Paid
9733,10233,2022-12-29,17100.0,Paid
5203,5703,2022-12-29,1500.0,Refunded
5327,5827,2022-12-29,111000.0,Paid
5697,6197,2022-12-30,0.0,Pending
7371,7871,2022-12-30,7500.0,Refunded
5264,5764,2022-12-30,23900.0,Paid
9727,10227,2022-12-30,63800.0,Paid
4435,4935,2022-12-30,41500.0,Paid
7520,8020,2022-12-30,386500.0,Paid
6731,7231,2022-12-31,25200.0,Paid
851,1351,2022-12-31,28200.0,Refunded
7850,8350,2023-01-01,9897.0,Paid
705,1205,2023-01-01,13498.0,Refunded
8019,8519,2023-01-01,7200.0,Paid
3540,4040,2023-01-01,19800.0,Paid
9988,10488,2023-01-02,39496.0,Paid
6331,6831,2023-01-02,0.0,Pending
10320,10820,2023-01-02,44000.0,Paid
7478,7978,2023-01-02,5500.0,Paid
3077,3577,2023-01-03,5600.0,Paid
6225,6725,2023-01-03,33200.0,Paid
2338,2838,2023-01-03,4800.0,Paid
4908,5408,2023-01-03,40200.0,Paid
925,1425,2023-01-03,19400.0,Paid
3687,4187,2023-01-03,3996.0,Paid
7960,8460,2023-01-04,0.0,Pending
1728,2228,2023-01-04,16996.0,Paid
6215,6715,2023-01-05,16997.0,Paid
7833,8333,2023-01-06,8997.0,Paid
9659,10159,2023-01-06,14000.0,Paid
6046,6546,2023-01-08,37600.0,Paid
10402,10902,2023-01-08,4497.0,Paid
3486,3986,2023-01-08,9496.0,Paid
2119,2619,2023-01-08,13800.0,Paid
1143,1643,2023-01-09,0.0,Pending
7610,8110,2023-01-10,4800.0,Paid
10298,10798,2023-01-10,18300.0,Paid
5858,6358,2023-01-10,20495.0,Paid
8827,9327,2023-01-11,900.0,Paid
8334,8834,2023-01-12,37596.0,Paid
1792,2292,2023-01-12,8800.0,Paid
7747,8247,2023-01-12,115996.0,Paid
3836,4336,2023-01-12,4500.0,Paid
6495,6995,2023-01-13,9499.0,Paid
7411,7911,2023-01-13,18500.0,Paid
7658,8158,2023-01-13,115500.0,Paid
7547,8047,2023-01-13,47096.0,Paid
2100,2600,2023-01-13,113499.0,Paid
8095,8595,2023-01-14,6998.0,Paid
2022,2522,2023-01-14,103999.0,Paid
9588,10088,2023-01-15,4998.0,Paid
9007,9507,2023-01-15,42997.0,Paid
6323,6823,2023-01-15,21600.0,Paid
1711,2211,2023-01-15,5996.0,Refunded
6077,6577,2023-01-15,84000.0,Paid
2722,3222,2023-01-16,113598.0,Paid
6800,7300,2023-01-16,0.0,Failed
3459,3959,2023-01-16,4700.0,Paid
9140,9640,2023-01-16,11700.0,Paid
3145,3645,2023-01-16,8499.0,Paid
2650,3150,2023-01-17,0.0,Pending
4165,4665,2023-01-17,7996.0,Paid
8769,9269,2023-01-17,12800.0,Paid
4113,4613,2023-01-18,112000.0,Paid
5933,6433,2023-01-18,16497.0,Paid
3125,3625,2023-01-18,220000.0,Paid
8586,9086,2023-01-18,28300.0,Paid
5644,6144,2023-01-18,4500.0,Paid
7151,7651,2023-01-19,3200.0,Paid
1909,2409,2023-01-19,26998.0,Paid
9766,10266,2023-01-20,24200.0,Paid
9712,10212,2023-01-20,16100.0,Paid
5340,5840,2023-01-20,17496.0,Paid
7898,8398,2023-01-21,53000.0,Paid
6582,7082,2023-01-22,4497.0,Paid
3095,3595,2023-01-22,72000.0,Paid
7179,7679,2023-01-22,1500.0,Paid
6251,6751,2023-01-23,56000.0,Refunded
5910,6410,2023-01-23,5397.0,Paid
7227,7727,2023-01-23,68000.0,Paid
6472,6972,2023-01-23,17596.0,Paid
5050,5550,2023-01-24,33500.0,Paid
1843,2343,2023-01-26,1500.0,Paid
9927,10427,2023-01-26,0.0,Pending
10056,10556,2023-01-27,52600.0,Paid
6978,7478,2023-01-27,0.0,Pending
4929,5429,2023-01-27,30400.0,Paid
10372,10872,2023-01-27,9996.0,Paid
1082,1582,2023-01-27,27600.0,Paid
7853,8353,2023-01-27,800.0,Paid
1301,1801,2023-01-27,6600.0,Paid
2206,2706,2023-01-28,28000.0,Paid
7861,8361,2023-01-28,6500.0,Paid
5754,6254,2023-01-28,37000.0,Paid
915,1415,2023-01-28,96600.0,Paid
9194,9694,2023-01-29,4500.0,Paid
9126,9626,2023-01-29,27400.0,Paid
1387,1887,2023-01-29,13998.0,Paid
775,1275,2023-01-29,39500.0,Paid
4820,5320,2023-01-29,25500.0,Paid
9462,9962,2023-01-29,1500.0,Paid
3297,3797,2023-01-29,15597.0,Paid
7459,7959,2023-01-30,20000.0,Paid
2903,3403,2023-01-30,67997.0,Paid
6520,7020,2023-01-30,30000.0,Paid
1547,2047,2023-01-30,29400.0,Paid
3750,4250,2023-01-30,6000.0,Paid
5996,6496,2023-01-30,51400.0,Paid
7887,8387,2023-01-31,6500.0,Paid
3380,3880,2023-02-01,50498.0,Paid
4872,5372,2023-02-01,57800.0,Paid
9313,9813,2023-02-01,2700.0,Paid
7744,8244,2023-02-02,136000.0,Paid
2175,2675,2023-02-02,3996.0,Paid
5376,5876,2023-02-02,98499.0,Paid
1992,2492,2023-02-03,30200.0,Paid
9754,10254,2023-02-03,22996.0,Paid
3437,3937,2023-02-04,41994.0,Paid
9829,10329,2023-02-04,18996.0,Paid
8617,9117,2023-02-04,5500.0,Paid
7786,8286,2023-02-04,25000.0,Paid
8239,8739,2023-02-05,10995.0,Paid
5965,6465,2023-02-05,96900.0,Paid
10344,10844,2023-02-05,0.0,Pending
9670,10170,2023-02-06,7200.0,Paid
5296,5796,2023-02-07,3500.0,Paid
6714,7214,2023-02-07,24200.0,Paid
10257,10757,2023-02-07,34300.0,Paid
9912,10412,2023-02-09,32200.0,Paid
5539,6039,2023-02-09,3000.0,Paid
584,1084,2023-02-10,25294.0,Paid
1325,1825,2023-02-10,63800.0,Paid
7473,7973,2023-02-10,100000.0,Paid
514,1014,2023-02-11,56900.0,Paid
3592,4092,2023-02-11,17800.0,Paid
2251,2751,2023-02-11,7996.0,Paid
3262,3762,2023-02-11,37896.0,Paid
6065,6565,2023-02-12,24596.0,Refunded
1474,1974,2023-02-12,118200.0,Paid
6107,6607,2023-02-12,81500.0,Paid
6744,7244,2023-02-12,22900.0,Paid
4053,4553,2023-02-12,83800.0,Paid
7879,8379,2023-02-12,37500.0,Paid
7189,7689,2023-02-13,80996.0,Paid
1818,2318,2023-02-13,27500.0,Paid
7028,7528,2023-02-13,18692.0,Paid
10275,10775,2023-02-14,3600.0,Paid
4918,5418,2023-02-14,88800.0,Paid
4578,5078,2023-02-15,0.0,Pending
4837,5337,2023-02-15,19300.0,Paid
900,1400,2023-02-15,37000.0,Paid
1321,1821,2023-02-15,0.0,Failed
5078,5578,2023-02-15,46000.0,Paid
5159,5659,2023-02-16,3600.0,Paid
3572,4072,2023-02-16,8500.0,Paid
8840,9340,2023-02-16,14600.0,Paid
2568,3068,2023-02-16,59998.0,Paid
7863,8363,2023-02-17,1800.0,Paid
4447,4947,2023-02-17,12496.0,Paid
3978,4478,2023-02-18,56600.0,Paid
5472,5972,2023-02-18,1499.0,Paid
844,1344,2023-02-18,41200.0,Refunded
7159,7659,2023-02-19,29496.0,Paid
6268,6768,2023-02-19,0.0,Pending
1053,1553,2023-02-19,115295.0,Refunded
5139,5639,2023-02-20,0.0,Pending
3941,4441,2023-02-20,60200.0,Paid
8921,9421,2023-02-20,9100.0,Paid
3309,3809,2023-02-20,228700.0,Paid
2985,3485,2023-02-20,13296.0,Paid
3707,4207,2023-02-20,217800.0,Paid
2841,3341,2023-02-21,130200.0,Paid
4290,4790,2023-02-23,18796.0,Paid
2266,2766,2023-02-23,105900.0,Paid
5691,6191,2023-02-24,0.0,Pending
8683,9183,2023-02-24,11000.0,Paid
5365,5865,2023-02-24,18100.0,Refunded
4504,5004,2023-02-24,22399.0,Paid
7103,7603,2023-02-24,241700.0,Paid
9123,9623,2023-02-24,6600.0,Paid
8804,9304,2023-02-26,7900.0,Paid
7448,7948,2023-02-26,172000.0,Paid
4543,5043,2023-02-27,15000.0,Paid
7657,8157,2023-02-27,25500.0,Paid
9641,10141,2023-02-28,20596.0,Paid
4522,5022,2023-02-28,180796.0,Paid
4960,5460,2023-02-28,62396.0,Paid
8678,9178,2023-03-01,0.0,Failed
6120,6620,2023-03-02,36600.0,Paid
2396,2896,2023-03-02,27598.0,Paid
10088,10588,2023-03-02,1499.0,Paid
9630,10130,2023-03-02,10000.0,Paid
7777,8277,2023-03-03,97800.0,Paid
1844,2344,2023-03-03,3600.0,Paid
7673,8173,2023-03-03,78697.0,Paid
3625,4125,2023-03-03,8800.0,Paid
8299,8799,2023-03-04,10400.0,Paid
1772,2272,2023-03-05,14600.0,Paid
7906,8406,2023-03-05,7000.0,Paid
5343,5843,2023-03-06,0.0,Failed
4349,4849,2023-03-07,99500.0,Paid
3114,3614,2023-03-07,1800.0,Paid
6642,7142,2023-03-07,64500.0,Paid
6596,7096,2023-03-07,4497.0,Paid
5864,6364,2023-03-07,5996.0,Paid
3871,4371,2023-03-08,0.0,Pending
4559,5059,2023-03-09,32698.0,Paid
5717,6217,2023-03-09,7200.0,Paid
7238,7738,2023-03-10,2700.0,Paid
9744,10244,2023-03-10,1800.0,Paid
6394,6894,2023-03-10,32497.0,Paid
6395,6895,2023-03-10,82495.0,Refunded
4825,5325,2023-03-11,26995.0,Paid
7964,8464,2023-03-11,999.0,Paid
4604,5104,2023-03-11,4599.0,Paid
1303,1803,2023-03-12,13000.0,Paid
7094,7594,2023-03-13,137600.0,Paid
9991,10491,2023-03-13,145996.0,Paid
5997,6497,2023-03-13,26097.0,Paid
9619,10119,2023-03-13,62100.0,Paid
10194,10694,2023-03-14,0.0,Pending
8707,9207,2023-03-15,0.0,Pending
10189,10689,2023-03-18,14300.0,Refunded
1267,1767,2023-03-18,58598.0,Paid
6181,6681,2023-03-19,19500.0,Paid
6067,6567,2023-03-19,2000.0,Paid
4049,4549,2023-03-20,500.0,Paid
3819,4319,2023-03-20,110000.0,Refunded
7315,7815,2023-03-20,8997.0,Paid
8267,8767,2023-03-20,246400.0,Paid
2645,3145,2023-03-21,79600.0,Paid
4572,5072,2023-03-21,24000.0,Paid
6850,7350,2023-03-21,201000.0,Paid
1286,1786,2023-03-22,46398.0,Paid
1719,2219,2023-03-22,8997.0,Paid
3137,3637,2023-03-23,49900.0,Paid
2729,3229,2023-03-23,25896.0,Paid
6523,7023,2023-03-23,7000.0,Paid
3957,4457,2023-03-23,2400.0,Refunded
1812,2312,2023-03-24,82200.0,Paid
8078,8578,2023-03-24,6700.0,Paid
3292,3792,2023-03-24,95500.0,Paid
1916,2416,2023-03-24,27496.0,Paid
4518,5018,2023-03-24,16400.0,Paid
7948,8448,2023-03-24,0.0,Pending
8022,8522,2023-03-25,25000.0,Paid
2554,3054,2023-03-25,20100.0,Paid
2079,2579,2023-03-25,62098.0,Paid
10448,10948,2023-03-26,9300.0,Paid
9037,9537,2023-03-26,111900.0,Paid
7135,7635,2023-03-26,56600.0,Paid
9387,9887,2023-03-27,11398.0,Paid
1554,2054,2023-03-28,227200.0,Refunded
8789,9289,2023-03-28,73500.0,Paid
8146,8646,2023-03-29,2000.0,Paid
9021,9521,2023-03-30,51999.0,Paid
8051,8551,2023-03-30,6600.0,Paid
9781,10281,2023-03-30,84000.0,Paid
8753,9253,2023-03-30,8498.0,Refunded
4935,5435,2023-03-30,69600.0,Paid
2081,2581,2023-03-31,2400.0,Paid
7471,7971,2023-03-31,24000.0,Paid
3220,3720,2023-03-31,10000.0,Paid
5277,5777,2023-03-31,23394.0,Paid
1179,1679,2023-03-31,12200.0,Paid
3104,3604,2023-04-01,44000.0,Paid
9707,10207,2023-04-02,50000.0,Paid
3384,3884,2023-04-02,6000.0,Refunded
2788,3288,2023-04-02,12800.0,Paid
4090,4590,2023-04-02,0.0,Pending
7427,7927,2023-04-03,5500.0,Refunded
6792,7292,2023-04-03,21800.0,Paid
1470,1970,2023-04-03,37000.0,Paid
1033,1533,2023-04-04,8500.0,Refunded
9669,10169,2023-04-04,50298.0,Paid
7789,8289,2023-04-05,18000.0,Paid
4890,5390,2023-04-05,6400.0,Paid
2639,3139,2023-04-05,36500.0,Paid
1274,1774,2023-04-05,152200.0,Paid
9011,9511,2023-04-05,4997.0,Paid
7496,7996,2023-04-08,13000.0,Paid
8640,9140,2023-04-08,30096.0,Paid
4424,4924,2023-04-08,16296.0,Paid
8581,9081,2023-04-08,10500.0,Paid
5224,5724,2023-04-08,41000.0,Paid
4841,5341,2023-04-08,26000.0,Paid
748,1248,2023-04-09,10500.0,Paid
6248,6748,2023-04-09,16796.0,Paid
10380,10880,2023-04-09,43400.0,Paid
2192,2692,2023-04-09,14000.0,Paid
4130,4630,2023-04-09,13497.0,Paid
9676,10176,2023-04-10,7999.0,Paid
1057,1557,2023-04-10,66200.0,Refunded
10262,10762,2023-04-10,37899.0,Paid
6729,7229,2023-04-10,72000.0,Paid
9801,10301,2023-04-10,7399.0,Paid
1375,1875,2023-04-10,86598.0,Paid
2361,2861,2023-04-11,20200.0,Paid
7904,8404,2023-04-11,42297.0,Paid
7616,8116,2023-04-11,132600.0,Paid
7624,8124,2023-04-12,12200.0,Paid
3208,3708,2023-04-12,150600.0,Paid
5984,6484,2023-04-12,10000.0,Paid
1220,1720,2023-04-12,2499.0,Refunded
2330,2830,2023-04-12,26496.0,Paid
782,1282,2023-04-13,11000.0,Paid
7030,7530,2023-04-13,21200.0,Paid
595,1095,2023-04-13,278400.0,Paid
9900,10400,2023-04-14,29200.0,Paid
10477,10977,2023-04-14,17496.0,Paid
2907,3407,2023-04-14,0.0,Pending
3635,4135,2023-04-14,7000.0,Paid
9329,9829,2023-04-15,95799.0,Refunded
8445,8945,2023-04-15,0.0,Failed
1187,1687,2023-04-15,3500.0,Paid
8570,9070,2023-04-16,9700.0,Paid
8046,8546,2023-04-16,119000.0,Paid
5939,6439,2023-04-16,25396.0,Paid
6389,6889,2023-04-17,19600.0,Paid
4576,5076,2023-04-17,7500.0,Paid
9469,9969,2023-04-17,119600.0,Paid
8842,9342,2023-04-17,41400.0,Paid
5126,5626,2023-04-17,14700.0,Paid
6367,6867,2023-04-18,59398.0,Paid
4066,4566,2023-04-18,20500.0,Paid
2337,2837,2023-04-19,165000.0,Paid
8814,9314,2023-04-19,17996.0,Paid
6195,6695,2023-04-19,107600.0,Paid
10290,10790,2023-04-20,13400.0,Paid
7872,8372,2023-04-20,37600.0,Paid
5279,5779,2023-04-20,6000.0,Paid
2339,2839,2023-04-20,32497.0,Paid
1957,2457,2023-04-20,10500.0,Paid
3149,3649,2023-04-21,141600.0,Paid
6691,7191,2023-04-21,62000.0,Paid
8446,8946,2023-04-22,110000.0,Paid
3736,4236,2023-04-22,0.0,Failed
8339,8839,2023-04-23,2997.0,Paid
620,1120,2023-04-23,116600.0,Paid
1396,1896,2023-04-24,43900.0,Paid
5190,5690,2023-04-24,17400.0,Paid
6834,7334,2023-04-24,61400.0,Paid
2607,3107,2023-04-26,100000.0,Paid
6728,7228,2023-04-26,51397.0,Paid
3688,4188,2023-04-28,6498.0,Paid
6619,7119,2023-04-28,19898.0,Paid
4656,5156,2023-04-28,79400.0,Paid
3151,3651,2023-04-28,184500.0,Paid
3908,4408,2023-04-28,3996.0,Paid
4394,4894,2023-04-29,89700.0,Paid
4383,4883,2023-04-30,25600.0,Paid
6127,6627,2023-04-30,0.0,Failed
3755,4255,2023-04-30,31496.0,Paid
7222,7722,2023-04-30,7997.0,Paid
8963,9463,2023-05-01,12095.0,Paid
4584,5084,2023-05-02,11996.0,Paid
1245,1745,2023-05-02,20299.0,Paid
7184,7684,2023-05-02,96399.0,Paid
2895,3395,2023-05-03,87300.0,Paid
1083,1583,2023-05-03,4800.0,Paid
6374,6874,2023-05-03,45196.0,Paid
9677,10177,2023-05-03,0.0,Pending
8055,8555,2023-05-04,115398.0,Paid
2390,2890,2023-05-04,41900.0,Paid
9155,9655,2023-05-04,5000.0,Paid
7143,7643,2023-05-05,19500.0,Paid
4386,4886,2023-05-05,10800.0,Paid
9714,10214,2023-05-06,5400.0,Paid
1731,2231,2023-05-06,26000.0,Paid
8621,9121,2023-05-06,0.0,Pending
5020,5520,2023-05-06,28800.0,Paid
8843,9343,2023-05-07,25996.0,Paid
5785,6285,2023-05-08,6600.0,Refunded
8351,8851,2023-05-08,8997.0,Paid
2749,3249,2023-05-08,86998.0,Paid
4269,4769,2023-05-09,36900.0,Paid
2486,2986,2023-05-10,1500.0,Paid
7916,8416,2023-05-10,33800.0,Paid
1038,1538,2023-05-10,41497.0,Paid
5238,5738,2023-05-10,21098.0,Paid
10200,10700,2023-05-10,59898.0,Paid
3565,4065,2023-05-11,50799.0,Paid
7172,7672,2023-05-12,5200.0,Paid
4927,5427,2023-05-12,21797.0,Paid
4922,5422,2023-05-12,14000.0,Paid
8682,9182,2023-05-12,77995.0,Paid
1858,2358,2023-05-12,69499.0,Paid
643,1143,2023-05-12,61494.0,Paid
2215,2715,2023-05-12,234100.0,Paid
8846,9346,2023-05-14,5998.0,Paid
6697,7197,2023-05-14,12997.0,Paid
7685,8185,2023-05-14,69000.0,Refunded
9029,9529,2023-05-14,1800.0,Paid
4831,5331,2023-05-14,2999.0,Paid
8657,9157,2023-05-15,0.0,Pending
6084,6584,2023-05-15,15300.0,Paid
9173,9673,2023-05-15,0.0,Pending
6152,6652,2023-05-15,25400.0,Paid
6781,7281,2023-05-16,29100.0,Paid
3905,4405,2023-05-16,170800.0,Paid
5855,6355,2023-05-16,18496.0,Paid
2784,3284,2023-05-18,16500.0,Paid
944,1444,2023-05-18,4100.0,Paid
1028,1528,2023-05-19,3500.0,Paid
3089,3589,2023-05-19,5799.0,Paid
599,1099,2023-05-19,24800.0,Paid
2960,3460,2023-05-19,21396.0,Paid
8130,8630,2023-05-19,0.0,Failed
562,1062,2023-05-19,15497.0,Paid
2786,3286,2023-05-20,67600.0,Paid
661,1161,2023-05-20,331196.0,Paid
8528,9028,2023-05-21,25500.0,Paid
4380,4880,2023-05-21,104500.0,Paid
6023,6523,2023-05-21,133400.0,Paid
2428,2928,2023-05-22,165000.0,Paid
5505,6005,2023-05-22,6500.0,Paid
3852,4352,2023-05-22,33200.0,Paid
6414,6914,2023-05-23,58100.0,Paid
6390,6890,2023-05-23,36000.0,Paid
4221,4721,2023-05-24,46996.0,Paid
2078,2578,2023-05-24,7497.0,Paid
1940,2440,2023-05-25,11700.0,Paid
9378,9878,2023-05-25,0.0,Pending
5241,5741,2023-05-25,8500.0,Paid
3995,4495,2023-05-25,4497.0,Paid
3226,3726,2023-05-26,125300.0,Paid
6443,6943,2023-05-26,27600.0,Paid
8531,9031,2023-05-26,4498.0,Paid
5446,5946,2023-05-26,42498.0,Paid
6532,7032,2023-05-27,171999.0,Paid
6173,6673,2023-05-27,2499.0,Paid
7455,7955,2023-05-27,1499.0,Paid
9060,9560,2023-05-28,117993.0,Paid
7625,8125,2023-05-28,87600.0,Paid
2524,3024,2023-05-28,95000.0,Refunded
9997,10497,2023-05-28,226000.0,Paid
7741,8241,2023-05-28,10493.0,Paid
6377,6877,2023-05-29,26000.0,Paid
8592,9092,2023-05-29,18996.0,Paid
3598,4098,2023-05-30,39000.0,Paid
5800,6300,2023-05-30,21795.0,Paid
8641,9141,2023-05-30,79700.0,Paid
3895,4395,2023-05-30,33699.0,Paid
2128,2628,2023-05-30,52599.0,Paid
8426,8926,2023-05-30,37994.0,Paid
2628,3128,2023-05-31,72000.0,Paid
10293,10793,2023-05-31,29500.0,Paid
8692,9192,2023-05-31,50900.0,Paid
566,1066,2023-05-31,29992.0,Paid
3917,4417,2023-05-31,55800.0,Paid
628,1128,2023-06-01,11000.0,Paid
954,1454,2023-06-01,47299.0,Paid
4311,4811,2023-06-01,107800.0,Paid
8627,9127,2023-06-01,60996.0,Paid
572,1072,2023-06-02,14400.0,Paid
5677,6177,2023-06-02,9796.0,Paid
8750,9250,2023-06-03,80997.0,Paid
4062,4562,2023-06-03,17698.0,Paid
10037,10537,2023-06-03,93900.0,Paid
2306,2806,2023-06-03,7996.0,Paid
3346,3846,2023-06-03,12500.0,Refunded
9980,10480,2023-06-03,24699.0,Paid
8410,8910,2023-06-04,24999.0,Paid
4631,5131,2023-06-04,11700.0,Paid
3497,3997,2023-06-04,10500.0,Paid
8105,8605,2023-06-04,79999.0,Paid
8895,9395,2023-06-05,53500.0,Paid
2181,2681,2023-06-05,27100.0,Paid
1087,1587,2023-06-05,6200.0,Paid
10397,10897,2023-06-06,25996.0,Paid
8282,8782,2023-06-06,6997.0,Refunded
10493,10993,2023-06-06,84000.0,Paid
6432,6932,2023-06-06,17000.0,Paid
8136,8636,2023-06-07,7200.0,Paid
8741,9241,2023-06-07,3600.0,Paid
6456,6956,2023-06-07,76000.0,Paid
5147,5647,2023-06-08,204097.0,Paid
4786,5286,2023-06-08,5400.0,Paid
6001,6501,2023-06-09,83900.0,Paid
7273,7773,2023-06-09,11500.0,Paid
7941,8441,2023-06-09,7000.0,Paid
6547,7047,2023-06-09,5997.0,Paid
1367,1867,2023-06-10,21000.0,Paid
1966,2466,2023-06-11,3600.0,Paid
2289,2789,2023-06-11,126200.0,Paid
4308,4808,2023-06-12,34500.0,Paid
3201,3701,2023-06-12,0.0,Pending
8355,8855,2023-06-12,26394.0,Paid
4214,4714,2023-06-12,1500.0,Paid
5086,5586,2023-06-13,25000.0,Paid
5737,6237,2023-06-13,2500.0,Paid
9199,9699,2023-06-13,75000.0,Paid
4000,4500,2023-06-14,56000.0,Refunded
6257,6757,2023-06-14,21495.0,Paid
7435,7935,2023-06-14,5998.0,Paid
2541,3041,2023-06-14,5996.0,Paid
3793,4293,2023-06-14,20800.0,Paid
2311,2811,2023-06-14,6600.0,Paid
7590,8090,2023-06-15,52500.0,Paid
1751,2251,2023-06-15,17300.0,Paid
5791,6291,2023-06-15,7000.0,Paid
3705,4205,2023-06-15,20996.0,Paid
8679,9179,2023-06-15,26700.0,Paid
4403,4903,2023-06-16,0.0,Pending
9768,10268,2023-06-16,14400.0,Paid
5963,6463,2023-06-17,117600.0,Paid
4966,5466,2023-06-18,9800.0,Paid
4528,5028,2023-06-18,22000.0,Paid
8401,8901,2023-06-19,12597.0,Paid
2259,2759,2023-06-20,30000.0,Paid
1889,2389,2023-06-20,95996.0,Paid
8723,9223,2023-06-20,17000.0,Paid
9250,9750,2023-06-21,255996.0,Paid
10327,10827,2023-06-21,34000.0,Paid
10273,10773,2023-06-22,43500.0,Paid
6164,6664,2023-06-22,15500.0,Paid
4006,4506,2023-06-22,3499.0,Paid
5414,5914,2023-06-22,40099.0,Paid
2769,3269,2023-06-22,66500.0,Paid
8213,8713,2023-06-23,3000.0,Paid
9897,10397,2023-06-23,10500.0,Refunded
9691,10191,2023-06-23,184200.0,Paid
7542,8042,2023-06-23,23098.0,Paid
6571,7071,2023-06-23,1998.0,Paid
5607,6107,2023-06-23,62496.0,Paid
1814,2314,2023-06-24,36800.0,Paid
9584,10084,2023-06-24,100000.0,Paid
589,1089,2023-06-24,0.0,Pending
8835,9335,2023-06-25,3200.0,Paid
8847,9347,2023-06-25,48299.0,Paid
2279,2779,2023-06-25,29600.0,Paid
2766,3266,2023-06-25,10000.0,Paid
8784,9284,2023-06-25,49000.0,Paid
4399,4899,2023-06-26,72496.0,Paid
8854,9354,2023-06-26,0.0,Failed
6577,7077,2023-06-28,25600.0,Paid
2477,2977,2023-06-28,74500.0,Refunded
4740,5240,2023-06-29,72000.0,Paid
10295,10795,2023-06-29,94500.0,Paid
3360,3860,2023-06-29,25798.0,Paid
9992,10492,2023-06-30,7299.0,Paid
1804,2304,2023-06-30,12600.0,Paid
2630,3130,2023-06-30,16700.0,Paid
5531,6031,2023-07-01,6600.0,Paid
2208,2708,2023-07-01,11400.0,Paid
7428,7928,2023-07-01,26000.0,Paid
5207,5707,2023-07-01,6300.0,Paid
4364,4864,2023-07-02,31198.0,Paid
9786,10286,2023-07-03,112999.0,Paid
4657,5157,2023-07-03,80200.0,Paid
2343,2843,2023-07-03,17600.0,Paid
7271,7771,2023-07-03,58997.0,Paid
9869,10369,2023-07-04,14000.0,Paid
1437,1937,2023-07-04,50000.0,Paid
3848,4348,2023-07-05,6400.0,Paid
610,1110,2023-07-05,85600.0,Paid
714,1214,2023-07-05,41198.0,Paid
3124,3624,2023-07-06,22497.0,Paid
7217,7717,2023-07-06,8500.0,Paid
2946,3446,2023-07-06,171400.0,Paid
645,1145,2023-07-06,25996.0,Paid
5916,6416,2023-07-06,3000.0,Paid
7392,7892,2023-07-06,12500.0,Paid
6736,7236,2023-07-07,3998.0,Paid
6886,7386,2023-07-07,18399.0,Paid
2457,2957,2023-07-07,141100.0,Paid
6252,6752,2023-07-08,3200.0,Paid
2952,3452,2023-07-08,11296.0,Paid
3174,3674,2023-07-08,22000.0,Paid
4231,4731,2023-07-09,101800.0,Paid
10465,10965,2023-07-09,6499.0,Paid
5375,5875,2023-07-09,9600.0,Paid
3051,3551,2023-07-09,85998.0,Paid
2434,2934,2023-07-09,0.0,Pending
9958,10458,2023-07-10,17300.0,Paid
9916,10416,2023-07-10,29000.0,Paid
6916,7416,2023-07-10,112000.0,Paid
2246,2746,2023-07-10,2997.0,Paid
9376,9876,2023-07-10,75000.0,Paid
9488,9988,2023-07-10,8500.0,Paid
1214,1714,2023-07-10,16500.0,Paid
10220,10720,2023-07-10,33200.0,Paid
6020,6520,2023-07-11,19700.0,Paid
4277,4777,2023-07-11,6400.0,Paid
728,1228,2023-07-11,0.0,Pending
4164,4664,2023-07-11,31400.0,Paid
2699,3199,2023-07-11,3600.0,Paid
7186,7686,2023-07-12,13498.0,Paid
1000,1500,2023-07-12,3996.0,Paid
7302,7802,2023-07-13,32197.0,Paid
6114,6614,2023-07-13,192500.0,Paid
9872,10372,2023-07-13,14000.0,Refunded
1813,2313,2023-07-14,31000.0,Paid
4588,5088,2023-07-14,40698.0,Paid
5935,6435,2023-07-14,165900.0,Paid
10251,10751,2023-07-14,38200.0,Paid
2910,3410,2023-07-14,27600.0,Paid
4454,4954,2023-07-15,47800.0,Paid
4906,5406,2023-07-15,229398.0,Paid
1130,1630,2023-07-16,0.0,Pending
3414,3914,2023-07-16,21797.0,Paid
8116,8616,2023-07-16,0.0,Failed
3354,3854,2023-07-16,36000.0,Paid
8936,9436,2023-07-16,3600.0,Paid
2917,3417,2023-07-17,2999.0,Paid
1683,2183,2023-07-17,67000.0,Paid
4011,4511,2023-07-18,14000.0,Paid
9581,10081,2023-07-18,24900.0,Paid
7233,7733,2023-07-19,144797.0,Paid
7206,7706,2023-07-19,80500.0,Paid
2176,2676,2023-07-20,108000.0,Paid
4022,4522,2023-07-20,63000.0,Paid
3863,4363,2023-07-20,113000.0,Refunded
2322,2822,2023-07-20,16799.0,Paid
2043,2543,2023-07-20,4400.0,Paid
7011,7511,2023-07-21,108497.0,Refunded
626,1126,2023-07-21,35100.0,Paid
6311,6811,2023-07-22,16300.0,Paid
3718,4218,2023-07-22,2500.0,Refunded
10108,10608,2023-07-23,11100.0,Paid
1243,1743,2023-07-23,7200.0,Paid
5009,5509,2023-07-24,17897.0,Paid
8057,8557,2023-07-24,12800.0,Paid
4105,4605,2023-07-24,48897.0,Paid
5722,6222,2023-07-24,11600.0,Paid
7672,8172,2023-07-24,4500.0,Paid
4306,4806,2023-07-24,101500.0,Paid
3052,3552,2023-07-25,41796.0,Paid
10064,10564,2023-07-25,11396.0,Paid
3079,3579,2023-07-25,5997.0,Paid
8063,8563,2023-07-25,18697.0,Paid
1715,2215,2023-07-25,2999.0,Paid
8912,9412,2023-07-26,155600.0,Paid
9563,10063,2023-07-26,113200.0,Paid
8645,9145,2023-07-26,4998.0,Paid
5560,6060,2023-07-27,214000.0,Paid
4830,5330,2023-07-27,73200.0,Paid
5610,6110,2023-07-27,12996.0,Paid
5705,6205,2023-07-27,21097.0,Paid
5448,5948,2023-07-28,3600.0,Paid
2059,2559,2023-07-28,56800.0,Paid
2555,3055,2023-07-28,9700.0,Paid
9917,10417,2023-07-28,162700.0,Paid
10385,10885,2023-07-28,5798.0,Paid
8350,8850,2023-07-29,24496.0,Paid
3785,4285,2023-07-29,12800.0,Paid
1891,2391,2023-07-29,30600.0,Paid
6507,7007,2023-07-29,44200.0,Paid
4761,5261,2023-07-29,23296.0,Paid
7077,7577,2023-07-30,23596.0,Paid
8698,9198,2023-07-31,86400.0,Paid
10010,10510,2023-07-31,8000.0,Paid
10047,10547,2023-07-31,8996.0,Paid
4878,5378,2023-08-01,24599.0,Paid
9906,10406,2023-08-01,61499.0,Paid
9026,9526,2023-08-01,10996.0,Paid
6054,6554,2023-08-01,14000.0,Paid
3815,4315,2023-08-01,2000.0,Paid
7292,7792,2023-08-01,5500.0,Paid
4712,5212,2023-08-01,22000.0,Paid
1124,1624,2023-08-02,1500.0,Paid
5628,6128,2023-08-02,113500.0,Paid
9266,9766,2023-08-02,8700.0,Paid
6945,7445,2023-08-03,8998.0,Paid
5909,6409,2023-08-03,22499.0,Paid
6882,7382,2023-08-03,8500.0,Paid
574,1074,2023-08-03,10896.0,Refunded
6236,6736,2023-08-03,14100.0,Paid
9050,9550,2023-08-03,16496.0,Paid
10386,10886,2023-08-04,93600.0,Refunded
4635,5135,2023-08-04,126993.0,Paid
5496,5996,2023-08-04,13600.0,Paid
3764,4264,2023-08-04,14400.0,Paid
10223,10723,2023-08-06,26800.0,Paid
8165,8665,2023-08-06,24393.0,Paid
4992,5492,2023-08-06,79800.0,Paid
1001,1501,2023-08-06,56600.0,Paid
5602,6102,2023-08-06,85596.0,Paid
9585,10085,2023-08-06,16000.0,Paid
5174,5674,2023-08-07,114200.0,Paid
3461,3961,2023-08-08,240998.0,Paid
7047,7547,2023-08-08,7500.0,Paid
6711,7211,2023-08-08,3998.0,Paid
1613,2113,2023-08-08,23796.0,Refunded
8348,8848,2023-08-08,12197.0,Paid
4282,4782,2023-08-08,27400.0,Paid
2496,2996,2023-08-09,179600.0,Paid
1884,2384,2023-08-09,198199.0,Paid
9483,9983,2023-08-09,254200.0,Paid
5792,6292,2023-08-09,70500.0,Paid
9179,9679,2023-08-09,27097.0,Paid
5428,5928,2023-08-09,45200.0,Paid
7486,7986,2023-08-09,234798.0,Paid
7391,7891,2023-08-10,0.0,Pending
6309,6809,2023-08-10,8000.0,Paid
9986,10486,2023-08-10,8997.0,Paid
5466,5966,2023-08-10,9000.0,Paid
2911,3411,2023-08-11,13497.0,Paid
5580,6080,2023-08-11,15400.0,Paid
5221,5721,2023-08-12,104999.0,Paid
8715,9215,2023-08-12,2200.0,Paid
4466,4966,2023-08-13,29800.0,Paid
5523,6023,2023-08-13,16600.0,Paid
5471,5971,2023-08-13,6900.0,Paid
7312,7812,2023-08-13,8000.0,Paid
5756,6256,2023-08-13,15497.0,Refunded
1102,1602,2023-08-14,35600.0,Paid
6992,7492,2023-08-14,79000.0,Paid
1147,1647,2023-08-14,18000.0,Paid
6202,6702,2023-08-15,17097.0,Paid
7895,8395,2023-08-15,0.0,Pending
1536,2036,2023-08-15,33000.0,Paid
6636,7136,2023-08-15,0.0,Pending
5674,6174,2023-08-15,14400.0,Paid
8766,9266,2023-08-15,117000.0,Paid
9810,10310,2023-08-15,26600.0,Paid
7579,8079,2023-08-16,32500.0,Paid
3576,4076,2023-08-16,0.0,Failed
1925,2425,2023-08-16,0.0,Pending
6172,6672,2023-08-16,13198.0,Paid
8080,8580,2023-08-16,168600.0,Paid
1201,1701,2023-08-16,241097.0,Paid
9496,9996,2023-08-17,10500.0,Paid
9257,9757,2023-08-17,2400.0,Paid
4188,4688,2023-08-18,175500.0,Paid
9800,10300,2023-08-19,84000.0,Paid
3447,3947,2023-08-19,43700.0,Paid
6161,6661,2023-08-19,2700.0,Paid
7100,7600,2023-08-20,0.0,Pending
3078,3578,2023-08-20,70599.0,Paid
1199,1699,2023-08-21,102998.0,Paid
9789,10289,2023-08-21,41700.0,Paid
6616,7116,2023-08-21,16600.0,Paid
3315,3815,2023-08-21,5500.0,Paid
9367,9867,2023-08-22,14800.0,Paid
2954,3454,2023-08-22,2900.0,Paid
6385,6885,2023-08-22,72000.0,Paid
5427,5927,2023-08-22,0.0,Pending
6584,7084,2023-08-22,25000.0,Paid
3522,4022,2023-08-23,36000.0,Paid
8788,9288,2023-08-23,33998.0,Paid
6436,6936,2023-08-23,101000.0,Refunded
6496,6996,2023-08-23,4900.0,Refunded
9640,10140,2023-08-25,10600.0,Paid
8320,8820,2023-08-25,238000.0,Paid
9690,10190,2023-08-25,2997.0,Refunded
8420,8920,2023-08-26,35600.0,Paid
4050,4550,2023-08-26,12500.0,Paid
9444,9944,2023-08-26,112000.0,Paid
2210,2710,2023-08-26,226300.0,Paid
7803,8303,2023-08-26,56500.0,Paid
7521,8021,2023-08-26,95400.0,Paid
9505,10005,2023-08-26,35000.0,Paid
6752,7252,2023-08-26,25400.0,Paid
10485,10985,2023-08-27,14499.0,Paid
7413,7913,2023-08-27,2000.0,Paid
6076,6576,2023-08-27,108496.0,Paid
7343,7843,2023-08-27,13397.0,Paid
4792,5292,2023-08-28,17196.0,Paid
1514,2014,2023-08-29,0.0,Pending
5285,5785,2023-08-29,53600.0,Paid
5849,6349,2023-08-29,67992.0,Paid
2908,3408,2023-08-29,29500.0,Paid
10204,10704,2023-08-30,1500.0,Paid
8992,9492,2023-08-30,35200.0,Paid
9464,9964,2023-09-01,45896.0,Paid
4897,5397,2023-09-02,500.0,Paid
9226,9726,2023-09-03,45000.0,Paid
9742,10242,2023-09-03,247599.0,Paid
8776,9276,2023-09-03,0.0,Pending
6171,6671,2023-09-03,6000.0,Paid
9481,9981,2023-09-04,0.0,Pending
1621,2121,2023-09-05,0.0,Pending
3093,3593,2023-09-06,225900.0,Paid
7798,8298,2023-09-06,38598.0,Paid
10085,10585,2023-09-06,42000.0,Paid
2272,2772,2023-09-06,0.0,Pending
2575,3075,2023-09-07,54000.0,Paid
5927,6427,2023-09-07,15000.0,Paid
8412,8912,2023-09-07,16600.0,Paid
1739,2239,2023-09-08,91800.0,Paid
9205,9705,2023-09-08,26700.0,Paid
9664,10164,2023-09-08,244394.0,Paid
1084,1584,2023-09-08,16999.0,Paid
1735,2235,2023-09-08,4497.0,Paid
854,1354,2023-09-10,56000.0,Paid
5145,5645,2023-09-10,27496.0,Paid
4849,5349,2023-09-11,39600.0,Paid
3015,3515,2023-09-11,135900.0,Paid
1591,2091,2023-09-11,15200.0,Paid
4156,4656,2023-09-11,220900.0,Paid
5426,5926,2023-09-11,0.0,Failed
3758,4258,2023-09-11,49800.0,Paid
6269,6769,2023-09-12,35800.0,Paid
7399,7899,2023-09-12,142600.0,Paid
2254,2754,2023-09-13,12600.0,Paid
1575,2075,2023-09-14,115998.0,Paid
5522,6022,2023-09-14,63899.0,Refunded
3580,4080,2023-09-14,22000.0,Paid
7716,8216,2023-09-15,3200.0,Paid
4140,4640,2023-09-15,7500.0,Paid
5555,6055,2023-09-16,31900.0,Paid
7013,7513,2023-09-16,6198.0,Paid
4030,4530,2023-09-16,40491.0,Paid
2387,2887,2023-09-16,11000.0,Paid
6154,6654,2023-09-16,6000.0,Paid
5095,5595,2023-09-17,7500.0,Paid
7126,7626,2023-09-17,49000.0,Paid
6012,6512,2023-09-17,43499.0,Paid
9858,10358,2023-09-17,29600.0,Paid
8264,8764,2023-09-18,37898.0,Paid
1647,2147,2023-09-18,114897.0,Paid
7203,7703,2023-09-19,26800.0,Refunded
4217,4717,2023-09-19,11498.0,Paid
6970,7470,2023-09-19,62996.0,Paid
3672,4172,2023-09-19,18499.0,Paid
536,1036,2023-09-20,0.0,Failed
8613,9113,2023-09-21,31297.0,Paid
10111,10611,2023-09-21,112000.0,Refunded
8170,8670,2023-09-21,3600.0,Paid
1732,2232,2023-09-22,28200.0,Paid
8736,9236,2023-09-22,18000.0,Paid
1970,2470,2023-09-22,129500.0,Refunded
4433,4933,2023-09-22,0.0,Pending
2454,2954,2023-09-22,44897.0,Paid
2799,3299,2023-09-23,9300.0,Paid
4806,5306,2023-09-23,20400.0,Paid
1733,2233,2023-09-24,67800.0,Paid
7614,8114,2023-09-24,90099.0,Refunded
5019,5519,2023-09-24,32500.0,Paid
4440,4940,2023-09-24,7797.0,Paid
734,1234,2023-09-24,46300.0,Refunded
5991,6491,2023-09-24,12000.0,Paid
8785,9285,2023-09-25,8400.0,Paid
8470,8970,2023-09-26,6000.0,Paid
2511,3011,2023-09-26,229097.0,Paid
9078,9578,2023-09-26,65000.0,Paid
4152,4652,2023-09-27,25000.0,Paid
8606,9106,2023-09-27,29400.0,Paid
9847,10347,2023-09-27,43100.0,Paid
4092,4592,2023-09-28,7000.0,Paid
4307,4807,2023-09-28,110900.0,Paid
10490,10990,2023-09-28,55000.0,Refunded
7366,7866,2023-09-28,44600.0,Paid
9299,9799,2023-09-28,40700.0,Paid
6696,7196,2023-09-28,61000.0,Paid
6151,6651,2023-09-29,75598.0,Paid
681,1181,2023-09-29,19500.0,Paid
9432,9932,2023-09-29,11499.0,Paid
8027,8527,2023-09-29,16496.0,Paid
4472,4972,2023-09-30,56000.0,Refunded
8119,8619,2023-09-30,35800.0,Paid
6353,6853,2023-09-30,20997.0,Paid
6099,6599,2023-09-30,26998.0,Paid
9320,9820,2023-09-30,6600.0,Paid
4147,4647,2023-10-01,2500.0,Paid
5198,5698,2023-10-01,4298.0,Paid
3735,4235,2023-10-01,60200.0,Paid
7832,8332,2023-10-01,0.0,Pending
7234,7734,2023-10-02,14700.0,Paid
9084,9584,2023-10-02,30297.0,Paid
7512,8012,2023-10-02,21400.0,Paid
8479,8979,2023-10-02,26596.0,Refunded
7516,8016,2023-10-02,0.0,Pending
4826,5326,2023-10-02,21499.0,Paid
2196,2696,2023-10-03,162900.0,Paid
1835,2335,2023-10-03,75000.0,Paid
2277,2777,2023-10-04,111000.0,Paid
9686,10186,2023-10-05,15700.0,Paid
6853,7353,2023-10-05,83000.0,Paid
9326,9826,2023-10-05,0.0,Pending
4476,4976,2023-10-05,22100.0,Paid
9231,9731,2023-10-06,61000.0,Paid
556,1056,2023-10-06,41996.0,Paid
2139,2639,2023-10-06,74000.0,Paid
2915,3415,2023-10-07,8998.0,Paid
8400,8900,2023-10-08,19793.0,Paid
1951,2451,2023-10-08,42100.0,Paid
7404,7904,2023-10-09,6597.0,Paid
1128,1628,2023-10-09,39598.0,Paid
3399,3899,2023-10-09,53000.0,Paid
5289,5789,2023-10-09,7000.0,Paid
778,1278,2023-10-09,80998.0,Paid
6742,7242,2023-10-09,87200.0,Paid
5851,6351,2023-10-09,1998.0,Paid
8373,8873,2023-10-10,25797.0,Paid
8628,9128,2023-10-10,28595.0,Paid
4423,4923,2023-10-11,76800.0,Paid
7460,7960,2023-10-12,7200.0,Paid
7664,8164,2023-10-12,51097.0,Refunded
6793,7293,2023-10-12,23399.0,Paid
10370,10870,2023-10-13,73800.0,Refunded
1660,2160,2023-10-13,107198.0,Paid
2365,2865,2023-10-13,39499.0,Paid
7364,7864,2023-10-13,34496.0,Paid
4951,5451,2023-10-13,0.0,Pending
6318,6818,2023-10-14,0.0,Pending
2820,3320,2023-10-14,23400.0,Paid
1562,2062,2023-10-14,3000.0,Paid
7813,8313,2023-10-15,7500.0,Paid
2263,2763,2023-10-15,51500.0,Paid
7117,7617,2023-10-15,63698.0,Paid
6690,7190,2023-10-15,16700.0,Paid
2776,3276,2023-10-16,5998.0,Paid
4253,4753,2023-10-16,8900.0,Refunded
2971,3471,2023-10-16,39200.0,Paid
7670,8170,2023-10-16,12997.0,Paid
659,1159,2023-10-17,37500.0,Paid
5782,6282,2023-10-17,87194.0,Paid
795,1295,2023-10-17,0.0,Failed
9606,10106,2023-10-17,7000.0,Paid
9555,10055,2023-10-17,2700.0,Paid
7839,8339,2023-10-17,77900.0,Refunded
10363,10863,2023-10-17,20400.0,Paid
1851,2351,2023-10-18,26300.0,Paid
8126,8626,2023-10-18,6297.0,Paid
2452,2952,2023-10-18,82600.0,Paid
6233,6733,2023-10-19,17500.0,Paid
8195,8695,2023-10-19,9600.0,Paid
1164,1664,2023-10-19,59500.0,Paid
2188,2688,2023-10-19,9994.0,Paid
4596,5096,2023-10-19,12300.0,Paid
2041,2541,2023-10-19,28900.0,Paid
1611,2111,2023-10-19,19998.0,Paid
8262,8762,2023-10-19,43498.0,Paid
10457,10957,2023-10-20,27400.0,Paid
3016,3516,2023-10-20,30198.0,Paid
7695,8195,2023-10-20,26100.0,Paid
6194,6694,2023-10-21,54000.0,Refunded
1106,1606,2023-10-21,26300.0,Refunded
2693,3193,2023-10-22,12800.0,Paid
3379,3879,2023-10-22,16500.0,Paid
2335,2835,2023-10-23,28000.0,Paid
731,1231,2023-10-23,4500.0,Paid
2718,3218,2023-10-23,134000.0,Paid
3605,4105,2023-10-23,9500.0,Paid
9312,9812,2023-10-23,39996.0,Paid
1953,2453,2023-10-24,5000.0,Paid
1744,2244,2023-10-24,2799.0,Paid
5230,5730,2023-10-24,8500.0,Paid
9373,9873,2023-10-24,19700.0,Paid
8403,8903,2023-10-24,0.0,Failed
10141,10641,2023-10-24,27697.0,Paid
3657,4157,2023-10-24,1800.0,Paid
5665,6165,2023-10-25,61196.0,Paid
5392,5892,2023-10-25,56400.0,Paid
3370,3870,2023-10-25,41900.0,Paid
10124,10624,2023-10-25,54000.0,Paid
5143,5643,2023-10-25,6400.0,Paid
3947,4447,2023-10-25,102000.0,Paid
10475,10975,2023-10-25,7497.0,Paid
1183,1683,2023-10-26,0.0,Pending
5488,5988,2023-10-26,5100.0,Paid
4284,4784,2023-10-26,18597.0,Paid
6220,6720,2023-10-26,24900.0,Paid
8787,9287,2023-10-26,40800.0,Paid
7932,8432,2023-10-26,7996.0,Paid
8919,9419,2023-10-26,128996.0,Paid
2713,3213,2023-10-26,181400.0,Paid
2400,2900,2023-10-27,16000.0,Paid
2050,2550,2023-10-27,22197.0,Paid
10139,10639,2023-10-28,50000.0,Paid
2284,2784,2023-10-28,24100.0,Paid
2319,2819,2023-10-28,173000.0,Paid
5189,5689,2023-10-28,54000.0,Paid
7629,8129,2023-10-28,19999.0,Paid
3650,4150,2023-10-28,28100.0,Paid
1875,2375,2023-10-28,64400.0,Paid
1673,2173,2023-10-29,14000.0,Paid
6964,7464,2023-10-29,68096.0,Refunded
7479,7979,2023-10-30,24999.0,Paid
4639,5139,2023-10-30,45800.0,Paid
4881,5381,2023-10-30,52800.0,Paid
7834,8334,2023-10-31,0.0,Pending
5251,5751,2023-10-31,24500.0,Paid
6877,7377,2023-10-31,33800.0,Paid
4896,5396,2023-10-31,900.0,Paid
2153,2653,2023-10-31,28999.0,Paid
7339,7839,2023-10-31,242499.0,Paid
7899,8399,2023-10-31,50500.0,Paid
4620,5120,2023-10-31,23898.0,Paid
3238,3738,2023-11-01,15997.0,Paid
8378,8878,2023-11-01,115996.0,Paid
4609,5109,2023-11-01,56000.0,Paid
8069,8569,2023-11-01,13500.0,Paid
6418,6918,2023-11-01,30400.0,Paid
7295,7795,2023-11-01,0.0,Pending
4200,4700,2023-11-02,47798.0,Paid
841,1341,2023-11-02,57396.0,Paid
2682,3182,2023-11-02,2000.0,Paid
590,1090,2023-11-02,11000.0,Paid
4869,5369,2023-11-02,29000.0,Paid
8876,9376,2023-11-03,101199.0,Paid
9325,9825,2023-11-03,59297.0,Paid
8043,8543,2023-11-03,119600.0,Paid
1737,2237,2023-11-03,14900.0,Paid
5359,5859,2023-11-04,2999.0,Paid
10158,10658,2023-11-04,56000.0,Paid
3740,4240,2023-11-05,56200.0,Paid
5024,5524,2023-11-05,8997.0,Paid
2642,3142,2023-11-06,163500.0,Paid
1477,1977,2023-11-06,54500.0,Paid
6986,7486,2023-11-06,19800.0,Paid
5267,5767,2023-11-06,20396.0,Paid
3499,3999,2023-11-06,51996.0,Paid
1458,1958,2023-11-08,72300.0,Paid
3359,3859,2023-11-08,64500.0,Paid
5913,6413,2023-11-08,13000.0,Paid
9646,10146,2023-11-08,75000.0,Paid
2990,3490,2023-11-08,8397.0,Paid
2213,2713,2023-11-08,33000.0,Paid
2569,3069,2023-11-08,42500.0,Paid
6111,6611,2023-11-09,37600.0,Paid
5381,5881,2023-11-09,55700.0,Paid
9948,10448,2023-11-09,59600.0,Paid
4229,4729,2023-11-09,27000.0,Paid
7491,7991,2023-11-09,178494.0,Paid
10002,10502,2023-11-10,29497.0,Paid
7564,8064,2023-11-10,6500.0,Paid
6895,7395,2023-11-10,7600.0,Paid
3112,3612,2023-11-10,7200.0,Paid
10478,10978,2023-11-11,39099.0,Paid
1806,2306,2023-11-11,13999.0,Paid
8265,8765,2023-11-11,32000.0,Paid
971,1471,2023-11-12,18800.0,Paid
8024,8524,2023-11-12,8998.0,Paid
6402,6902,2023-11-12,9300.0,Paid
8416,8916,2023-11-12,98000.0,Paid
7951,8451,2023-11-13,5997.0,Paid
3310,3810,2023-11-14,10499.0,Paid
1746,2246,2023-11-14,94100.0,Paid
6285,6785,2023-11-14,30596.0,Paid
8454,8954,2023-11-14,7200.0,Paid
10476,10976,2023-11-15,134700.0,Paid
1553,2053,2023-11-15,83596.0,Refunded
5568,6068,2023-11-15,39500.0,Paid
7178,7678,2023-11-16,1500.0,Paid
3188,3688,2023-11-16,2200.0,Paid
7880,8380,2023-11-16,22200.0,Paid
9675,10175,2023-11-16,0.0,Failed
4905,5405,2023-11-17,87000.0,Paid
2360,2860,2023-11-17,7900.0,Paid
7745,8245,2023-11-17,10200.0,Paid
1079,1579,2023-11-18,8800.0,Paid
6791,7291,2023-11-18,8498.0,Paid
2893,3393,2023-11-18,41200.0,Paid
2591,3091,2023-11-19,17396.0,Paid
6561,7061,2023-11-19,77200.0,Paid
7338,7838,2023-11-19,27398.0,Paid
8612,9112,2023-11-20,32000.0,Paid
8959,9459,2023-11-20,0.0,Pending
9347,9847,2023-11-20,70400.0,Paid
4860,5360,2023-11-20,97000.0,Paid
6200,6700,2023-11-21,61000.0,Paid
6048,6548,2023-11-21,16996.0,Refunded
4626,5126,2023-11-21,29800.0,Paid
2086,2586,2023-11-21,174498.0,Paid
10094,10594,2023-11-21,67600.0,Paid
1213,1713,2023-11-21,0.0,Pending
6536,7036,2023-11-21,13500.0,Paid
2217,2717,2023-11-21,57700.0,Paid
9209,9709,2023-11-22,2500.0,Paid
4802,5302,2023-11-22,15396.0,Paid
1677,2177,2023-11-22,209997.0,Paid
8242,8742,2023-11-22,2000.0,Paid
1931,2431,2023-11-23,10000.0,Paid
2065,2565,2023-11-23,12900.0,Paid
5774,6274,2023-11-23,38796.0,Paid
4301,4801,2023-11-24,5998.0,Paid
3126,3626,2023-11-24,100000.0,Paid
4774,5274,2023-11-24,5400.0,Paid
3265,3765,2023-11-24,3200.0,Paid
8152,8652,2023-11-24,31396.0,Paid
2897,3397,2023-11-24,9899.0,Paid
5038,5538,2023-11-24,14000.0,Paid
6560,7060,2023-11-25,8996.0,Paid
2641,3141,2023-11-25,2998.0,Paid
2388,2888,2023-11-25,24700.0,Paid
6871,7371,2023-11-25,18897.0,Paid
547,1047,2023-11-26,25198.0,Paid
8594,9094,2023-11-26,34000.0,Paid
2974,3474,2023-11-26,48097.0,Paid
8793,9293,2023-11-26,0.0,Pending
9165,9665,2023-11-27,94400.0,Paid
4257,4757,2023-11-27,0.0,Pending
4473,4973,2023-11-27,51499.0,Paid
529,1029,2023-11-27,25000.0,Paid
5444,5944,2023-11-27,4498.0,Paid
2773,3273,2023-11-28,9600.0,Paid
5820,6320,2023-11-28,5997.0,Paid
8557,9057,2023-11-28,13497.0,Paid
1055,1555,2023-11-28,11400.0,Paid
4708,5208,2023-11-28,78897.0,Paid
8556,9056,2023-11-28,7500.0,Paid
7104,7604,2023-11-29,12997.0,Paid
2596,3096,2023-11-29,3600.0,Paid
1720,2220,2023-11-29,87396.0,Paid
3717,4217,2023-11-29,182000.0,Paid
4252,4752,2023-11-30,6400.0,Paid
5113,5613,2023-11-30,0.0,Pending
4544,5044,2023-11-30,0.0,Pending
516,1016,2023-11-30,123798.0,Paid
8688,9188,2023-11-30,4200.0,Paid
10195,10695,2023-12-01,22000.0,Paid
1312,1812,2023-12-01,197396.0,Paid
3676,4176,2023-12-01,27900.0,Paid
8128,8628,2023-12-01,11698.0,Paid
10375,10875,2023-12-02,26700.0,Paid
1750,2250,2023-12-02,16194.0,Paid
8489,8989,2023-12-02,0.0,Failed
4463,4963,2023-12-02,5400.0,Refunded
7042,7542,2023-12-02,21399.0,Paid
2563,3063,2023-12-02,6000.0,Paid
8684,9184,2023-12-02,4998.0,Paid
6982,7482,2023-12-02,0.0,Pending
867,1367,2023-12-02,23397.0,Paid
6550,7050,2023-12-03,135196.0,Paid
2104,2604,2023-12-03,63400.0,Paid
767,1267,2023-12-03,27999.0,Paid
7500,8000,2023-12-03,13200.0,Paid
4673,5173,2023-12-04,30900.0,Paid
4877,5377,2023-12-04,36500.0,Paid
3509,4009,2023-12-04,9000.0,Paid
2118,2618,2023-12-04,0.0,Failed
4901,5401,2023-12-05,25000.0,Paid
7712,8212,2023-12-05,8495.0,Paid
9498,9998,2023-12-06,9500.0,Paid
9068,9568,2023-12-07,147200.0,Paid
1242,1742,2023-12-07,17598.0,Paid
9595,10095,2023-12-07,1500.0,Paid
4225,4725,2023-12-07,31799.0,Paid
9635,10135,2023-12-07,5400.0,Paid
8515,9015,2023-12-08,117499.0,Paid
9772,10272,2023-12-08,999.0,Paid
2705,3205,2023-12-09,13498.0,Paid
4636,5136,2023-12-10,41000.0,Refunded
7639,8139,2023-12-10,3600.0,Paid
5084,5584,2023-12-10,23399.0,Paid
5262,5762,2023-12-10,68600.0,Paid
9578,10078,2023-12-11,34000.0,Paid
5232,5732,2023-12-11,6499.0,Paid
1847,2347,2023-12-11,26500.0,Paid
1530,2030,2023-12-11,34398.0,Paid
6487,6987,2023-12-11,10800.0,Paid
1433,1933,2023-12-12,0.0,Pending
2646,3146,2023-12-12,16500.0,Paid
4753,5253,2023-12-12,12000.0,Paid
8673,9173,2023-12-13,11897.0,Paid
4317,4817,2023-12-13,17400.0,Paid
9875,10375,2023-12-13,103000.0,Paid
6341,6841,2023-12-13,130400.0,Paid
5856,6356,2023-12-14,7800.0,Paid
986,1486,2023-12-14,7997.0,Paid
780,1280,2023-12-14,5397.0,Paid
4875,5375,2023-12-14,19500.0,Paid
9065,9565,2023-12-14,27400.0,Paid
5449,5949,2023-12-14,40997.0,Paid
2509,3009,2023-12-15,18000.0,Paid
4539,5039,2023-12-15,32000.0,Refunded
7437,7937,2023-12-16,91000.0,Paid
5116,5616,2023-12-16,9000.0,Paid
4643,5143,2023-12-16,118300.0,Paid
9018,9518,2023-12-16,6000.0,Paid
8901,9401,2023-12-16,12800.0,Paid
2398,2898,2023-12-16,29800.0,Paid
1488,1988,2023-12-16,68600.0,Paid
6217,6717,2023-12-17,178900.0,Paid
3997,4497,2023-12-17,0.0,Pending
9853,10353,2023-12-17,9100.0,Paid
747,1247,2023-12-17,2997.0,Paid
7313,7813,2023-12-18,87998.0,Paid
5770,6270,2023-12-18,44100.0,Paid
3090,3590,2023-12-18,33000.0,Paid
783,1283,2023-12-18,900.0,Paid
7705,8205,2023-12-18,67996.0,Paid
1907,2407,2023-12-19,110000.0,Paid
8596,9096,2023-12-20,12900.0,Paid
8829,9329,2023-12-20,10499.0,Paid
2762,3262,2023-12-20,14000.0,Paid
1006,1506,2023-12-20,29800.0,Paid
1482,1982,2023-12-20,27196.0,Paid
4341,4841,2023-12-21,41397.0,Paid
6825,7325,2023-12-21,1800.0,Paid
3003,3503,2023-12-21,1000.0,Paid
10462,10962,2023-12-21,22996.0,Paid
2447,2947,2023-12-21,22197.0,Paid
3867,4367,2023-12-21,206899.0,Paid
8616,9116,2023-12-21,14400.0,Paid
7495,7995,2023-12-21,49000.0,Paid
6245,6745,2023-12-22,4996.0,Paid
8472,8972,2023-12-22,6500.0,Paid
8705,9205,2023-12-22,12500.0,Paid
5153,5653,2023-12-22,0.0,Pending
3886,4386,2023-12-23,1800.0,Paid
3214,3714,2023-12-23,9797.0,Paid
8852,9352,2023-12-24,7900.0,Paid
9726,10226,2023-12-24,19200.0,Paid
10196,10696,2023-12-24,29200.0,Paid
1162,1662,2023-12-25,8800.0,Paid
9139,9639,2023-12-25,20300.0,Paid
6103,6603,2023-12-25,84000.0,Paid
885,1385,2023-12-25,2000.0,Paid
5081,5581,2023-12-25,11000.0,Paid
3645,4145,2023-12-26,89500.0,Refunded
3334,3834,2023-12-26,15500.0,Paid
1512,2012,2023-12-26,2700.0,Paid
765,1265,2023-12-27,6400.0,Paid
8070,8570,2023-12-27,6198.0,Paid
6044,6544,2023-12-27,10800.0,Paid
8356,8856,2023-12-27,23000.0,Paid
6445,6945,2023-12-27,41000.0,Paid
9022,9522,2023-12-27,71496.0,Paid
8917,9417,2023-12-27,93300.0,Paid
3883,4383,2023-12-28,114200.0,Paid
4715,5215,2023-12-29,8300.0,Refunded
8240,8740,2023-12-29,11897.0,Refunded
9187,9687,2023-12-29,67099.0,Paid
7253,7753,2023-12-29,1800.0,Refunded
9095,9595,2023-12-29,37196.0,Paid
6921,7421,2023-12-30,58396.0,Paid
5520,6020,2023-12-30,34000.0,Paid
8326,8826,2023-12-30,3500.0,Paid
977,1477,2023-12-30,3000.0,Paid
9267,9767,2023-12-30,193900.0,Paid
4953,5453,2023-12-30,18500.0,Paid
6226,6726,2023-12-30,900.0,Paid
6029,6529,2023-12-31,16396.0,Paid
3178,3678,2023-12-31,2998.0,Paid
9025,9525,2023-12-31,103600.0,Paid
6492,6992,2023-12-31,31600.0,Paid
10135,10635,2023-12-31,3000.0,Paid
8449,8949,2024-01-01,55797.0,Paid
10405,10905,2024-01-01,49500.0,Paid
2986,3486,2024-01-01,123098.0,Paid
3647,4147,2024-01-02,0.0,Pending
6951,7451,2024-01-02,43000.0,Paid
9458,9958,2024-01-02,36800.0,Paid
4734,5234,2024-01-02,13497.0,Paid
6517,7017,2024-01-03,96396.0,Paid
9229,9729,2024-01-03,0.0,Failed
8808,9308,2024-01-03,1500.0,Paid
8631,9131,2024-01-04,87497.0,Paid
3337,3837,2024-01-04,2500.0,Paid
6544,7044,2024-01-04,7200.0,Paid
9085,9585,2024-01-04,19898.0,Paid
894,1394,2024-01-04,14400.0,Paid
9440,9940,2024-01-04,18996.0,Paid
9386,9886,2024-01-05,19991.0,Paid
9537,10037,2024-01-05,6400.0,Paid
9863,10363,2024-01-05,80099.0,Paid
4892,5392,2024-01-06,12600.0,Paid
6809,7309,2024-01-06,21996.0,Paid
4613,5113,2024-01-07,11600.0,Paid
7300,7800,2024-01-08,18993.0,Paid
8677,9177,2024-01-08,4200.0,Refunded
5205,5705,2024-01-08,7996.0,Paid
9504,10004,2024-01-08,41696.0,Paid
7290,7790,2024-01-08,35594.0,Paid
9237,9737,2024-01-08,14296.0,Paid
5976,6476,2024-01-08,1998.0,Paid
9235,9735,2024-01-09,72500.0,Paid
4560,5060,2024-01-09,1000.0,Paid
3516,4016,2024-01-09,63000.0,Paid
5186,5686,2024-01-09,34196.0,Paid
8856,9356,2024-01-09,11000.0,Paid
1249,1749,2024-01-09,50000.0,Paid
9239,9739,2024-01-09,32997.0,Paid
7152,7652,2024-01-10,81600.0,Paid
819,1319,2024-01-10,26600.0,Paid
7619,8119,2024-01-10,23500.0,Paid
8913,9413,2024-01-10,3000.0,Paid
6482,6982,2024-01-10,12000.0,Paid
5558,6058,2024-01-10,30800.0,Paid
2202,2702,2024-01-10,4500.0,Paid
5563,6063,2024-01-10,110798.0,Paid
3603,4103,2024-01-11,63000.0,Paid
5070,5570,2024-01-12,11996.0,Refunded
1935,2435,2024-01-12,21700.0,Paid
6428,6928,2024-01-12,25498.0,Refunded
1638,2138,2024-01-12,4500.0,Paid
5948,6448,2024-01-12,900.0,Paid
1064,1564,2024-01-12,66398.0,Paid
1097,1597,2024-01-12,37500.0,Paid
5853,6353,2024-01-12,22500.0,Paid
6204,6704,2024-01-13,0.0,Failed
1107,1607,2024-01-13,221800.0,Paid
8227,8727,2024-01-13,5997.0,Refunded
8370,8870,2024-01-13,1499.0,Paid
2921,3421,2024-01-14,124900.0,Paid
4660,5160,2024-01-14,0.0,Pending
3463,3963,2024-01-14,0.0,Failed
7001,7501,2024-01-15,47400.0,Paid
7765,8265,2024-01-15,53000.0,Paid
1618,2118,2024-01-15,0.0,Pending
3859,4359,2024-01-15,25000.0,Paid
9150,9650,2024-01-15,100000.0,Paid
3048,3548,2024-01-15,1800.0,Paid
10205,10705,2024-01-15,12500.0,Paid
8021,8521,2024-01-15,0.0,Pending
5726,6226,2024-01-16,5898.0,Paid
3236,3736,2024-01-16,18200.0,Paid
1566,2066,2024-01-16,18000.0,Refunded
7852,8352,2024-01-16,28600.0,Paid
8760,9260,2024-01-16,10000.0,Paid
922,1422,2024-01-17,51599.0,Paid
5799,6299,2024-01-18,0.0,Failed
9819,10319,2024-01-19,4800.0,Paid
4664,5164,2024-01-19,7200.0,Paid
2798,3298,2024-01-19,0.0,Pending
2141,2641,2024-01-19,23600.0,Paid
9702,10202,2024-01-19,8997.0,Paid
540,1040,2024-01-20,4500.0,Paid
7294,7794,2024-01-20,161396.0,Paid
9553,10053,2024-01-21,26000.0,Paid
8163,8663,2024-01-22,190000.0,Paid
5282,5782,2024-01-22,2400.0,Paid
1855,2355,2024-01-22,19500.0,Paid
4018,4518,2024-01-23,900.0,Paid
5132,5632,2024-01-23,25497.0,Paid
1687,2187,2024-01-23,6500.0,Paid
4735,5235,2024-01-24,23096.0,Paid
9603,10103,2024-01-24,6796.0,Paid
4909,5409,2024-01-24,38999.0,Paid
5149,5649,2024-01-25,7996.0,Paid
10494,10994,2024-01-25,91200.0,Paid
9356,9856,2024-01-25,7200.0,Paid
2068,2568,2024-01-26,26499.0,Paid
10162,10662,2024-01-26,4497.0,Paid
6352,6852,2024-01-27,21395.0,Paid
5023,5523,2024-01-27,4999.0,Paid
4087,4587,2024-01-27,118000.0,Paid
5443,5943,2024-01-28,21600.0,Paid
4961,5461,2024-01-28,13497.0,Paid
3610,4110,2024-01-29,16900.0,Paid
7310,7810,2024-01-30,40200.0,Paid
4381,4881,2024-01-30,70495.0,Paid
4116,4616,2024-01-30,9997.0,Paid
2209,2709,2024-01-30,8598.0,Paid
9115,9615,2024-01-31,115000.0,Paid
5452,5952,2024-01-31,5400.0,Paid
4481,4981,2024-01-31,32300.0,Paid
6035,6535,2024-01-31,15500.0,Paid
7551,8051,2024-02-01,61800.0,Paid
5550,6050,2024-02-01,18598.0,Paid
8101,8601,2024-02-02,79196.0,Paid
10412,10912,2024-02-02,0.0,Pending
7718,8218,2024-02-03,0.0,Pending
7088,7588,2024-02-04,206600.0,Paid
8948,9448,2024-02-04,0.0,Failed
10278,10778,2024-02-05,28197.0,Paid
5415,5915,2024-02-06,1800.0,Paid
6693,7193,2024-02-06,84100.0,Paid
2212,2712,2024-02-07,0.0,Pending
1627,2127,2024-02-07,10100.0,Paid
1420,1920,2024-02-07,20499.0,Paid
3502,4002,2024-02-08,22897.0,Paid
4724,5224,2024-02-08,14400.0,Paid
9424,9924,2024-02-08,0.0,Pending
5917,6417,2024-02-08,19200.0,Paid
905,1405,2024-02-08,35397.0,Paid
10051,10551,2024-02-08,8800.0,Paid
8288,8788,2024-02-08,35300.0,Paid
6446,6946,2024-02-08,79000.0,Paid
9780,10280,2024-02-08,43400.0,Paid
9517,10017,2024-02-09,8399.0,Paid
1929,2429,2024-02-09,40500.0,Paid
1095,1595,2024-02-09,3600.0,Paid
5966,6466,2024-02-09,0.0,Failed
1579,2079,2024-02-10,15099.0,Paid
8691,9191,2024-02-10,5999.0,Refunded
7190,7690,2024-02-11,7497.0,Refunded
5738,6238,2024-02-11,114500.0,Paid
3849,4349,2024-02-11,105200.0,Paid
3020,3520,2024-02-11,31500.0,Paid
6940,7440,2024-02-11,10500.0,Paid
1383,1883,2024-02-12,3300.0,Paid
6253,6753,2024-02-12,50600.0,Paid
633,1133,2024-02-12,80400.0,Paid
4642,5142,2024-02-12,13000.0,Paid
9908,10408,2024-02-12,0.0,Pending
7205,7705,2024-02-12,5600.0,Paid
6932,7432,2024-02-13,50300.0,Paid
3072,3572,2024-02-13,58700.0,Paid
1710,2210,2024-02-13,12300.0,Paid
6724,7224,2024-02-13,8099.0,Paid
2421,2921,2024-02-13,166100.0,Paid
7835,8335,2024-02-14,112800.0,Paid
9787,10287,2024-02-15,11798.0,Paid
3875,4375,2024-02-15,50000.0,Paid
5259,5759,2024-02-16,3998.0,Paid
1584,2084,2024-02-16,0.0,Failed
886,1386,2024-02-16,21098.0,Paid
1136,1636,2024-02-16,2500.0,Paid
6455,6955,2024-02-16,117097.0,Paid
5793,6293,2024-02-16,29700.0,Paid
9507,10007,2024-02-17,13000.0,Paid
1886,2386,2024-02-17,0.0,Pending
8735,9235,2024-02-17,50000.0,Paid
9940,10440,2024-02-17,14297.0,Paid
9051,9551,2024-02-18,6897.0,Paid
8291,8791,2024-02-19,120500.0,Paid
2992,3492,2024-02-19,15196.0,Paid
3671,4171,2024-02-19,112000.0,Paid
6431,6931,2024-02-20,232500.0,Paid
6189,6689,2024-02-20,44300.0,Paid
1748,2248,2024-02-20,12800.0,Paid
9551,10051,2024-02-20,28000.0,Paid
2112,2612,2024-02-21,1600.0,Paid
8428,8928,2024-02-21,12799.0,Paid
3801,4301,2024-02-21,39000.0,Paid
776,1276,2024-02-21,13296.0,Paid
9622,10122,2024-02-21,27400.0,Paid
3165,3665,2024-02-21,220000.0,Paid
8360,8860,2024-02-21,152797.0,Paid
8067,8567,2024-02-21,12499.0,Paid
3831,4331,2024-02-22,8500.0,Paid
8521,9021,2024-02-22,25000.0,Paid
5617,6117,2024-02-23,0.0,Pending
9134,9634,2024-02-24,14400.0,Paid
8171,8671,2024-02-24,28497.0,Paid
5702,6202,2024-02-24,60996.0,Paid
5088,5588,2024-02-24,3100.0,Paid
5300,5800,2024-02-24,13000.0,Paid
6262,6762,2024-02-24,183996.0,Paid
2732,3232,2024-02-25,42000.0,Paid
6933,7433,2024-02-25,157096.0,Paid
2448,2948,2024-02-25,0.0,Pending
9792,10292,2024-02-25,19500.0,Paid
1736,2236,2024-02-26,8997.0,Paid
7078,7578,2024-02-26,31800.0,Paid
3036,3536,2024-02-27,65600.0,Paid
1979,2479,2024-02-27,101000.0,Paid
7334,7834,2024-02-27,56000.0,Paid
6820,7320,2024-02-27,0.0,Pending
5732,6232,2024-02-27,17999.0,Paid
9062,9562,2024-02-27,3499.0,Paid
4275,4775,2024-02-27,14000.0,Paid
2863,3363,2024-02-28,14400.0,Paid
3846,4346,2024-02-28,220000.0,Paid
8725,9225,2024-02-28,76600.0,Paid
2298,2798,2024-02-29,67800.0,Paid
7019,7519,2024-02-29,22699.0,Paid
2028,2528,2024-02-29,0.0,Failed
9859,10359,2024-02-29,3200.0,Paid
3119,3619,2024-02-29,33900.0,Paid
2260,2760,2024-02-29,26600.0,Paid
7996,8496,2024-03-01,0.0,Pending
10129,10629,2024-03-01,66000.0,Paid
5500,6000,2024-03-01,126595.0,Paid
1749,2249,2024-03-01,0.0,Pending
2355,2855,2024-03-01,24800.0,Paid
9658,10158,2024-03-02,28500.0,Paid
7464,7964,2024-03-02,25500.0,Paid
9055,9555,2024-03-02,1999.0,Paid
3975,4475,2024-03-02,53597.0,Paid
1059,1559,2024-03-02,37500.0,Paid
10219,10719,2024-03-03,37696.0,Paid
2838,3338,2024-03-03,75497.0,Paid
2843,3343,2024-03-03,23500.0,Paid
5744,6244,2024-03-03,27496.0,Paid
7421,7921,2024-03-03,7000.0,Paid
624,1124,2024-03-04,16000.0,Paid
6904,7404,2024-03-04,10200.0,Paid
9682,10182,2024-03-05,7100.0,Paid
5112,5612,2024-03-05,13600.0,Paid
1054,1554,2024-03-05,29100.0,Paid
8049,8549,2024-03-05,14598.0,Paid
9816,10316,2024-03-05,10800.0,Paid
965,1465,2024-03-05,119200.0,Paid
2712,3212,2024-03-06,56000.0,Paid
9499,9999,2024-03-06,97196.0,Paid
2095,2595,2024-03-06,100600.0,Paid
9008,9508,2024-03-06,0.0,Pending
1027,1527,2024-03-07,0.0,Pending
1517,2017,2024-03-08,17500.0,Refunded
8026,8526,2024-03-08,23196.0,Paid
9061,9561,2024-03-09,118800.0,Paid
8090,8590,2024-03-09,2999.0,Paid
8388,8888,2024-03-09,12499.0,Paid
9649,10149,2024-03-09,131999.0,Paid
4866,5366,2024-03-09,17996.0,Paid
3842,4342,2024-03-09,32496.0,Paid
6277,6777,2024-03-09,4500.0,Paid
1615,2115,2024-03-10,11600.0,Paid
9190,9690,2024-03-10,19500.0,Refunded
5109,5609,2024-03-10,49899.0,Refunded
9765,10265,2024-03-10,105999.0,Paid
998,1498,2024-03-11,21500.0,Paid
5479,5979,2024-03-12,187399.0,Paid
4291,4791,2024-03-13,2499.0,Paid
5429,5929,2024-03-13,49300.0,Paid
7902,8402,2024-03-13,6600.0,Paid
3488,3988,2024-03-14,99800.0,Paid
6526,7026,2024-03-14,3600.0,Paid
10432,10932,2024-03-14,83400.0,Paid
5745,6245,2024-03-14,38198.0,Paid
5515,6015,2024-03-15,13000.0,Paid
7027,7527,2024-03-15,8698.0,Paid
878,1378,2024-03-16,16497.0,Paid
4710,5210,2024-03-16,68500.0,Paid
7545,8045,2024-03-16,900.0,Paid
5729,6229,2024-03-16,37196.0,Paid
6656,7156,2024-03-16,40297.0,Paid
2038,2538,2024-03-16,38000.0,Paid
10180,10680,2024-03-16,31999.0,Paid
8230,8730,2024-03-17,37500.0,Paid
9533,10033,2024-03-17,22995.0,Paid
10306,10806,2024-03-17,0.0,Failed
613,1113,2024-03-17,0.0,Failed
9579,10079,2024-03-18,28000.0,Paid
2963,3463,2024-03-18,106000.0,Paid
7577,8077,2024-03-18,75000.0,Refunded
9089,9589,2024-03-18,7500.0,Paid
5293,5793,2024-03-19,3000.0,Paid
6230,6730,2024-03-19,3600.0,Refunded
7929,8429,2024-03-20,96896.0,Paid
7638,8138,2024-03-20,14496.0,Paid
10177,10677,2024-03-20,3600.0,Paid
7410,7910,2024-03-20,2499.0,Paid
976,1476,2024-03-22,9000.0,Paid
1714,2214,2024-03-22,11997.0,Paid
859,1359,2024-03-22,229600.0,Paid
3683,4183,2024-03-23,16800.0,Paid
982,1482,2024-03-23,0.0,Pending
10267,10767,2024-03-23,1499.0,Paid
2996,3496,2024-03-23,15800.0,Paid
10308,10808,2024-03-23,38498.0,Paid
1983,2483,2024-03-23,54800.0,Paid
6400,6900,2024-03-23,236800.0,Paid
8708,9208,2024-03-24,24100.0,Paid
1582,2082,2024-03-25,134000.0,Paid
2274,2774,2024-03-25,16600.0,Paid
1022,1522,2024-03-25,7000.0,Paid
2258,2758,2024-03-26,57499.0,Paid
8545,9045,2024-03-26,63598.0,Paid
3457,3957,2024-03-26,5100.0,Paid
9666,10166,2024-03-26,20198.0,Paid
6259,6759,2024-03-26,19497.0,Paid
7257,7757,2024-03-27,22700.0,Paid
3413,3913,2024-03-27,19597.0,Paid
6218,6718,2024-03-27,228500.0,Paid
8060,8560,2024-03-27,79099.0,Paid
4289,4789,2024-03-27,3000.0,Paid
957,1457,2024-03-27,7500.0,Paid
2925,3425,2024-03-27,174598.0,Paid
1463,1963,2024-03-28,43000.0,Paid
6639,7139,2024-03-28,50000.0,Paid
2779,3279,2024-03-28,39300.0,Paid
548,1048,2024-03-28,12400.0,Paid
4658,5158,2024-03-28,159000.0,Paid
6901,7401,2024-03-28,83100.0,Paid
3185,3685,2024-03-29,15200.0,Paid
7509,8009,2024-03-29,23998.0,Paid
9419,9919,2024-03-29,9199.0,Paid
5077,5577,2024-03-29,125200.0,Paid
3021,3521,2024-03-30,13198.0,Paid
6123,6623,2024-03-31,26700.0,Paid
7120,7620,2024-03-31,18399.0,Paid
4717,5217,2024-04-01,65496.0,Paid
2919,3419,2024-04-01,25000.0,Paid
7454,7954,2024-04-01,12600.0,Paid
5763,6263,2024-04-01,222499.0,Refunded
5433,5933,2024-04-01,6000.0,Paid
8670,9170,2024-04-02,14000.0,Refunded
10123,10623,2024-04-02,20696.0,Paid
9283,9783,2024-04-02,124800.0,Paid
601,1101,2024-04-02,23896.0,Paid
1859,2359,2024-04-02,54396.0,Paid
10052,10552,2024-04-03,1500.0,Paid
2791,3291,2024-04-03,7800.0,Paid
9892,10392,2024-04-03,42000.0,Refunded
1901,2401,2024-04-03,5400.0,Paid
4215,4715,2024-04-05,163900.0,Paid
8160,8660,2024-04-05,70800.0,Paid
3163,3663,2024-04-05,50000.0,Paid
7166,7666,2024-04-05,21496.0,Paid
7095,7595,2024-04-05,3500.0,Paid
7341,7841,2024-04-05,75400.0,Paid
8510,9010,2024-04-06,113800.0,Refunded
1099,1599,2024-04-06,19800.0,Paid
6237,6737,2024-04-06,16000.0,Paid
8301,8801,2024-04-06,69900.0,Paid
10046,10546,2024-04-06,1999.0,Paid
3103,3603,2024-04-06,11999.0,Paid
5291,5791,2024-04-06,11500.0,Paid
3840,4340,2024-04-07,6000.0,Paid
3139,3639,2024-04-07,36100.0,Paid
7890,8390,2024-04-07,999.0,Paid
10120,10620,2024-04-07,0.0,Pending
4668,5168,2024-04-07,21297.0,Paid
1856,2356,2024-04-08,18500.0,Paid
7762,8262,2024-04-08,77200.0,Refunded
3791,4291,2024-04-08,13997.0,Refunded
4971,5471,2024-04-09,18299.0,Paid
2296,2796,2024-04-09,17000.0,Paid
9103,9603,2024-04-10,55999.0,Paid
9497,9997,2024-04-10,32999.0,Paid
3404,3904,2024-04-10,19200.0,Paid
711,1211,2024-04-10,59500.0,Paid
1671,2171,2024-04-10,8000.0,Paid
8226,8726,2024-04-10,25800.0,Refunded
4650,5150,2024-04-10,44493.0,Paid
6112,6612,2024-04-11,14400.0,Paid
2427,2927,2024-04-11,226400.0,Paid
9315,9815,2024-04-11,13196.0,Paid
8944,9444,2024-04-12,10400.0,Paid
6223,6723,2024-04-12,60496.0,Paid
2325,2825,2024-04-12,23500.0,Paid
796,1296,2024-04-12,26700.0,Paid
8127,8627,2024-04-12,6500.0,Paid
10328,10828,2024-04-12,50000.0,Paid
6261,6761,2024-04-12,29498.0,Paid
3532,4032,2024-04-12,30500.0,Paid
6214,6714,2024-04-12,79500.0,Paid
8471,8971,2024-04-12,21496.0,Paid
5949,6449,2024-04-13,9599.0,Paid
8469,8969,2024-04-13,27000.0,Paid
6876,7376,2024-04-13,18000.0,Paid
8633,9133,2024-04-13,0.0,Failed
5682,6182,2024-04-14,4497.0,Paid
8537,9037,2024-04-14,22000.0,Paid
7142,7642,2024-04-15,14298.0,Paid
7659,8159,2024-04-15,3600.0,Paid
7958,8458,2024-04-16,5996.0,Paid
6676,7176,2024-04-17,74400.0,Paid
703,1203,2024-04-17,112000.0,Paid
4106,4606,2024-04-18,187999.0,Paid
8687,9187,2024-04-19,16497.0,Paid
6465,6965,2024-04-19,14600.0,Paid
4910,5410,2024-04-19,19600.0,Paid
8975,9475,2024-04-20,21200.0,Paid
8087,8587,2024-04-20,28798.0,Paid
4585,5085,2024-04-20,50000.0,Paid
4198,4698,2024-04-20,22000.0,Paid
3547,4047,2024-04-20,1500.0,Paid
6193,6693,2024-04-20,0.0,Pending
8866,9366,2024-04-20,2700.0,Paid
1478,1978,2024-04-20,3500.0,Paid
1540,2040,2024-04-20,80500.0,Paid
9222,9722,2024-04-20,10500.0,Paid
5632,6132,2024-04-21,31100.0,Paid
3411,3911,2024-04-21,37900.0,Paid
2082,2582,2024-04-21,21897.0,Paid
9253,9753,2024-04-22,25600.0,Paid
10452,10952,2024-04-22,96896.0,Paid
6900,7400,2024-04-23,245400.0,Paid
2674,3174,2024-04-23,3000.0,Paid
10069,10569,2024-04-24,3200.0,Paid
4532,5032,2024-04-25,14000.0,Paid
4132,4632,2024-04-26,187200.0,Paid
823,1323,2024-04-26,187500.0,Paid
7693,8193,2024-04-26,123000.0,Paid
10122,10622,2024-04-26,31500.0,Paid
8072,8572,2024-04-26,1800.0,Paid
8492,8992,2024-04-26,35100.0,Paid
916,1416,2024-04-26,38900.0,Paid
7062,7562,2024-04-27,6800.0,Refunded
2764,3264,2024-04-27,24000.0,Paid
8520,9020,2024-04-27,0.0,Failed
847,1347,2024-04-27,0.0,Failed
2008,2508,2024-04-27,21100.0,Paid
6563,7063,2024-04-27,45400.0,Paid
3454,3954,2024-04-27,0.0,Pending
7676,8176,2024-04-28,118000.0,Paid
8532,9032,2024-04-28,121496.0,Paid
6739,7239,2024-04-28,28492.0,Paid
5759,6259,2024-04-28,34000.0,Paid
4199,4699,2024-04-28,44100.0,Paid
8228,8728,2024-04-28,0.0,Pending
5863,6363,2024-04-28,21000.0,Paid
7622,8122,2024-04-28,13898.0,Refunded
5921,6421,2024-04-29,107500.0,Paid
4362,4862,2024-04-30,800.0,Paid
2418,2918,2024-04-30,45699.0,Paid
8583,9083,2024-04-30,6500.0,Paid
9755,10255,2024-04-30,23600.0,Paid
2556,3056,2024-05-01,14400.0,Paid
6751,7251,2024-05-01,21000.0,Paid
6357,6857,2024-05-01,7997.0,Paid
2234,2734,2024-05-01,5599.0,Refunded
6051,6551,2024-05-01,119000.0,Paid
9368,9868,2024-05-01,22996.0,Paid
2075,2575,2024-05-02,1800.0,Paid
8811,9311,2024-05-02,8800.0,Paid
1158,1658,2024-05-02,42400.0,Paid
7084,7584,2024-05-02,13098.0,Paid
8391,8891,2024-05-03,22500.0,Paid
4940,5440,2024-05-03,4200.0,Paid
9086,9586,2024-05-04,0.0,Pending
3061,3561,2024-05-05,104300.0,Paid
1769,2269,2024-05-05,58000.0,Paid
3562,4062,2024-05-05,17700.0,Paid
1278,1778,2024-05-05,2997.0,Refunded
3381,3881,2024-05-06,28000.0,Paid
2304,2804,2024-05-07,7498.0,Paid
8307,8807,2024-05-08,8997.0,Paid
3680,4180,2024-05-09,16500.0,Paid
8867,9367,2024-05-09,59500.0,Refunded
5587,6087,2024-05-09,239000.0,Paid
10201,10701,2024-05-09,13800.0,Paid
2999,3499,2024-05-09,87498.0,Refunded
6994,7494,2024-05-09,203600.0,Paid
4387,4887,2024-05-09,0.0,Pending
1685,2185,2024-05-10,11000.0,Refunded
2649,3149,2024-05-10,91996.0,Paid
1318,1818,2024-05-10,52796.0,Paid
8536,9036,2024-05-11,10000.0,Paid
3864,4364,2024-05-11,0.0,Pending
9983,10483,2024-05-11,1600.0,Paid
3129,3629,2024-05-11,900.0,Paid
6541,7041,2024-05-11,5400.0,Paid
6494,6994,2024-05-12,12800.0,Paid
8003,8503,2024-05-12,51397.0,Paid
2108,2608,2024-05-12,3600.0,Paid
4746,5246,2024-05-13,11798.0,Paid
7587,8087,2024-05-13,26392.0,Paid
4234,4734,2024-05-14,65998.0,Paid
5045,5545,2024-05-14,10000.0,Paid
1930,2430,2024-05-14,16000.0,Paid
9003,9503,2024-05-14,243699.0,Paid
4177,4677,2024-05-14,94096.0,Paid
5465,5965,2024-05-15,3600.0,Paid
9370,9870,2024-05-15,55700.0,Refunded
8700,9200,2024-05-15,29000.0,Paid
4867,5367,2024-05-16,73800.0,Paid
7539,8039,2024-05-17,21396.0,Paid
641,1141,2024-05-17,54000.0,Paid
1551,2051,2024-05-18,0.0,Failed
2090,2590,2024-05-18,27200.0,Paid
1625,2125,2024-05-19,114300.0,Paid
3184,3684,2024-05-19,24800.0,Paid
7396,7896,2024-05-20,112000.0,Paid
9116,9616,2024-05-20,26000.0,Paid
4665,5165,2024-05-20,0.0,Pending
5150,5650,2024-05-21,0.0,Pending
5876,6376,2024-05-22,0.0,Failed
4729,5229,2024-05-22,1600.0,Paid
6376,6876,2024-05-22,16500.0,Refunded
2677,3177,2024-05-22,0.0,Failed
7329,7829,2024-05-22,0.0,Pending
3307,3807,2024-05-22,8500.0,Paid
4719,5219,2024-05-22,0.0,Failed
8414,8914,2024-05-23,28000.0,Paid
6365,6865,2024-05-23,12998.0,Paid
7771,8271,2024-05-23,63200.0,Paid
8727,9227,2024-05-23,24900.0,Paid
3810,4310,2024-05-23,7500.0,Paid
7402,7902,2024-05-24,5996.0,Paid
6889,7389,2024-05-24,78600.0,Paid
6477,6977,2024-05-25,14200.0,Paid
2273,2773,2024-05-25,6500.0,Paid
945,1445,2024-05-25,87200.0,Paid
10100,10600,2024-05-25,21300.0,Paid
8885,9385,2024-05-26,38397.0,Paid
2505,3005,2024-05-26,19398.0,Paid
2116,2616,2024-05-26,18800.0,Paid
6579,7079,2024-05-26,5400.0,Paid
7025,7525,2024-05-26,18000.0,Paid
1896,2396,2024-05-27,0.0,Failed
7573,8073,2024-05-27,14497.0,Paid
9293,9793,2024-05-27,900.0,Refunded
4094,4594,2024-05-27,18000.0,Paid
4379,4879,2024-05-27,7200.0,Paid
2928,3428,2024-05-27,27700.0,Paid
8863,9363,2024-05-27,9600.0,Paid
1845,2345,2024-05-27,4500.0,Paid
1767,2267,2024-05-28,93400.0,Paid
2430,2930,2024-05-28,9497.0,Paid
4977,5477,2024-05-29,32196.0,Paid
6437,6937,2024-05-29,86998.0,Paid
4862,5362,2024-05-29,5400.0,Paid
5073,5573,2024-05-29,8900.0,Paid
4474,4974,2024-05-29,0.0,Pending
3210,3710,2024-05-29,229998.0,Paid
10035,10535,2024-05-29,32899.0,Paid
5578,6078,2024-05-29,65596.0,Paid
8601,9101,2024-05-30,1999.0,Paid
4220,4720,2024-05-30,7000.0,Paid
2411,2911,2024-05-30,20000.0,Paid
9335,9835,2024-05-30,2997.0,Paid
5432,5932,2024-05-31,0.0,Pending
2193,2693,2024-05-31,34000.0,Refunded
7817,8317,2024-05-31,12398.0,Paid
9735,10235,2024-06-01,279898.0,Paid
1549,2049,2024-06-01,19600.0,Paid
3390,3890,2024-06-02,36000.0,Paid
1255,1755,2024-06-02,4497.0,Paid
10444,10944,2024-06-02,21200.0,Paid
6518,7018,2024-06-02,65200.0,Paid
3868,4368,2024-06-02,113599.0,Paid
6531,7031,2024-06-02,86800.0,Paid
6135,6635,2024-06-04,30300.0,Paid
5341,5841,2024-06-04,65697.0,Paid
6775,7275,2024-06-04,25300.0,Paid
7836,8336,2024-06-05,2200.0,Paid
2668,3168,2024-06-05,3600.0,Paid
1121,1621,2024-06-05,0.0,Pending
6320,6820,2024-06-06,24797.0,Paid
9027,9527,2024-06-06,4400.0,Paid
1986,2486,2024-06-06,9198.0,Paid
7717,8217,2024-06-06,15500.0,Paid
6016,6516,2024-06-06,86997.0,Paid
9159,9659,2024-06-06,54000.0,Paid
7682,8182,2024-06-06,1500.0,Paid
5434,5934,2024-06-06,29800.0,Refunded
8711,9211,2024-06-06,55500.0,Paid
1819,2319,2024-06-07,17396.0,Paid
1309,1809,2024-06-07,6797.0,Paid
5071,5571,2024-06-07,0.0,Pending
8651,9151,2024-06-07,18196.0,Refunded
7032,7532,2024-06-08,34000.0,Paid
5912,6412,2024-06-08,36596.0,Paid
7449,7949,2024-06-08,49498.0,Refunded
8185,8685,2024-06-09,6000.0,Paid
3993,4493,2024-06-10,7200.0,Refunded
10378,10878,2024-06-10,151997.0,Paid
3192,3692,2024-06-10,6600.0,Paid
2117,2617,2024-06-10,9496.0,Paid
1693,2193,2024-06-11,40400.0,Paid
2386,2886,2024-06-11,10000.0,Paid
6914,7414,2024-06-11,13196.0,Paid
7618,8118,2024-06-11,36300.0,Paid
5694,6194,2024-06-11,44600.0,Paid
5706,6206,2024-06-12,11200.0,Paid
5405,5905,2024-06-13,10000.0,Paid
10280,10780,2024-06-13,14000.0,Paid
3389,3889,2024-06-14,28000.0,Paid
830,1330,2024-06-14,39493.0,Paid
8093,8593,2024-06-14,109100.0,Paid
7556,8056,2024-06-14,2700.0,Paid
9782,10282,2024-06-14,14598.0,Paid
5199,5699,2024-06-14,10500.0,Paid
3949,4449,2024-06-15,25799.0,Paid
8618,9118,2024-06-16,85000.0,Paid
3101,3601,2024-06-16,77799.0,Refunded
581,1081,2024-06-16,94993.0,Paid
923,1423,2024-06-17,22196.0,Paid
8006,8506,2024-06-17,17094.0,Paid
7837,8337,2024-06-18,3200.0,Paid
5666,6166,2024-06-18,86000.0,Paid
10436,10936,2024-06-18,25696.0,Paid
1421,1921,2024-06-18,181000.0,Paid
955,1455,2024-06-19,5997.0,Paid
10021,10521,2024-06-19,13198.0,Paid
2861,3361,2024-06-19,21000.0,Paid
2318,2818,2024-06-19,58996.0,Paid
2417,2917,2024-06-19,15500.0,Paid
9857,10357,2024-06-20,14100.0,Paid
9746,10246,2024-06-20,13494.0,Paid
2313,2813,2024-06-20,2997.0,Paid
2009,2509,2024-06-20,25700.0,Paid
8830,9330,2024-06-20,35998.0,Refunded
5053,5553,2024-06-21,153996.0,Paid
4681,5181,2024-06-21,18600.0,Paid
6425,6925,2024-06-21,900.0,Paid
7688,8188,2024-06-21,6500.0,Paid
6125,6625,2024-06-21,17000.0,Paid
2780,3280,2024-06-21,14000.0,Paid
2054,2554,2024-06-21,97700.0,Paid
2688,3188,2024-06-22,1998.0,Paid
2557,3057,2024-06-22,12500.0,Paid
8923,9423,2024-06-23,132800.0,Paid
9967,10467,2024-06-23,8500.0,Paid
8647,9147,2024-06-24,130000.0,Paid
539,1039,2024-06-24,10500.0,Paid
9300,9800,2024-06-24,44496.0,Paid
3523,4023,2024-06-25,4400.0,Paid
10126,10626,2024-06-25,0.0,Pending
8548,9048,2024-06-25,900.0,Paid
8575,9075,2024-06-25,36798.0,Paid
5096,5596,2024-06-25,220000.0,Paid
1132,1632,2024-06-26,4998.0,Paid
5796,6296,2024-06-26,1800.0,Paid
2994,3494,2024-06-26,9699.0,Paid
3769,4269,2024-06-26,103000.0,Paid
6190,6690,2024-06-26,12496.0,Paid
6707,7207,2024-06-26,6000.0,Paid
9977,10477,2024-06-26,2700.0,Paid
8873,9373,2024-06-26,84000.0,Paid
4118,4618,2024-06-26,130000.0,Paid
8131,8631,2024-06-27,130100.0,Paid
4697,5197,2024-06-27,13596.0,Paid
7754,8254,2024-06-27,37600.0,Paid
3524,4024,2024-06-27,78000.0,Paid
2587,3087,2024-06-28,15997.0,Paid
8636,9136,2024-06-28,9000.0,Paid
3397,3897,2024-06-28,5300.0,Refunded
3834,4334,2024-06-29,10500.0,Paid
7560,8060,2024-06-29,1800.0,Paid
8031,8531,2024-06-29,44199.0,Paid
2295,2795,2024-06-29,26500.0,Paid
10024,10524,2024-06-30,25200.0,Paid
8204,8704,2024-06-30,33500.0,Paid
3887,4387,2024-06-30,17097.0,Paid
7993,8493,2024-06-30,13600.0,Paid
9185,9685,2024-07-01,25200.0,Paid
3966,4466,2024-07-01,56497.0,Refunded
7809,8309,2024-07-01,23697.0,Paid
5957,6457,2024-07-02,14400.0,Paid
8920,9420,2024-07-02,44997.0,Refunded
3805,4305,2024-07-03,18000.0,Paid
10026,10526,2024-07-03,115000.0,Paid
9559,10059,2024-07-03,91200.0,Paid
6898,7398,2024-07-03,5400.0,Paid
2747,3247,2024-07-03,4400.0,Paid
10302,10802,2024-07-03,222500.0,Refunded
5766,6266,2024-07-03,84499.0,Paid
5138,5638,2024-07-03,124996.0,Paid
7245,7745,2024-07-03,0.0,Failed
669,1169,2024-07-04,23498.0,Paid
6229,6729,2024-07-05,1800.0,Paid
8017,8517,2024-07-05,11000.0,Paid
2606,3106,2024-07-05,19500.0,Paid
2744,3244,2024-07-06,227996.0,Paid
4757,5257,2024-07-06,15300.0,Paid
1166,1666,2024-07-06,5400.0,Paid
10454,10954,2024-07-06,26996.0,Paid
5742,6242,2024-07-06,19499.0,Paid
4082,4582,2024-07-07,5996.0,Paid
1216,1716,2024-07-07,9700.0,Paid
9506,10006,2024-07-08,268000.0,Paid
6070,6570,2024-07-08,71793.0,Paid
3839,4339,2024-07-08,19395.0,Paid
3659,4159,2024-07-09,135500.0,Refunded
9503,10003,2024-07-09,20600.0,Paid
930,1430,2024-07-09,126500.0,Paid
1431,1931,2024-07-09,22000.0,Paid
1385,1885,2024-07-09,61200.0,Paid
606,1106,2024-07-09,49000.0,Paid
7969,8469,2024-07-10,20697.0,Paid
7698,8198,2024-07-11,6799.0,Paid
1371,1871,2024-07-11,37500.0,Refunded
2069,2569,2024-07-11,1000.0,Paid
7961,8461,2024-07-12,31000.0,Paid
7894,8394,2024-07-13,12996.0,Paid
7332,7832,2024-07-13,16398.0,Paid
6768,7268,2024-07-14,3600.0,Paid
7878,8378,2024-07-14,4499.0,Paid
7787,8287,2024-07-14,16496.0,Paid
4146,4646,2024-07-14,45396.0,Paid
1712,2212,2024-07-14,32000.0,Paid
8261,8761,2024-07-15,16793.0,Refunded
3189,3689,2024-07-16,12600.0,Paid
4111,4611,2024-07-16,316600.0,Paid
1717,2217,2024-07-16,15798.0,Paid
9883,10383,2024-07-16,90800.0,Paid
1436,1936,2024-07-16,800.0,Paid
7650,8150,2024-07-17,22497.0,Paid
9933,10433,2024-07-17,37999.0,Paid
1734,2234,2024-07-17,102500.0,Paid
8122,8622,2024-07-18,101597.0,Paid
1389,1889,2024-07-18,0.0,Pending
4651,5151,2024-07-18,0.0,Pending
6166,6666,2024-07-18,49998.0,Paid
10096,10596,2024-07-18,5400.0,Paid
8357,8857,2024-07-18,3800.0,Paid
1784,2284,2024-07-19,5996.0,Paid
7057,7557,2024-07-19,35800.0,Paid
10109,10609,2024-07-19,114999.0,Paid
4999,5499,2024-07-19,3800.0,Paid
2483,2983,2024-07-19,26400.0,Paid
9508,10008,2024-07-19,119100.0,Paid
6369,6869,2024-07-20,22497.0,Paid
4662,5162,2024-07-20,2000.0,Paid
8035,8535,2024-07-20,6500.0,Refunded
7950,8450,2024-07-20,13000.0,Paid
7073,7573,2024-07-20,23198.0,Paid
9460,9960,2024-07-21,0.0,Pending
8209,8709,2024-07-21,0.0,Pending
7171,7671,2024-07-21,25500.0,Paid
1261,1761,2024-07-21,0.0,Pending
7589,8089,2024-07-22,30497.0,Paid
7416,7916,2024-07-23,15100.0,Paid
932,1432,2024-07-24,21699.0,Paid
6434,6934,2024-07-24,181800.0,Paid
4536,5036,2024-07-24,9700.0,Paid
2875,3375,2024-07-24,35700.0,Paid
1029,1529,2024-07-25,45600.0,Paid
5652,6152,2024-07-25,16493.0,Paid
6500,7000,2024-07-26,10500.0,Paid
7732,8232,2024-07-26,38400.0,Paid
2508,3008,2024-07-26,16297.0,Paid
2848,3348,2024-07-27,136998.0,Paid
3484,3984,2024-07-28,79497.0,Paid
1668,2168,2024-07-28,21000.0,Paid
7288,7788,2024-07-28,26100.0,Paid
4322,4822,2024-07-28,57499.0,Paid
7069,7569,2024-07-28,3700.0,Paid
1786,2286,2024-07-28,56599.0,Paid
2286,2786,2024-07-28,0.0,Pending
8908,9408,2024-07-29,85396.0,Paid
692,1192,2024-07-29,11397.0,Paid
8036,8536,2024-07-29,7897.0,Paid
9884,10384,2024-07-29,6500.0,Paid
2742,3242,2024-07-30,117995.0,Paid
5223,5723,2024-07-30,5900.0,Paid
6740,7240,2024-07-30,84197.0,Paid
5546,6046,2024-07-30,5799.0,Paid
3283,3783,2024-07-31,9600.0,Paid
5561,6061,2024-07-31,8500.0,Paid
5210,5710,2024-08-01,7200.0,Paid
8535,9035,2024-08-02,0.0,Pending
4213,4713,2024-08-02,12500.0,Paid
6039,6539,2024-08-02,32699.0,Paid
7635,8135,2024-08-02,14500.0,Paid
5068,5568,2024-08-02,7796.0,Paid
3965,4465,2024-08-02,23000.0,Paid
8650,9150,2024-08-03,59996.0,Paid
8860,9360,2024-08-03,31594.0,Paid
2748,3248,2024-08-03,88400.0,Paid
4296,4796,2024-08-03,55000.0,Paid
7017,7517,2024-08-03,0.0,Pending
4135,4635,2024-08-04,39500.0,Paid
838,1338,2024-08-04,14000.0,Paid
4683,5183,2024-08-04,276200.0,Paid
10136,10636,2024-08-04,34796.0,Paid
6797,7297,2024-08-04,8498.0,Paid
10236,10736,2024-08-04,9998.0,Paid
6282,6782,2024-08-04,111800.0,Paid
9345,9845,2024-08-05,37800.0,Paid
4694,5194,2024-08-05,27996.0,Paid
8156,8656,2024-08-05,38499.0,Paid
6397,6897,2024-08-05,20200.0,Paid
1210,1710,2024-08-06,6500.0,Refunded
1489,1989,2024-08-06,44997.0,Paid
10000,10500,2024-08-06,11400.0,Paid
4614,5114,2024-08-06,12399.0,Paid
5822,6322,2024-08-06,10198.0,Paid
4395,4895,2024-08-06,50998.0,Paid
7114,7614,2024-08-06,0.0,Pending
9845,10345,2024-08-07,21200.0,Paid
3055,3555,2024-08-07,24400.0,Paid
9960,10460,2024-08-07,21300.0,Paid
2366,2866,2024-08-08,3998.0,Paid
6021,6521,2024-08-08,28800.0,Paid
9450,9950,2024-08-08,70400.0,Paid
2817,3317,2024-08-08,50000.0,Paid
806,1306,2024-08-09,19500.0,Paid
4618,5118,2024-08-09,51200.0,Paid
9519,10019,2024-08-09,1600.0,Paid
5103,5603,2024-08-09,6900.0,Paid
9923,10423,2024-08-09,10700.0,Paid
5678,6178,2024-08-09,0.0,Pending
4170,4670,2024-08-10,12300.0,Paid
2574,3074,2024-08-10,51500.0,Paid
5815,6315,2024-08-10,17000.0,Paid
8652,9152,2024-08-10,3500.0,Paid
6279,6779,2024-08-10,0.0,Pending
8386,8886,2024-08-11,9497.0,Paid
9028,9528,2024-08-11,21800.0,Paid
4743,5243,2024-08-11,101400.0,Paid
4924,5424,2024-08-11,500.0,Paid
4772,5272,2024-08-11,5800.0,Paid
5280,5780,2024-08-12,28000.0,Paid
4115,4615,2024-08-12,220000.0,Paid
774,1274,2024-08-12,28000.0,Paid
9302,9802,2024-08-12,136997.0,Paid
5600,6100,2024-08-12,19497.0,Paid
10116,10616,2024-08-13,4999.0,Paid
9369,9869,2024-08-13,18000.0,Paid
8346,8846,2024-08-13,22000.0,Paid
3943,4443,2024-08-13,170698.0,Paid
6893,7393,2024-08-13,1600.0,Paid
6694,7194,2024-08-13,0.0,Failed
4818,5318,2024-08-14,9100.0,Paid
6788,7288,2024-08-14,12100.0,Paid
3344,3844,2024-08-14,0.0,Failed
1005,1505,2024-08-14,15896.0,Paid
10044,10544,2024-08-15,3500.0,Paid
4749,5249,2024-08-15,5997.0,Paid
787,1287,2024-08-15,166500.0,Paid
9935,10435,2024-08-15,14000.0,Paid
1322,1822,2024-08-15,24800.0,Paid
5015,5515,2024-08-15,22000.0,Paid
1073,1573,2024-08-16,38400.0,Paid
8255,8755,2024-08-16,0.0,Failed
7121,7621,2024-08-16,6400.0,Refunded
8991,9491,2024-08-16,84000.0,Paid
1987,2487,2024-08-16,108100.0,Paid
3982,4482,2024-08-16,113200.0,Paid
6725,7225,2024-08-17,39800.0,Paid
9221,9721,2024-08-17,14000.0,Paid
4621,5121,2024-08-17,85798.0,Paid
7829,8329,2024-08-17,112600.0,Paid
6557,7057,2024-08-17,27699.0,Paid
9480,9980,2024-08-18,115998.0,Paid
993,1493,2024-08-18,0.0,Pending
4577,5077,2024-08-18,327500.0,Paid
7811,8311,2024-08-18,23398.0,Paid
5494,5994,2024-08-18,25200.0,Paid
9638,10138,2024-08-19,41999.0,Paid
2700,3200,2024-08-19,58500.0,Paid
3807,4307,2024-08-19,7200.0,Paid
4725,5225,2024-08-19,12000.0,Refunded
2802,3302,2024-08-19,50998.0,Paid
6092,6592,2024-08-19,6600.0,Paid
5061,5561,2024-08-20,10396.0,Paid
2455,2955,2024-08-20,100000.0,Paid
5249,5749,2024-08-20,77499.0,Paid
7611,8111,2024-08-20,13900.0,Paid
9332,9832,2024-08-20,119200.0,Paid
8783,9283,2024-08-20,8900.0,Refunded
9482,9982,2024-08-21,15800.0,Paid
4009,4509,2024-08-21,100000.0,Paid
4261,4761,2024-08-21,3996.0,Paid
8960,9460,2024-08-21,41496.0,Paid
698,1198,2024-08-21,6996.0,Paid
7415,7915,2024-08-21,13000.0,Paid
6013,6513,2024-08-21,19200.0,Paid
1960,2460,2024-08-22,3000.0,Paid
7730,8230,2024-08-22,14100.0,Paid
7690,8190,2024-08-22,3600.0,Paid
9944,10444,2024-08-22,24300.0,Paid
7767,8267,2024-08-23,15400.0,Paid
2494,2994,2024-08-23,8500.0,Paid
8906,9406,2024-08-23,1800.0,Paid
9178,9678,2024-08-23,47799.0,Paid
7900,8400,2024-08-23,4500.0,Paid
3422,3922,2024-08-23,168996.0,Paid
5920,6420,2024-08-23,2700.0,Paid
9939,10439,2024-08-23,77500.0,Paid
9826,10326,2024-08-24,3700.0,Paid
5459,5959,2024-08-24,26800.0,Paid
7267,7767,2024-08-24,60600.0,Paid
4453,4953,2024-08-24,101499.0,Paid
7246,7746,2024-08-24,0.0,Pending
1247,1747,2024-08-24,9600.0,Refunded
7368,7868,2024-08-24,105800.0,Paid
8076,8576,2024-08-24,10199.0,Paid
7472,7972,2024-08-25,253300.0,Paid
9673,10173,2024-08-25,1800.0,Paid
2544,3044,2024-08-25,26997.0,Paid
5633,6133,2024-08-26,3600.0,Paid
1600,2100,2024-08-26,103300.0,Paid
4993,5493,2024-08-26,8500.0,Paid
10364,10864,2024-08-27,50996.0,Paid
8294,8794,2024-08-27,1500.0,Paid
1684,2184,2024-08-27,0.0,Pending
6949,7449,2024-08-27,14000.0,Paid
1662,2162,2024-08-27,72000.0,Paid
5003,5503,2024-08-27,1800.0,Paid
8871,9371,2024-08-27,35500.0,Paid
1052,1552,2024-08-27,13497.0,Paid
9710,10210,2024-08-28,0.0,Pending
895,1395,2024-08-28,4100.0,Paid
8514,9014,2024-08-29,0.0,Failed
10455,10955,2024-08-29,42098.0,Paid
2730,3230,2024-08-30,75000.0,Refunded
7387,7887,2024-08-30,61800.0,Paid
6438,6938,2024-08-31,120800.0,Paid
10451,10951,2024-08-31,78396.0,Paid
9181,9681,2024-08-31,60197.0,Paid
2021,2521,2024-08-31,40500.0,Paid
7995,8495,2024-09-01,22400.0,Paid
6778,7278,2024-09-01,31500.0,Paid
3092,3592,2024-09-01,27000.0,Paid
4072,4572,2024-09-01,64600.0,Paid
2395,2895,2024-09-01,49499.0,Paid
5924,6424,2024-09-01,19995.0,Paid
7248,7748,2024-09-02,0.0,Pending
4537,5037,2024-09-02,10600.0,Paid
1414,1914,2024-09-02,53600.0,Paid
5999,6499,2024-09-03,18000.0,Paid
2868,3368,2024-09-03,48900.0,Paid
3515,4015,2024-09-03,27800.0,Paid
4562,5062,2024-09-03,53498.0,Refunded
7692,8192,2024-09-04,63596.0,Paid
4692,5192,2024-09-04,58496.0,Paid
4187,4687,2024-09-04,0.0,Failed
1674,2174,2024-09-04,73397.0,Paid
5981,6481,2024-09-04,19500.0,Paid
5265,5765,2024-09-04,9597.0,Paid
1924,2424,2024-09-04,9398.0,Refunded
4920,5420,2024-09-05,12600.0,Refunded
1921,2421,2024-09-05,28700.0,Paid
7052,7552,2024-09-05,33697.0,Paid
9969,10469,2024-09-06,19500.0,Paid
3008,3508,2024-09-06,8200.0,Paid
8881,9381,2024-09-06,11500.0,Paid
5098,5598,2024-09-06,9200.0,Paid
2631,3131,2024-09-06,12600.0,Paid
816,1316,2024-09-07,204900.0,Refunded
10009,10509,2024-09-07,54000.0,Paid
6650,7150,2024-09-07,12600.0,Paid
5589,6089,2024-09-07,14000.0,Paid
9591,10091,2024-09-07,39000.0,Paid
3000,3500,2024-09-07,23996.0,Paid
8498,8998,2024-09-08,12500.0,Paid
6153,6653,2024-09-08,6400.0,Paid
2356,2856,2024-09-09,37496.0,Paid
2283,2783,2024-09-09,3000.0,Paid
10144,10644,2024-09-09,5400.0,Refunded
9188,9688,2024-09-09,247400.0,Paid
10289,10789,2024-09-10,14900.0,Paid
9314,9814,2024-09-10,7000.0,Paid
5787,6287,2024-09-10,7200.0,Paid
4517,5017,2024-09-10,41794.0,Paid
2336,2836,2024-09-10,86998.0,Paid
5089,5589,2024-09-11,40900.0,Paid
7386,7886,2024-09-11,113599.0,Refunded
6011,6511,2024-09-11,4800.0,Paid
1365,1865,2024-09-11,228600.0,Refunded
3582,4082,2024-09-11,56200.0,Paid
1036,1536,2024-09-11,25500.0,Paid
5740,6240,2024-09-11,93300.0,Paid
1713,2213,2024-09-11,7000.0,Paid
3123,3623,2024-09-12,4998.0,Paid
5294,5794,2024-09-12,129400.0,Paid
585,1085,2024-09-12,41399.0,Paid
9113,9613,2024-09-12,17400.0,Paid
6810,7310,2024-09-12,52500.0,Refunded
9502,10002,2024-09-12,26698.0,Paid
1475,1975,2024-09-13,32996.0,Paid
9632,10132,2024-09-13,1998.0,Paid
5679,6179,2024-09-13,6600.0,Paid
980,1480,2024-09-13,25500.0,Paid
6938,7438,2024-09-13,60500.0,Paid
5178,5678,2024-09-13,3500.0,Paid
807,1307,2024-09-13,17000.0,Paid
1963,2463,2024-09-13,21400.0,Paid
2957,3457,2024-09-14,16000.0,Paid
3487,3987,2024-09-14,62700.0,Paid
743,1243,2024-09-14,90600.0,Paid
5573,6073,2024-09-15,4800.0,Paid
2004,2504,2024-09-15,137500.0,Paid
2768,3268,2024-09-15,12600.0,Refunded
9180,9680,2024-09-16,3998.0,Paid
1460,1960,2024-09-16,226000.0,Paid
6071,6571,2024-09-16,9600.0,Paid
3920,4420,2024-09-16,35797.0,Refunded
4191,4691,2024-09-16,11300.0,Paid
2225,2725,2024-09-16,0.0,Failed
10074,10574,2024-09-17,50400.0,Paid
8175,8675,2024-09-17,270400.0,Paid
6283,6783,2024-09-17,6998.0,Paid
8850,9350,2024-09-17,21300.0,Paid
9874,10374,2024-09-17,11400.0,Paid
5274,5774,2024-09-18,109000.0,Paid
1088,1588,2024-09-18,0.0,Pending
1215,1715,2024-09-18,99400.0,Paid
10447,10947,2024-09-18,7996.0,Paid
1015,1515,2024-09-19,22198.0,Paid
2853,3353,2024-09-19,8998.0,Paid
8120,8620,2024-09-19,14499.0,Paid
8467,8967,2024-09-19,124900.0,Refunded
10428,10928,2024-09-19,12800.0,Paid
7299,7799,2024-09-20,5996.0,Paid
4242,4742,2024-09-20,4500.0,Paid
1270,1770,2024-09-21,3600.0,Paid
10460,10960,2024-09-21,0.0,Pending
3972,4472,2024-09-21,7996.0,Paid
3012,3512,2024-09-21,4497.0,Paid
8266,8766,2024-09-22,1500.0,Paid
8508,9008,2024-09-22,3000.0,Paid
2538,3038,2024-09-23,15000.0,Paid
6575,7075,2024-09-23,46796.0,Paid
2327,2827,2024-09-23,3500.0,Paid
1227,1727,2024-09-23,13298.0,Paid
3395,3895,2024-09-24,76500.0,Paid
8904,9404,2024-09-24,0.0,Pending
8821,9321,2024-09-24,1999.0,Paid
6196,6696,2024-09-25,14499.0,Paid
4874,5374,2024-09-25,91996.0,Paid
3577,4077,2024-09-25,6000.0,Paid
3493,3993,2024-09-26,48200.0,Paid
6348,6848,2024-09-26,165000.0,Paid
9284,9784,2024-09-27,64797.0,Paid
3600,4100,2024-09-27,140297.0,Paid
9054,9554,2024-09-27,106300.0,Refunded
3141,3641,2024-09-28,52200.0,Paid
8655,9155,2024-09-28,225500.0,Paid
8387,8887,2024-09-28,26896.0,Refunded
9361,9861,2024-09-28,6000.0,Paid
6939,7439,2024-09-29,25400.0,Paid
9643,10143,2024-09-29,0.0,Failed
8902,9402,2024-09-29,55000.0,Paid
5592,6092,2024-09-29,31397.0,Paid
8056,8556,2024-09-29,14600.0,Paid
10246,10746,2024-09-29,23595.0,Paid
10193,10693,2024-09-30,210897.0,Paid
5007,5507,2024-09-30,17200.0,Paid
5036,5536,2024-09-30,28400.0,Paid
3642,4142,2024-09-30,85994.0,Paid
1708,2208,2024-09-30,0.0,Failed
10483,10983,2024-09-30,10500.0,Paid
6368,6868,2024-09-30,14200.0,Paid
1543,2043,2024-09-30,68997.0,Paid
1961,2461,2024-09-30,26400.0,Paid
6926,7426,2024-10-01,112500.0,Paid
4400,4900,2024-10-01,0.0,Failed
9841,10341,2024-10-01,3600.0,Paid
2770,3270,2024-10-01,19999.0,Paid
9484,9984,2024-10-01,9600.0,Paid
5252,5752,2024-10-01,0.0,Pending
8717,9217,2024-10-02,55998.0,Paid
3584,4084,2024-10-03,41500.0,Paid
3551,4051,2024-10-03,100996.0,Paid
5226,5726,2024-10-03,18700.0,Paid
1002,1502,2024-10-03,119699.0,Paid
4019,4519,2024-10-03,39697.0,Paid
3324,3824,2024-10-03,65996.0,Paid
820,1320,2024-10-03,0.0,Pending
3121,3621,2024-10-03,23500.0,Paid
10155,10655,2024-10-04,17399.0,Paid
6894,7394,2024-10-04,81597.0,Paid
881,1381,2024-10-05,16300.0,Paid
8005,8505,2024-10-05,173097.0,Paid
5579,6079,2024-10-05,117999.0,Paid
4182,4682,2024-10-05,0.0,Failed
9930,10430,2024-10-06,0.0,Failed
3934,4434,2024-10-06,74996.0,Paid
4619,5119,2024-10-06,34200.0,Paid
4948,5448,2024-10-06,25698.0,Paid
4211,4711,2024-10-06,3600.0,Paid
3365,3865,2024-10-06,25300.0,Paid
9384,9884,2024-10-07,0.0,Pending
1076,1576,2024-10-07,6000.0,Paid
8309,8809,2024-10-07,12500.0,Paid
7111,7611,2024-10-08,25498.0,Paid
3056,3556,2024-10-08,22800.0,Paid
2599,3099,2024-10-08,12200.0,Refunded
3550,4050,2024-10-08,236100.0,Paid
9597,10097,2024-10-08,13996.0,Paid
8993,9493,2024-10-08,42000.0,Paid
9211,9711,2024-10-08,45500.0,Paid
2864,3364,2024-10-08,11400.0,Paid
8418,8918,2024-10-09,30999.0,Paid
6499,6999,2024-10-09,9500.0,Paid
7723,8223,2024-10-09,49497.0,Paid
8129,8629,2024-10-09,54000.0,Paid
9170,9670,2024-10-10,56998.0,Paid
8100,8600,2024-10-10,46400.0,Paid
9954,10454,2024-10-10,0.0,Pending
1324,1824,2024-10-10,30900.0,Paid
8217,8717,2024-10-10,14498.0,Refunded
3627,4127,2024-10-11,43199.0,Paid
7346,7846,2024-10-11,128999.0,Paid
5200,5700,2024-10-11,29000.0,Paid
10283,10783,2024-10-11,92697.0,Paid
1509,2009,2024-10-11,11197.0,Paid
4630,5130,2024-10-12,30996.0,Paid
6421,6921,2024-10-12,20393.0,Paid
2605,3105,2024-10-12,80997.0,Paid
1435,1935,2024-10-12,25600.0,Paid
8681,9181,2024-10-12,40100.0,Paid
4996,5496,2024-10-12,18496.0,Paid
1388,1888,2024-10-13,82796.0,Paid
2767,3267,2024-10-13,16198.0,Paid
9358,9858,2024-10-13,6400.0,Paid
3374,3874,2024-10-13,190900.0,Paid
6349,6849,2024-10-13,13596.0,Paid
6766,7266,2024-10-13,7400.0,Paid
3007,3507,2024-10-14,6000.0,Paid
2261,2761,2024-10-14,10200.0,Paid
6590,7090,2024-10-14,233200.0,Paid
6231,6731,2024-10-14,30500.0,Paid
5887,6387,2024-10-15,31297.0,Paid
10287,10787,2024-10-16,9600.0,Paid
6875,7375,2024-10-16,116999.0,Paid
9270,9770,2024-10-16,14000.0,Paid
5731,6231,2024-10-16,281499.0,Paid
7535,8035,2024-10-16,25500.0,Paid
6668,7168,2024-10-17,3200.0,Paid
3474,3974,2024-10-17,110900.0,Paid
10366,10866,2024-10-17,88999.0,Paid
7160,7660,2024-10-17,4800.0,Paid
6088,6588,2024-10-18,234400.0,Paid
7972,8472,2024-10-18,0.0,Failed
10274,10774,2024-10-18,16695.0,Paid
8109,8609,2024-10-18,1999.0,Paid
3130,3630,2024-10-18,30998.0,Refunded
6062,6562,2024-10-19,28800.0,Paid
3350,3850,2024-10-19,47397.0,Paid
5085,5585,2024-10-19,112998.0,Paid
5469,5969,2024-10-19,107499.0,Paid
8938,9438,2024-10-19,69597.0,Paid
6266,6766,2024-10-19,20100.0,Paid
2778,3278,2024-10-19,58800.0,Paid
4369,4869,2024-10-20,321800.0,Paid
1217,1717,2024-10-20,13100.0,Paid
2040,2540,2024-10-20,196499.0,Paid
8762,9262,2024-10-20,28498.0,Paid
5903,6403,2024-10-20,41900.0,Paid
2681,3181,2024-10-21,55000.0,Paid
5860,6360,2024-10-21,72000.0,Paid
9092,9592,2024-10-21,0.0,Pending
2787,3287,2024-10-21,7200.0,Paid
9514,10014,2024-10-21,17000.0,Paid
10417,10917,2024-10-21,170997.0,Paid
8174,8674,2024-10-21,89900.0,Refunded
2871,3371,2024-10-22,7200.0,Paid
3080,3580,2024-10-22,6000.0,Paid
751,1251,2024-10-23,10996.0,Paid
9804,10304,2024-10-23,18500.0,Paid
5027,5527,2024-10-23,9798.0,Paid
5663,6163,2024-10-24,86597.0,Paid
8934,9434,2024-10-24,52697.0,Paid
10015,10515,2024-10-24,15898.0,Paid
4555,5055,2024-10-25,10500.0,Paid
3468,3968,2024-10-25,11996.0,Paid
2446,2946,2024-10-25,2200.0,Paid
2292,2792,2024-10-25,25000.0,Paid
8033,8533,2024-10-25,111796.0,Paid
2733,3233,2024-10-25,25200.0,Paid
7385,7885,2024-10-26,21897.0,Paid
2873,3373,2024-10-26,0.0,Pending
2495,2995,2024-10-27,62100.0,Paid
6715,7215,2024-10-27,3000.0,Paid
789,1289,2024-10-27,30400.0,Paid
7405,7905,2024-10-27,9699.0,Paid
5357,5857,2024-10-27,25199.0,Paid
5105,5605,2024-10-27,24800.0,Paid
4450,4950,2024-10-28,227797.0,Paid
6796,7296,2024-10-28,92397.0,Refunded
9877,10377,2024-10-28,27700.0,Paid
3674,4174,2024-10-28,9600.0,Paid
7855,8355,2024-10-28,229199.0,Paid
9039,9539,2024-10-28,203696.0,Paid
2057,2557,2024-10-29,9000.0,Paid
10113,10613,2024-10-29,70000.0,Paid
5059,5559,2024-10-30,184198.0,Paid
6424,6924,2024-10-30,60999.0,Paid
7541,8041,2024-10-30,65596.0,Paid
3059,3559,2024-10-30,121999.0,Paid
2476,2976,2024-10-31,78000.0,Refunded
10191,10691,2024-10-31,22598.0,Paid
821,1321,2024-10-31,9300.0,Paid
5165,5665,2024-10-31,35398.0,Paid
4726,5226,2024-11-01,78992.0,Paid
8310,8810,2024-11-01,16600.0,Paid
6562,7062,2024-11-01,3600.0,Paid
9788,10288,2024-11-01,44100.0,Paid
10325,10825,2024-11-02,15500.0,Paid
9657,10157,2024-11-02,5496.0,Paid
2034,2534,2024-11-02,4400.0,Paid
3011,3511,2024-11-02,10798.0,Paid
6880,7380,2024-11-02,15500.0,Paid
10165,10665,2024-11-02,11398.0,Paid
3742,4242,2024-11-02,10500.0,Paid
7609,8109,2024-11-02,28600.0,Paid
6866,7366,2024-11-03,113300.0,Paid
9362,9862,2024-11-03,73100.0,Paid
7116,7616,2024-11-03,77600.0,Paid
9946,10446,2024-11-04,3600.0,Paid
7840,8340,2024-11-04,22492.0,Paid
3809,4309,2024-11-04,36397.0,Paid
7225,7725,2024-11-04,19699.0,Paid
5209,5709,2024-11-04,35995.0,Paid
3546,4046,2024-11-05,12800.0,Paid
9169,9669,2024-11-05,19699.0,Paid
4748,5248,2024-11-05,0.0,Pending
9886,10386,2024-11-05,0.0,Pending
1570,2070,2024-11-05,4797.0,Paid
2123,2623,2024-11-05,32800.0,Refunded
9259,9759,2024-11-05,236600.0,Paid
3596,4096,2024-11-05,4400.0,Paid
1122,1622,2024-11-05,40400.0,Paid
7089,7589,2024-11-05,11997.0,Paid
2026,2526,2024-11-06,8700.0,Paid
2288,2788,2024-11-06,271600.0,Paid
9057,9557,2024-11-06,28198.0,Paid
10011,10511,2024-11-06,57500.0,Paid
7772,8272,2024-11-06,8598.0,Paid
7502,8002,2024-11-06,2700.0,Paid
9794,10294,2024-11-07,22900.0,Paid
10362,10862,2024-11-07,66996.0,Paid
1174,1674,2024-11-07,0.0,Pending
4160,4660,2024-11-07,8500.0,Refunded
2977,3477,2024-11-08,6598.0,Paid
5848,6348,2024-11-08,0.0,Pending
6927,7427,2024-11-09,1800.0,Refunded
9820,10320,2024-11-09,62700.0,Paid
587,1087,2024-11-09,119200.0,Paid
7063,7563,2024-11-09,25000.0,Paid
2550,3050,2024-11-09,40800.0,Paid
10140,10640,2024-11-09,20600.0,Paid
7759,8259,2024-11-09,16997.0,Paid
5831,6331,2024-11-09,78200.0,Paid
10131,10631,2024-11-10,123700.0,Refunded
1555,2055,2024-11-10,40500.0,Paid
5325,5825,2024-11-10,14400.0,Paid
4942,5442,2024-11-11,8500.0,Paid
792,1292,2024-11-11,17097.0,Paid
7959,8459,2024-11-11,2500.0,Paid
1811,2311,2024-11-11,7796.0,Paid
9837,10337,2024-11-11,34896.0,Refunded
7212,7712,2024-11-11,23197.0,Paid
2243,2743,2024-11-12,16500.0,Paid
5874,6374,2024-11-12,7200.0,Paid
3421,3921,2024-11-12,5400.0,Paid
10369,10869,2024-11-13,42500.0,Paid
10310,10810,2024-11-13,8099.0,Paid
3302,3802,2024-11-13,11996.0,Paid
6032,6532,2024-11-13,112897.0,Paid
5468,5968,2024-11-13,12800.0,Paid
6682,7182,2024-11-13,8900.0,Paid
2866,3366,2024-11-13,1499.0,Paid
8106,8606,2024-11-13,39700.0,Paid
8029,8529,2024-11-13,40400.0,Paid
2230,2730,2024-11-14,0.0,Pending
3342,3842,2024-11-15,180600.0,Paid
6784,7284,2024-11-16,12000.0,Paid
6558,7058,2024-11-16,58700.0,Paid
4983,5483,2024-11-17,3600.0,Paid
9813,10313,2024-11-17,121497.0,Paid
964,1464,2024-11-17,14000.0,Refunded
1873,2373,2024-11-18,4800.0,Paid
9868,10368,2024-11-18,38496.0,Paid
5893,6393,2024-11-18,10100.0,Paid
1770,2270,2024-11-18,7998.0,Paid
3765,4265,2024-11-18,15396.0,Paid
656,1156,2024-11-18,70500.0,Paid
6607,7107,2024-11-18,89500.0,Paid
6754,7254,2024-11-19,0.0,Pending
9738,10238,2024-11-19,165000.0,Paid
908,1408,2024-11-19,5998.0,Paid
3698,4198,2024-11-19,33997.0,Paid
6646,7146,2024-11-20,79500.0,Refunded
9965,10465,2024-11-20,232597.0,Paid
3465,3965,2024-11-20,29700.0,Paid
3332,3832,2024-11-20,8997.0,Paid
7431,7931,2024-11-20,5400.0,Paid
9902,10402,2024-11-21,42998.0,Paid
973,1473,2024-11-21,150400.0,Paid
9636,10136,2024-11-21,0.0,Pending
8996,9496,2024-11-21,123000.0,Paid
598,1098,2024-11-21,63800.0,Paid
7962,8462,2024-11-21,5500.0,Paid
10027,10527,2024-11-21,119400.0,Paid
8202,8702,2024-11-21,136495.0,Paid
3629,4129,2024-11-21,19600.0,Paid
1755,2255,2024-11-22,26800.0,Paid
5301,5801,2024-11-22,999.0,Paid
4230,4730,2024-11-23,9497.0,Paid
9214,9714,2024-11-23,89800.0,Paid
7287,7787,2024-11-23,7200.0,Paid
1200,1700,2024-11-23,29000.0,Paid
4894,5394,2024-11-24,70500.0,Paid
3555,4055,2024-11-24,136900.0,Paid
9045,9545,2024-11-24,5400.0,Paid
3322,3822,2024-11-24,65895.0,Paid
2818,3318,2024-11-24,44500.0,Paid
1894,2394,2024-11-25,5998.0,Paid
4088,4588,2024-11-25,56599.0,Paid
1968,2468,2024-11-25,38800.0,Paid
4986,5486,2024-11-26,80800.0,Paid
6837,7337,2024-11-26,61299.0,Paid
2558,3058,2024-11-26,23600.0,Paid
2790,3290,2024-11-27,5400.0,Paid
7851,8351,2024-11-27,36700.0,Paid
2530,3030,2024-11-27,53200.0,Paid
4558,5058,2024-11-28,25499.0,Paid
9925,10425,2024-11-28,9196.0,Paid
8336,8836,2024-11-28,6500.0,Paid
8268,8768,2024-11-28,47097.0,Paid
10099,10599,2024-11-28,34000.0,Paid
10389,10889,2024-11-28,21000.0,Paid
7138,7638,2024-11-29,199000.0,Paid
3245,3745,2024-11-29,43900.0,Paid
9663,10163,2024-11-29,39000.0,Paid
2629,3129,2024-11-29,14000.0,Paid
6525,7025,2024-11-30,118500.0,Paid
1534,2034,2024-12-01,31900.0,Paid
7784,8284,2024-12-01,14194.0,Paid
3813,4313,2024-12-02,35200.0,Paid
10425,10925,2024-12-02,60497.0,Paid
10230,10730,2024-12-02,51600.0,Paid
1936,2436,2024-12-02,109000.0,Paid
4232,4732,2024-12-03,23600.0,Paid
10214,10714,2024-12-03,87000.0,Paid
8989,9489,2024-12-03,900.0,Paid
5074,5574,2024-12-03,32000.0,Paid
6203,6703,2024-12-03,11300.0,Paid
2429,2929,2024-12-04,57200.0,Paid
1838,2338,2024-12-04,53599.0,Paid
4070,4570,2024-12-04,35797.0,Paid
1070,1570,2024-12-04,64200.0,Refunded
4629,5129,2024-12-04,2000.0,Paid
4374,4874,2024-12-04,29697.0,Paid
3622,4122,2024-12-04,12800.0,Paid
5092,5592,2024-12-04,125300.0,Paid
6296,6796,2024-12-05,0.0,Pending
3684,4184,2024-12-05,53100.0,Paid
5146,5646,2024-12-06,19300.0,Paid
6644,7144,2024-12-06,4500.0,Paid
10491,10991,2024-12-06,74999.0,Paid
10338,10838,2024-12-06,100500.0,Paid
6228,6728,2024-12-07,0.0,Pending
9225,9725,2024-12-07,42798.0,Paid
6289,6789,2024-12-07,147995.0,Paid
4285,4785,2024-12-07,7496.0,Paid
1018,1518,2024-12-07,25000.0,Paid
4863,5363,2024-12-08,71000.0,Paid
4812,5312,2024-12-08,38800.0,Paid
4103,4603,2024-12-08,14400.0,Paid
4688,5188,2024-12-08,17499.0,Paid
733,1233,2024-12-08,2999.0,Paid
7049,7549,2024-12-08,16700.0,Paid
4925,5425,2024-12-08,72597.0,Paid
4569,5069,2024-12-08,3998.0,Paid
2137,2637,2024-12-09,2200.0,Paid
9528,10028,2024-12-09,29900.0,Paid
5247,5747,2024-12-09,220000.0,Refunded
8767,9267,2024-12-09,0.0,Pending
1191,1691,2024-12-09,4300.0,Paid
4155,4655,2024-12-09,0.0,Pending
9956,10456,2024-12-10,27600.0,Paid
6363,6863,2024-12-11,0.0,Pending
3682,4182,2024-12-11,2600.0,Paid
6569,7069,2024-12-11,18000.0,Paid
4134,4634,2024-12-11,23600.0,Paid
2135,2635,2024-12-11,139000.0,Paid
6430,6930,2024-12-11,0.0,Pending
2579,3079,2024-12-11,0.0,Pending
7977,8477,2024-12-12,11398.0,Paid
6481,6981,2024-12-12,24998.0,Paid
7720,8220,2024-12-12,7200.0,Paid
1923,2423,2024-12-13,131000.0,Paid
2506,3006,2024-12-13,9000.0,Paid
7680,8180,2024-12-13,5996.0,Paid
2759,3259,2024-12-13,27000.0,Paid
3719,4219,2024-12-14,25000.0,Paid
3348,3848,2024-12-14,259300.0,Paid
959,1459,2024-12-14,15400.0,Paid
9623,10123,2024-12-14,26495.0,Paid
6216,6716,2024-12-14,0.0,Pending
4791,5291,2024-12-14,12398.0,Refunded
5398,5898,2024-12-15,42500.0,Paid
6197,6697,2024-12-15,14000.0,Paid
6079,6579,2024-12-15,33999.0,Paid
1086,1586,2024-12-16,36200.0,Paid
2794,3294,2024-12-16,29800.0,Paid
3107,3607,2024-12-16,9600.0,Paid
4705,5205,2024-12-16,239700.0,Paid
4513,5013,2024-12-16,31400.0,Paid
4025,4525,2024-12-16,25200.0,Paid
7965,8465,2024-12-16,30998.0,Paid
9667,10167,2024-12-16,4000.0,Paid
3761,4261,2024-12-16,16997.0,Paid
8603,9103,2024-12-16,1500.0,Paid
5035,5535,2024-12-16,14000.0,Paid
1705,2205,2024-12-16,43200.0,Paid
5368,5868,2024-12-17,0.0,Pending
9642,10142,2024-12-17,48000.0,Paid
8511,9011,2024-12-17,0.0,Pending
2898,3398,2024-12-18,6496.0,Paid
4634,5134,2024-12-18,5800.0,Paid
6075,6575,2024-12-18,38197.0,Paid
9487,9987,2024-12-19,39400.0,Paid
1948,2448,2024-12-19,2998.0,Paid
9341,9841,2024-12-19,17699.0,Paid
5750,6250,2024-12-19,6300.0,Paid
3394,3894,2024-12-19,0.0,Pending
8461,8961,2024-12-19,146200.0,Paid
1426,1926,2024-12-19,10200.0,Paid
4448,4948,2024-12-19,65500.0,Paid
5622,6122,2024-12-20,55798.0,Paid
8302,8802,2024-12-20,0.0,Pending
3638,4138,2024-12-20,1800.0,Paid
9509,10009,2024-12-20,84000.0,Paid
3057,3557,2024-12-20,43498.0,Paid
3527,4027,2024-12-20,26500.0,Paid
5635,6135,2024-12-20,17696.0,Paid
4228,4728,2024-12-20,14596.0,Paid
8506,9006,2024-12-21,34698.0,Paid
2469,2969,2024-12-21,83498.0,Paid
5597,6097,2024-12-22,18000.0,Paid
8501,9001,2024-12-22,31500.0,Paid
10215,10715,2024-12-22,0.0,Pending
8791,9291,2024-12-22,145000.0,Paid
2351,2851,2024-12-22,35397.0,Paid
8907,9407,2024-12-22,19397.0,Paid
1815,2315,2024-12-22,39400.0,Refunded
5865,6365,2024-12-22,18500.0,Paid
5025,5525,2024-12-23,0.0,Pending
7583,8083,2024-12-23,0.0,Pending
6185,6685,2024-12-23,0.0,Pending
1648,2148,2024-12-23,121500.0,Refunded
2859,3359,2024-12-24,0.0,Pending
8637,9137,2024-12-24,0.0,Pending
10151,10651,2024-12-24,31995.0,Paid
2738,3238,2024-12-24,0.0,Pending
7831,8331,2024-12-24,5400.0,Paid
6497,6997,2024-12-24,44496.0,Paid
6188,6688,2024-12-24,41000.0,Paid
3430,3930,2024-12-24,91996.0,Paid
8554,9054,2024-12-24,3200.0,Paid
9574,10074,2024-12-25,26700.0,Paid
9689,10189,2024-12-25,7600.0,Paid
5688,6188,2024-12-25,38400.0,Paid
1469,1969,2024-12-25,16000.0,Paid
5372,5872,2024-12-25,4300.0,Paid
5052,5552,2024-12-25,32398.0,Paid
7810,8310,2024-12-25,43597.0,Paid
8894,9394,2024-12-25,13200.0,Paid
9154,9654,2024-12-25,1800.0,Paid
6449,6949,2024-12-25,12200.0,Paid
9442,9942,2024-12-26,0.0,Pending
5630,6130,2024-12-26,11100.0,Paid
7132,7632,2024-12-26,0.0,Pending
1292,1792,2024-12-26,24000.0,Paid
9420,9920,2024-12-27,74000.0,Paid
3594,4094,2024-12-27,8700.0,Paid
8796,9296,2024-12-27,152500.0,Paid
8173,8673,2024-12-27,21700.0,Paid
8649,9149,2024-12-27,18600.0,Paid
5161,5661,2024-12-27,2499.0,Paid
8359,8859,2024-12-27,1999.0,Paid
4052,4552,2024-12-27,22100.0,Paid
7109,7609,2024-12-27,7500.0,Refunded
2504,3004,2024-12-27,26000.0,Paid
1781,2281,2024-12-27,11400.0,Paid
2498,2998,2024-12-28,62598.0,Paid
3838,4338,2024-12-28,50999.0,Paid
1722,2222,2024-12-28,8500.0,Paid
5941,6441,2024-12-28,19900.0,Paid
5656,6156,2024-12-28,3600.0,Paid
7504,8004,2024-12-28,27500.0,Paid
3028,3528,2024-12-29,190400.0,Paid
8245,8745,2024-12-29,25000.0,Paid
2367,2867,2024-12-29,38600.0,Paid
2624,3124,2024-12-29,2500.0,Paid
1425,1925,2024-12-29,9398.0,Refunded
3695,4195,2024-12-29,6800.0,Paid
3552,4052,2024-12-29,11200.0,Paid
963,1463,2024-12-30,10399.0,Paid
10061,10561,2024-12-30,7497.0,Paid
1235,1735,2024-12-30,67800.0,Paid
2111,2611,2024-12-30,191999.0,Paid
3782,4282,2024-12-30,13800.0,Paid
7537,8037,2024-12-30,2200.0,Paid
8190,8690,2024-12-31,12400.0,Paid
7709,8209,2024-12-31,0.0,Pending
7336,7836,2024-12-31,22998.0,Refunded
8720,9220,2025-01-01,6000.0,Paid
5526,6026,2025-01-01,3800.0,Paid
2131,2631,2025-01-01,1500.0,Paid
1574,2074,2025-01-01,79500.0,Paid
7147,7647,2025-01-01,68993.0,Refunded
9972,10472,2025-01-02,184200.0,Paid
6393,6893,2025-01-02,5500.0,Paid
5870,6370,2025-01-03,3600.0,Paid
4337,4837,2025-01-03,13000.0,Paid
4625,5125,2025-01-03,2700.0,Paid
5431,5931,2025-01-03,25993.0,Paid
9217,9717,2025-01-03,74700.0,Paid
9543,10043,2025-01-04,0.0,Pending
7390,7890,2025-01-04,25500.0,Paid
1500,2000,2025-01-04,41500.0,Paid
845,1345,2025-01-04,23998.0,Paid
4262,4762,2025-01-04,135000.0,Paid
1619,2119,2025-01-04,1500.0,Paid
7474,7974,2025-01-05,10796.0,Paid
7506,8006,2025-01-05,62800.0,Paid
3906,4406,2025-01-05,60500.0,Paid
1049,1549,2025-01-06,125100.0,Paid
8774,9274,2025-01-06,15900.0,Paid
6920,7420,2025-01-06,107496.0,Paid
1423,1923,2025-01-06,11597.0,Paid
5768,6268,2025-01-06,7000.0,Paid
627,1127,2025-01-07,23000.0,Paid
4727,5227,2025-01-07,30900.0,Paid
6179,6679,2025-01-07,6200.0,Paid
2932,3432,2025-01-07,12500.0,Paid
5104,5604,2025-01-07,138000.0,Paid
5825,6325,2025-01-08,18300.0,Paid
8164,8664,2025-01-08,14298.0,Refunded
4496,4996,2025-01-08,0.0,Pending
9343,9843,2025-01-08,16696.0,Paid
3013,3513,2025-01-08,226496.0,Paid
3715,4215,2025-01-09,1999.0,Paid
9172,9672,2025-01-09,104500.0,Paid
9674,10174,2025-01-09,2400.0,Paid
3231,3731,2025-01-09,47400.0,Paid
8666,9166,2025-01-09,19500.0,Paid
9823,10323,2025-01-09,8800.0,Paid
5543,6043,2025-01-09,5800.0,Paid
9596,10096,2025-01-10,30100.0,Paid
2039,2539,2025-01-10,137500.0,Paid
9681,10181,2025-01-10,10398.0,Paid
1702,2202,2025-01-10,1800.0,Paid
7068,7568,2025-01-10,40900.0,Paid
5090,5590,2025-01-10,6400.0,Refunded
8340,8840,2025-01-10,89000.0,Paid
2760,3260,2025-01-10,10498.0,Refunded
3212,3712,2025-01-10,5699.0,Paid
1238,1738,2025-01-11,19200.0,Refunded
4263,4763,2025-01-11,5000.0,Paid
2170,2670,2025-01-11,92998.0,Paid
1348,1848,2025-01-12,3200.0,Paid
9396,9896,2025-01-12,0.0,Failed
2678,3178,2025-01-12,52500.0,Paid
8639,9139,2025-01-13,32300.0,Paid
561,1061,2025-01-13,167600.0,Paid
5031,5531,2025-01-14,0.0,Failed
4954,5454,2025-01-14,28999.0,Paid
1943,2443,2025-01-14,124498.0,Paid
6480,6980,2025-01-15,8900.0,Paid
952,1452,2025-01-15,25197.0,Paid
10157,10657,2025-01-15,37500.0,Paid
5696,6196,2025-01-16,9600.0,Paid
9915,10415,2025-01-16,27300.0,Refunded
6167,6667,2025-01-16,189700.0,Paid
8295,8795,2025-01-17,199000.0,Paid
5964,6464,2025-01-17,12800.0,Paid
6056,6556,2025-01-17,14496.0,Paid
10007,10507,2025-01-17,41100.0,Paid
9001,9501,2025-01-17,13495.0,Refunded
8061,8561,2025-01-17,37500.0,Paid
3762,4262,2025-01-17,55900.0,Paid
7704,8204,2025-01-18,27200.0,Paid
6435,6935,2025-01-18,13500.0,Paid
10242,10742,2025-01-18,248697.0,Paid
5011,5511,2025-01-18,3600.0,Paid
8260,8760,2025-01-18,9700.0,Paid
3904,4404,2025-01-19,31998.0,Refunded
3857,4357,2025-01-19,112900.0,Paid
3351,3851,2025-01-19,21500.0,Paid
10167,10667,2025-01-19,1499.0,Paid
3795,4295,2025-01-19,109996.0,Paid
6833,7333,2025-01-20,63900.0,Paid
5823,6323,2025-01-20,29500.0,Paid
10292,10792,2025-01-20,14000.0,Paid
4168,4668,2025-01-21,35600.0,Paid
5655,6155,2025-01-21,0.0,Pending
8398,8898,2025-01-21,120400.0,Paid
4950,5450,2025-01-21,11900.0,Paid
4321,4821,2025-01-21,11198.0,Paid
4762,5262,2025-01-22,39996.0,Paid
7849,8349,2025-01-22,4400.0,Paid
4707,5207,2025-01-22,51497.0,Paid
2236,2736,2025-01-22,112000.0,Paid
666,1166,2025-01-23,10496.0,Refunded
7515,8015,2025-01-24,30800.0,Paid
7733,8233,2025-01-24,122499.0,Paid
5582,6082,2025-01-25,18497.0,Paid
5614,6114,2025-01-25,11996.0,Paid
7499,7999,2025-01-25,21498.0,Paid
2441,2941,2025-01-25,11300.0,Paid
5915,6415,2025-01-25,6000.0,Paid
5724,6224,2025-01-25,12400.0,Paid
1926,2426,2025-01-26,1800.0,Paid
8065,8565,2025-01-26,126700.0,Paid
3870,4370,2025-01-26,25500.0,Paid
995,1495,2025-01-26,0.0,Pending
2051,2551,2025-01-27,7200.0,Paid
7347,7847,2025-01-28,13000.0,Paid
3611,4111,2025-01-28,89000.0,Paid
5946,6446,2025-01-28,13200.0,Paid
8674,9174,2025-01-28,80800.0,Paid
10419,10919,2025-01-29,3000.0,Paid
10368,10868,2025-01-29,7000.0,Paid
9891,10391,2025-01-29,112300.0,Paid
9895,10395,2025-01-30,89900.0,Refunded
7633,8133,2025-01-30,9999.0,Paid
1465,1965,2025-01-30,4500.0,Paid
7536,8036,2025-01-30,26400.0,Paid
2463,2963,2025-01-30,83599.0,Paid
6848,7348,2025-01-30,11499.0,Paid
3091,3591,2025-01-31,41500.0,Paid
8402,8902,2025-01-31,75000.0,Paid
3962,4462,2025-01-31,59296.0,Refunded
9842,10342,2025-01-31,6300.0,Paid
8009,8509,2025-02-01,14500.0,Paid
5134,5634,2025-02-01,900.0,Paid
9598,10098,2025-02-01,0.0,Failed
1155,1655,2025-02-01,3299.0,Paid
7669,8169,2025-02-02,0.0,Pending
9317,9817,2025-02-02,55493.0,Paid
4444,4944,2025-02-02,230998.0,Paid
3054,3554,2025-02-02,100000.0,Paid
6747,7247,2025-02-02,0.0,Failed
6773,7273,2025-02-02,14000.0,Paid
6606,7106,2025-02-03,7600.0,Paid
6406,6906,2025-02-03,13400.0,Paid
8099,8599,2025-02-03,37200.0,Paid
8304,8804,2025-02-03,168600.0,Paid
2523,3023,2025-02-03,2700.0,Paid
9413,9913,2025-02-04,40800.0,Paid
8950,9450,2025-02-04,93000.0,Paid
693,1193,2025-02-04,75800.0,Paid
9562,10062,2025-02-05,24700.0,Paid
5609,6109,2025-02-05,7500.0,Paid
9601,10101,2025-02-06,28197.0,Paid
7293,7793,2025-02-06,74400.0,Paid
8407,8907,2025-02-06,53693.0,Paid
9031,9531,2025-02-06,0.0,Pending
1836,2336,2025-02-06,0.0,Pending
2444,2944,2025-02-06,8800.0,Paid
2970,3470,2025-02-06,19100.0,Paid
5281,5781,2025-02-07,43400.0,Paid
4443,4943,2025-02-08,3600.0,Paid
6551,7051,2025-02-08,31496.0,Paid
4042,4542,2025-02-08,25000.0,Paid
875,1375,2025-02-08,6900.0,Paid
753,1253,2025-02-09,113000.0,Paid
9348,9848,2025-02-09,82399.0,Paid
7805,8305,2025-02-09,7499.0,Paid
2887,3387,2025-02-09,221998.0,Paid
1171,1671,2025-02-09,91600.0,Paid
9763,10263,2025-02-10,240000.0,Paid
1126,1626,2025-02-10,5998.0,Paid
5304,5804,2025-02-10,33900.0,Paid
10387,10887,2025-02-10,39800.0,Paid
10178,10678,2025-02-11,59600.0,Paid
9269,9769,2025-02-11,6600.0,Paid
3628,4128,2025-02-11,123200.0,Paid
3872,4372,2025-02-12,6000.0,Paid
1977,2477,2025-02-12,18800.0,Paid
3164,3664,2025-02-12,2500.0,Paid
2077,2577,2025-02-12,14700.0,Paid
8951,9451,2025-02-12,45500.0,Paid
5000,5500,2025-02-12,12200.0,Paid
8500,9000,2025-02-13,105997.0,Paid
9582,10082,2025-02-13,4500.0,Paid
5128,5628,2025-02-13,3600.0,Paid
9532,10032,2025-02-14,0.0,Pending
1056,1556,2025-02-14,6297.0,Paid
7201,7701,2025-02-14,121000.0,Paid
3320,3820,2025-02-14,100000.0,Paid
7325,7825,2025-02-14,92997.0,Paid
4672,5172,2025-02-15,10500.0,Refunded
4305,4805,2025-02-15,92500.0,Paid
2189,2689,2025-02-15,84400.0,Paid
3541,4041,2025-02-15,7200.0,Paid
694,1194,2025-02-16,48000.0,Paid
7242,7742,2025-02-16,0.0,Pending
10282,10782,2025-02-16,13000.0,Paid
2993,3493,2025-02-17,110000.0,Paid
3591,4091,2025-02-18,56499.0,Paid
1903,2403,2025-02-18,38800.0,Paid
5044,5544,2025-02-18,3600.0,Paid
1762,2262,2025-02-19,119900.0,Paid
5173,5673,2025-02-19,2998.0,Paid
10450,10950,2025-02-19,118000.0,Paid
7517,8017,2025-02-19,2499.0,Paid
7187,7687,2025-02-19,18300.0,Paid
10245,10745,2025-02-19,15897.0,Paid
2620,3120,2025-02-20,21500.0,Paid
3691,4191,2025-02-20,9993.0,Paid
7686,8186,2025-02-20,30900.0,Paid
1602,2102,2025-02-20,55000.0,Paid
6723,7223,2025-02-21,47000.0,Paid
8159,8659,2025-02-21,22898.0,Paid
6398,6898,2025-02-21,9297.0,Paid
1134,1634,2025-02-21,31600.0,Paid
1283,1783,2025-02-22,32996.0,Paid
8503,9003,2025-02-22,2000.0,Paid
7816,8316,2025-02-22,28396.0,Paid
4553,5053,2025-02-23,10897.0,Paid
7570,8070,2025-02-23,0.0,Pending
4328,4828,2025-02-23,6000.0,Paid
9318,9818,2025-02-23,75000.0,Paid
1516,2016,2025-02-23,7500.0,Paid
691,1191,2025-02-23,29896.0,Paid
7361,7861,2025-02-23,62000.0,Paid
6960,7460,2025-02-24,0.0,Failed
920,1420,2025-02-24,0.0,Pending
1026,1526,2025-02-24,0.0,Pending
3273,3773,2025-02-25,263600.0,Paid
1807,2307,2025-02-25,0.0,Pending
7199,7699,2025-02-25,12700.0,Paid
2675,3175,2025-02-26,87200.0,Paid
7606,8106,2025-02-26,46500.0,Refunded
4647,5147,2025-02-26,87000.0,Paid
7627,8127,2025-02-27,0.0,Pending
2703,3203,2025-02-27,31200.0,Refunded
6242,6742,2025-02-28,45300.0,Paid
4565,5065,2025-02-28,130897.0,Paid
8589,9089,2025-02-28,86498.0,Refunded
7033,7533,2025-02-28,1600.0,Paid
7198,7698,2025-02-28,18497.0,Paid
7484,7984,2025-02-28,0.0,Pending
4392,4892,2025-03-01,25900.0,Paid
1501,2001,2025-03-01,186996.0,Paid
1472,1972,2025-03-01,60000.0,Paid
1148,1648,2025-03-01,39396.0,Paid
9306,9806,2025-03-02,0.0,Pending
4045,4545,2025-03-02,900.0,Paid
2456,2956,2025-03-02,58400.0,Paid
5533,6033,2025-03-03,36600.0,Paid
5808,6308,2025-03-03,15996.0,Refunded
10250,10750,2025-03-03,34000.0,Paid
9989,10489,2025-03-03,1999.0,Paid
5046,5546,2025-03-04,43000.0,Paid
5064,5564,2025-03-04,1999.0,Paid
9146,9646,2025-03-04,0.0,Failed
843,1343,2025-03-04,20400.0,Paid
5213,5713,2025-03-04,1999.0,Paid
3190,3690,2025-03-05,7600.0,Paid
5841,6341,2025-03-05,0.0,Pending
1630,2130,2025-03-05,0.0,Pending
3405,3905,2025-03-05,89200.0,Paid
2849,3349,2025-03-05,7799.0,Paid
523,1023,2025-03-05,176200.0,Paid
1327,1827,2025-03-05,111400.0,Paid
7476,7976,2025-03-06,220000.0,Paid
8563,9063,2025-03-06,27500.0,Paid
8145,8645,2025-03-06,74000.0,Paid
3041,3541,2025-03-06,327600.0,Refunded
9535,10035,2025-03-07,32100.0,Paid
7660,8160,2025-03-07,132400.0,Paid
1507,2007,2025-03-07,55400.0,Paid
8669,9169,2025-03-08,0.0,Pending
769,1269,2025-03-08,33000.0,Paid
6124,6624,2025-03-08,37500.0,Paid
4431,4931,2025-03-08,0.0,Pending
6327,6827,2025-03-08,0.0,Pending
6122,6622,2025-03-08,132400.0,Paid
4711,5211,2025-03-08,81000.0,Paid
1236,1736,2025-03-09,230498.0,Paid
1343,1843,2025-03-09,79998.0,Refunded
1777,2277,2025-03-09,1800.0,Paid
2035,2535,2025-03-09,171000.0,Paid
8281,8781,2025-03-09,0.0,Pending
7207,7707,2025-03-10,15296.0,Paid
1398,1898,2025-03-10,4400.0,Paid
800,1300,2025-03-11,2500.0,Paid
9122,9622,2025-03-11,279700.0,Paid
7857,8357,2025-03-11,18000.0,Paid
5521,6021,2025-03-11,28000.0,Paid
6168,6668,2025-03-11,61700.0,Paid
10456,10956,2025-03-11,0.0,Failed
2244,2744,2025-03-12,19500.0,Refunded
8424,8924,2025-03-12,7200.0,Paid
2909,3409,2025-03-13,17000.0,Paid
4429,4929,2025-03-13,11700.0,Paid
8747,9247,2025-03-13,56700.0,Paid
1319,1819,2025-03-13,224800.0,Paid
6625,7125,2025-03-14,169497.0,Paid
8305,8805,2025-03-14,27895.0,Paid
1902,2402,2025-03-14,14598.0,Paid
568,1068,2025-03-14,10800.0,Paid
6528,7028,2025-03-15,97596.0,Paid
8110,8610,2025-03-15,15900.0,Paid
1228,1728,2025-03-15,15996.0,Paid
5385,5885,2025-03-15,32999.0,Paid
7376,7876,2025-03-15,61996.0,Paid
2412,2912,2025-03-16,59800.0,Paid
9882,10382,2025-03-16,37500.0,Paid
3271,3771,2025-03-16,6900.0,Paid
3939,4439,2025-03-16,16799.0,Paid
6678,7178,2025-03-16,157499.0,Paid
6554,7054,2025-03-16,12797.0,Paid
1556,2056,2025-03-17,0.0,Pending
8335,8835,2025-03-17,119299.0,Paid
5292,5792,2025-03-17,69497.0,Paid
9234,9734,2025-03-18,3498.0,Paid
1281,1781,2025-03-18,37500.0,Paid
8251,8751,2025-03-18,117799.0,Paid
9428,9928,2025-03-18,11000.0,Paid
10137,10637,2025-03-18,100000.0,Paid
10312,10812,2025-03-18,17698.0,Paid
9762,10262,2025-03-18,23100.0,Paid
8484,8984,2025-03-18,69500.0,Paid
10042,10542,2025-03-19,31900.0,Paid
1641,2141,2025-03-19,69198.0,Refunded
8817,9317,2025-03-19,999.0,Paid
1773,2273,2025-03-20,220000.0,Paid
3308,3808,2025-03-20,28594.0,Paid
6953,7453,2025-03-20,18500.0,Paid
3285,3785,2025-03-21,55000.0,Paid
1678,2178,2025-03-21,133600.0,Paid
5862,6362,2025-03-21,18597.0,Paid
5530,6030,2025-03-22,0.0,Pending
4709,5209,2025-03-23,21600.0,Paid
7593,8093,2025-03-23,8900.0,Paid
7477,7977,2025-03-23,30999.0,Paid
2879,3379,2025-03-23,39598.0,Refunded
937,1437,2025-03-24,85500.0,Paid
1416,1916,2025-03-24,31999.0,Paid
2664,3164,2025-03-25,9000.0,Paid
657,1157,2025-03-25,20500.0,Paid
2867,3367,2025-03-25,37200.0,Paid
7369,7869,2025-03-26,19897.0,Paid
2425,2925,2025-03-26,26600.0,Paid
4422,4922,2025-03-26,9000.0,Paid
5133,5633,2025-03-26,78800.0,Paid
10076,10576,2025-03-26,17000.0,Paid
3462,3962,2025-03-26,15498.0,Paid
1904,2404,2025-03-26,10500.0,Paid
1353,1853,2025-03-26,3500.0,Paid
3167,3667,2025-03-27,20697.0,Refunded
10082,10582,2025-03-27,143500.0,Refunded
6774,7274,2025-03-27,118995.0,Paid
1137,1637,2025-03-27,10599.0,Paid
10315,10815,2025-03-27,3000.0,Paid
8819,9319,2025-03-28,8100.0,Refunded
805,1305,2025-03-28,21800.0,Paid
1485,1985,2025-03-28,110499.0,Paid
4838,5338,2025-03-29,0.0,Failed
7007,7507,2025-03-29,9600.0,Paid
6362,6862,2025-03-29,32500.0,Paid
8891,9391,2025-03-30,1998.0,Paid
1932,2432,2025-03-30,44100.0,Paid
5317,5817,2025-03-30,0.0,Pending
4538,5038,2025-03-30,63500.0,Paid
8765,9265,2025-03-30,64000.0,Paid
1071,1571,2025-03-30,6000.0,Paid
5080,5580,2025-03-31,57500.0,Paid
5188,5688,2025-03-31,0.0,Pending
4411,4911,2025-03-31,10398.0,Paid
9870,10370,2025-04-01,0.0,Pending
9807,10307,2025-04-01,50000.0,Paid
5054,5554,2025-04-01,76998.0,Paid
4980,5480,2025-04-01,10996.0,Paid
6651,7151,2025-04-01,126700.0,Paid
671,1171,2025-04-02,33796.0,Paid
3938,4438,2025-04-02,21500.0,Paid
5318,5818,2025-04-02,3600.0,Paid
5755,6255,2025-04-02,36800.0,Paid
695,1195,2025-04-02,3600.0,Paid
6910,7410,2025-04-03,5997.0,Paid
4852,5352,2025-04-03,220800.0,Paid
10499,10999,2025-04-03,196800.0,Paid
4847,5347,2025-04-03,24200.0,Paid
8555,9055,2025-04-03,21497.0,Paid
9734,10234,2025-04-04,12000.0,Paid
5353,5853,2025-04-04,0.0,Pending
3567,4067,2025-04-04,37500.0,Paid
5985,6485,2025-04-04,3798.0,Paid
9043,9543,2025-04-04,7000.0,Paid
8342,8842,2025-04-04,3996.0,Paid
2906,3406,2025-04-04,36700.0,Paid
8008,8508,2025-04-04,33200.0,Paid
9448,9948,2025-04-05,3000.0,Paid
8316,8816,2025-04-05,3600.0,Paid
8319,8819,2025-04-05,232498.0,Paid
6859,7359,2025-04-05,7700.0,Paid
7274,7774,2025-04-05,1800.0,Paid
4181,4681,2025-04-06,20400.0,Paid
2346,2846,2025-04-06,15600.0,Paid
856,1356,2025-04-06,14400.0,Paid
1192,1692,2025-04-06,13198.0,Paid
721,1221,2025-04-07,33497.0,Paid
7335,7835,2025-04-07,3000.0,Paid
2660,3160,2025-04-07,19400.0,Paid
6234,6734,2025-04-07,12000.0,Refunded
7492,7992,2025-04-07,51800.0,Paid
8653,9153,2025-04-08,13000.0,Paid
10329,10829,2025-04-08,0.0,Failed
8154,8654,2025-04-08,149600.0,Paid
6210,6710,2025-04-08,8599.0,Paid
8969,9469,2025-04-09,25000.0,Paid
8107,8607,2025-04-10,9498.0,Paid
1013,1513,2025-04-10,2997.0,Paid
8914,9414,2025-04-10,35197.0,Paid
4096,4596,2025-04-10,14400.0,Paid
1241,1741,2025-04-10,15400.0,Paid
7036,7536,2025-04-10,22000.0,Paid
2037,2537,2025-04-10,999.0,Paid
6581,7081,2025-04-10,8995.0,Paid
1864,2364,2025-04-11,68797.0,Paid
1973,2473,2025-04-11,180996.0,Paid
8404,8904,2025-04-11,13000.0,Paid
3513,4013,2025-04-11,0.0,Pending
3480,3980,2025-04-11,193000.0,Paid
6405,6905,2025-04-12,236500.0,Paid
6439,6939,2025-04-12,12000.0,Paid
8184,8684,2025-04-12,0.0,Pending
9399,9899,2025-04-13,34000.0,Paid
4546,5046,2025-04-14,54200.0,Paid
8493,8993,2025-04-14,25500.0,Paid
4347,4847,2025-04-14,800.0,Paid
3147,3647,2025-04-14,0.0,Pending
5513,6013,2025-04-15,32996.0,Paid
9383,9883,2025-04-15,39800.0,Paid
9455,9955,2025-04-15,111798.0,Paid
2896,3396,2025-04-16,1800.0,Paid
10418,10918,2025-04-16,33498.0,Paid
9410,9910,2025-04-16,11200.0,Paid
7966,8466,2025-04-16,179199.0,Paid
2383,2883,2025-04-16,0.0,Pending
7687,8187,2025-04-16,3998.0,Paid
6912,7412,2025-04-17,8997.0,Paid
3343,3843,2025-04-17,167496.0,Paid
6072,6572,2025-04-17,3000.0,Paid
3885,4385,2025-04-17,36000.0,Paid
883,1383,2025-04-18,25696.0,Paid
1798,2298,2025-04-18,28796.0,Paid
6578,7078,2025-04-18,38400.0,Paid
7232,7732,2025-04-18,41200.0,Paid
6198,6698,2025-04-19,14000.0,Paid
988,1488,2025-04-19,21200.0,Paid
5660,6160,2025-04-19,45100.0,Paid
5021,5521,2025-04-20,5500.0,Paid
8599,9099,2025-04-20,175300.0,Paid
6852,7352,2025-04-20,27499.0,Paid
9451,9951,2025-04-20,0.0,Pending
7736,8236,2025-04-21,0.0,Pending
4478,4978,2025-04-21,78700.0,Paid
532,1032,2025-04-21,53000.0,Paid
2608,3108,2025-04-21,0.0,Pending
2392,2892,2025-04-21,142400.0,Paid
2310,2810,2025-04-22,37992.0,Paid
1271,1771,2025-04-22,2997.0,Paid
1982,2482,2025-04-22,0.0,Pending
9260,9760,2025-04-22,79800.0,Refunded
8656,9156,2025-04-23,50700.0,Paid
3637,4137,2025-04-23,14700.0,Paid
6870,7370,2025-04-23,6798.0,Paid
5664,6164,2025-04-23,27700.0,Paid
8210,8710,2025-04-23,10500.0,Paid
948,1448,2025-04-24,7097.0,Paid
760,1260,2025-04-24,13494.0,Refunded
2012,2512,2025-04-24,18094.0,Paid
6328,6828,2025-04-24,22600.0,Refunded
846,1346,2025-04-24,34800.0,Paid
3253,3753,2025-04-24,6700.0,Paid
9377,9877,2025-04-24,44500.0,Paid
8781,9281,2025-04-25,80996.0,Paid
1928,2428,2025-04-25,20997.0,Paid
5721,6221,2025-04-25,38896.0,Paid
8092,8592,2025-04-25,2997.0,Paid
4274,4774,2025-04-27,16400.0,Paid
7743,8243,2025-04-27,39099.0,Paid
6364,6864,2025-04-27,12597.0,Paid
713,1213,2025-04-27,15400.0,Paid
5458,5958,2025-04-27,3400.0,Paid
667,1167,2025-04-28,37400.0,Paid
914,1414,2025-04-28,18000.0,Paid
10357,10857,2025-04-28,60500.0,Paid
3599,4099,2025-04-29,80400.0,Paid
3734,4234,2025-04-29,178500.0,Paid
1254,1754,2025-04-29,34900.0,Paid
7453,7953,2025-04-29,11599.0,Paid
6427,6927,2025-04-30,50200.0,Paid
5701,6201,2025-04-30,24998.0,Paid
10197,10697,2025-05-01,0.0,Pending
6284,6784,2025-05-01,0.0,Pending
9802,10302,2025-05-01,28800.0,Paid
8112,8612,2025-05-01,122800.0,Paid
9542,10042,2025-05-01,32200.0,Paid
6132,6632,2025-05-01,6000.0,Refunded
501,1001,2025-05-01,56600.0,Paid
8509,9009,2025-05-01,104397.0,Paid
4382,4882,2025-05-02,0.0,Pending
3064,3564,2025-05-02,15498.0,Refunded
2793,3293,2025-05-02,2700.0,Paid
5211,5711,2025-05-02,33800.0,Paid
9416,9916,2025-05-02,0.0,Pending
677,1177,2025-05-02,15400.0,Paid
3368,3868,2025-05-02,11000.0,Paid
502,1002,2025-05-02,27500.0,Paid
7080,7580,2025-05-03,103400.0,Paid
6622,7122,2025-05-03,28197.0,Paid
10349,10849,2025-05-03,17600.0,Paid
503,1003,2025-05-03,4997.0,Paid
5567,6067,2025-05-03,51495.0,Refunded
1041,1541,2025-05-03,26696.0,Paid
5396,5896,2025-05-03,157995.0,Paid
4768,5268,2025-05-04,10997.0,Paid
4654,5154,2025-05-04,900.0,Paid
6789,7289,2025-05-04,231700.0,Paid
8625,9125,2025-05-04,19994.0,Paid
3544,4044,2025-05-04,31798.0,Paid
9342,9842,2025-05-04,20790.0,Paid
5492,5992,2025-05-05,71000.0,Refunded
3560,4060,2025-05-05,23596.0,Paid
504,1004,2025-05-05,2999.0,Paid
861,1361,2025-05-05,50599.0,Paid
4064,4564,2025-05-05,8800.0,Paid
1860,2360,2025-05-06,281200.0,Paid
7276,7776,2025-05-06,19499.0,Paid
9852,10352,2025-05-06,20500.0,Paid
8054,8554,2025-05-06,22997.0,Paid
5668,6168,2025-05-06,9500.0,Paid
2373,2873,2025-05-06,15200.0,Paid
4396,4896,2025-05-07,245800.0,Paid
5640,6140,2025-05-07,900.0,Paid
505,1005,2025-05-07,1999.0,Refunded
9390,9890,2025-05-07,4800.0,Paid
7700,8200,2025-05-07,5400.0,Paid
5716,6216,2025-05-07,25800.0,Paid
6966,7466,2025-05-07,21099.0,Paid
10469,10969,2025-05-07,69300.0,Paid
5634,6134,2025-05-08,37500.0,Paid
9072,9572,2025-05-08,27194.0,Paid
3018,3518,2025-05-08,57699.0,Paid
2881,3381,2025-05-08,44400.0,Paid
4367,4867,2025-05-08,0.0,Failed
6892,7392,2025-05-09,46496.0,Paid
10041,10541,2025-05-09,64496.0,Paid
8798,9298,2025-05-09,39796.0,Refunded
506,1006,2025-05-10,55800.0,Paid
7875,8375,2025-05-10,43000.0,Paid
4823,5323,2025-05-11,6497.0,Paid
10416,10916,2025-05-11,32596.0,Paid
4226,4726,2025-05-11,6400.0,Paid
2076,2576,2025-05-11,6000.0,Paid
1993,2493,2025-05-12,26500.0,Paid
7141,7641,2025-05-12,25798.0,Paid
7123,7623,2025-05-12,2400.0,Paid
735,1235,2025-05-12,10000.0,Paid
10439,10939,2025-05-12,0.0,Pending
8803,9303,2025-05-12,4699.0,Paid
9614,10114,2025-05-12,47299.0,Paid
507,1007,2025-05-12,5496.0,Paid
9012,9512,2025-05-13,3499.0,Paid
4123,4623,2025-05-13,47000.0,Paid
2797,3297,2025-05-14,34300.0,Paid
2902,3402,2025-05-14,4497.0,Paid
8564,9064,2025-05-14,0.0,Pending
4514,5014,2025-05-14,75000.0,Paid
7436,7936,2025-05-14,2700.0,Paid
2256,2756,2025-05-15,1499.0,Paid
863,1363,2025-05-15,9000.0,Paid
10317,10817,2025-05-15,31000.0,Paid
508,1008,2025-05-15,25000.0,Paid
4271,4771,2025-05-16,19996.0,Paid
961,1461,2025-05-16,15498.0,Paid
1103,1603,2025-05-16,27099.0,Refunded
5447,5947,2025-05-17,17996.0,Paid
7946,8446,2025-05-17,22000.0,Paid
8569,9069,2025-05-17,230500.0,Paid
2795,3295,2025-05-17,193197.0,Paid
509,1009,2025-05-18,7497.0,Paid
8933,9433,2025-05-18,69097.0,Paid
9743,10243,2025-05-18,36000.0,Paid
6440,6940,2025-05-18,0.0,Failed
8550,9050,2025-05-18,3600.0,Paid
8888,9388,2025-05-19,28000.0,Paid
9160,9660,2025-05-19,119000.0,Paid
1268,1768,2025-05-19,61000.0,Paid
7780,8280,2025-05-19,20393.0,Paid
7269,7769,2025-05-19,0.0,Pending
6645,7145,2025-05-19,500.0,Paid
2484,2984,2025-05-20,11100.0,Paid
5998,6498,2025-05-20,800.0,Paid
1881,2381,2025-05-20,21000.0,Refunded
510,1010,2025-05-20,5800.0,Paid
6968,7468,2025-05-21,13300.0,Paid
9725,10225,2025-05-21,33700.0,Paid
6915,7415,2025-05-21,44700.0,Refunded
4330,4830,2025-05-21,21200.0,Paid
7527,8027,2025-05-21,73800.0,Paid
3889,4389,2025-05-21,800.0,Paid
511,1011,2025-05-22,28000.0,Paid
7229,7729,2025-05-22,5500.0,Refunded
7004,7504,2025-05-22,12998.0,Paid
6256,6756,2025-05-22,0.0,Failed
3825,4325,2025-05-22,0.0,Failed
7056,7556,2025-05-22,3799.0,Refunded
3865,4365,2025-05-23,142000.0,Paid
8659,9159,2025-05-23,18600.0,Paid
5969,6469,2025-05-23,14200.0,Refunded
7634,8134,2025-05-23,12600.0,Paid
3001,3501,2025-05-23,38000.0,Paid
6609,7109,2025-05-24,53000.0,Paid
10272,10772,2025-05-24,14000.0,Paid
10234,10734,2025-05-24,23100.0,Paid
8236,8736,2025-05-25,90100.0,Paid
9778,10278,2025-05-25,186500.0,Paid
512,1012,2025-05-25,3998.0,Refunded
8283,8783,2025-05-26,24797.0,Paid
7511,8011,2025-05-26,116100.0,Paid
9718,10218,2025-05-26,7100.0,Paid
10255,10755,2025-05-26,54700.0,Paid
6090,6590,2025-05-26,19000.0,Paid
7291,7791,2025-05-26,14000.0,Paid
10466,10966,2025-05-27,172496.0,Paid
7113,7613,2025-05-27,10500.0,Paid
9809,10309,2025-05-27,18995.0,Paid
7162,7662,2025-05-27,3000.0,Paid
3781,4281,2025-05-28,34796.0,Paid
3439,3939,2025-05-28,0.0,Pending
6408,6908,2025-05-28,170400.0,Paid
2851,3351,2025-05-28,14696.0,Paid
4371,4871,2025-05-28,118200.0,Paid
860,1360,2025-05-28,12600.0,Paid
3375,3875,2025-05-29,188700.0,Paid
8970,9470,2025-05-29,19295.0,Paid
6681,7181,2025-05-29,36100.0,Paid
1518,2018,2025-05-29,15897.0,Paid
7235,7735,2025-05-29,83000.0,Paid
9473,9973,2025-05-30,19500.0,Refunded
6543,7043,2025-05-31,11000.0,Paid
1374,1874,2025-05-31,0.0,Failed
2995,3495,2025-05-31,152800.0,Paid
2653,3153,2025-05-31,4400.0,Paid
5576,6076,2025-05-31,39300.0,Paid
6826,7326,2025-06-01,187000.0,Refunded
6540,7040,2025-06-01,65200.0,Paid
10383,10883,2025-06-01,16000.0,Paid
2796,3296,2025-06-02,53097.0,Paid
1339,1839,2025-06-02,102997.0,Paid
9890,10390,2025-06-02,36000.0,Paid
839,1339,2025-06-03,32000.0,Paid
2739,3239,2025-06-03,12496.0,Refunded
7699,8199,2025-06-03,1500.0,Paid
634,1134,2025-06-04,189696.0,Paid
2998,3498,2025-06-04,9599.0,Refunded
2024,2524,2025-06-04,35600.0,Paid
3529,4029,2025-06-04,155992.0,Refunded
8580,9080,2025-06-04,16999.0,Paid
5201,5701,2025-06-04,8900.0,Paid
9544,10044,2025-06-05,0.0,Pending
5786,6286,2025-06-05,21000.0,Paid
6888,7388,2025-06-05,36000.0,Paid
3632,4132,2025-06-05,45800.0,Paid
8331,8831,2025-06-06,4500.0,Paid
1288,1788,2025-06-06,56000.0,Paid
2782,3282,2025-06-06,10500.0,Paid
5308,5808,2025-06-07,24700.0,Paid
2328,2828,2025-06-07,0.0,Pending
542,1042,2025-06-07,10100.0,Paid
10059,10559,2025-06-07,6000.0,Paid
8927,9427,2025-06-07,8598.0,Paid
1484,1984,2025-06-08,10498.0,Paid
10211,10711,2025-06-08,16600.0,Paid
5129,5629,2025-06-08,50000.0,Paid
2610,3110,2025-06-08,28000.0,Paid
1900,2400,2025-06-09,53700.0,Paid
1077,1577,2025-06-09,25200.0,Paid
3391,3891,2025-06-10,2200.0,Paid
2525,3025,2025-06-10,40500.0,Paid
1195,1695,2025-06-10,192500.0,Paid
3412,3912,2025-06-10,98400.0,Paid
5861,6361,2025-06-10,4997.0,Refunded
4554,5054,2025-06-11,8500.0,Paid
1829,2329,2025-06-11,55500.0,Paid
1185,1685,2025-06-11,59000.0,Paid
4065,4565,2025-06-11,75000.0,Paid
5362,5862,2025-06-11,0.0,Pending
4490,4990,2025-06-11,31300.0,Paid
10285,10785,2025-06-12,119200.0,Paid
5783,6283,2025-06-12,6000.0,Paid
1743,2243,2025-06-12,0.0,Failed
9729,10229,2025-06-12,19498.0,Paid
7555,8055,2025-06-13,81900.0,Paid
4303,4803,2025-06-13,6400.0,Paid
10192,10692,2025-06-14,15398.0,Paid
8216,8716,2025-06-14,1998.0,Paid
5671,6171,2025-06-14,55497.0,Paid
4843,5343,2025-06-14,47400.0,Paid
2317,2817,2025-06-14,77798.0,Paid
3387,3887,2025-06-15,35597.0,Paid
3520,4020,2025-06-15,38799.0,Paid
741,1241,2025-06-15,28000.0,Paid
8680,9180,2025-06-15,114400.0,Paid
8253,8753,2025-06-16,13000.0,Refunded
1356,1856,2025-06-16,131000.0,Paid
6287,6787,2025-06-16,140998.0,Paid
1893,2393,2025-06-16,5000.0,Paid
5594,6094,2025-06-16,39499.0,Paid
958,1458,2025-06-16,50000.0,Paid
8551,9051,2025-06-17,7000.0,Paid
2670,3170,2025-06-17,10200.0,Paid
3272,3772,2025-06-17,46500.0,Paid
7395,7895,2025-06-17,5900.0,Paid
7727,8227,2025-06-17,11600.0,Paid
8457,8957,2025-06-17,6600.0,Paid
2372,2872,2025-06-17,7200.0,Paid
4972,5472,2025-06-18,6495.0,Paid
6665,7165,2025-06-18,61700.0,Paid
7382,7882,2025-06-18,69197.0,Paid
4551,5051,2025-06-18,53400.0,Paid
5871,6371,2025-06-19,0.0,Pending
9570,10070,2025-06-20,12300.0,Paid
7362,7862,2025-06-20,16300.0,Paid
2232,2732,2025-06-21,6800.0,Refunded
7264,7764,2025-06-21,0.0,Pending
2710,3210,2025-06-21,11997.0,Refunded
2594,3094,2025-06-22,17600.0,Paid
9569,10069,2025-06-22,11996.0,Paid
4076,4576,2025-06-22,21500.0,Paid
10170,10670,2025-06-22,33196.0,Paid
2833,3333,2025-06-22,9700.0,Paid
4236,4736,2025-06-22,232599.0,Paid
10420,10920,2025-06-23,999.0,Paid
6460,6960,2025-06-23,10500.0,Paid
5944,6444,2025-06-23,67300.0,Refunded
4700,5200,2025-06-24,32200.0,Paid
6000,6500,2025-06-24,6600.0,Paid
7305,7805,2025-06-24,28696.0,Paid
7706,8206,2025-06-25,44996.0,Paid
2593,3093,2025-06-25,26998.0,Paid
4886,5386,2025-06-25,97497.0,Paid
9981,10481,2025-06-25,9198.0,Paid
4144,4644,2025-06-25,10199.0,Paid
3030,3530,2025-06-25,0.0,Failed
6652,7152,2025-06-25,171599.0,Paid
6858,7358,2025-06-26,84900.0,Paid
1237,1737,2025-06-26,129000.0,Paid
8824,9324,2025-06-26,107498.0,Refunded
3553,4053,2025-06-26,2499.0,Paid
7935,8435,2025-06-26,3200.0,Paid
10270,10770,2025-06-26,2400.0,Paid
1964,2464,2025-06-27,39495.0,Paid
6102,6602,2025-06-27,70100.0,Paid
8995,9495,2025-06-27,5996.0,Paid
4939,5439,2025-06-27,135796.0,Paid
7600,8100,2025-06-27,23098.0,Paid
1718,2218,2025-06-28,93600.0,Paid
5590,6090,2025-06-28,64996.0,Paid
1152,1652,2025-06-28,7000.0,Paid
3169,3669,2025-06-28,15300.0,Paid
8758,9258,2025-06-29,3000.0,Paid
1285,1785,2025-06-29,6300.0,Paid
4167,4667,2025-06-29,9600.0,Paid
7820,8320,2025-06-29,78300.0,Paid
5176,5676,2025-06-29,36000.0,Paid
3157,3657,2025-06-29,2700.0,Paid
8139,8639,2025-06-29,25500.0,Paid
7357,7857,2025-06-29,21997.0,Paid
3639,4139,2025-06-30,12000.0,Paid
8954,9454,2025-06-30,134400.0,Paid
9911,10411,2025-06-30,66296.0,Refunded
5482,5982,2025-06-30,0.0,Pending
9208,9708,2025-07-01,2999.0,Paid
2702,3202,2025-07-01,21500.0,Paid
2482,2982,2025-07-01,83000.0,Paid
7468,7968,2025-07-01,1998.0,Paid
9698,10198,2025-07-02,9600.0,Paid
8488,8988,2025-07-02,36696.0,Paid
5803,6303,2025-07-02,160000.0,Paid
9102,9602,2025-07-02,0.0,Pending
991,1491,2025-07-03,37100.0,Paid
8868,9368,2025-07-04,0.0,Pending
6191,6691,2025-07-04,72000.0,Refunded
7000,7500,2025-07-04,39998.0,Paid
3806,4306,2025-07-04,20800.0,Paid
4314,4814,2025-07-04,7996.0,Paid
2177,2677,2025-07-04,9800.0,Paid
9973,10473,2025-07-05,1000.0,Paid
1260,1760,2025-07-05,16200.0,Paid
550,1050,2025-07-05,9000.0,Paid
5342,5842,2025-07-05,16396.0,Refunded
5030,5530,2025-07-05,25200.0,Paid
6411,6911,2025-07-05,8999.0,Paid
771,1271,2025-07-06,19800.0,Paid
729,1229,2025-07-06,51000.0,Paid
862,1362,2025-07-06,7000.0,Paid
2073,2573,2025-07-07,9996.0,Paid
1265,1765,2025-07-07,2399.0,Paid
4900,5400,2025-07-07,203000.0,Paid
1144,1644,2025-07-07,43100.0,Paid
6585,7085,2025-07-08,52400.0,Paid
4377,4877,2025-07-08,2700.0,Paid
2459,2959,2025-07-08,206500.0,Paid
2485,2985,2025-07-08,25000.0,Paid
1111,1611,2025-07-09,41600.0,Paid
10277,10777,2025-07-09,7200.0,Paid
10227,10727,2025-07-09,5700.0,Paid
1040,1540,2025-07-09,8100.0,Paid
8546,9046,2025-07-09,77400.0,Paid
3508,4008,2025-07-09,27400.0,Paid
2223,2723,2025-07-09,10000.0,Paid
6884,7384,2025-07-10,1800.0,Paid
8590,9090,2025-07-10,999.0,Paid
10030,10530,2025-07-10,1500.0,Paid
7842,8342,2025-07-10,9999.0,Paid
6529,7029,2025-07-10,48998.0,Paid
9350,9850,2025-07-10,21998.0,Refunded
7574,8074,2025-07-11,33400.0,Paid
673,1173,2025-07-12,126600.0,Paid
8574,9074,2025-07-12,15900.0,Paid
5302,5802,2025-07-12,160996.0,Refunded
3746,4246,2025-07-12,5998.0,Paid
736,1236,2025-07-12,29999.0,Paid
9152,9652,2025-07-12,1800.0,Paid
3630,4130,2025-07-12,129900.0,Paid
7648,8148,2025-07-12,23598.0,Paid
9195,9695,2025-07-13,37500.0,Paid
3689,4189,2025-07-13,40500.0,Paid
7038,7538,2025-07-13,32700.0,Paid
1906,2406,2025-07-14,16796.0,Refunded
5335,5835,2025-07-14,0.0,Pending
2811,3311,2025-07-15,8800.0,Paid
6553,7053,2025-07-15,89496.0,Paid
3009,3509,2025-07-15,54900.0,Paid
7260,7760,2025-07-15,12000.0,Paid
5119,5619,2025-07-15,192800.0,Refunded
7311,7811,2025-07-15,87200.0,Paid
5473,5973,2025-07-15,20996.0,Paid
6018,6518,2025-07-16,7500.0,Paid
3127,3627,2025-07-16,25797.0,Paid
2470,2970,2025-07-16,27300.0,Paid
3878,4378,2025-07-16,8500.0,Paid
10103,10603,2025-07-17,25796.0,Paid
9097,9597,2025-07-17,2200.0,Paid
2662,3162,2025-07-17,14499.0,Paid
7282,7782,2025-07-18,17493.0,Refunded
2830,3330,2025-07-18,82498.0,Paid
8438,8938,2025-07-18,8800.0,Refunded
9901,10401,2025-07-18,126600.0,Paid
9449,9949,2025-07-18,40000.0,Paid
8540,9040,2025-07-18,10200.0,Paid
8949,9449,2025-07-18,89198.0,Paid
7327,7827,2025-07-18,29500.0,Paid
5934,6434,2025-07-18,28400.0,Paid
974,1474,2025-07-19,62996.0,Paid
3751,4251,2025-07-19,20999.0,Paid
9337,9837,2025-07-19,0.0,Pending
9015,9515,2025-07-19,12996.0,Paid
1809,2309,2025-07-19,46896.0,Paid
2825,3325,2025-07-19,273200.0,Paid
7912,8412,2025-07-20,123500.0,Paid
8270,8770,2025-07-20,2000.0,Paid
4319,4819,2025-07-20,1999.0,Paid
2242,2742,2025-07-20,75698.0,Paid
6654,7154,2025-07-20,235300.0,Paid
2102,2602,2025-07-20,31795.0,Paid
3571,4071,2025-07-20,24200.0,Paid
1629,2129,2025-07-21,64800.0,Paid
9202,9702,2025-07-21,237400.0,Paid
7561,8061,2025-07-21,4400.0,Paid
1707,2207,2025-07-22,22796.0,Paid
5725,6225,2025-07-22,16398.0,Paid
5307,5807,2025-07-22,5400.0,Paid
4426,4926,2025-07-22,38800.0,Paid
7458,7958,2025-07-23,102700.0,Paid
10092,10592,2025-07-23,24097.0,Paid
3767,4267,2025-07-24,22698.0,Paid
9624,10124,2025-07-24,18096.0,Paid
5777,6277,2025-07-24,900.0,Refunded
2138,2638,2025-07-25,18898.0,Paid
10353,10853,2025-07-25,12900.0,Paid
7592,8092,2025-07-25,0.0,Pending
3312,3812,2025-07-25,8498.0,Paid
8458,8958,2025-07-25,33597.0,Paid
8911,9411,2025-07-25,15800.0,Paid
3929,4429,2025-07-25,258600.0,Paid
8344,8844,2025-07-26,42398.0,Paid
996,1496,2025-07-26,10300.0,Paid
7438,7938,2025-07-26,137498.0,Paid
6946,7446,2025-07-26,13597.0,Refunded
6618,7118,2025-07-26,38000.0,Paid
5016,5516,2025-07-26,27000.0,Paid
8815,9315,2025-07-26,19100.0,Paid
2333,2833,2025-07-26,17600.0,Paid
4304,4804,2025-07-26,4500.0,Paid
8436,8936,2025-07-27,8600.0,Paid
1810,2310,2025-07-27,10499.0,Paid
9246,9746,2025-07-27,7000.0,Paid
5653,6153,2025-07-27,38500.0,Paid
1659,2159,2025-07-27,96798.0,Paid
8937,9437,2025-07-27,114999.0,Paid
10023,10523,2025-07-28,0.0,Pending
2945,3445,2025-07-28,11996.0,Refunded
1377,1877,2025-07-29,4500.0,Paid
4031,4531,2025-07-29,21000.0,Paid
8772,9272,2025-07-29,17200.0,Paid
6843,7343,2025-07-29,11998.0,Paid
8278,8778,2025-07-30,21596.0,Paid
9297,9797,2025-07-30,0.0,Pending
8955,9455,2025-07-30,800.0,Paid
1138,1638,2025-07-31,14993.0,Paid
1149,1649,2025-07-31,2799.0,Paid
7352,7852,2025-07-31,83800.0,Paid
6104,6604,2025-07-31,13600.0,Paid
8201,8701,2025-07-31,6500.0,Paid
9176,9676,2025-08-01,126100.0,Paid
3909,4409,2025-08-01,26500.0,Paid
6660,7160,2025-08-01,0.0,Pending
9966,10466,2025-08-01,76097.0,Paid
8941,9441,2025-08-01,5998.0,Paid
4737,5237,2025-08-01,16000.0,Paid
8218,8718,2025-08-02,2400.0,Paid
8775,9275,2025-08-02,30500.0,Paid
6281,6781,2025-08-02,1800.0,Paid
5063,5563,2025-08-02,10000.0,Paid
8297,8797,2025-08-03,5500.0,Paid
2519,3019,2025-08-03,4400.0,Paid
592,1092,2025-08-04,110800.0,Paid
10335,10835,2025-08-04,230800.0,Paid
608,1108,2025-08-04,62000.0,Paid
2106,2606,2025-08-04,50000.0,Paid
5752,6252,2025-08-05,5495.0,Paid
3614,4114,2025-08-05,147900.0,Paid
7181,7681,2025-08-05,76400.0,Paid
6294,6794,2025-08-06,80200.0,Paid
4138,4638,2025-08-06,41400.0,Paid
6902,7402,2025-08-07,252900.0,Paid
8030,8530,2025-08-07,37200.0,Paid
2179,2679,2025-08-07,38100.0,Paid
3228,3728,2025-08-08,12497.0,Paid
5389,5889,2025-08-08,233500.0,Paid
8393,8893,2025-08-09,12400.0,Paid
7910,8410,2025-08-09,237400.0,Paid
2231,2731,2025-08-09,6598.0,Paid
6777,7277,2025-08-09,24300.0,Paid
616,1116,2025-08-10,41498.0,Paid
5026,5526,2025-08-10,0.0,Pending
5166,5666,2025-08-10,136198.0,Paid
5570,6070,2025-08-10,109200.0,Paid
538,1038,2025-08-10,3996.0,Paid
10294,10794,2025-08-11,21600.0,Paid
617,1117,2025-08-11,27599.0,Paid
7740,8240,2025-08-11,54200.0,Paid
5605,6105,2025-08-12,6600.0,Paid
9539,10039,2025-08-12,55000.0,Paid
8771,9271,2025-08-12,12000.0,Paid
10440,10940,2025-08-12,38198.0,Paid
5624,6124,2025-08-12,7200.0,Paid
4610,5110,2025-08-13,0.0,Failed
5171,5671,2025-08-13,52097.0,Paid
10407,10907,2025-08-13,59996.0,Paid
2737,3237,2025-08-14,34996.0,Paid
6944,7444,2025-08-14,14600.0,Paid
2997,3497,2025-08-15,5400.0,Paid
7886,8386,2025-08-15,27798.0,Paid
1462,1962,2025-08-16,30400.0,Paid
9575,10075,2025-08-16,55000.0,Paid
2775,3275,2025-08-16,85400.0,Paid
3537,4037,2025-08-16,44000.0,Paid
8074,8574,2025-08-17,256700.0,Paid
3646,4146,2025-08-17,85500.0,Paid
5748,6248,2025-08-17,8800.0,Paid
8522,9022,2025-08-17,56100.0,Paid
4223,4723,2025-08-17,12000.0,Paid
6304,6804,2025-08-17,9300.0,Paid
3944,4444,2025-08-17,32500.0,Paid
4879,5379,2025-08-18,8200.0,Paid
6350,6850,2025-08-18,75500.0,Paid
8712,9212,2025-08-18,172494.0,Paid
6737,7237,2025-08-18,23994.0,Paid
6232,6732,2025-08-18,30092.0,Paid
2071,2571,2025-08-19,24900.0,Paid
2655,3155,2025-08-19,5400.0,Paid
4112,4612,2025-08-19,30900.0,Paid
1333,1833,2025-08-19,20997.0,Paid
531,1031,2025-08-19,22300.0,Paid
6121,6621,2025-08-19,10998.0,Paid
7746,8246,2025-08-20,86796.0,Paid
6298,6798,2025-08-20,7500.0,Paid
1776,2276,2025-08-20,5996.0,Paid
696,1196,2025-08-20,51700.0,Paid
9033,9533,2025-08-20,19396.0,Paid
10073,10573,2025-08-21,45496.0,Paid
8337,8837,2025-08-21,37500.0,Paid
1042,1542,2025-08-21,9900.0,Paid
8742,9242,2025-08-21,58497.0,Refunded
9121,9621,2025-08-21,112000.0,Paid
9652,10152,2025-08-21,2700.0,Paid
8543,9043,2025-08-22,25000.0,Paid
9905,10405,2025-08-22,54200.0,Refunded
4787,5287,2025-08-22,7000.0,Paid
5767,6267,2025-08-22,150000.0,Paid
5814,6314,2025-08-22,22997.0,Paid
1583,2083,2025-08-23,5400.0,Paid
7196,7696,2025-08-23,48397.0,Paid
6568,7068,2025-08-23,36498.0,Paid
7318,7818,2025-08-23,29500.0,Paid
6219,6719,2025-08-23,2700.0,Paid
7768,8268,2025-08-23,28500.0,Paid
685,1185,2025-08-24,39497.0,Paid
9587,10087,2025-08-24,7497.0,Refunded
7715,8215,2025-08-24,108900.0,Paid
9391,9891,2025-08-24,1998.0,Paid
7060,7560,2025-08-24,2499.0,Paid
3445,3945,2025-08-25,168200.0,Paid
7955,8455,2025-08-25,5500.0,Paid
6045,6545,2025-08-25,55000.0,Paid
6874,7374,2025-08-25,8198.0,Paid
2914,3414,2025-08-25,76500.0,Paid
10403,10903,2025-08-26,0.0,Pending
6961,7461,2025-08-26,167200.0,Paid
3884,4384,2025-08-26,21897.0,Paid
1390,1890,2025-08-26,4199.0,Paid
3333,3833,2025-08-26,137000.0,Paid
4990,5490,2025-08-26,0.0,Pending
8598,9098,2025-08-27,0.0,Pending
983,1483,2025-08-27,26699.0,Paid
5014,5514,2025-08-27,15600.0,Paid
6963,7463,2025-08-28,23894.0,Paid
1386,1886,2025-08-28,2499.0,Paid
9833,10333,2025-08-28,6100.0,Paid
3382,3882,2025-08-28,5000.0,Refunded
6799,7299,2025-08-28,63495.0,Paid
10305,10805,2025-08-28,33500.0,Paid
9721,10221,2025-08-29,15400.0,Paid
5574,6074,2025-08-29,18600.0,Paid
4067,4567,2025-08-29,11400.0,Paid
3025,3525,2025-08-30,84000.0,Paid
3240,3740,2025-08-30,21600.0,Paid
6854,7354,2025-08-30,119699.0,Paid
10039,10539,2025-08-30,0.0,Pending
5275,5775,2025-08-30,25000.0,Paid
3933,4433,2025-08-30,10200.0,Paid
4814,5314,2025-08-31,123100.0,Paid
9168,9668,2025-08-31,19797.0,Paid
8562,9062,2025-08-31,7795.0,Paid
6614,7114,2025-09-01,8500.0,Paid
10371,10871,2025-09-01,999.0,Paid
2431,2931,2025-09-02,7500.0,Paid
3996,4496,2025-09-02,32996.0,Paid
4417,4917,2025-09-02,105997.0,Paid
5529,6029,2025-09-03,0.0,Failed
9554,10054,2025-09-03,19500.0,Paid
8552,9052,2025-09-04,1500.0,Paid
1010,1510,2025-09-04,1800.0,Paid
7903,8403,2025-09-05,106798.0,Paid
9129,9629,2025-09-05,86799.0,Paid
10224,10724,2025-09-05,15596.0,Paid
1785,2285,2025-09-05,15995.0,Refunded
3854,4354,2025-09-05,23096.0,Paid
9924,10424,2025-09-05,47400.0,Paid
7322,7822,2025-09-06,13500.0,Paid
3407,3907,2025-09-06,28299.0,Paid
1686,2186,2025-09-06,0.0,Pending
7792,8292,2025-09-06,3600.0,Paid
9993,10493,2025-09-06,33700.0,Paid
4455,4955,2025-09-06,9000.0,Paid
9964,10464,2025-09-06,29199.0,Paid
7774,8274,2025-09-06,7996.0,Refunded
4811,5311,2025-09-06,0.0,Failed
3206,3706,2025-09-07,14993.0,Paid
7808,8308,2025-09-07,10398.0,Paid
588,1088,2025-09-07,5998.0,Paid
2804,3304,2025-09-07,88200.0,Paid
10067,10567,2025-09-07,10500.0,Paid
8990,9490,2025-09-07,230196.0,Refunded
3295,3795,2025-09-07,1500.0,Paid
6133,6633,2025-09-07,37200.0,Paid
2200,2700,2025-09-07,109998.0,Paid
722,1222,2025-09-07,9996.0,Paid
7250,7750,2025-09-08,0.0,Pending
6980,7480,2025-09-08,1500.0,Paid
2191,2691,2025-09-08,35600.0,Paid
1874,2374,2025-09-09,2499.0,Paid
3976,4476,2025-09-09,20496.0,Paid
1114,1614,2025-09-09,12099.0,Paid
5326,5826,2025-09-09,1000.0,Paid
2055,2555,2025-09-10,115499.0,Paid
7681,8181,2025-09-10,6499.0,Refunded
4014,4514,2025-09-10,800.0,Paid
7070,7570,2025-09-10,2500.0,Paid
6838,7338,2025-09-10,138497.0,Paid
6049,6549,2025-09-10,13200.0,Paid
1933,2433,2025-09-10,81900.0,Paid
9265,9765,2025-09-11,51100.0,Paid
4976,5476,2025-09-11,27400.0,Paid
5775,6275,2025-09-11,62500.0,Paid
6478,6978,2025-09-11,50700.0,Paid
4186,4686,2025-09-11,11099.0,Refunded
7414,7914,2025-09-12,8900.0,Paid
6447,6947,2025-09-12,29300.0,Paid
3195,3695,2025-09-12,0.0,Pending
4933,5433,2025-09-12,4997.0,Paid
4081,4581,2025-09-12,25900.0,Paid
4189,4689,2025-09-13,7200.0,Paid
3893,4393,2025-09-13,2500.0,Paid
2094,2594,2025-09-13,47800.0,Paid
981,1481,2025-09-13,0.0,Pending
7549,8049,2025-09-13,32200.0,Paid
7259,7759,2025-09-13,12800.0,Paid
10068,10568,2025-09-13,38200.0,Paid
6535,7035,2025-09-13,29992.0,Paid
5828,6328,2025-09-13,4000.0,Paid
8985,9485,2025-09-13,20998.0,Refunded
4412,4912,2025-09-13,3600.0,Paid
4256,4756,2025-09-14,79493.0,Paid
594,1094,2025-09-14,0.0,Failed
8875,9375,2025-09-14,88797.0,Paid
8091,8591,2025-09-15,3000.0,Paid
949,1449,2025-09-15,17397.0,Paid
9970,10470,2025-09-15,38000.0,Paid
8073,8573,2025-09-16,2800.0,Paid
9777,10277,2025-09-16,0.0,Pending
1233,1733,2025-09-16,171798.0,Paid
8905,9405,2025-09-16,24000.0,Paid
10081,10581,2025-09-16,40800.0,Paid
4579,5079,2025-09-16,26300.0,Paid
4398,4898,2025-09-17,14098.0,Paid
3661,4161,2025-09-17,32200.0,Paid
3420,3920,2025-09-17,14000.0,Paid
4633,5133,2025-09-17,78498.0,Paid
4721,5221,2025-09-17,11500.0,Paid
7494,7994,2025-09-17,10499.0,Paid
7524,8024,2025-09-17,47000.0,Paid
2453,2953,2025-09-17,129200.0,Paid
2983,3483,2025-09-18,5000.0,Paid
9366,9866,2025-09-18,0.0,Failed
5548,6048,2025-09-18,95597.0,Paid
1495,1995,2025-09-18,110000.0,Refunded
2553,3053,2025-09-18,93496.0,Paid
1643,2143,2025-09-19,12800.0,Paid
3455,3955,2025-09-19,11900.0,Paid
9290,9790,2025-09-19,15597.0,Paid
9850,10350,2025-09-19,14000.0,Refunded
7525,8025,2025-09-19,26000.0,Paid
1464,1964,2025-09-20,9798.0,Paid
4958,5458,2025-09-20,0.0,Failed
6599,7099,2025-09-20,0.0,Pending
5069,5569,2025-09-20,5998.0,Paid
6955,7455,2025-09-20,56500.0,Paid
4777,5277,2025-09-21,7497.0,Paid
3326,3826,2025-09-21,19500.0,Paid
6762,7262,2025-09-21,24000.0,Refunded
5006,5506,2025-09-22,60000.0,Paid
1428,1928,2025-09-22,12396.0,Paid
6036,6536,2025-09-22,43298.0,Paid
1447,1947,2025-09-22,1600.0,Paid
1852,2352,2025-09-22,2499.0,Paid
5377,5877,2025-09-22,24600.0,Paid
8733,9233,2025-09-23,107500.0,Paid
3068,3568,2025-09-23,54000.0,Refunded
4201,4701,2025-09-24,5997.0,Paid
7044,7544,2025-09-25,15600.0,Paid
9004,9504,2025-09-25,36100.0,Paid
5835,6335,2025-09-25,0.0,Pending
9835,10335,2025-09-25,7800.0,Paid
8893,9393,2025-09-25,14100.0,Paid
7193,7693,2025-09-26,18597.0,Refunded
9683,10183,2025-09-26,13397.0,Paid
3892,4392,2025-09-26,22500.0,Paid
7407,7907,2025-09-26,3500.0,Paid
5994,6494,2025-09-26,213799.0,Paid
6709,7209,2025-09-26,23499.0,Paid
7546,8046,2025-09-26,112000.0,Paid
4779,5279,2025-09-26,12199.0,Refunded
8559,9059,2025-09-27,37499.0,Paid
7548,8048,2025-09-27,106300.0,Paid
6962,7462,2025-09-27,9600.0,Refunded
2823,3323,2025-09-27,107000.0,Paid
3569,4069,2025-09-27,43996.0,Paid
2299,2799,2025-09-27,12500.0,Paid
6689,7189,2025-09-27,21497.0,Paid
9223,9723,2025-09-28,3600.0,Paid
5537,6037,2025-09-28,27397.0,Paid
5689,6189,2025-09-28,25898.0,Paid
3543,4043,2025-09-28,30500.0,Paid
2847,3347,2025-09-29,5997.0,Paid
6746,7246,2025-09-29,19795.0,Paid
5032,5532,2025-09-30,16999.0,Paid
6841,7341,2025-09-30,9600.0,Paid
7711,8211,2025-09-30,1800.0,Paid
2586,3086,2025-09-30,106000.0,Paid
7644,8144,2025-09-30,3000.0,Paid
6312,6812,2025-09-30,20800.0,Paid
7776,8276,2025-10-01,22200.0,Paid
5772,6272,2025-10-01,37299.0,Paid
8799,9299,2025-10-01,1800.0,Paid
5975,6475,2025-10-01,26400.0,Paid
7265,7765,2025-10-01,81699.0,Paid
3160,3660,2025-10-02,28599.0,Paid
1035,1535,2025-10-02,20398.0,Paid
2531,3031,2025-10-02,26100.0,Paid
5765,6265,2025-10-03,19500.0,Paid
6110,6610,2025-10-03,10800.0,Paid
8724,9224,2025-10-03,5400.0,Paid
8298,8798,2025-10-03,11397.0,Paid
6275,6775,2025-10-03,15800.0,Paid
5276,5776,2025-10-03,76500.0,Paid
6722,7222,2025-10-03,37498.0,Paid
8630,9130,2025-10-03,38800.0,Paid
8102,8602,2025-10-04,10699.0,Paid
7035,7535,2025-10-04,0.0,Pending
4989,5489,2025-10-04,7800.0,Paid
8743,9243,2025-10-05,63000.0,Paid
1790,2290,2025-10-05,44998.0,Paid
2052,2552,2025-10-05,18297.0,Paid
1449,1949,2025-10-05,7996.0,Paid
680,1180,2025-10-06,2499.0,Paid
1592,2092,2025-10-06,56400.0,Paid
9182,9682,2025-10-06,17392.0,Paid
5833,6333,2025-10-06,22400.0,Paid
9564,10064,2025-10-06,25500.0,Paid
7739,8239,2025-10-07,6600.0,Paid
5629,6129,2025-10-07,0.0,Pending
1882,2382,2025-10-07,29900.0,Paid
3556,4056,2025-10-07,6000.0,Paid
940,1440,2025-10-07,38300.0,Paid
3843,4343,2025-10-07,27800.0,Paid
901,1401,2025-10-08,118999.0,Paid
4637,5137,2025-10-08,900.0,Paid
621,1121,2025-10-08,9000.0,Paid
6635,7135,2025-10-09,122499.0,Paid
6116,6616,2025-10-09,78800.0,Paid
9331,9831,2025-10-09,7200.0,Refunded
2354,2854,2025-10-09,7900.0,Paid
3014,3514,2025-10-09,21493.0,Paid
10446,10946,2025-10-09,58800.0,Paid
1997,2497,2025-10-09,6000.0,Refunded
6360,6860,2025-10-09,20900.0,Paid
7134,7634,2025-10-10,8400.0,Paid
5180,5680,2025-10-10,10696.0,Paid
7258,7758,2025-10-12,10500.0,Paid
3340,3840,2025-10-12,16798.0,Paid
10341,10841,2025-10-12,16500.0,Paid
3338,3838,2025-10-12,0.0,Pending
2941,3441,2025-10-12,73997.0,Paid
3585,4085,2025-10-12,10400.0,Paid
5271,5771,2025-10-13,124997.0,Paid
1359,1859,2025-10-13,8498.0,Paid
660,1160,2025-10-13,18500.0,Paid
4037,4537,2025-10-13,45997.0,Paid
2727,3227,2025-10-13,33500.0,Paid
1561,2061,2025-10-13,91300.0,Paid
889,1389,2025-10-13,53800.0,Paid
2358,2858,2025-10-14,40900.0,Paid
8279,8779,2025-10-15,0.0,Failed
4829,5329,2025-10-15,117996.0,Paid
9380,9880,2025-10-15,3200.0,Paid
6764,7264,2025-10-15,12200.0,Paid
1949,2449,2025-10-15,76998.0,Paid
5625,6125,2025-10-15,37500.0,Paid
5846,6346,2025-10-15,13398.0,Paid
4648,5148,2025-10-15,87200.0,Paid
5572,6072,2025-10-16,307000.0,Paid
2375,2875,2025-10-16,36897.0,Paid
4068,4568,2025-10-16,999.0,Paid
2216,2716,2025-10-16,32798.0,Paid
7769,8269,2025-10-16,44792.0,Paid
1493,1993,2025-10-16,11800.0,Paid
2578,3078,2025-10-17,21494.0,Paid
4357,4857,2025-10-17,17097.0,Paid
618,1118,2025-10-17,15493.0,Paid
4428,4928,2025-10-18,43700.0,Paid
1156,1656,2025-10-18,3996.0,Refunded
1430,1930,2025-10-18,5997.0,Paid
5348,5848,2025-10-18,61499.0,Paid
3460,3960,2025-10-18,36000.0,Paid
10016,10516,2025-10-18,13997.0,Paid
1145,1645,2025-10-19,10200.0,Paid
2419,2919,2025-10-19,0.0,Pending
2832,3332,2025-10-19,16700.0,Paid
868,1368,2025-10-20,6799.0,Paid
2761,3261,2025-10-20,0.0,Pending
7107,7607,2025-10-20,0.0,Pending
3714,4214,2025-10-21,55999.0,Paid
3306,3806,2025-10-21,12500.0,Paid
7826,8326,2025-10-21,1800.0,Paid
5183,5683,2025-10-21,29600.0,Paid
3668,4168,2025-10-22,6400.0,Paid
1017,1517,2025-10-22,20000.0,Paid
3820,4320,2025-10-23,1800.0,Paid
5306,5806,2025-10-23,4899.0,Paid
2083,2583,2025-10-23,28000.0,Paid
1539,2039,2025-10-23,21596.0,Paid
1573,2073,2025-10-24,5500.0,Paid
10128,10628,2025-10-24,15000.0,Paid
2880,3380,2025-10-24,1800.0,Paid
4605,5105,2025-10-24,3498.0,Refunded
6883,7383,2025-10-24,12200.0,Paid
2184,2684,2025-10-24,0.0,Pending
1157,1657,2025-10-24,23598.0,Paid
718,1218,2025-10-25,18800.0,Paid
2684,3184,2025-10-25,29900.0,Paid
2151,2651,2025-10-26,6297.0,Paid
2711,3211,2025-10-26,30595.0,Paid
8222,8722,2025-10-26,27500.0,Paid
10461,10961,2025-10-26,31800.0,Paid
1336,1836,2025-10-26,0.0,Pending
9838,10338,2025-10-27,185000.0,Paid
3967,4467,2025-10-27,4998.0,Paid
10323,10823,2025-10-27,49700.0,Paid
6818,7318,2025-10-27,65100.0,Paid
3951,4451,2025-10-27,3996.0,Paid
5889,6389,2025-10-27,20900.0,Paid
9828,10328,2025-10-27,101500.0,Paid
3971,4471,2025-10-27,5400.0,Paid
8965,9465,2025-10-27,0.0,Pending
2324,2824,2025-10-27,4599.0,Refunded
3726,4226,2025-10-27,281000.0,Paid
5960,6460,2025-10-27,34197.0,Paid
3612,4112,2025-10-27,0.0,Pending
2376,2876,2025-10-28,10400.0,Paid
897,1397,2025-10-28,9600.0,Paid
4755,5255,2025-10-28,115200.0,Paid
1878,2378,2025-10-28,13500.0,Paid
2414,2914,2025-10-29,23000.0,Paid
6909,7409,2025-10-29,11500.0,Paid
6263,6763,2025-10-30,7400.0,Paid
4859,5359,2025-10-30,69500.0,Paid
8946,9446,2025-10-30,2200.0,Paid
9957,10457,2025-10-30,47898.0,Paid
1552,2052,2025-10-30,9600.0,Paid
3753,4253,2025-10-31,16000.0,Paid
3733,4233,2025-10-31,11397.0,Paid
7270,7770,2025-11-01,3600.0,Paid
7450,7950,2025-11-01,35497.0,Paid
5595,6095,2025-11-01,11996.0,Paid
7945,8445,2025-11-01,7200.0,Paid
10008,10508,2025-11-01,27200.0,Paid
7337,7837,2025-11-02,0.0,Pending
1438,1938,2025-11-02,49000.0,Paid
6264,6764,2025-11-02,3000.0,Refunded
3617,4117,2025-11-02,56597.0,Paid
10229,10729,2025-11-03,11997.0,Paid
2262,2762,2025-11-03,0.0,Pending
2048,2548,2025-11-03,14400.0,Paid
4808,5308,2025-11-03,14000.0,Paid
9311,9811,2025-11-03,119300.0,Paid
4495,4995,2025-11-03,43196.0,Paid
10318,10818,2025-11-04,16996.0,Paid
9926,10426,2025-11-04,31699.0,Paid
5442,5942,2025-11-04,22500.0,Paid
6864,7364,2025-11-04,63200.0,Paid
1989,2489,2025-11-05,16399.0,Paid
2281,2781,2025-11-05,17300.0,Paid
5256,5756,2025-11-05,2000.0,Paid
1862,2362,2025-11-05,5700.0,Paid
7952,8452,2025-11-05,29794.0,Paid
3239,3739,2025-11-05,10100.0,Paid
9088,9588,2025-11-05,0.0,Pending
5852,6352,2025-11-05,222400.0,Paid
6851,7351,2025-11-06,9600.0,Paid
1537,2037,2025-11-06,221000.0,Paid
7398,7898,2025-11-06,220000.0,Paid
8444,8944,2025-11-06,5996.0,Paid
6321,6821,2025-11-06,16896.0,Refunded
4589,5089,2025-11-06,1800.0,Paid
3775,4275,2025-11-07,76500.0,Paid
5789,6289,2025-11-08,0.0,Pending
1723,2223,2025-11-08,79100.0,Refunded
10210,10710,2025-11-08,22596.0,Paid
9982,10482,2025-11-09,92600.0,Paid
674,1174,2025-11-09,4199.0,Paid
6322,6822,2025-11-09,56400.0,Paid
6512,7012,2025-11-09,36000.0,Paid
1608,2108,2025-11-09,13800.0,Paid
3403,3903,2025-11-10,1800.0,Paid
4767,5267,2025-11-10,5898.0,Paid
6887,7387,2025-11-10,16999.0,Paid
4556,5056,2025-11-10,115000.0,Paid
1557,2057,2025-11-11,13498.0,Paid
7185,7685,2025-11-11,3600.0,Refunded
4861,5361,2025-11-11,95600.0,Paid
7854,8354,2025-11-11,19796.0,Paid
9534,10034,2025-11-11,0.0,Pending
3725,4225,2025-11-11,8500.0,Paid
5419,5919,2025-11-11,22996.0,Paid
5931,6431,2025-11-12,37800.0,Paid
9797,10297,2025-11-12,12300.0,Paid
4172,4672,2025-11-12,7200.0,Paid
2107,2607,2025-11-12,6000.0,Paid
9385,9885,2025-11-12,6000.0,Paid
9620,10120,2025-11-12,113293.0,Paid
3235,3735,2025-11-13,5997.0,Paid
9463,9963,2025-11-13,2999.0,Paid
1326,1826,2025-11-13,1600.0,Paid
4471,4971,2025-11-13,20397.0,Paid
5319,5819,2025-11-14,104494.0,Paid
3177,3677,2025-11-14,2500.0,Paid
7284,7784,2025-11-14,43496.0,Paid
7796,8296,2025-11-14,34000.0,Paid
4995,5495,2025-11-15,85498.0,Paid
5623,6123,2025-11-15,11000.0,Paid
3963,4463,2025-11-15,70800.0,Paid
6303,6803,2025-11-15,33000.0,Paid
7378,7878,2025-11-15,14996.0,Paid
6486,6986,2025-11-15,179796.0,Paid
4798,5298,2025-11-15,4199.0,Paid
3170,3670,2025-11-16,37700.0,Paid
10175,10675,2025-11-16,125700.0,Paid
10238,10738,2025-11-16,24200.0,Paid
1230,1730,2025-11-16,16199.0,Paid
2686,3186,2025-11-16,0.0,Pending
3111,3611,2025-11-16,3998.0,Paid
8468,8968,2025-11-16,28000.0,Paid
1250,1750,2025-11-16,23300.0,Paid
9612,10112,2025-11-17,128196.0,Paid
8097,8597,2025-11-17,29000.0,Paid
4963,5463,2025-11-17,6000.0,Paid
1422,1922,2025-11-17,9000.0,Paid
4675,5175,2025-11-18,46200.0,Paid
931,1431,2025-11-18,36397.0,Paid
3501,4001,2025-11-18,900.0,Paid
7691,8191,2025-11-18,5400.0,Paid
5839,6339,2025-11-18,37500.0,Paid
4206,4706,2025-11-19,22000.0,Paid
5066,5566,2025-11-19,75098.0,Paid
917,1417,2025-11-19,10800.0,Paid
9885,10385,2025-11-19,0.0,Pending
1634,2134,2025-11-19,24293.0,Paid
10198,10698,2025-11-19,0.0,Pending
7174,7674,2025-11-19,3600.0,Refunded
6713,7213,2025-11-19,0.0,Pending
7161,7661,2025-11-19,36400.0,Paid
1593,2093,2025-11-19,37200.0,Paid
1915,2415,2025-11-20,10898.0,Paid
9920,10420,2025-11-20,60400.0,Paid
6040,6540,2025-11-20,98600.0,Paid
8697,9197,2025-11-20,27700.0,Refunded
9030,9530,2025-11-20,31000.0,Paid
6182,6682,2025-11-20,19400.0,Paid
7091,7591,2025-11-21,93700.0,Paid
4638,5138,2025-11-21,39995.0,Paid
10286,10786,2025-11-21,29100.0,Paid
3069,3569,2025-11-21,28000.0,Paid
6712,7212,2025-11-21,35999.0,Paid
2186,2686,2025-11-22,6000.0,Paid
947,1447,2025-11-22,24000.0,Paid
984,1484,2025-11-22,4500.0,Paid
8314,8814,2025-11-22,42000.0,Paid
4868,5368,2025-11-22,6500.0,Paid
3928,4428,2025-11-22,69998.0,Paid
2944,3444,2025-11-22,13600.0,Paid
6278,6778,2025-11-23,9395.0,Paid
8763,9263,2025-11-23,46600.0,Paid
10012,10512,2025-11-23,118999.0,Paid
4981,5481,2025-11-24,28892.0,Paid
4477,4977,2025-11-24,94300.0,Paid
5897,6397,2025-11-24,2700.0,Paid
4468,4968,2025-11-24,7500.0,Paid
5877,6377,2025-11-24,21200.0,Paid
9756,10256,2025-11-25,155500.0,Paid
3234,3734,2025-11-25,16500.0,Paid
9192,9692,2025-11-25,82000.0,Paid
6375,6875,2025-11-25,72999.0,Paid
5386,5886,2025-11-26,256000.0,Paid
5193,5693,2025-11-26,27997.0,Paid
4550,5050,2025-11-26,14000.0,Paid
6600,7100,2025-11-26,77400.0,Paid
3204,3704,2025-11-26,45000.0,Paid
8702,9202,2025-11-26,16100.0,Paid
9720,10220,2025-11-27,6000.0,Refunded
6924,7424,2025-11-27,29000.0,Paid
6339,6839,2025-11-28,18597.0,Paid
1669,2169,2025-11-28,34199.0,Paid
9626,10126,2025-11-28,13496.0,Paid
5575,6075,2025-11-28,186900.0,Paid
4769,5269,2025-11-28,38800.0,Refunded
10222,10722,2025-11-28,0.0,Pending
7261,7761,2025-11-28,0.0,Pending
8925,9425,2025-11-28,2700.0,Paid
9109,9609,2025-11-29,25500.0,Paid
6333,6833,2025-11-29,13600.0,Paid
6700,7200,2025-11-29,0.0,Pending
9034,9534,2025-11-30,1800.0,Paid
2331,2831,2025-12-01,22196.0,Paid
10164,10664,2025-12-02,21000.0,Paid
7330,7830,2025-12-02,1800.0,Paid
6698,7198,2025-12-02,55800.0,Paid
6823,7323,2025-12-02,7000.0,Paid
10322,10822,2025-12-02,15498.0,Paid
2845,3345,2025-12-02,1600.0,Paid
3062,3562,2025-12-03,7496.0,Refunded
877,1377,2025-12-03,145996.0,Paid
7272,7772,2025-12-03,135500.0,Paid
3102,3602,2025-12-03,72000.0,Refunded
3467,3967,2025-12-03,56697.0,Refunded
5940,6440,2025-12-03,3600.0,Paid
784,1284,2025-12-03,7497.0,Paid
9618,10118,2025-12-04,125200.0,Paid
5908,6408,2025-12-04,37500.0,Paid
3053,3553,2025-12-05,5600.0,Paid
2752,3252,2025-12-05,156000.0,Paid
6522,7022,2025-12-05,13000.0,Paid
2958,3458,2025-12-05,5499.0,Paid
2551,3051,2025-12-05,18197.0,Paid
2878,3378,2025-12-05,30497.0,Paid
8516,9016,2025-12-06,23999.0,Paid
8108,8608,2025-12-06,77500.0,Paid
8094,8594,2025-12-06,3600.0,Paid
6567,7067,2025-12-06,0.0,Pending
6677,7177,2025-12-07,63900.0,Paid
2443,2943,2025-12-07,11000.0,Paid
6790,7290,2025-12-07,6000.0,Paid
4600,5100,2025-12-07,31800.0,Paid
5751,6251,2025-12-07,21100.0,Paid
553,1053,2025-12-08,21600.0,Paid
5900,6400,2025-12-08,52000.0,Paid
9945,10445,2025-12-08,2999.0,Paid
3601,4101,2025-12-08,0.0,Pending
7599,8099,2025-12-08,63600.0,Paid
8499,8999,2025-12-08,900.0,Paid
4952,5452,2025-12-08,6000.0,Paid
3453,3953,2025-12-08,9896.0,Paid
10228,10728,2025-12-09,240000.0,Paid
1350,1850,2025-12-09,4400.0,Paid
689,1189,2025-12-09,25000.0,Paid
7101,7601,2025-12-09,116494.0,Refunded
1202,1702,2025-12-10,5300.0,Paid
2765,3265,2025-12-10,6500.0,Paid
2665,3165,2025-12-10,13596.0,Paid
3667,4167,2025-12-10,81600.0,Paid
10297,10797,2025-12-10,220000.0,Refunded
3774,4274,2025-12-11,59800.0,Paid
8187,8687,2025-12-11,35200.0,Refunded
1975,2475,2025-12-11,36000.0,Paid
5222,5722,2025-12-11,6996.0,Paid
1544,2044,2025-12-11,11000.0,Paid
3983,4483,2025-12-11,4997.0,Paid
7924,8424,2025-12-11,15199.0,Paid
3476,3976,2025-12-11,5000.0,Paid
4017,4517,2025-12-11,11700.0,Paid
637,1137,2025-12-12,17400.0,Paid
7867,8367,2025-12-12,37100.0,Paid
8096,8596,2025-12-12,0.0,Pending
5257,5757,2025-12-12,123097.0,Paid
2533,3033,2025-12-12,22700.0,Paid
1692,2192,2025-12-12,16600.0,Paid
3043,3543,2025-12-13,22299.0,Paid
9478,9978,2025-12-13,8598.0,Paid
8408,8908,2025-12-13,147600.0,Paid
1232,1732,2025-12-13,7197.0,Paid
1694,2194,2025-12-13,64300.0,Paid
5538,6038,2025-12-13,34600.0,Refunded
4040,4540,2025-12-13,200500.0,Paid
8405,8905,2025-12-14,16000.0,Paid
8382,8882,2025-12-14,27200.0,Paid
6461,6961,2025-12-14,17700.0,Paid
779,1279,2025-12-14,900.0,Paid
6878,7378,2025-12-14,89500.0,Paid
1817,2317,2025-12-15,10000.0,Paid
702,1202,2025-12-15,36000.0,Paid
5401,5901,2025-12-15,1600.0,Paid
7934,8434,2025-12-15,12800.0,Paid
10152,10652,2025-12-15,36000.0,Paid
9255,9755,2025-12-15,113000.0,Paid
701,1201,2025-12-15,140397.0,Paid
5453,5953,2025-12-15,17000.0,Paid
6842,7342,2025-12-16,22000.0,Paid
1019,1519,2025-12-16,78100.0,Paid
10304,10804,2025-12-16,144100.0,Refunded
7721,8221,2025-12-16,36299.0,Paid
10166,10666,2025-12-16,73200.0,Paid
6144,6644,2025-12-16,118100.0,Refunded
7791,8291,2025-12-17,64997.0,Paid
8140,8640,2025-12-17,32900.0,Paid
8132,8632,2025-12-17,10494.0,Paid
8952,9452,2025-12-18,6800.0,Paid
7439,7939,2025-12-18,0.0,Pending
9748,10248,2025-12-18,23000.0,Paid
3829,4329,2025-12-18,62600.0,Paid
1663,2163,2025-12-18,55000.0,Paid
2487,2987,2025-12-18,58000.0,Paid
10237,10737,2025-12-18,60099.0,Paid
3065,3565,2025-12-18,228700.0,Paid
2385,2885,2025-12-19,9000.0,Paid
5388,5888,2025-12-19,26596.0,Paid
4885,5385,2025-12-19,3000.0,Paid
2740,3240,2025-12-19,0.0,Pending
4575,5075,2025-12-19,18300.0,Paid
8343,8843,2025-12-19,28000.0,Paid
5290,5790,2025-12-19,42096.0,Paid
9319,9819,2025-12-20,9400.0,Paid
567,1067,2025-12-20,36994.0,Paid
8833,9333,2025-12-20,19198.0,Paid
9566,10066,2025-12-20,16500.0,Paid
797,1297,2025-12-20,22900.0,Paid
1976,2476,2025-12-20,9197.0,Paid
842,1342,2025-12-20,77996.0,Paid
9919,10419,2025-12-20,28899.0,Paid
2357,2857,2025-12-21,14400.0,Refunded
654,1154,2025-12-22,233800.0,Paid
3400,3900,2025-12-22,66000.0,Paid
8466,8966,2025-12-22,6996.0,Paid
9628,10128,2025-12-22,21000.0,Paid
2613,3113,2025-12-22,21496.0,Paid
5018,5518,2025-12-22,115000.0,Paid
7266,7766,2025-12-22,56000.0,Paid
1569,2069,2025-12-22,54700.0,Paid
5008,5508,2025-12-23,22896.0,Paid
8338,8838,2025-12-23,108996.0,Paid
1415,1915,2025-12-23,20700.0,Paid
5311,5811,2025-12-23,6000.0,Paid
7051,7551,2025-12-23,7497.0,Paid
8823,9323,2025-12-23,25500.0,Paid
4817,5317,2025-12-24,30200.0,Paid
7845,8345,2025-12-24,32500.0,Paid
5970,6470,2025-12-24,25998.0,Paid
6212,6712,2025-12-24,37300.0,Paid
2294,2794,2025-12-24,72500.0,Paid
2840,3340,2025-12-24,14400.0,Paid
3171,3671,2025-12-24,26999.0,Paid
9822,10322,2025-12-24,124899.0,Paid
2044,2544,2025-12-25,18400.0,Paid
7607,8107,2025-12-25,25000.0,Refunded
7342,7842,2025-12-25,25500.0,Paid
10355,10855,2025-12-25,50000.0,Paid
9117,9617,2025-12-25,58500.0,Paid
4856,5356,2025-12-25,41996.0,Paid
6015,6515,2025-12-25,41100.0,Refunded
2174,2674,2025-12-25,20900.0,Paid
10239,10739,2025-12-25,35800.0,Paid
4563,5063,2025-12-26,110996.0,Paid
4332,4832,2025-12-26,9200.0,Paid
2000,2500,2025-12-26,26500.0,Paid
2687,3187,2025-12-26,3998.0,Paid
8273,8773,2025-12-27,165000.0,Paid
9775,10275,2025-12-27,81196.0,Paid
7197,7697,2025-12-27,61996.0,Paid
7799,8299,2025-12-27,51497.0,Paid
1754,2254,2025-12-27,20500.0,Paid
1938,2438,2025-12-27,49000.0,Paid
5647,6147,2025-12-27,7200.0,Paid
9268,9768,2025-12-27,0.0,Pending
2203,2703,2025-12-27,14700.0,Paid
5952,6452,2025-12-27,72999.0,Paid
8050,8550,2025-12-27,81100.0,Paid
546,1046,2025-12-28,107000.0,Paid
7237,7737,2025-12-28,56500.0,Paid
4196,4696,2025-12-28,13997.0,Paid
9354,9854,2025-12-28,12000.0,Paid
7026,7526,2025-12-28,11000.0,Paid
5303,5803,2025-12-28,7900.0,Refunded
1789,2289,2025-12-28,8500.0,Paid
1646,2146,2025-12-28,31100.0,Paid
1497,1997,2025-12-28,51998.0,Paid
6087,6587,2025-12-29,37500.0,Paid
9104,9604,2025-12-29,119497.0,Paid
2583,3083,2025-12-29,32297.0,Refunded
4239,4739,2025-12-29,69497.0,Refunded
7519,8019,2025-12-29,165496.0,Paid
8696,9196,2025-12-29,83800.0,Paid
7641,8141,2025-12-30,0.0,Pending
1263,1763,2025-12-30,28000.0,Paid
9309,9809,2025-12-30,17900.0,Paid
9803,10303,2025-12-30,29200.0,Paid
3005,3505,2025-12-31,0.0,Failed
1068,1568,2025-12-31,26994.0,Paid
2374,2874,2025-12-31,31600.0,Paid
10254,10754,2025-12-31,1800.0,Paid
9771,10271,2025-12-31,122796.0,Paid
3866,4366,2026-01-01,15800.0,Refunded
2715,3215,2026-01-01,106100.0,Paid
4646,5146,2026-01-01,0.0,Pending
602,1102,2026-01-02,7000.0,Paid
9434,9934,2026-01-02,10500.0,Paid
